english,malayalam
"Two functions f : A → B and g : A → B are defined to be equal, written f = g, if f (a) = g(a) for every a∈ A; that is, if they have the same graph.Accordingly, we do not distinguish between a function and its graph.Now, such a graph relation has the property that each a in A belongs to a unique ordered pair (a, b) in the relation.On the other hand, any relation f from A to B that has this property gives rise to a function f : A → B, where f (a) = b for each (a, b) in f. Consequently, one may equivalently define a function as follows:","f : grape ഉം g യും നിർവചിച്ചിരിക്കുന്നു : ph ഉം തുല്യമാണ് , f = g , ( a ) = a ( a ) = a ( a ) = a ) എല്ലാ പദങ്ങൾക്കും തുല്യമാണെങ്കിൽ.അതിനാൽ , ഒരു ഫങ്ഷനും അതിന്റെ ഗ്രാഫും തമ്മിൽ നമ്മൾ വേർതിരിക്കുന്നില്ല.ഇപ്പോൾ , അത്തരമൊരു ഗ്രാഫ് ബന്ധത്തിൽ ഒരു പ്രത്യേക ഓർഡർ ജോഡിയുടെ ( എ , ബി ) സ്വത്തുക്കൾ ഉണ്ട്.മറുവശത്ത് , ഈ വസ്തുവുമായി ബന്ധപ്പെടുന്ന എഫ് ."
"A function f : A → B is said to be an onto function if each element of B is the image of some element of A.In other words, f : A → B is onto if the image of f is the entire codomain, i.e., if f (A) = B.In such a case we say that f is a function from A onto B or that f maps A onto B.","ഒരു ഫങ്ഷൻ f : b യുടെ ഓരോ മൂലകവും a യുടെ ചില ഘടകങ്ങളുടെ പ്രതിച്ഛായയാണെങ്കിൽ ഒരു ഫങ്ഷൻ ആണ്.മറ്റൊരു വിധത്തിൽ പറഞ്ഞാൽ , f : f ന്റെ ചിത്രം മുഴുവൻ കോഡമൈൻ ആണെങ്കിൽ , അതായത് f ( a ) = b ആണെങ്കിൽ.അത്തരമൊരു സാഹചര്യത്തിൽ എഫ് എന്നത് b യിൽ നിന്നോ b യിലേക്കോ ഉള്ള ഒരു ഫങ്ഷനാണെന്ന് നമ്മൾ പറയുന്നു ."
◦ Some polyatomic anions can be named as:,ചില പോളിടോമിക്‌
Amide,അമീഡ്
f o g: the function that assigns f(g(x)) to x,fo g : x ലേക്ക് f (x) എന്ന ഫങ്ഷന്‍
"Show that if x is a real number, then , if x is not an integer and , if x is an integer.","x ഒരു യഥാർത്ഥ സംഖ്യയാണെങ്കിൽ , x ഒരു പൂർണ്ണസംഖ്യയല്ലെങ്കിൽ , x ഒരു പൂർണ്ണസംഖ്യയാണെങ്കിൽ , കാണിക്കുക ."
"codomain of f: the set B, where f is a function from A to B","f - ന്റെ കോഡൊമെയിൻ : സെറ്റ് ബി , എവിടെയാണ് f പ്രവർത്തിക്കുന്നത്"
3 (C),3 (സി)
2 (A),2 ( എ )
Polyatomic Anion,പോളിഅറ്റമിക് ആനയോൺ
"If k is negative, divide |k| by M to obtain a remainder r';","k നെഗറ്റീവ് ആണെങ്കിൽ, വിഭജിക്കുക| k| ബാക്കി r ."
"Some texts use the terms injective for a one-to-one function, surjective for an onto function, and bijective for a one-to-one correspondence.","ചില ടെക്സ്റ്റുകൾ ഒരു വൺടോൺ ഫംഗ്ഷനുവേണ്ടി ഇൻജെക്റ്റീവ്, ഫംഗ്ഷന് ശസ്ത്രക്രിയ, ഒരു വൺടോൺ കറസ്പോണ്ടൻസ് എന്നിവയ്ക്കായി ബിജുവിൽ പദങ്ങൾ ഉപയോഗിക്കുന്നു ."
Aluminium hydroxide formula,അലൂമിനിയം ഹൈഡ്രോക്സൈഡ് ഫോർമുല
"Furthermore, for any base b, we have and; hence","കൂടാതെ , ഏത് ബേസ് ബിക്കും നമുക്കുണ്ട് , അതിനാൽ"
2 (A),2 (എ)
"codomain of f: the set B, where f is a function from A to B","f-ന്റെ കോഡൊമെയിൻ : സെറ്റ് ബി, എവിടെയാണ് f പ്രവർത്തിക്കുന്നത്"
"Let x be any real number.The integer value of x, written INT(x), converts x into an integer by deleting (truncating) the fractional part of the number.Thus","x ഒരു യഥാര്‍ത്ഥ നമ്പര്‍ ആകട്ടെ.xന്റെ ഇന്റിജർ മൂല്യം എഴുതപ്പെട്ട int (x), x (truncating) എന്ന സംഖ്യയുടെ ഭാഗം നീക്കം ചെയ്യുന്നതിലൂടെ x ഒരു പൂർണ്ണസംഖ്യയായി മാറ്റുന്നു ."
"(d) Suppose S is a subset of A.The inclusion map or embedding of S into A, denoted by",( ഡി ) a യുടെ ഒരു ഉപവിഭാഗമാണെന്നിരിക്കട്ടെ .
Module - 1,മൊഡ്യൂള്‍ 1
Fig.7 The plumage pattern in Leghorns; hen feathering (left) cock feathering (right).The feathers in the hen are shorter and less curved (en.wikipedia.org).,അത്തിപ്പഴം.ഹെനിലെ തൂവലുകൾ ചെറുതും വളഞ്ഞതുമാണ് (en. wikipedia. org) .
"Xeroderma pigmentosum: Xeroderma pigmentosum (XP) is a hereditary condition characterized by extreme sensitive to sun especially ultra-violet (UV including UVA and UVB) radiation, leading to skin cancer.In some people with XP eye problems and neurologic problems occurs - including learning disabilities, progressive hearing loss, loss of some reflexes, progressive neuromuscular degeneration and occasionally, tumors in the central nervous system.The sensitivity to UV radiation results lighter (hypo) skin pigmentation or very dry skin (Fig.2) and a high risk of basal cell and squamous cell skin cancers and melanoma.XP is an autosomal recessive disorder, in which mutation must occur in both copies of the gene (one inherited from father and one inherited form mother) in order to affect a person.This means that both parents must pass on a mutated gene to the child.A person carrying only one copy of the mutated gene is called a carrier.When both parents are carriers of a recessive mutation in the same gene there is a 25% chance that a child will inherit two mutations and be affected (Fig.3).The most common defect in XP is the mutation of nucleotide excision repair (NER) enzymes, leads to the reduction in or elimination of NER.Unrepaired damage leads to mutation that alters the information of the DNA.This disorder may lead to cancer (eg., basal cell carcinoma) if mutations affect important genes, such as proto oncogenes or tumor suppressor genes (e.g. p53).","സിറോഡെർമ പിഗ്മെന്റോസം : xroderma pigmenosum (xp) സൂര്യനിലേക്കുള്ള ഒരു പാരമ്പര്യരോഗമാണ്.എക്സ് പി കണ്ണ് പ്രശ്നങ്ങളും ന്യൂറോളജിക് പ്രശ്നങ്ങളും പഠന വൈകല്യങ്ങൾ, പുരോഗമന കേൾവി നഷ്ടം, ചില റിഫ്ലെക്സുകളുടെ നഷ്ടം, പുരോഗമന ന്യൂറോ മസ്കുലർ സംവിധാനം എന്നിവ ഉൾപ്പെടുന്നു.uv വികിരണത്തിന്റെ സംവേദനക്ഷമത കുറയുന്നു ചർമ്മത്തിലെ പിഗ്മെന്റേഷൻ അല്ലെങ്കിൽ വളരെ വരണ്ട ചർമ്മം (ഫിഗ.2), ബാസാൽ സെൽ, സ്ക്വാമസ് സെൽ ക്യാൻസർ എന്നിവയ്ക്കുള്ള ഉയർന്ന അപകടസാധ്യത.xp ഒരു ഓട്ടോസോമൽ റീസെസ്സിവ് ഡിസോർഡറാണ്, അതിൽ ജീനിന്റെ രണ്ട് പകർപ്പുകളിലും ജനിതകമാറ്റം ആവശ്യമാണ് (ഒരു വ്യക്തിയെ ബാധിക്കുന്നതിനായി പിതാവിൽ നിന്നും പാരമ്പര്യമായി ലഭിച്ച ഒരു അമ്മയിൽ നിന്നും).ഇതിനർത്ഥം മാതാപിതാക്കൾ ജനിതകമാറ്റം വന്ന ജീൻ കുട്ടിക്ക് കൈമാറണം എന്നാണ്.ജനിതകമാറ്റം വരുത്തിയ ജീനിന്റെ ഒരു കോപ്പി മാത്രമുള്ള ഒരു വ്യക്തിയെ കാരിയർ എന്ന് വിളിക്കുന്നു.രണ്ട് മാതാപിതാക്കളും ഒരേ ജീനിൽ റീസെസ്സിവ് മ്യൂട്ടേഷന്റെ കാരിയർ ആയിരിക്കുമ്പോൾ, ഒരു കുട്ടി രണ്ട് ജനിതകമാറ്റം അവകാശമാക്കാനും ബാധിക്കപ്പെടാനും 25 % സാധ്യതയുണ്ട്.ന്യൂക്ലിയോടൈഡ് എക്സിഷൻ അറ്റകുറ്റം (ner) എൻസൈമുകളുടെ (ner) പരിവർത്തനമാണ് xp യിലെ ഏറ്റവും സാധാരണമായ ന്യൂനത.കേടുപാടുകൾ മൂലം ഉണ്ടാകുന്ന തകരാറുകൾ ഡി എൻ എ യുടെ വിവരങ്ങൾ മാറ്റുന്നു.ഈ വൈകല്യം കാൻസർ (ഉദാ. ഇംഗ്ലീഷ് വിലാസം p53) ."
2.Y linked inheritance,"2 , വൈ ബന്ധിത അവകാശം"
"Some characters whose expression in a particular genotype depends on whether the individuals are male or female are known as sex-influenced traits.The sex influenced genes are the genes in which the dominance is influenced by the sex of the bearer.They are located on the autosomes.The sex influenced genes express more frequently in one sex than in the other.The expression of such characters is not found on sex chromosomes, but they are under the influence of sex hormones and age.Not all phenotypic characters, expressed in males or females, show sex-linked inheritance.For example, in humans, beard, moustache, masculinity are restricted to males similarly masculinity, non-development of beard and moustache are restricted to females.These characters are developed at the adolescent stage and not at childhood and remain restricted to a particular sex; all such properties are called sex-influenced/secondary sexual characters.This can be explained with the help of example of horns in sheep.The pattern of horns is effectively controlled by a single gene and other genes controlling this character are always homozygous.In Dorset sheep, both sexes are horned and homozygous dominant (h+h+).In Suffolk sheep, male and female are hornless and homozygous recessive (hh) (Fig.8).When Dorset (horned) is crossed with Suffolk (hornless), the F1 are found to be hornless females and horned males.When F1 progenies (h+h) are intercrossed, in the resulting F2 progeny, males segregated as 3 (horned): 1 (hornless), while females segregated as 1 (horned): 3 (hornless).It is thus apparent that expression of only heterozygote (h+h) is influenced by sex, h+h being horned in male and hornless in female.In other words, while horned character is dominant in male, it is recessive in female.This influence is believed mainly due to female and male hormones.Certain characters in human beings which are not located on sex chromosomes are also believed to be sex influenced.For instance, white forelock (areas of skin completely without pigment), absence of upper lateral incisor teeth, a type of enlargement of terminal joint fingers, harelip (a fissure in upper lip); cleft palate (a fissure in roof of mouth) and stuttering (involuntary repeats of letters or words) are more common and more severely influenced in males.","ഒരു പ്രത്യേക ജീനോടൈപ്പിലെ ചില കഥാപാത്രങ്ങൾ വ്യക്തികൾ ആണോ പെണ്ണോ ആണോ എന്നതിനെ ആശ്രയിച്ചിരിക്കുന്നു.ലൈംഗികതയുടെ സ്വാധീനമുള്ള ജീനുകളാണ് ബിയറുകാരന്റെ ലൈംഗികതയിൽ ആധിപത്യം പുലർത്തുന്ന ജീനുകൾ.ഓട്ടോസോമുകളിലാണ് ഇവ സ്ഥിതി ചെയ്യുന്നത്.ലൈംഗികതയുടെ സ്വാധീനമുള്ള ജീനുകൾ പലപ്പോഴും ഒരു ലിംഗത്തിൽ കൂടുതലായി കാണപ്പെടുന്നു.അത്തരം പ്രതീകങ്ങളുടെ ആവിഷ്‌കാരം സെക്‌സ്‌ ക്രോമസോമുകളിൽ കാണപ്പെടുന്നില്ല.ലൈംഗികബന്ധമുള്ള അവകാശം കാണിക്കുക.ഉദാഹരണത്തിന് , മനുഷ്യർ , താടി , താടി , മുയൽ , പുല്ലിംഗം എന്നിവ പുരുഷന്മാർക്ക് തുല്യമായി പുരുഷന്മാർക്ക് മാത്രമായി പരിമിതപ്പെടുത്തിയിരിക്കുന്നു.ഈ പ്രതീകങ്ങൾ കുട്ടിക്കാലത്തല്ല , കൗമാരകാലത്താണ്‌ വികസിപ്പിക്കപ്പെടുന്നത്‌.ആടുകളിലെ കൊമ്പുകളുടെ ദൃഷ്ടാന്തത്തിലൂടെ ഇതു വിശദീകരിക്കാം.ഹോണുകളുടെ മാതൃക ഫലപ്രദമായി നിയന്ത്രിക്കുന്നത് ഒരൊറ്റ ജീനും മറ്റ് ജീനുകളും ആണ്.ഡോർസെറ്റ് ആടുകളിൽ , രണ്ട് ലിംഗങ്ങളും ഹോമോസൈജസ് ആധിപത്യവും ( h + ) ആണ്.ഹോമോസൈഗസ് റീസെസിവ് ( hh ) ( fig.8 ).ഡോർസെറ്റ് ( horned ) ഹോർനെഡ് സോപ്പോക്ക് ( ഭയാനകമായ ) കടക്കുമ്പോൾ , f1 ഭീരുക്കളായ പെൺപൂച്ചകളും കുതിരകളുമാണ്.f1 progenies ( h + h ) പരസ്പരം ബന്ധപ്പെടുമ്പോൾ , f2 പ്രജനനത്തിൽ പുരുഷന്മാർ 3 : 1 ( കുതിരരഹിതമായി ) വേർതിരിക്കപ്പെടുന്നു.എച്ച് + എച്ച് ( എച്ച് + എച്ച് ) എന്ന ഹീറ്ററോസൈഗോട്ടിന്റെ ( എച്ച് + എച്ച് ) പ്രകടനത്തെ സെക്സ് സ്വാധീനിക്കുന്നു , എച്ച് + എച്ച് പുരുഷനിൽ എച്ച്.എച്ച്.മറ്റൊരു വിധത്തിൽ പറഞ്ഞാൽ , ഹോർനെഡ് കഥാപാത്രം പുരുഷന്മാരിൽ ആധിപത്യം പുലർത്തുമ്പോൾ , ഇത് സ്ത്രീകളിൽ റീസിവ് ആണ്.പുരുഷ - പുരുഷ ഹോർമോണുകളാണ് ഈ പ്രഭാവം പ്രധാനമായും വിശ്വസിക്കുന്നത്.സെക്സ് ക്രോമസോമുകളിൽ കാണാത്ത മനുഷ്യരിലെ ചില കഥാപാത്രങ്ങളും ലൈംഗികതയുടെ സ്വാധീനമാണെന്ന് വിശ്വസിക്കപ്പെടുന്നു. ഉദാഹരണത്തിന് , വെളുത്ത ഫൊർലോക്ക് ( പൂർണ്ണമായും ചർമ്മത്തിന്റെ ഭാഗങ്ങൾ ) , അപ്പർ ലാറ്ററൽ ഇൻസിസർ പല്ലുകളുടെ അഭാവം , ടെർമിനൽ വിരലുകൾ , ഹെയിൽപ്പ് ("
"Certain sex linked genes are located on both X and Y chromosomes.They are called XY linked genes and their inheritance is called XY linked inheritance.XY linked genes are partially linked because crossing over may occur in the homologous sections of X and Y chromosomes.Bobbed bristle is an excellent example for XY linked inheritance in Drosophila.In humans there are several defects of this type, some of them are eg., Xeroderma pigmentosum, Nephritis, Retinitis pigmentosa etc are XY linked.","x, y ക്രോമസോമുകളിൽ ചില ലൈംഗിക ബന്ധിത ജീനുകൾ സ്ഥിതിചെയ്യുന്നു.ഇവയെ xy ലിങ്ക്ഡ് ജീനുകൾ എന്നും അവയുടെ അവകാശത്തെ xy ലിങ്ക്ഡ് ഹെറിറ്റേജ് എന്നും വിളിക്കുന്നു.xy ലിങ്ക്ഡ് ജീനുകൾ ഭാഗികമായി ബന്ധിപ്പിച്ചിരിക്കുന്നു, കാരണം x, y ക്രോമസോമുകളിലെ ഹോമോലോഗസ് വിഭാഗങ്ങളിൽ ഇത് സംഭവിക്കാം.ഫ്രോസോഫീലയിലെ xy ലിങ്ക്ഡ് ഹെറിറ്റേജിന്റെ ഒരു മികച്ച ഉദാഹരണമാണ് ബോബ്ഡ് ബ്രിസ്റ്റിൽ.മനുഷ്യരിൽ ഈജി, സിറോഡെർമ പിഗ്മെന്റോസം, നെഫ്രിറ്റിസ്, റെറ്റിനൈറ്റിസ് പിഗ്മെന്റോസ മുതലായ നിരവധി തകരാറുകൾ ഉണ്ട് ."
F1 X+Xb (female) x XbY+ (male),f1 x + xb (സ്ത്രീ) x xby + (man)
(wild) (wild),(കാട്ടു)
The genes located on non-homologous regions inherit together because crossing over does not occur in these regions.So the genes located on non homologous regions are called completely sex linked genes and the inheritance is called completely sex linked inheritance.Eg.Haemophilia.The genes located on homologous regions of sex chromosomes do not inherit together because crossing over may occur in these regions.So these genes are called incompletely sex linked genes and their mode of inheritance is called incompletely sex linked inheritance.Eg.Retinus pigmentosa.,"ഈ പ്രദേശങ്ങളിൽ ഓവർ ക്രോസ് ചെയ്യാത്തതിനാൽ നോൺ ഹോമോലോഗസ് പ്രദേശങ്ങളിൽ സ്ഥിതിചെയ്യുന്ന ജീനുകൾ പരസ്പരം കൈമാറുന്നു.അതുകൊണ്ട് സ്വവർഗ്ഗരഹിത പ്രദേശങ്ങളിൽ സ്ഥിതിചെയ്യുന്ന ജീനുകളെ പൂർണ്ണമായും ലൈംഗികബന്ധിത ജീനുകൾ എന്നും അവകാശത്തെ പൂർണ്ണമായും ലൈംഗികബന്ധിത അവകാശം എന്നും വിളിക്കുന്നു.— ഉദാ.ഹീമോഫീലിയ.അതിനാൽ ഈ ജീനുകളെ പൂർണ്ണമായും ലൈംഗിക ബന്ധിത ജീനുകൾ എന്ന് വിളിക്കുന്നു, അവയുടെ അവകാശരീതി പൂർണ്ണമായും ലൈംഗികബന്ധിത അവകാശം വിളിക്കുന്നു.റെറ്റിനസ് പിഗ്മെന്റോസ ."
In cattles the milk production is controlled by sex limited genes.The bulls also carry the gene for milk production.But it is not expressed in the male sex.In cows the genes for milk production makes its expression in the presence of female hormones.,പാൽ ഉൽപാദനം നിയന്ത്രിക്കുന്നത് സെക്സ് ലിമിറ്റഡ് ജീനുകളാണ്.പാൽ ഉൽപാദനത്തിനുള്ള ജീനും കാളകളെ വഹിക്കുന്നു.എന്നാല്‍ ഇത് പുരുഷ വിഭാഗത്തില്‍ ഉള്‍പ്പെടുത്തിയിട്ടില്ല.പശുക്കൾ പാൽ ഉൽപാദനത്തിനുള്ള ജീനുകളിൽ സ്ത്രീഹോർമോണുകളുടെ സാന്നിദ്ധ്യം പ്രകടമാക്കുന്നു .
Paper: GENETICS,പേപ്പർ : ജനിതകശാസ്ത്രം
(wild) (bobbed) (wild) (wild),( കാട്ടു )
1.X linked inheritance,1 എക്സ് ലിങ്ക്ഡ് അവകാശം
Fig. 3 Inheritance pattern of Xeroderma pigmentosum (healthh.com),fig. 3 പാരമ്പര്യ ശൈലി
"In man beard is produced by sex limited genes.A woman normally does not have a beard, yet she surely carries all the genes necessary to produce a beard.But the expression of that particular gene in ladies is prevented by the absence of a particular enzyme.But in rare cases abnormalities in hormone secretion may occur in a woman which allow these genes to express themselves and the result is a bearded lady.","പുരുഷൻ താടിയിൽ സെക്സ് ലിമിറ്റഡ് ജീനസ് ആണ് ഉത്പാദിപ്പിക്കുന്നത്.ഒരു സ്‌ത്രീക്ക് സാധാരണ താടി ഇല്ല.എന്നാൽ ഒരു പ്രത്യേക എൻസൈമിന്റെ അഭാവത്തിൽ സ്ത്രീകളിൽ ആ ജീൻ എന്ന പ്രയോഗം തടയുന്നു.എന്നാൽ ഹോർമോണിലെ അസാധാരണമായ കേസുകളിൽ, ഈ ജീനുകളെ സ്വയം പ്രകടിപ്പിക്കാൻ അനുവദിക്കുന്ന ഒരു സ്‌ത്രീയിൽ അസാധാരണമായ സംഭവങ്ങളുണ്ടാകാം ."
(bobbed) (wild),(കാട്ടു)
"Many studies have been published to explore the genetic basis of sex-limited genes.The sex-limited traits can arise in two ways.The alleles responsible for sexual dimorphism could begin by being expressed in male and female then become modified (promoted or repressed) in one sex by regulatory elements or modifier genes or can be limited to expression in only one sex when they appear first.Two interpretations are possible: (1) the dimorphic alleles were initially expressed in male and female; then suppressed in females or became limited to males by regulatory regions that are completely dominant in hybrids (2) the alleles were initially only expressed in males.The explanation for initial expression in both species is the involvement of cis-dominance, where the factors that modify the gene are located next to the gene on the chromosome.(This is in contrast to trans-dominance, where mobile products that can affect distant genes are produced).These factors can be in the form of promoter regions, which can be either be activated or suppressed by hormones.These alleles come under regulatory control very quickly because none of the ornamentation seen in males is seen in the very next generation.These conclusions make it that at least some male-specific (thus, sex-limited) genes due their expression by hormone levels; the absence of estrogen or the presence of testosterone.","ലൈംഗികപരിമിത ജീനുകളുടെ ജനിതക അടിത്തറ കണ്ടെത്തുന്നതിന് നിരവധി പഠനങ്ങൾ പ്രസിദ്ധീകരിച്ചിട്ടുണ്ട്.ലൈംഗികപരിമിതമായ സവിശേഷതകൾ രണ്ട് തരത്തിൽ വരാം.ലൈംഗിക ഡിമോർഫിസത്തിന് ഉത്തരവാദികളായ എലീലുകൾ പുരുഷന്മാരിലും സ്ത്രീകളിലും പ്രകടമാകുന്നതോടെ, റെഗുലേറ്ററി ഘടകങ്ങൾ (സ്ഥാനക്കയറ്റം അല്ലെങ്കിൽ പ്രാബല്യത്തിൽ വന്നാൽ) ഒരു ലിംഗത്തിൽ മാറ്റം വന്നേക്കാം.രണ്ട് വ്യാഖ്യാനങ്ങൾ സാധ്യമാണ് : (1) ഡിമോർഫിക് എലീലുകൾ തുടക്കത്തിൽ പുരുഷന്മാരിലും സ്‌ത്രീകളിലും പ്രകടിപ്പിക്കപ്പെട്ടു.രണ്ട് സ്പീഷീസുകളിലും പ്രാരംഭ എക്സ്പ്രഷന്റെ വിശദീകരണം സിസ്ഡൊമിനൻസിന്റെ ഇടപെടലാണ്, അവിടെ ജീനിനെ മാറ്റുന്ന ഘടകങ്ങൾ ക്രോമസോമിലെ ജീനിന് അടുത്തായി സ്ഥിതിചെയ്യുന്നു.(വിദൂര ജീനുകളെ ബാധിക്കുന്ന മൊബൈൽ ഉൽപ്പന്നങ്ങൾ നിർമ്മിക്കാൻ കഴിയുന്ന ട്രാൻസ്ഫറൻസിന് ഇത് വിപരീതമാണ്.ഹോർമോണുകൾ ആക്ടിവേറ്റ് ചെയ്യുകയോ അടിച്ചമർത്തുകയോ ചെയ്യാം.ഈ എലീലുകൾ വളരെ വേഗത്തിൽ റെഗുലേറ്ററി നിയന്ത്രണത്തിലാണ് വരുന്നത്, കാരണം അടുത്ത തലമുറയിൽ പുരുഷന്മാരിൽ ആരും ആഭരണങ്ങൾ കാണുന്നില്ല.ഈ നിഗമനങ്ങൾ അനുസരിച്ച്, ഹോർമോൺ ലെവലുകൾ അനുസരിച്ച്, എസ്റ്റോറോജന്റെ അഭാവം അല്ലെങ്കിൽ ടെസ്റ്റോസ്റ്റിറോണിന്റെ സാന്നിദ്ധ്യം മൂലം ചില മാൽസീഫിക് ജീനുകൾ ഉണ്ടാകുന്നു ."
(female) (female) (male) (male),( സ്ത്രീ )
Incompletely sex linked inheritance.,പൂർണ്ണമായും ലൈംഗികബന്ധമില്ലാത്ത അവകാശം .
"Retinitis pigmentosa (Fig.5) is an eye disorder that cause progressive vision loss.It affects the retina, the light-sensitive tissue layer at the back of the eye and vision loss occurs as the light-sensing cells of the retina gradually deteriorate.Researchers have identified several major types of RP based on their pattern of inheritance: autosomal dominant or autosomal recessive.Autosomal dominant RP is due to a mutation in one gene, which is on one pair of autosomes.In other words, Autosomal dominant RP occurs when a fault in only one copy of a gene is sufficient to cause RP.A person with autosomal dominant RP has a one in two risk (50% risk) of passing on the condition to one of their children.This is because he or she will contribute one chromosome from each pair to a child.The chance of a child being affected is therefore 50:50 in each pregnancy (Fig.6).Depending on whether the chromosome carries the faulty gene or its normal counterpart, the child will be affected or not.Men and women are affected equally.Autosomal recessive RP, like autosomal dominant RP, affects men and women equally because the faulty genes are carried on the autosomes (Fig.7).To describe how this comes about, there are four possible outcomes if you toss two coins, those are: both coins heads, both coins tails, coin one heads and coin two tails, and, coin one tails and coin two heads.Parents who are carriers have a one in four chance of having an affected child (25%) and a three in four chance of having an unaffected child (75%).There is a 50% chance of the child being a carrier (two in four chances).The cause RP is the mutations of more than 60 genes.More than 20 of these genes are associated with the autosomal dominant RP.Tthe most common cause of autosomal dominant RP is the mutations in the Rhodopsin (RHO) gene, accounting for 20 to 30% of all cases.At least 35 genes have been associated with the autosomal recessive RP.Mutations in USH2A (usher syndrome 2A) gene are responsible for 10 to 15% of all cases of autosomal recessive RP.Females with an X-linked RP related allelic variant may be unaffected or may show clinical symptoms.Such affected females are usually or less severely affected than males of the same age.","ക്രമാനുഗതമായ കാഴ്ച നഷ്ടത്തിന് കാരണമാകുന്ന ഒരു കണ്ണ് രോഗമാണ് റെറ്റിനൈറ്റിസ് പിഗ്മെന്റോസ.റെറ്റിനയുടെ ലൈറ്റ്സെൻസിംഗ് സെല്ലുകൾ ക്രമേണ വഷളാകുന്നതിനാൽ കണ്ണിന്റെ പിൻഭാഗത്ത് ലൈറ്റ് സെൻസിറ്റീവ് ടിഷ്യു പാളി സംഭവിക്കുന്നു.ആട്ടോസോമൽ ഡൊമിനന്റ് അല്ലെങ്കിൽ ഓട്ടോസോമൽ റീസെസ്സിവ് അടിസ്ഥാനമാക്കി നിരവധി പ്രധാന തരം ആർപി ഗവേഷകർ കണ്ടെത്തിയിട്ടുണ്ട്.ഓട്ടോസോമൽ ഡൊമിനന്റ് ആർപി ഒരു ജീനിൽ ജനിതകമാറ്റം മൂലമാണ്.മറ്റൊരു വിധത്തിൽ പറഞ്ഞാൽ , ഓട്ടോസോമൽ ഡൊമിനന്റ് ആർ‌പി സംഭവിക്കുന്നു ഒരു ജീനിന്റെ ഒരു കോപ്പി മാത്രം ആർ‌പി ഉണ്ടാക്കാൻ പര്യാപ്തമാകുമ്പോൾ.ഓട്ടോസോമൽ ഡൊമിനന്റ് ആർപി ഉള്ള ഒരാൾക്ക് രണ്ട് റിസ്ക് ( 50 % അപകടസാധ്യത ) ഉണ്ട്.കാരണം അവനോ അവളോ ഓരോ ജോഡിയിൽ നിന്നും ഒരു കുട്ടിയിലേക്ക് ഒരു ക്രോമസോം സംഭാവന ചെയ്യും.അതിനാൽ ഓരോ ഗർഭധാരണത്തിലും ഒരു കുട്ടിയെ ബാധിക്കാനുള്ള സാധ്യത 50 : 50 ആണ്.ക്രോമസോം തെറ്റായ ജീനിനെയോ അതിന്റെ സാധാരണ പ്രതിഭാസത്തെയോ വഹിക്കുന്നുണ്ടോ എന്നതിനെ ആശ്രയിച്ച് കുട്ടിയെ ബാധിക്കും.സ്ത്രീകളും പുരുഷന്മാരും തുല്യരാണ്.ഓട്ടോസോമൽ ഡൊമിനന്റ് ആർ‌പി പോലെ ഓട്ടോസോമൽ റീസെസ്സിവ് ആർ‌പി , പുരുഷന്മാരെയും സ്ത്രീകളെയും തുല്യമായി ബാധിക്കുന്നു , കാരണം ഓട്ടോസോമുകളിൽ ( ഫിഗ്.7 ) രണ്ട് നാണയങ്ങൾ , രണ്ട് നാണയങ്ങൾ , നാണയത്തിന്റെ വാലുകൾ , രണ്ട് തലകൾ , നാണയം രണ്ട് ടെയിൽ , നാണയം രണ്ട് ടെയിൽ എന്നിവ ഉപയോഗിച്ച് ഇത് എങ്ങനെ സംഭവിക്കുന്നു എന്ന് വിവരിക്കാൻ നാല് ഫലങ്ങളുണ്ട്.രോഗബാധിതരായ മാതാപിതാക്കൾക്ക് നാല് സാധ്യതകളിൽ ഒന്ന് ( 25 % ) , രോഗം ബാധിക്കാത്ത ഒരു കുട്ടി ഉണ്ടാകാനുള്ള സാധ്യത മൂന്നിൽ ഒന്ന് ( 75 % ).കുട്ടികൾ ഒരു കാരിയർ ആകാൻ 50 % സാധ്യതയുണ്ട് ( നാല് അവസരങ്ങളിൽ രണ്ട് ).60 - ലധികം ജീനുകളുടെ ജനിതകമാറ്റമാണ് ആർപി.ഇതിൽ 20 - ലധികം ജീനുകൾ ഓട്ടോസോമൽ ഡൊമിനന്റ് rp യുമായി ബന്ധപ്പെട്ടിരിക്കുന്നു.ഓട്ടോസോമൽ ആധിപത്യമുള്ള rp യുടെ ഏറ്റവും സാധാരണമായ കാരണം റോഡോപ്സിൻ ( rho ) ജീനിലെ ജനിതകമാറ്റങ്ങളാണ് , ഇത് എല്ലാ കേസുകളിലും 20 മുതൽ 30 % വരെ.35 ജീനുകളെങ്കിലും ഓട്ടോസോമൽ റീസെസ്സിവ് rp യുമായി ബന്ധപ്പെട്ടിരിക്കുന്നു.usher syndrome 2a ( usher syndrome 2a ) ജീനിലെ മ്യൂട്ടേഷനുകൾക്ക് 10 മുതൽ 15 % വരെ ഓട്ടോസോമൽ റീസെസ്സിവ് ആർ.എക്സ് ലിങ്ക്ഡ് ആർപി അനുബന്ധ എലീലിക് വേരിയന്റുള്ള സ്ത്രീകൾക്ക് രോഗബാധയില്ല അല്ലെങ്കിൽ ക്ലിനിക്കൽ ലക്ഷണങ്ങൾ കാണിച്ചേക്കാം.ഇത്തരം ബാധിക്കുന്ന പെൺപക്ഷികൾ സാധാരണയായി ഒരേ പ്രായത്തിലുള്ള പുരുഷന്മാരേക്കാൾ കൂടുതലോ ചെറുതോ ആണ് ."
Types of sex linked inheritance,ലൈംഗികബന്ധത്തിന്റെ തരം
"Retinitis pigmentosa (Fig.5) is an eye disorder that cause progressive vision loss.It affects the retina, the light-sensitive tissue layer at the back of the eye and vision loss occurs as the light-sensing cells of the retina gradually deteriorate.Researchers have identified several major types of RP based on their pattern of inheritance: autosomal dominant or autosomal recessive.Autosomal dominant RP is due to a mutation in one gene, which is on one pair of autosomes.In other words, Autosomal dominant RP occurs when a fault in only one copy of a gene is sufficient to cause RP.A person with autosomal dominant RP has a one in two risk (50% risk) of passing on the condition to one of their children.This is because he or she will contribute one chromosome from each pair to a child.The chance of a child being affected is therefore 50:50 in each pregnancy (Fig.6).Depending on whether the chromosome carries the faulty gene or its normal counterpart, the child will be affected or not.Men and women are affected equally.Autosomal recessive RP, like autosomal dominant RP, affects men and women equally because the faulty genes are carried on the autosomes (Fig.7).To describe how this comes about, there are four possible outcomes if you toss two coins, those are: both coins heads, both coins tails, coin one heads and coin two tails, and, coin one tails and coin two heads.Parents who are carriers have a one in four chance of having an affected child (25%) and a three in four chance of having an unaffected child (75%).There is a 50% chance of the child being a carrier (two in four chances).The cause RP is the mutations of more than 60 genes.More than 20 of these genes are associated with the autosomal dominant RP.Tthe most common cause of autosomal dominant RP is the mutations in the Rhodopsin (RHO) gene, accounting for 20 to 30% of all cases.At least 35 genes have been associated with the autosomal recessive RP.Mutations in USH2A (usher syndrome 2A) gene are responsible for 10 to 15% of all cases of autosomal recessive RP.Females with an X-linked RP related allelic variant may be unaffected or may show clinical symptoms.Such affected females are usually or less severely affected than males of the same age.","ക്രമാനുഗതമായ കാഴ്ച നഷ്ടത്തിന് കാരണമാകുന്ന ഒരു കണ്ണ് രോഗമാണ് റെറ്റിനൈറ്റിസ് പിഗ്മെന്റോസ.റെറ്റിനയുടെ ലൈറ്റ്സെൻസിംഗ് സെല്ലുകൾ ക്രമേണ വഷളാകുന്നതിനാൽ കണ്ണിന്റെ പിൻഭാഗത്ത് ലൈറ്റ് സെൻസിറ്റീവ് ടിഷ്യു പാളി സംഭവിക്കുന്നു.ആട്ടോസോമൽ ഡൊമിനന്റ് അല്ലെങ്കിൽ ഓട്ടോസോമൽ റീസെസ്സിവ് അടിസ്ഥാനമാക്കി നിരവധി പ്രധാന തരം ആർപി ഗവേഷകർ കണ്ടെത്തിയിട്ടുണ്ട്.ഓട്ടോസോമൽ ഡൊമിനന്റ് ആർപി ഒരു ജീനിൽ ജനിതകമാറ്റം മൂലമാണ്.മറ്റൊരു വിധത്തിൽ പറഞ്ഞാൽ, ഓട്ടോസോമൽ ഡൊമിനന്റ് ആർ‌പി സംഭവിക്കുന്നു ഒരു ജീനിന്റെ ഒരു കോപ്പി മാത്രം ആർ‌പി ഉണ്ടാക്കാൻ പര്യാപ്തമാകുമ്പോൾ.ഓട്ടോസോമൽ ഡൊമിനന്റ് ആർപി ഉള്ള ഒരാൾക്ക് രണ്ട് റിസ്ക് (50 % അപകടസാധ്യത) ഉണ്ട്.കാരണം അവനോ അവളോ ഓരോ ജോഡിയിൽ നിന്നും ഒരു കുട്ടിയിലേക്ക് ഒരു ക്രോമസോം സംഭാവന ചെയ്യും.അതിനാൽ ഓരോ ഗർഭധാരണത്തിലും ഒരു കുട്ടിയെ ബാധിക്കാനുള്ള സാധ്യത 50 : 50 ആണ്.ക്രോമസോം തെറ്റായ ജീനിനെയോ അതിന്റെ സാധാരണ പ്രതിഭാസത്തെയോ വഹിക്കുന്നുണ്ടോ എന്നതിനെ ആശ്രയിച്ച് കുട്ടിയെ ബാധിക്കും.സ്ത്രീകളും പുരുഷന്മാരും തുല്യരാണ്.ഓട്ടോസോമൽ ഡൊമിനന്റ് ആർ‌പി പോലെ ഓട്ടോസോമൽ റീസെസ്സിവ് ആർ‌പി, പുരുഷന്മാരെയും സ്ത്രീകളെയും തുല്യമായി ബാധിക്കുന്നു, കാരണം ഓട്ടോസോമുകളിൽ (ഫിഗ്.7) രണ്ട് നാണയങ്ങൾ, രണ്ട് നാണയങ്ങൾ, നാണയത്തിന്റെ വാലുകൾ, രണ്ട് തലകൾ, നാണയം രണ്ട് ടെയിൽ, നാണയം രണ്ട് ടെയിൽ എന്നിവ ഉപയോഗിച്ച് ഇത് എങ്ങനെ സംഭവിക്കുന്നു എന്ന് വിവരിക്കാൻ നാല് ഫലങ്ങളുണ്ട്.രോഗബാധിതരായ മാതാപിതാക്കൾക്ക് നാല് സാധ്യതകളിൽ ഒന്ന് (25 %), രോഗം ബാധിക്കാത്ത ഒരു കുട്ടി ഉണ്ടാകാനുള്ള സാധ്യത മൂന്നിൽ ഒന്ന് (75 %).കുട്ടികൾ ഒരു കാരിയർ ആകാൻ 50 % സാധ്യതയുണ്ട് (നാല് അവസരങ്ങളിൽ രണ്ട്).60-ലധികം ജീനുകളുടെ ജനിതകമാറ്റമാണ് ആർപി.ഇതിൽ 20-ലധികം ജീനുകൾ ഓട്ടോസോമൽ ഡൊമിനന്റ് rp യുമായി ബന്ധപ്പെട്ടിരിക്കുന്നു.ഓട്ടോസോമൽ ആധിപത്യമുള്ള rp യുടെ ഏറ്റവും സാധാരണമായ കാരണം റോഡോപ്സിൻ (rho) ജീനിലെ ജനിതകമാറ്റങ്ങളാണ്, ഇത് എല്ലാ കേസുകളിലും 20 മുതൽ 30 % വരെ.35 ജീനുകളെങ്കിലും ഓട്ടോസോമൽ റീസെസ്സിവ് rp യുമായി ബന്ധപ്പെട്ടിരിക്കുന്നു.usher syndrome 2a (usher syndrome 2a) ജീനിലെ മ്യൂട്ടേഷനുകൾക്ക് 10 മുതൽ 15 % വരെ ഓട്ടോസോമൽ റീസെസ്സിവ് ആർ.എക്സ് ലിങ്ക്ഡ് ആർപി അനുബന്ധ എലീലിക് വേരിയന്റുള്ള സ്ത്രീകൾക്ക് രോഗബാധയില്ല അല്ലെങ്കിൽ ക്ലിനിക്കൽ ലക്ഷണങ്ങൾ കാണിച്ചേക്കാം.ഇത്തരം ബാധിക്കുന്ന പെൺപക്ഷികൾ സാധാരണയായി ഒരേ പ്രായത്തിലുള്ള പുരുഷന്മാരേക്കാൾ കൂടുതലോ ചെറുതോ ആണ് ."
Module - 2,മൊഡ്യൂള്‍ 2
"The baldness in man is another example for sex influenced character.This particular character is dominant in men and recessive in women.This is because the gene for baldness B.The gene B in heterozygous condition (Bb) expresses itself in male but heterozygous females are normal even though they carry the gene for baldness (Fig.9).It shows that only one gene is enough to produce a bald man, as a woman must require two such genes to be bald.In man single gene for baldness can operate only in the presence of male hormone.There is another interesting sex influences gene in man which affects the length of the index finger.The short index finger is due to a gene which is dominant in the male and recessive in the female.","ലൈംഗിക സ്വാധീനം ചെലുത്തിയ സ്വഭാവത്തിന് മറ്റൊരു ഉദാഹരണമാണ് പുരുഷനിലെ ബലഹീനത.സ്ത്രീകളിലും പുരുഷന്മാരിലുമാണ് ഈ പ്രത്യേകത.എന്തുകൊണ്ട്?heterozygus അവസ്ഥയിൽ ( bb ) ജീൻ ബി പുരുഷന്മാരിൽ സ്വയം പ്രകടിപ്പിക്കുന്നു , എന്നാൽ ഹീറ്ററോസൈജസ് സ്ത്രീകൾ ഗർഭപാത്രത്തിന് ജീൻ വഹിക്കുന്നുണ്ടെങ്കിലും സ്വാഭാവികമാണ്.ഒരു സ്ത്രീക്ക് കടിയേറ്റ പുരുഷനെ നിർമ്മിക്കാൻ ഒരു ജീൻ മാത്രം മതിയെന്ന് ഇത് കാണിക്കുന്നു.പുരുഷ ഹോർമോണുകളുടെ സാന്നിധ്യത്തിൽ മാത്രമേ കഷണ്ടിക്ക് പ്രവർത്തിക്കാൻ കഴിയൂ.ചൂണ്ടുവിരലിന്റെ നീളത്തെ ബാധിക്കുന്ന മറ്റൊരു രസകരമായ ലൈംഗിക സ്വാധീനമുണ്ട്.പുരുഷ , റീസെസ്സിവ് എന്നിവയിൽ ആധിപത്യം പുലർത്തുന്ന ജീൻ കാരണമാണ് ഷോർട്ട് ഇൻഡക്സ് വിരൽ ."
"Xeroderma pigmentosum: Xeroderma pigmentosum (XP) is a hereditary condition characterized by extreme sensitive to sun especially ultra-violet (UV including UVA and UVB) radiation, leading to skin cancer.In some people with XP eye problems and neurologic problems occurs - including learning disabilities, progressive hearing loss, loss of some reflexes, progressive neuromuscular degeneration and occasionally, tumors in the central nervous system.The sensitivity to UV radiation results lighter (hypo) skin pigmentation or very dry skin (Fig.2) and a high risk of basal cell and squamous cell skin cancers and melanoma.XP is an autosomal recessive disorder, in which mutation must occur in both copies of the gene (one inherited from father and one inherited form mother) in order to affect a person.This means that both parents must pass on a mutated gene to the child.A person carrying only one copy of the mutated gene is called a carrier.When both parents are carriers of a recessive mutation in the same gene there is a 25% chance that a child will inherit two mutations and be affected (Fig.3).The most common defect in XP is the mutation of nucleotide excision repair (NER) enzymes, leads to the reduction in or elimination of NER.Unrepaired damage leads to mutation that alters the information of the DNA.This disorder may lead to cancer (eg., basal cell carcinoma) if mutations affect important genes, such as proto oncogenes or tumor suppressor genes (e.g. p53).","സിറോഡെർമ പിഗ്മെന്റോസം : xroderma pigmenosum ( xp ) സൂര്യനിലേക്കുള്ള ഒരു പാരമ്പര്യരോഗമാണ്.എക്സ് പി കണ്ണ് പ്രശ്നങ്ങളും ന്യൂറോളജിക് പ്രശ്നങ്ങളും പഠന വൈകല്യങ്ങൾ , പുരോഗമന കേൾവി നഷ്ടം , ചില റിഫ്ലെക്സുകളുടെ നഷ്ടം , പുരോഗമന ന്യൂറോ മസ്കുലർ സംവിധാനം എന്നിവ ഉൾപ്പെടുന്നു.uv വികിരണത്തിന്റെ സംവേദനക്ഷമത കുറയുന്നു ചർമ്മത്തിലെ പിഗ്മെന്റേഷൻ അല്ലെങ്കിൽ വളരെ വരണ്ട ചർമ്മം ( ഫിഗ.2 ) , ബാസാൽ സെൽ , സ്ക്വാമസ് സെൽ ക്യാൻസർ എന്നിവയ്ക്കുള്ള ഉയർന്ന അപകടസാധ്യത.xp ഒരു ഓട്ടോസോമൽ റീസെസ്സിവ് ഡിസോർഡറാണ് , അതിൽ ജീനിന്റെ രണ്ട് പകർപ്പുകളിലും ജനിതകമാറ്റം ആവശ്യമാണ് ( ഒരു വ്യക്തിയെ ബാധിക്കുന്നതിനായി പിതാവിൽ നിന്നും പാരമ്പര്യമായി ലഭിച്ച ഒരു അമ്മയിൽ നിന്നും ).ഇതിനർത്ഥം മാതാപിതാക്കൾ ജനിതകമാറ്റം വന്ന ജീൻ കുട്ടിക്ക് കൈമാറണം എന്നാണ്.ജനിതകമാറ്റം വരുത്തിയ ജീനിന്റെ ഒരു കോപ്പി മാത്രമുള്ള ഒരു വ്യക്തിയെ കാരിയർ എന്ന് വിളിക്കുന്നു.രണ്ട് മാതാപിതാക്കളും ഒരേ ജീനിൽ റീസെസ്സിവ് മ്യൂട്ടേഷന്റെ കാരിയർ ആയിരിക്കുമ്പോൾ , ഒരു കുട്ടി രണ്ട് ജനിതകമാറ്റം അവകാശമാക്കാനും ബാധിക്കപ്പെടാനും 25 % സാധ്യതയുണ്ട്.ന്യൂക്ലിയോടൈഡ് എക്സിഷൻ അറ്റകുറ്റം ( ner ) എൻസൈമുകളുടെ ( ner ) പരിവർത്തനമാണ് xp യിലെ ഏറ്റവും സാധാരണമായ ന്യൂനത.കേടുപാടുകൾ മൂലം ഉണ്ടാകുന്ന തകരാറുകൾ ഡി എൻ എ യുടെ വിവരങ്ങൾ മാറ്റുന്നു.ഈ വൈകല്യം കാൻസർ ( ഉദാ. ഇംഗ്ലീഷ് വിലാസം p53 ) ."
Fig.5 Retinitis pigmentosa (http://mmg-233-2014-genetics-genomics.wikia.com/),fig.5 റെറ്റിനൈറ്റിസ് പിഗ്മെന്റോസ ( http : / mg232014genetics. wikia. com )
Fig.8 Horns in sheep (www.slideshare.net),ഫലമോ?
Completely sex linked inheritance,പൂർണ്ണമായും ലൈംഗിക അവകാശം
"The baldness in man is another example for sex influenced character.This particular character is dominant in men and recessive in women.This is because the gene for baldness B.The gene B in heterozygous condition (Bb) expresses itself in male but heterozygous females are normal even though they carry the gene for baldness (Fig.9).It shows that only one gene is enough to produce a bald man, as a woman must require two such genes to be bald.In man single gene for baldness can operate only in the presence of male hormone.There is another interesting sex influences gene in man which affects the length of the index finger.The short index finger is due to a gene which is dominant in the male and recessive in the female.","ലൈംഗിക സ്വാധീനം ചെലുത്തിയ സ്വഭാവത്തിന് മറ്റൊരു ഉദാഹരണമാണ് പുരുഷനിലെ ബലഹീനത.സ്ത്രീകളിലും പുരുഷന്മാരിലുമാണ് ഈ പ്രത്യേകത.എന്തുകൊണ്ട്?heterozygus അവസ്ഥയിൽ (bb) ജീൻ ബി പുരുഷന്മാരിൽ സ്വയം പ്രകടിപ്പിക്കുന്നു, എന്നാൽ ഹീറ്ററോസൈജസ് സ്ത്രീകൾ ഗർഭപാത്രത്തിന് ജീൻ വഹിക്കുന്നുണ്ടെങ്കിലും സ്വാഭാവികമാണ്.ഒരു സ്ത്രീക്ക് കടിയേറ്റ പുരുഷനെ നിർമ്മിക്കാൻ ഒരു ജീൻ മാത്രം മതിയെന്ന് ഇത് കാണിക്കുന്നു.പുരുഷ ഹോർമോണുകളുടെ സാന്നിധ്യത്തിൽ മാത്രമേ കഷണ്ടിക്ക് പ്രവർത്തിക്കാൻ കഴിയൂ.ചൂണ്ടുവിരലിന്റെ നീളത്തെ ബാധിക്കുന്ന മറ്റൊരു രസകരമായ ലൈംഗിക സ്വാധീനമുണ്ട്.പുരുഷ, റീസെസ്സിവ് എന്നിവയിൽ ആധിപത്യം പുലർത്തുന്ന ജീൻ കാരണമാണ് ഷോർട്ട് ഇൻഡക്സ് വിരൽ ."
SEX INFLUENCED CHARACTERS,ലൈംഗികത സ്വാധീനിക്കുന്ന കഥാപാത്രങ്ങൾ
There are five types of sex linked inheritance.They are as follows;,ലൈംഗികബന്ധമുള്ള അഞ്ച് തരം അവകാശങ്ങളുണ്ട് :അവ താഴെ പറയുന്നവയാണ്
Fig.8 Horns in sheep (www.slideshare.net),ഫലമോ ?
Fig.1 XY linked inheritance in Drosophila,fig.1 xy ലിങ്ക്ഡ് ഹെറിറ്റേജ്
"Nephritis: Nephritis is inflammation of the kidneys and may involve the glomeruli, tubules or interstitial tissue surrounding the glomeruli and tubules (Fig.4).It can produce glomerular injury, by disturbing the glomerular structure with inflammatory cell proliferation leads to reduced glomerular blood flow and urine output.","നെഫ്രിറ്റിസ് : നെഫ്രിറ്റിസ് വൃക്കകളുടെ വീക്കം , ഗ്ലോമെറൂലി , ട്യൂബ് അല്ലെങ്കിൽ ഇന്റർസ്റ്റിയൽ ടിഷ്യു എന്നിവ ഉൾപ്പെട്ടേക്കാം.ഇൻഫ്ലമേറ്ററി സെൽ പ്രൊലിഫെറേഷൻ ഉപയോഗിച്ച് ഗ്ലോമെറൽ ഘടനയെ തടസ്സപ്പെടുത്തുന്നതിലൂടെ രക്തയോട്ടം കുറയുകയും മൂത്രത്തിന്റെ ഉൽപാദനം കുറയുകയും ചെയ്യുന്നു ."
"6.An excellent example of sex limited inheritance is provided by the plumage pattern in birds.In domestic fowl of Leghorn, male have long curved, fringed feathers on tail and neck, but feathers of females are shorter, straighter and without fringe.Thus the males are cock feathered and females are hen feathered.Results of various crosses show that hen feathering is a dominant character due to a dominant gene H, so that male as well as female with genotypes HH or Hh will be hen feathered.However, cock feathering is due to its recessive allele h, homozygous recessive (hh) is cock feathered in male, but hen feathered in female suggesting that in the presence of female hormone, hh cannot express its cock feathering character.This was confirmed through experiments of gonadectomise (removal of gonad).When ovary of hh female was removed, it resulted into cock feathering.Similarly in castrated males (testes removed) expression of H is inhibited.It has been found that the expression of the genes H and h, depends upon the sex hormone.Any male that receives atleast one dominant gene will be hen feathered, but those males which are homozygous for the recessive gene (hh), will show the cock feathered condition.Females are all hen feathered regardless of genotype (Fig.7).It shows that particular type of feathering depends upon specific type of genotype and sex hormones.The dominant gene H produces hen feathering depends upon specific sex hormone.The recessive gene h produces cock feathering in the absence of female hormone and hen feathering in the presence of female hormone.","6 എണ്ണം.ലൈംഗികപരിമിതമായ അവകാശത്തിന്‍റെ ഒരു ഉത്തമ ഉദാഹരണമാണ്‌ പക്ഷികളിലെ തൂവലുകൾ.എന്നാൽ സ്‌ത്രീകളുടെ തൂവലുകൾ ചെറുതും നേർത്തതുമാണ്‌.അങ്ങനെ ആൺതുമ്പികൾ മുട്ടയിടുകയും പെൺപക്ഷികൾ മുട്ടയിടുകയും ചെയ്യുന്നു.ഒരു പ്രബലമായ ജീൻ കാരണം ഹെൻ ഫീറ്റിംഗ് ഒരു പ്രധാന കഥാപാത്രമാണെന്ന് വിവിധ ക്രോസുകളുടെ ഫലങ്ങൾ കാണിക്കുന്നു, അതിനാൽ പുരുഷനും സ്ത്രീക്കും hh അല്ലെങ്കിൽ hh തൂവലുകൾ ഉണ്ടാകുന്നു.എന്നിരുന്നാലും, കോക്ക് ഫീഡിംഗ് അതിന്റെ റീസെസ്സിവ് അലെൽ, ഹോമോസൈഗസ് റീസെസിവ് (hh) പുരുഷ വിഭാഗത്തിൽ കോക്ക് ഫീഡിംഗ് ചെയ്യുന്നില്ല, പക്ഷേ സ്ത്രീ നിർദ്ദേശപ്രകാരം ഗോണാഡെക്‌ടോമിസിന്റെ (ഗോണാഡിന്റെ നീക്കം) പരീക്ഷണങ്ങളിലൂടെ ഇത് സ്ഥിരീകരിക്കപ്പെട്ടു.എച്ച്എച്ച് സ്ത്രീയുടെ അണ്ഡാശയത്തെ നീക്കം ചെയ്തപ്പോൾ അത് കോക്ക് ഫീറ്റിംഗിലേക്ക് നയിച്ചു.അതുപോലെ തന്നെ കാസ്‌ട്രേറ്റഡ് ആണുങ്ങളുടെ (tests നീക്കം) പ്രകടനത്തെ തടയുന്നു.എച്ച്, എച്ച് എന്നീ ജീനുകളുടെ ആവിഷ്‌കാരം ലൈംഗിക ഹോർമോണിനെ ആശ്രയിച്ചിരിക്കുന്നുവെന്ന് കണ്ടെത്തിയിട്ടുണ്ട്.എന്നാൽ റീസെസ്സിവ് ജീനിന് ഹോമോസൈജിയസ് ആയ പുരുഷന്മാർ (hh) കോക്കിനെ കാണിക്കും.genotype (fig.7).സെക്‌സ്‌ ഹോർമോണുകൾ പ്രധാന ജീൻ എച്ച് ഹോർമോണിനെ ആശ്രയിച്ചിരിക്കുന്നു.സ്ത്രീ ഹോർമോണുകളുടെ അഭാവത്തിൽ റീസെസ്സിവ് ജീൻ എച്ച് കോക്ക് ഫീഡിംഗ് ഉത്പാദിപ്പിക്കുന്നു ."
SEX LIMITED CHARACTERS,സെക്സ് പരിമിതമായ അക്ഷരങ്ങൾ
"SEX LINKED, SEX LIMITED AND SEX INFLUENCED CHARACTERS","സെക്സ് ലിങ്ക്ഡ്, സെക്സ് ലിമിറ്റഡ്, ലൈംഗികത സ്വാധീനിക്കുന്ന കഥാപാത്രങ്ങൾ"
The brilliant plumage of peacock is also due to some sex limited genes.,ചില ലൈംഗിക പരിമിത ജീനുകൾ കാരണം മയിലിന്റെ വലിയ തൂവലും ഉണ്ട് .
XY linked inheritance,xy ലിങ്ക്ഡ് അവകാശം
"We have already discussed X linked and Y linked inheritance in part-1.Other types of sex linked inheritance are XY linked inheritance, completely sex linked inheritance and incompletely sex linked inheritance.","പങ്കാളിത്തത്തില്‍ എക്‌സ് ലിങ്ക്ഡ് , വൈ ലിങ്ക്ഡ് ഇന്‍ഹെറിറ്റിയെക്കുറിച്ച് ഞങ്ങള്‍ ചര്‍ച്ച ചെയ്തിട്ടുണ്ട്.സെക്സ് ലിങ്ക്ഡ് ഹെറിറ്റേജ് , പൂർണ്ണമായും ലൈംഗികബന്ധിത അവകാശം , പൂർണ്ണമായും ലൈംഗികബന്ധിത അവകാശം എന്നിവയാണ് മറ്റ് അവകാശങ്ങൾ ."
P XbXb (female) x X+Y+ (male),x + y + (പുരുഷന്‍)
Fig.4 Nephritis (www.kidneyabc.com),fig.4 നെഫ്രിറ്റിസ് ( www.kordneyabc.com )
Fig.9 Pattern of baldness (en.wikipedia.org).,അത്തിപ്പഴം .
"Welcome friends to a new session on Genetics.In this session we will discuss different types of traits related with sex; sex linked inheritance - eye color in Drosophila, hemophilia in man, holandric inheritance, sex limited and sex influenced characters.","ജനിതകശാസ്ത്രത്തെക്കുറിച്ചുള്ള പുതിയ സെഷനിലേക്ക് സുഹൃത്തുക്കളെ സ്വാഗതം ചെയ്യുന്നു.ഈ സെഷനില്‍ ലിംഗവ്യതിയാനങ്ങളുമായി ബന്ധപ്പെട്ട വിവിധ വംശങ്ങളുടെ പാരമ്പര്യമായ സ്വഭാവവിശേഷങ്ങള്‍, ഡ്രോസോഫിലയിലെ കണ്ണിന്റെ നിറം, ആണുങ്ങളിലെ ഹീമോഫീലിയ, ഹോളാന്‍ഡ്രിക് പാരമ്പര്യം, തുടങ്ങിയവ ചർച്ച ചെയ്യുന്നു."
Module - 3,മൊഡ്യൂള്‍ 3
"4.Completely sex linked inheritance, and",4 സമ്പൂർണ ലൈംഗികബന്ധം
F1 X+Xb (female) x XbY+ (male),f1 x + xb ( സ്ത്രീ ) x xby + ( man )
Fig.5 Retinitis pigmentosa (http://mmg-233-2014-genetics-genomics.wikia.com/),fig.5 റെറ്റിനൈറ്റിസ് പിഗ്മെന്റോസ (http : / mg232014genetics. wikia. com)
(wild) (bobbed) (wild) (wild),(കാട്ടു)
"Many studies have been published to explore the genetic basis of sex-limited genes.The sex-limited traits can arise in two ways.The alleles responsible for sexual dimorphism could begin by being expressed in male and female then become modified (promoted or repressed) in one sex by regulatory elements or modifier genes or can be limited to expression in only one sex when they appear first.Two interpretations are possible: (1) the dimorphic alleles were initially expressed in male and female; then suppressed in females or became limited to males by regulatory regions that are completely dominant in hybrids (2) the alleles were initially only expressed in males.The explanation for initial expression in both species is the involvement of cis-dominance, where the factors that modify the gene are located next to the gene on the chromosome.(This is in contrast to trans-dominance, where mobile products that can affect distant genes are produced).These factors can be in the form of promoter regions, which can be either be activated or suppressed by hormones.These alleles come under regulatory control very quickly because none of the ornamentation seen in males is seen in the very next generation.These conclusions make it that at least some male-specific (thus, sex-limited) genes due their expression by hormone levels; the absence of estrogen or the presence of testosterone.","ലൈംഗികപരിമിത ജീനുകളുടെ ജനിതക അടിത്തറ കണ്ടെത്തുന്നതിന് നിരവധി പഠനങ്ങൾ പ്രസിദ്ധീകരിച്ചിട്ടുണ്ട്.ലൈംഗികപരിമിതമായ സവിശേഷതകൾ രണ്ട് തരത്തിൽ വരാം.ലൈംഗിക ഡിമോർഫിസത്തിന് ഉത്തരവാദികളായ എലീലുകൾ പുരുഷന്മാരിലും സ്ത്രീകളിലും പ്രകടമാകുന്നതോടെ , റെഗുലേറ്ററി ഘടകങ്ങൾ ( സ്ഥാനക്കയറ്റം അല്ലെങ്കിൽ പ്രാബല്യത്തിൽ വന്നാൽ ) ഒരു ലിംഗത്തിൽ മാറ്റം വന്നേക്കാം.രണ്ട് വ്യാഖ്യാനങ്ങൾ സാധ്യമാണ് : ( 1 ) ഡിമോർഫിക് എലീലുകൾ തുടക്കത്തിൽ പുരുഷന്മാരിലും സ്‌ത്രീകളിലും പ്രകടിപ്പിക്കപ്പെട്ടു.രണ്ട് സ്പീഷീസുകളിലും പ്രാരംഭ എക്സ്പ്രഷന്റെ വിശദീകരണം സിസ്ഡൊമിനൻസിന്റെ ഇടപെടലാണ് , അവിടെ ജീനിനെ മാറ്റുന്ന ഘടകങ്ങൾ ക്രോമസോമിലെ ജീനിന് അടുത്തായി സ്ഥിതിചെയ്യുന്നു.( വിദൂര ജീനുകളെ ബാധിക്കുന്ന മൊബൈൽ ഉൽപ്പന്നങ്ങൾ നിർമ്മിക്കാൻ കഴിയുന്ന ട്രാൻസ്ഫറൻസിന് ഇത് വിപരീതമാണ്.ഹോർമോണുകൾ ആക്ടിവേറ്റ് ചെയ്യുകയോ അടിച്ചമർത്തുകയോ ചെയ്യാം.ഈ എലീലുകൾ വളരെ വേഗത്തിൽ റെഗുലേറ്ററി നിയന്ത്രണത്തിലാണ് വരുന്നത് , കാരണം അടുത്ത തലമുറയിൽ പുരുഷന്മാരിൽ ആരും ആഭരണങ്ങൾ കാണുന്നില്ല.ഈ നിഗമനങ്ങൾ അനുസരിച്ച് , ഹോർമോൺ ലെവലുകൾ അനുസരിച്ച് , എസ്റ്റോറോജന്റെ അഭാവം അല്ലെങ്കിൽ ടെസ്റ്റോസ്റ്റിറോണിന്റെ സാന്നിദ്ധ്യം മൂലം ചില മാൽസീഫിക് ജീനുകൾ ഉണ്ടാകുന്നു ."
Title: Biological basis of heredity: Sex linked genes and their inheritance Part – 2,തലക്കെട്ട് : ജൈവവൈവിധ്യം : ലൈംഗികബന്ധവും അവരുടെ അവകാശവും
"We have already discussed X linked and Y linked inheritance in part-1.Other types of sex linked inheritance are XY linked inheritance, completely sex linked inheritance and incompletely sex linked inheritance.","പങ്കാളിത്തത്തില്‍ എക്‌സ് ലിങ്ക്ഡ്, വൈ ലിങ്ക്ഡ് ഇന്‍ഹെറിറ്റിയെക്കുറിച്ച് ഞങ്ങള്‍ ചര്‍ച്ച ചെയ്തിട്ടുണ്ട്.സെക്സ് ലിങ്ക്ഡ് ഹെറിറ്റേജ്, പൂർണ്ണമായും ലൈംഗികബന്ധിത അവകാശം, പൂർണ്ണമായും ലൈംഗികബന്ധിത അവകാശം എന്നിവയാണ് മറ്റ് അവകാശങ്ങൾ ."
"The genes for deep masculine voice and masculine musculature in man will express themselves only when the male hormone is present.Genes for feminine musculature, express themselves only in the absence of male hormone.They do not require the presence of the male hormone.",ആൺ ഹോർമോൺ ഉള്ളപ്പോൾ മാത്രമേ മനുഷ്യനിൽ ആഴത്തിലുള്ള പുല്ലിംഗ ശബ്ദത്തിനും പുല്ലിംഗത്തിനും ജീനുകൾ പ്രത്യക്ഷപ്പെടുകയുള്ളൂ.പുരുഷ ഹോർമോണുകളുടെ അഭാവത്തിൽ സ്ത്രീലിംഗ പേശികൾക്കുള്ള ജീനുകൾ സ്വയം പ്രകടിപ്പിക്കുന്നു.പുരുഷ ഹോർമോണുകളുടെ സാന്നിധ്യം ആവശ്യമില്ല .
(female) (female) (male) (male),(സ്ത്രീ)
Retinitis pigmentosa,റെറ്റിനൈറ്റിസ് പിഗ്മെന്റോസ
P XbXb (female) x X+Y+ (male),x + y + ( പുരുഷന്‍ )
"Nephritis: Nephritis is inflammation of the kidneys and may involve the glomeruli, tubules or interstitial tissue surrounding the glomeruli and tubules (Fig.4).It can produce glomerular injury, by disturbing the glomerular structure with inflammatory cell proliferation leads to reduced glomerular blood flow and urine output.","നെഫ്രിറ്റിസ് : നെഫ്രിറ്റിസ് വൃക്കകളുടെ വീക്കം, ഗ്ലോമെറൂലി, ട്യൂബ് അല്ലെങ്കിൽ ഇന്റർസ്റ്റിയൽ ടിഷ്യു എന്നിവ ഉൾപ്പെട്ടേക്കാം.ഇൻഫ്ലമേറ്ററി സെൽ പ്രൊലിഫെറേഷൻ ഉപയോഗിച്ച് ഗ്ലോമെറൽ ഘടനയെ തടസ്സപ്പെടുത്തുന്നതിലൂടെ രക്തയോട്ടം കുറയുകയും മൂത്രത്തിന്റെ ഉൽപാദനം കുറയുകയും ചെയ്യുന്നു ."
Title: Biological basis of heredity: Sex linked genes and their inheritance Part – 2,തലക്കെട്ട് : പാരമ്പര്യത്തിന്റെ ജീവശാസ്ത്രപരമായ അടിസ്ഥാനം: സ്ത്രീ പുരുഷ ജീനുകളും അവയുടെ ജനിതക കൈമാറ്റവും.
Breast development is normally limited to woman but hormone unbalance may cause breast development in man.,സ്തനാർബുദം സാധാരണയായി സ്ത്രീകളിൽ മാത്രമായി പരിമിതപ്പെടുത്തിയിട്ടുണ്ടെങ്കിലും ഹോർമോൺ അസന്തുലിതാവസ്ഥ മനുഷ്യനിൽ വളർച്ചയ്ക്ക് കാരണമായേക്കാം .
The idea of sex-limited genes was initially developed by Charles Darwin (1809-1882) himself in 1871 in his book The Descent of Man and Selection in Relation to Sex.Sex-limited genes are genes that are present in both sexes of sexually reproducing species but are expressed in only one sex and remain 'turned off' in the other.Sex limited genes are those which express characters in only one sex.The sex limited genes may be located on any chromosome (sex linked genes are located only on the sex chromosome).Their expression in the vertebrates is governed by the sex hormones.Sex limited genes are responsible for the secondary sexual characteristics as well as primary sexual characteristics.,1809 - 1882 - ൽ ചാൾസ് ഡാർവിൻ ( 1809 - 1882 ) എന്ന തന്റെ പുസ്തകത്തിൽ ലൈംഗികതയെക്കുറിച്ചുള്ള ആശയം വികസിപ്പിച്ചെടുത്തു.ലൈംഗിക പുനർനിർമ്മാണ സ്പീഷീസുകളിൽ കാണപ്പെടുന്ന ജീനുകളാണ് സെക്സ് പരിമിതമായ ജീനുകൾ.ഒരു ലിംഗത്തിൽ മാത്രം കഥാപാത്രങ്ങൾ അവതരിപ്പിക്കുന്ന ജീനുകളാണ് ലൈംഗിക പരിമിത ജീനുകൾ.സെക്സ് ലിമിറ്റഡ് ജീനുകൾ ഏതെങ്കിലും ക്രോമസോമിൽ ( സെക്സ് ലിങ്ക്ഡ് ജീനുകൾ ) സ്ഥിതിചെയ്യുന്നു.വെർട്ടെബ്രേറ്റുകളിലെ അവരുടെ പ്രകടനത്തെ നിയന്ത്രിക്കുന്നത് ലൈംഗിക ഹോർമോണുകളാണ്.സെക്സ് പരിമിതമായ ജീനുകൾ സെക്കൻഡറി ലൈംഗിക സ്വഭാവത്തിനും പ്രാഥമിക ലൈംഗിക സ്വഭാവങ്ങൾക്കും കാരണമാകുന്നു .
The idea of sex-limited genes was initially developed by Charles Darwin (1809-1882) himself in 1871 in his book The Descent of Man and Selection in Relation to Sex.Sex-limited genes are genes that are present in both sexes of sexually reproducing species but are expressed in only one sex and remain 'turned off' in the other.Sex limited genes are those which express characters in only one sex.The sex limited genes may be located on any chromosome (sex linked genes are located only on the sex chromosome).Their expression in the vertebrates is governed by the sex hormones.Sex limited genes are responsible for the secondary sexual characteristics as well as primary sexual characteristics.,1809-1882-ൽ ചാൾസ് ഡാർവിൻ (1809-1882) എന്ന തന്റെ പുസ്തകത്തിൽ ലൈംഗികതയെക്കുറിച്ചുള്ള ആശയം വികസിപ്പിച്ചെടുത്തു.ലൈംഗിക പുനർനിർമ്മാണ സ്പീഷീസുകളിൽ കാണപ്പെടുന്ന ജീനുകളാണ് സെക്സ് പരിമിതമായ ജീനുകൾ.ഒരു ലിംഗത്തിൽ മാത്രം കഥാപാത്രങ്ങൾ അവതരിപ്പിക്കുന്ന ജീനുകളാണ് ലൈംഗിക പരിമിത ജീനുകൾ.സെക്സ് ലിമിറ്റഡ് ജീനുകൾ ഏതെങ്കിലും ക്രോമസോമിൽ (സെക്സ് ലിങ്ക്ഡ് ജീനുകൾ) സ്ഥിതിചെയ്യുന്നു.വെർട്ടെബ്രേറ്റുകളിലെ അവരുടെ പ്രകടനത്തെ നിയന്ത്രിക്കുന്നത് ലൈംഗിക ഹോർമോണുകളാണ്.സെക്സ് പരിമിതമായ ജീനുകൾ സെക്കൻഡറി ലൈംഗിക സ്വഭാവത്തിനും പ്രാഥമിക ലൈംഗിക സ്വഭാവങ്ങൾക്കും കാരണമാകുന്നു .
(wild) (wild),( കാട്ടു )
Examples:,ഉദാഹരണങ്ങൾ :
(bobbed) (wild),( കാട്ടു )
"SEX LINKED, SEX LIMITED AND SEX INFLUENCED CHARACTERS","സെക്സ് ലിങ്ക്ഡ് , സെക്സ് ലിമിറ്റഡ് , ലൈംഗികത സ്വാധീനിക്കുന്ന കഥാപാത്രങ്ങൾ"
"Certain sex linked genes are located on both X and Y chromosomes.They are called XY linked genes and their inheritance is called XY linked inheritance.XY linked genes are partially linked because crossing over may occur in the homologous sections of X and Y chromosomes.Bobbed bristle is an excellent example for XY linked inheritance in Drosophila.In humans there are several defects of this type, some of them are eg., Xeroderma pigmentosum, Nephritis, Retinitis pigmentosa etc are XY linked.","x , y ക്രോമസോമുകളിൽ ചില ലൈംഗിക ബന്ധിത ജീനുകൾ സ്ഥിതിചെയ്യുന്നു.ഇവയെ xy ലിങ്ക്ഡ് ജീനുകൾ എന്നും അവയുടെ അവകാശത്തെ xy ലിങ്ക്ഡ് ഹെറിറ്റേജ് എന്നും വിളിക്കുന്നു.xy ലിങ്ക്ഡ് ജീനുകൾ ഭാഗികമായി ബന്ധിപ്പിച്ചിരിക്കുന്നു , കാരണം x , y ക്രോമസോമുകളിലെ ഹോമോലോഗസ് വിഭാഗങ്ങളിൽ ഇത് സംഭവിക്കാം.ഫ്രോസോഫീലയിലെ xy ലിങ്ക്ഡ് ഹെറിറ്റേജിന്റെ ഒരു മികച്ച ഉദാഹരണമാണ് ബോബ്ഡ് ബ്രിസ്റ്റിൽ.മനുഷ്യരിൽ ഈജി , സിറോഡെർമ പിഗ്മെന്റോസം , നെഫ്രിറ്റിസ് , റെറ്റിനൈറ്റിസ് പിഗ്മെന്റോസ മുതലായ നിരവധി തകരാറുകൾ ഉണ്ട് ."
"6.An excellent example of sex limited inheritance is provided by the plumage pattern in birds.In domestic fowl of Leghorn, male have long curved, fringed feathers on tail and neck, but feathers of females are shorter, straighter and without fringe.Thus the males are cock feathered and females are hen feathered.Results of various crosses show that hen feathering is a dominant character due to a dominant gene H, so that male as well as female with genotypes HH or Hh will be hen feathered.However, cock feathering is due to its recessive allele h, homozygous recessive (hh) is cock feathered in male, but hen feathered in female suggesting that in the presence of female hormone, hh cannot express its cock feathering character.This was confirmed through experiments of gonadectomise (removal of gonad).When ovary of hh female was removed, it resulted into cock feathering.Similarly in castrated males (testes removed) expression of H is inhibited.It has been found that the expression of the genes H and h, depends upon the sex hormone.Any male that receives atleast one dominant gene will be hen feathered, but those males which are homozygous for the recessive gene (hh), will show the cock feathered condition.Females are all hen feathered regardless of genotype (Fig.7).It shows that particular type of feathering depends upon specific type of genotype and sex hormones.The dominant gene H produces hen feathering depends upon specific sex hormone.The recessive gene h produces cock feathering in the absence of female hormone and hen feathering in the presence of female hormone.","6 എണ്ണം.ലൈംഗികപരിമിതമായ അവകാശത്തിന്‍റെ ഒരു ഉത്തമ ഉദാഹരണമാണ്‌ പക്ഷികളിലെ തൂവലുകൾ.എന്നാൽ സ്‌ത്രീകളുടെ തൂവലുകൾ ചെറുതും നേർത്തതുമാണ്‌.അങ്ങനെ ആൺതുമ്പികൾ മുട്ടയിടുകയും പെൺപക്ഷികൾ മുട്ടയിടുകയും ചെയ്യുന്നു.ഒരു പ്രബലമായ ജീൻ കാരണം ഹെൻ ഫീറ്റിംഗ് ഒരു പ്രധാന കഥാപാത്രമാണെന്ന് വിവിധ ക്രോസുകളുടെ ഫലങ്ങൾ കാണിക്കുന്നു , അതിനാൽ പുരുഷനും സ്ത്രീക്കും hh അല്ലെങ്കിൽ hh തൂവലുകൾ ഉണ്ടാകുന്നു.എന്നിരുന്നാലും , കോക്ക് ഫീഡിംഗ് അതിന്റെ റീസെസ്സിവ് അലെൽ , ഹോമോസൈഗസ് റീസെസിവ് ( hh ) പുരുഷ വിഭാഗത്തിൽ കോക്ക് ഫീഡിംഗ് ചെയ്യുന്നില്ല , പക്ഷേ സ്ത്രീ നിർദ്ദേശപ്രകാരം ഗോണാഡെക്‌ടോമിസിന്റെ ( ഗോണാഡിന്റെ നീക്കം ) പരീക്ഷണങ്ങളിലൂടെ ഇത് സ്ഥിരീകരിക്കപ്പെട്ടു.എച്ച്എച്ച് സ്ത്രീയുടെ അണ്ഡാശയത്തെ നീക്കം ചെയ്തപ്പോൾ അത് കോക്ക് ഫീറ്റിംഗിലേക്ക് നയിച്ചു.അതുപോലെ തന്നെ കാസ്‌ട്രേറ്റഡ് ആണുങ്ങളുടെ ( tests നീക്കം ) പ്രകടനത്തെ തടയുന്നു.എച്ച് , എച്ച് എന്നീ ജീനുകളുടെ ആവിഷ്‌കാരം ലൈംഗിക ഹോർമോണിനെ ആശ്രയിച്ചിരിക്കുന്നുവെന്ന് കണ്ടെത്തിയിട്ടുണ്ട്.എന്നാൽ റീസെസ്സിവ് ജീനിന് ഹോമോസൈജിയസ് ആയ പുരുഷന്മാർ ( hh ) കോക്കിനെ കാണിക്കും.genotype ( fig.7 ).സെക്‌സ്‌ ഹോർമോണുകൾ പ്രധാന ജീൻ എച്ച് ഹോർമോണിനെ ആശ്രയിച്ചിരിക്കുന്നു.സ്ത്രീ ഹോർമോണുകളുടെ അഭാവത്തിൽ റീസെസ്സിവ് ജീൻ എച്ച് കോക്ക് ഫീഡിംഗ് ഉത്പാദിപ്പിക്കുന്നു ."
Fig.4 Nephritis (www.kidneyabc.com),fig.4 നെഫ്രിറ്റിസ് (www.kordneyabc.com)
2.Y linked inheritance,"2, വൈ ബന്ധിത അവകാശം"
"There is a gene pair in Drosophila is controlled by genes that are located in the pairing region of X and Y chromosomes.This trait is known as bobbed (b) that shows shorter and slender bristles.When a wild type X+Y+ male is crossed with a bobbed XbXb female, all F1 progeny are wild type X+Xb and XbY+.However, if the cross is made between F1 bobbed female X+Xb and wild male XbY+.All the F2 males are wild type (X+Y+ and XbY+) and all the female progeny includes bobbed type (XbYb) and wild type (X+Xb) in 1:1 ratio (Fig.1).","x , y ക്രോമസോമുകളിലെ ജോയിംഗ് മേഖലയിൽ സ്ഥിതിചെയ്യുന്ന ജീനുകളാണ് ഡ്രോസോഫിലയിൽ ഒരു ജീൻ ജോഡി നിയന്ത്രിക്കുന്നത്.ഈ സവിശേഷത ഹ്രസ്വവും സ്ലെൻഡർ ബ്രിസ്റ്റിൽസും കാണിക്കുന്ന ബോബെഡ് ( ബി ) എന്നറിയപ്പെടുന്നു.ഒരു വൈൽഡ് ടൈപ്പ് x + y + പുരുഷൻ ഒരു bobbed xbxb സ്ത്രീയുമായി കടന്നു പോകുമ്പോൾ , f1 പ്രോജെൻസിയും വൈൽഡ് ടൈപ്പ് x + xby + ഉം ആണ്.എന്നിരുന്നാലും , f1 ബോബഡ് പെൺ x + xb , വൈൽഡ് ആൺ xby + എന്നിവയ്ക്കിടയിലാണ് ക്രോസ് നിർമ്മിക്കുന്നത്.എല്ലാ f2 പുരുഷന്മാരും f2 വന്യതരങ്ങളാണ് ( x + y + , xby + ) , എല്ലാ പെൺ പ്രജനനവും 1 അനുപാതത്തിൽ ബോബഡ് ടൈപ്പ് ( xbib ) , 1 : 1"
XY linked inheritance in Drosophila,ഡ്രോസോഫിലയിലെ xy ലിങ്ക്ഡ് അവകാശം
"In man beard is produced by sex limited genes.A woman normally does not have a beard, yet she surely carries all the genes necessary to produce a beard.But the expression of that particular gene in ladies is prevented by the absence of a particular enzyme.But in rare cases abnormalities in hormone secretion may occur in a woman which allow these genes to express themselves and the result is a bearded lady.","പുരുഷൻ താടിയിൽ സെക്സ് ലിമിറ്റഡ് ജീനസ് ആണ് ഉത്പാദിപ്പിക്കുന്നത്.ഒരു സ്‌ത്രീക്ക് സാധാരണ താടി ഇല്ല.എന്നാൽ ഒരു പ്രത്യേക എൻസൈമിന്റെ അഭാവത്തിൽ സ്ത്രീകളിൽ ആ ജീൻ എന്ന പ്രയോഗം തടയുന്നു.എന്നാൽ ഹോർമോണിലെ അസാധാരണമായ കേസുകളിൽ , ഈ ജീനുകളെ സ്വയം പ്രകടിപ്പിക്കാൻ അനുവദിക്കുന്ന ഒരു സ്‌ത്രീയിൽ അസാധാരണമായ സംഭവങ്ങളുണ്ടാകാം ."
There are five types of sex linked inheritance.They are as follows;,ലൈംഗികബന്ധമുള്ള അഞ്ച് തരം അവകാശങ്ങളുണ്ട് :
"Welcome friends to a new session on Genetics.In this session we will discuss different types of traits related with sex; sex linked inheritance - eye color in Drosophila, hemophilia in man, holandric inheritance, sex limited and sex influenced characters.","ജനിതകശാസ്ത്രത്തെക്കുറിച്ചുള്ള പുതിയ സെഷനിലേക്ക് സുഹൃത്തുക്കളെ സ്വാഗതം ചെയ്യുന്നു.ഈ സെഷനില്‍ ലൈംഗിക ബന്ധത്തിലേര്‍പ്പെടുന്ന സ്വഭാവവിശേഷങ്ങള്‍ , ഡ്രോസോഫിലയിലെ ലൈംഗികബന്ധിത കണ്ണ് നിറം , മനുഷ്യനില്‍ ഹീമോഫീലിയ , ഹോളാന്‍ഡ്രിക് ഹെറിറ്റേജ് , സെക്‌സ് ഇന്‍ഫ്യൂഷന്‍ ."
The genes located on non-homologous regions inherit together because crossing over does not occur in these regions.So the genes located on non homologous regions are called completely sex linked genes and the inheritance is called completely sex linked inheritance.Eg.Haemophilia.The genes located on homologous regions of sex chromosomes do not inherit together because crossing over may occur in these regions.So these genes are called incompletely sex linked genes and their mode of inheritance is called incompletely sex linked inheritance.Eg.Retinus pigmentosa.,"ഈ പ്രദേശങ്ങളിൽ ഓവർ ക്രോസ് ചെയ്യാത്തതിനാൽ നോൺ ഹോമോലോഗസ് പ്രദേശങ്ങളിൽ സ്ഥിതിചെയ്യുന്ന ജീനുകൾ പരസ്പരം കൈമാറുന്നു.അതുകൊണ്ട് സ്വവർഗ്ഗരഹിത പ്രദേശങ്ങളിൽ സ്ഥിതിചെയ്യുന്ന ജീനുകളെ പൂർണ്ണമായും ലൈംഗികബന്ധിത ജീനുകൾ എന്നും അവകാശത്തെ പൂർണ്ണമായും ലൈംഗികബന്ധിത അവകാശം എന്നും വിളിക്കുന്നു.— ഉദാ.ഹീമോഫീലിയ.അതിനാൽ ഈ ജീനുകളെ പൂർണ്ണമായും ലൈംഗിക ബന്ധിത ജീനുകൾ എന്ന് വിളിക്കുന്നു , അവയുടെ അവകാശരീതി പൂർണ്ണമായും ലൈംഗികബന്ധിത അവകാശം വിളിക്കുന്നു.റെറ്റിനസ് പിഗ്മെന്റോസ ."
Fig.7 The plumage pattern in Leghorns; hen feathering (left) cock feathering (right).The feathers in the hen are shorter and less curved (en.wikipedia.org).,അത്തിപ്പഴം.ഹെനിലെ തൂവലുകൾ ചെറുതും വളഞ്ഞതുമാണ് ( en. wikipedia. org ) .
"There is a gene pair in Drosophila is controlled by genes that are located in the pairing region of X and Y chromosomes.This trait is known as bobbed (b) that shows shorter and slender bristles.When a wild type X+Y+ male is crossed with a bobbed XbXb female, all F1 progeny are wild type X+Xb and XbY+.However, if the cross is made between F1 bobbed female X+Xb and wild male XbY+.All the F2 males are wild type (X+Y+ and XbY+) and all the female progeny includes bobbed type (XbYb) and wild type (X+Xb) in 1:1 ratio (Fig.1).","x, y ക്രോമസോമുകളിലെ ജോയിംഗ് മേഖലയിൽ സ്ഥിതിചെയ്യുന്ന ജീനുകളാണ് ഡ്രോസോഫിലയിൽ ഒരു ജീൻ ജോഡി നിയന്ത്രിക്കുന്നത്.ഈ സവിശേഷത ഹ്രസ്വവും സ്ലെൻഡർ ബ്രിസ്റ്റിൽസും കാണിക്കുന്ന ബോബെഡ് (ബി) എന്നറിയപ്പെടുന്നു.ഒരു വൈൽഡ് ടൈപ്പ് x + y + പുരുഷൻ ഒരു bobbed xbxb സ്ത്രീയുമായി കടന്നു പോകുമ്പോൾ, f1 പ്രോജെൻസിയും വൈൽഡ് ടൈപ്പ് x + xby + ഉം ആണ്.എന്നിരുന്നാലും, f1 ബോബഡ് പെൺ x + xb, വൈൽഡ് ആൺ xby + എന്നിവയ്ക്കിടയിലാണ് ക്രോസ് നിർമ്മിക്കുന്നത്.എല്ലാ f2 പുരുഷന്മാരും f2 വന്യതരങ്ങളാണ് (x + y +, xby +), എല്ലാ പെൺ പ്രജനനവും 1 അനുപാതത്തിൽ ബോബഡ് ടൈപ്പ് (xbib), 1 : 1"
"Some characters whose expression in a particular genotype depends on whether the individuals are male or female are known as sex-influenced traits.The sex influenced genes are the genes in which the dominance is influenced by the sex of the bearer.They are located on the autosomes.The sex influenced genes express more frequently in one sex than in the other.The expression of such characters is not found on sex chromosomes, but they are under the influence of sex hormones and age.Not all phenotypic characters, expressed in males or females, show sex-linked inheritance.For example, in humans, beard, moustache, masculinity are restricted to males similarly masculinity, non-development of beard and moustache are restricted to females.These characters are developed at the adolescent stage and not at childhood and remain restricted to a particular sex; all such properties are called sex-influenced/secondary sexual characters.This can be explained with the help of example of horns in sheep.The pattern of horns is effectively controlled by a single gene and other genes controlling this character are always homozygous.In Dorset sheep, both sexes are horned and homozygous dominant (h+h+).In Suffolk sheep, male and female are hornless and homozygous recessive (hh) (Fig.8).When Dorset (horned) is crossed with Suffolk (hornless), the F1 are found to be hornless females and horned males.When F1 progenies (h+h) are intercrossed, in the resulting F2 progeny, males segregated as 3 (horned): 1 (hornless), while females segregated as 1 (horned): 3 (hornless).It is thus apparent that expression of only heterozygote (h+h) is influenced by sex, h+h being horned in male and hornless in female.In other words, while horned character is dominant in male, it is recessive in female.This influence is believed mainly due to female and male hormones.Certain characters in human beings which are not located on sex chromosomes are also believed to be sex influenced.For instance, white forelock (areas of skin completely without pigment), absence of upper lateral incisor teeth, a type of enlargement of terminal joint fingers, harelip (a fissure in upper lip); cleft palate (a fissure in roof of mouth) and stuttering (involuntary repeats of letters or words) are more common and more severely influenced in males.","ഒരു പ്രത്യേക ജീനോടൈപ്പിലെ ചില കഥാപാത്രങ്ങൾ വ്യക്തികൾ ആണോ പെണ്ണോ ആണോ എന്നതിനെ ആശ്രയിച്ചിരിക്കുന്നു.ലൈംഗികതയുടെ സ്വാധീനമുള്ള ജീനുകളാണ് ബിയറുകാരന്റെ ലൈംഗികതയിൽ ആധിപത്യം പുലർത്തുന്ന ജീനുകൾ.ഓട്ടോസോമുകളിലാണ് ഇവ സ്ഥിതി ചെയ്യുന്നത്.ലൈംഗികതയുടെ സ്വാധീനമുള്ള ജീനുകൾ പലപ്പോഴും ഒരു ലിംഗത്തിൽ കൂടുതലായി കാണപ്പെടുന്നു.അത്തരം പ്രതീകങ്ങളുടെ ആവിഷ്‌കാരം സെക്‌സ്‌ ക്രോമസോമുകളിൽ കാണപ്പെടുന്നില്ല.ലൈംഗികബന്ധമുള്ള അവകാശം കാണിക്കുക.ഉദാഹരണത്തിന്, മനുഷ്യർ, താടി, താടി, മുയൽ, പുല്ലിംഗം എന്നിവ പുരുഷന്മാർക്ക് തുല്യമായി പുരുഷന്മാർക്ക് മാത്രമായി പരിമിതപ്പെടുത്തിയിരിക്കുന്നു.ഈ പ്രതീകങ്ങൾ കുട്ടിക്കാലത്തല്ല, കൗമാരകാലത്താണ്‌ വികസിപ്പിക്കപ്പെടുന്നത്‌.ആടുകളിലെ കൊമ്പുകളുടെ ദൃഷ്ടാന്തത്തിലൂടെ ഇതു വിശദീകരിക്കാം.ഹോണുകളുടെ മാതൃക ഫലപ്രദമായി നിയന്ത്രിക്കുന്നത് ഒരൊറ്റ ജീനും മറ്റ് ജീനുകളും ആണ്.ഡോർസെറ്റ് ആടുകളിൽ, രണ്ട് ലിംഗങ്ങളും ഹോമോസൈജസ് ആധിപത്യവും (h +) ആണ്.ഹോമോസൈഗസ് റീസെസിവ് (hh) (fig.8).ഡോർസെറ്റ് (horned) ഹോർനെഡ് സോപ്പോക്ക് (ഭയാനകമായ) കടക്കുമ്പോൾ, f1 ഭീരുക്കളായ പെൺപൂച്ചകളും കുതിരകളുമാണ്.f1 progenies (h + h) പരസ്പരം ബന്ധപ്പെടുമ്പോൾ, f2 പ്രജനനത്തിൽ പുരുഷന്മാർ 3 : 1 (കുതിരരഹിതമായി) വേർതിരിക്കപ്പെടുന്നു.എച്ച് + എച്ച് (എച്ച് + എച്ച്) എന്ന ഹീറ്ററോസൈഗോട്ടിന്റെ (എച്ച് + എച്ച്) പ്രകടനത്തെ സെക്സ് സ്വാധീനിക്കുന്നു, എച്ച് + എച്ച് പുരുഷനിൽ എച്ച്.എച്ച്.മറ്റൊരു വിധത്തിൽ പറഞ്ഞാൽ, ഹോർനെഡ് കഥാപാത്രം പുരുഷന്മാരിൽ ആധിപത്യം പുലർത്തുമ്പോൾ, ഇത് സ്ത്രീകളിൽ റീസിവ് ആണ്.പുരുഷ-പുരുഷ ഹോർമോണുകളാണ് ഈ പ്രഭാവം പ്രധാനമായും വിശ്വസിക്കുന്നത്.സെക്സ് ക്രോമസോമുകളിൽ കാണാത്ത മനുഷ്യരിലെ ചില കഥാപാത്രങ്ങളും ലൈംഗികതയുടെ സ്വാധീനമാണെന്ന് വിശ്വസിക്കപ്പെടുന്നു. ഉദാഹരണത്തിന്, വെളുത്ത ഫൊർലോക്ക് (പൂർണ്ണമായും ചർമ്മത്തിന്റെ ഭാഗങ്ങൾ), അപ്പർ ലാറ്ററൽ ഇൻസിസർ പല്ലുകളുടെ അഭാവം, ടെർമിനൽ വിരലുകൾ, ഹെയിൽപ്പ് ("
"holds.Now if F is twice continuously differentaible with respect to its arguments, and further is satisfied, it follows that the piecwise sontinuous function y’ Is also continuous and has a continuous derivative.Because, if , y’ may be expressed as a continuously differentiable function Further by virtue of (15), is a continuous function of x and y’ is also continuous .Hence the arguments y and of are continuously differentiable and hence y’ (=) is also continuously differentiable.This establishes Du Bois-Reymond’s theorem which can be easily extended to an integrand of the form F(x, y, y’,…, y(n)) by using the generalization of the above lemma.","അതെ.ഇപ്പോൾ f അതിന്റെ വാദങ്ങളോടുള്ള ബന്ധത്തിൽ തുടർച്ചയായി രണ്ട് തവണ വ്യത്യാസമുണ്ടെങ്കിൽ , അതിന്റെ വാദങ്ങളിൽ കൂടുതൽ സംതൃപ്തനായാൽ , കഷണീയമായ സോണ്ടിനൂസ് ഫംഗ്ഷനും തുടർച്ചയായ ഡെറിവേറ്റീവ് ഉണ്ട്.കാരണം , y ( 15 ) എന്ന ഗുണത്താൽ തുടർച്ചയായി വേർതിരിക്കാവുന്ന ഒരു ഫംഗ്ഷനായി ( തുടർച്ചയായി ) അവതരിപ്പിക്കപ്പെടാം.അതിനാൽ വാദങ്ങളും തുടർച്ചയായി വ്യത്യാസപ്പെട്ടിരിക്കുന്നു , അതിനാൽ y ( = ) തുടർച്ചയായി വ്യത്യാസപ്പെട്ടിരിക്കുന്നു.ഇത് du boisreymonds തിയോറം സ്ഥാപിക്കുന്നു , ഇത് എളുപ്പത്തിൽ ഒരു സമന്വയത്തിനും ഫോം y , y , y , y ( n ) , y എന്നിവ ഉപയോഗിച്ച് ജനറലൈസേഷൻ ചെയ്യുന്നു ."
"We next prove that if in this variational problem y(x) is the extremizing function (satisfying the boundary conditions) admitting first rder continuous derivative, then y(x) admits of a continuous second derivative also provided that .This is the theorem of du Bois Reymond.",ഈ വ്യതിയാന പ്രശ്നത്തിൽ ( x ) അതിർത്തി വ്യവസ്ഥകൾ തൃപ്തികരമാണെങ്കിൽ ആദ്യ റൈഡർ തുടർച്ചയായ ഡെറിവേറ്റീവ് അംഗീകരിക്കുന്നു.ഇതാണ് ഡു ബോയിസ് റെയ്മണ്ട് .
"In fact, the principle applies equally well to a general dynamical system consisting of a system of particles and rigid bodies.","വാസ്‌തവത്തിൽ, ഈ തത്ത്വം കണികകളും ശരീരങ്ങളും ഉൾപ്പെട്ട ഒരു പൊതു ചലനാത്മക സംവിധാനത്തിനു തുല്യമാണ്‌ ."
and its substitution in (10) gives,അതിന്റെ പകരക്കാരനും (10)
"Let us now apply the above priticiple to derive the equation of vibration of a rectilinear bar.A displacement from the equilibrium position u(x, t) will be a function of x (measured along the bar in the undisturbed position) and time t. Thus the kinetic energy of thie bar of length l is","റെക്റ്റിലീനിയർ ബാറിന്റെ വൈബ്രേഷൻ തുല്യമാക്കുന്നതിന് മേൽപ്പറഞ്ഞ പ്രിട്ടിബിൾ നമുക്ക് ഇപ്പോൾ പ്രയോഗിക്കാം.ഇക്ബിലിബ്രിയം പൊസിഷൻ u ( x , t ) യിൽ നിന്നുള്ള ഒരു സ്ഥാനചലനം x ( അസ്വസ്ഥതയില്ലാത്ത സ്ഥാനത്ത് ബാറിനോട് അളക്കുന്നത് ) , ടൈം t ആണ് തിബാറിന്റെ കൈന്തിക ഊർജ്ജം ."
as Euler equation for the problem.,പ്രശ്നത്തിന് യൂളർ സമവാക്യമായി .
"Applying the previous lemma, we obtain","മുമ്പത്തെ ലെമ്മയെ പ്രയോഗിക്കുന്നു, നമുക്ക് ലഭിക്കുന്നു"
"Let us now apply the above priticiple to derive the equation of vibration of a rectilinear bar.A displacement from the equilibrium position u(x, t) will be a function of x (measured along the bar in the undisturbed position) and time t. Thus the kinetic energy of thie bar of length l is","റെക്റ്റിലീനിയർ ബാറിന്റെ വൈബ്രേഷൻ തുല്യമാക്കുന്നതിന് മേൽപ്പറഞ്ഞ പ്രിട്ടിബിൾ നമുക്ക് ഇപ്പോൾ പ്രയോഗിക്കാം.ഇക്ബിലിബ്രിയം പൊസിഷൻ u (x, t) യിൽ നിന്നുള്ള ഒരു സ്ഥാനചലനം x (അസ്വസ്ഥതയില്ലാത്ത സ്ഥാനത്ത് ബാറിനോട് അളക്കുന്നത്), ടൈം t ആണ് തിബാറിന്റെ കൈന്തിക ഊർജ്ജം ."
"But since is a homogeneous function of first degree and ,","പക്ഷെ ഒന്നാം ഡിഗ്രിയുടെയും പിന്നെ ,"
"For example, in finding the extremals of",ഉദാഹ ​ രണം പറയുക .
"where c does not depend on x. Equation (15) takes the place of Euler’s equation.Now since is differentiable with respect to x, it follows from (15) that also is differentiable.Hence Euler’s equation",സി x നെ ആശ്രയിക്കുന്നില്ല.ഇംഗ്ലീഷ് വിലാസം (15) അതിനാൽ eulers സമവാക്യവും (15) വ്യത്യാസപ്പെട്ടിരിക്കുന്നു .
We first prove the following lemma:,താഴെപ്പറയുന്നവ ഞങ്ങൾ ആദ്യം തെളിയിക്കുന്നു :
Module I- Variational Problems in Parametric Form.,മൊഡ്യൂൾ i പാരമെട്രിക് രൂപത്തിൽ വ്യത്യസ്ത പ്രശ്നങ്ങൾ .
Introduction,ആമുഖം
"One of the most fundamental and important priciples of mechanics and mathematical physics is the priciple of least action due to Hamilton (William Rowan Hamilton 1805-1865), an Irish mathematician, also known for his invention of quaternions).Using this priciple one can deduce the basic equations governing many physical phenomena.Let us formulate the priciple for a dynamical system of particles and begin by considering the case of a single particle.",ഹാമിൽട്ടൺ ( വില്ല്യം റൗമിൽട്ടൺ ഹാമിൽട്ടൺ 1805-1865 ) എന്ന ഒരു ഐറിഷ്‌ ഗണിതശാസ്‌ത്രജ്ഞനാണ്‌.ഈ അച്ചടി ഉപയോഗിച്ച് പല ഭൗതിക പ്രതിഭാസങ്ങളെയും നിയന്ത്രിക്കുന്ന അടിസ്ഥാന സമവാക്യങ്ങളെ നിർവചിക്കാൻ കഴിയും.ഒരൊറ്റ കണികയുടെ കാര്യമെടുക്കുക .
"Thus to find extremals for I, one has to solve Euler's equation","അതുകൊണ്ട് എനിക്ക് അതിരുകള്‍ കണ്ടെത്തണമെങ്കില്‍ , ഒരാള്‍ യൂളറുടെ സമവാക്യം പരിഹരിക്കണം ."
"This is Hamiltons principle in its most general form, for a single particle.","ഇത് ഹാമിൽട്ടൺ തത്ത്വം അതിന്റെ ഏറ്റവും പൊതു രൂപത്തിൽ , ഒരൊറ്റ കണികയ്ക്ക് ."
"Using Weirstrass form of Euler equations, we find that","വിർസ്ട്രാസ് രൂപത്തിലുള്ള യൂളർ സമവാക്യങ്ങൾ ഉപയോഗിച്ച് , അത് നമ്മൾ കണ്ടെത്തുന്നു"
"By a functional we mean a quantity whose values are determined by one or several functions.Thus the domain of a functional is a set of admissible functions, rather than a region of a coordinate space.","ഒരു പ്രവർത്തനത്തിലൂടെ , മൂല്യങ്ങൾ ഒന്നോ അതിലധികമോ ഫങ്ഷനുകൾ നിർണ്ണയിക്കുന്ന ഒരു അളവിനെ നമ്മൾ അർത്ഥമാക്കുന്നു.അതിനാൽ ഒരു ഏകോപിത സ്ഥലത്തിന്റെ പ്രദേശത്തേക്കാൾ , അംഗീകരിക്കാവുന്ന ഒരു കൂട്ടം പ്രവർത്തനങ്ങളാണ് ഡൊമെയ്ൻ ."
"which we want to extremize.Here K(s, t) is a given continuous function with K(s, t) = K(t, s), f(s) is a given continuous function of s and is the unknown continuous function.All integrations are confined to the interval ,.We replace by and consider .The variation given by is obtained after some transformation as","നാം അതിനെ അതിജീവിക്കാൻ ആഗ്രഹിക്കുന്നു.k (s, t) = k (t) = k (t, s), f (s) എന്നിവ s-ന്റെ തുടർച്ചയായ പ്രവർത്തനമാണ്, അജ്ഞാത പ്രവർത്തനമാണ്.എല്ലാ സംയോജനങ്ങളും ഇടവേളയ്ക്ക് വിധേയമാണ്, നാം മാറി ചിന്തിച്ചു നോക്കൂ ."
where T and denote the tension and the line density of the material of the string.,സ്ട്രിംഗിന്റെ പദാർത്ഥങ്ങളുടെ പിരിമുറുക്കവും വരിയുടെ സാന്ദ്രതയും സൂചിപ്പിക്കുന്ന ടി .
where T is the kinetic energy of the particle.,കണികയുടെ ജനിതക ഊർജ്ജം എവിടെയാണ് .
"which is Hamilton’s principle.This states that the motion is such that the integral of the difference between the kinetic and potential energies is stationary for the actual path.The difference T-V is known as the Lagrangian function.It can be shown further that this integral is a minimum for the true path, as compared with any neighbouring path having the same terminal configurations, at least over a sufficiently short time interval.","അതാണ്‌ ഹാമിൽട്ടന്‍റെ തത്ത്വം.കൈനറ്റിക് , സാധ്യതയുള്ള ഊർജ്ജങ്ങൾ തമ്മിലുള്ള വ്യത്യാസത്തിന്റെ അവിഭാജ്യ ഘടകമാണ് ചലനം എന്ന് ഇത് പറയുന്നു.ലഗ്രാഞ്ചിയൻ ഫംഗ്ഷൻ എന്നറിയപ്പെടുന്നു.ഒരേ ടെർമിനൽ ക്രമീകരണങ്ങളുള്ള ഏതെങ്കിലും അയൽ പാതയുമായി താരതമ്യപ്പെടുത്തുമ്പോൾ , ഇത് യഥാർത്ഥ പാതയുടെ ഏറ്റവും കുറഞ്ഞത് ആണെന്ന് കാണിക്കാം ."
then is a polynominal of nth degree.,തുടർന്ന് nth ബിരുദം .
Module II- Some Application to Problems of Mechanics,മെക്കാനിക്കിന്റെ പ്രശ്നങ്ങള്‍ക്കു് മൊഡ്യൂള്‍ ii ചില പ്രയോഗങ്ങള്‍
"which is the governing equation for displacement u(x, t).","ഇതാണ് സ്ഥാനക്കയറ്റത്തിന് യു (x, t) ."
"By topological methods in variational problems, one can show that on any smooth closed surface, there are at least three closed geodesic lines.For example, an ellipsoid has three symmetry planes, and the ellipses, along which these three planes cut the ellipsoid, are closed geodesics.","വ്യതിരിക്തമായ പ്രശ്നങ്ങളിൽ ടോപോളജിക്കൽ രീതികൾ ഉപയോഗിച്ച് , ഏത് സുഗമമായ ഉപരിതലത്തിൽ , കുറഞ്ഞത് മൂന്ന് ജിയോഡെസിക് ലൈനുകൾ ഉണ്ടെന്ന് കാണിക്കാം.ഉദാഹരണത്തിന് , ഒരു എലിപ്സോയിഡിന് മൂന്ന് സമമിതി വിമാനങ്ങളുണ്ട് , എലിപ്സോയിഡ് മുറിച്ച ഈ മൂന്ന് വിമാനങ്ങളും ജിയോഡെസിക്സുകളാണ് ."
and the total work done by the forces is .,സൈന്യം ചെയ്യുന്ന മുഴുവൻ പണിയും .
then is a constant.,പിന്നെ സ്ഥിരമാണ് .
The Weirstrassian form of Euler equation (4) is,ഇംഗ്ലീഷ് വിലാസം euler equation ( 4 )
Module IV- Theorem of du Bois-Reymond,ഡു ബോറിമോണ്ടിന്റെ മൊഡ്യൂള്‍ iv തിയോറം
We select an arbitrary function which is continuos and satisfies,സംതൃപ്തമായ ഒരു ആര്‍ബിട്രറി ഫംഗ്ഷന്‍ തെരഞ്ഞെടുക്കുന്നു
Modules,മൊഡ്യൂളുകൾ
"According to our assumption of slight extensibility, the deviations of the bar from the equilibrium position are smal1, and the term may be ignored.Now by Hamilton’s principle, the integral","ചെറിയ വിപുലീകരണത്തിന്റെ അനുമാനമനുസരിച്ച്, ഇക്ബിലിബ്രിയം സ്ഥാനത്ത് നിന്നുള്ള ബാറിന്റെ വ്യതിയാനങ്ങൾ ചെറുതാണ്, ഈ പദം അവഗണിക്കപ്പെടാം.ഇപ്പോൾ ഹാമിൽട്ടൺ തത്വത്തിൽ,"
"Take, for example,","ഉദാഹരണത്തിന്, എടുക്കുക ."
"Now consider the case when the force field having components (X, Y, Z) is conservative which implies that","ഘടകങ്ങൾ ഉള്ള ഫോഴ്സ് ഫീൽഡ് ( x , y , z ) കൺസർവേറ്റീവ് ആണോ എന്ന് ഇത് സൂചിപ്പിക്കുന്നു"
"There is an important generalization of the above equation, when the string is acted on by a uniformly distributed linear restoring force, directed towards the equilibrium position.This leads to adding a term of the form -ku (k being a positive constant) to the right hand side of the above equation.The new equation is known as the Klein-Gordon equation which, in its general form, is given by","ഈ സമവാക്യത്തിന്റെ ഒരു പ്രധാന സാമാന്യവൽക്കരണം ഉണ്ട്, ഒരേ രീതിയിൽ വിതരണം ചെയ്ത ലിനിയർ പുനഃസ്ഥാപന ശക്തി ഉപയോഗിച്ച് സ്ട്രിംഗ് പ്രവർത്തിക്കുമ്പോൾ, ഇക്വിലിബ്രിയം സ്ഥാനത്തേയ്ക്ക് നയിക്കപ്പെടുന്നു.ഇത് ഫോം കൂ (കെ) എന്ന ഒരു പോസിറ്റീവ് സ്ഥിരാങ്കം കൂട്ടിച്ചേർക്കുന്നതിന് കാരണമാകുന്നു ."
"We consider a particle of mass m moving in a force field.If the position vector of the particle with respect to a fixed origin is denoted by , then by Newton's law of motion, the path of the particle is governed by the equation",ഒരു ഫോഴ്സ് ഫീൽഡിൽ പിണ്ഡത്തിന്റെ ഒരു കണികയെ നമ്മൾ പരിഗണിക്കുന്നു.ഒരു കണികയുടെ സ്ഥാനം ഒരു നിശ്ചിത ഉത്ഭവത്തോടുള്ള ബന്ധത്തിൽ ആണെങ്കിൽ ന്യൂട്ടന്റെ ചലന നിയമമനുസരിച്ചാണ് .
"it was assumed that the admissible functions admit of continuous first order derivative.However a varitational problem with integrand F(x, y, y’) is also meaningful when y’ is required to be only piecewise continuous.","തുടർച്ചയായ ആദ്യത്തെ ഓർഡർ ഉരുത്തിരിയുന്നതാണെന്ന് അംഗീകരിക്കാവുന്ന ഫംഗ്ഷനുകൾ അംഗീകരിക്കുന്നതായി കരുതുന്നു.എന്നിരുന്നാലും , ഇന്റഗ്രിറ്റിയും f ( x , y , y ) യും തമ്മിൽ വ്യത്യസ്തമായ ഒരു പ്രശ്നമുണ്ട് ."
which is to be extremized.Here the argument function is continuous and has a piecewise continuous derivative in the entire interval .Now,"കൂട്ടംകൂട്ടമായിക്കൊണ്ട്‌.ഇവിടെ വാദം നിരന്തരമാണ് , കൂടാതെ മുഴുവൻ ഇടവേളയിലും പീസായി തുടർച്ചയായി ഡെറിവേറ്റീവ് ഉണ്ട് ."
Variational principles are of great scientific significance as they provide a unified approach to various mathematical and physical problems and yield fundamental exploratory ideas.The calculus of variations has its origin in the generalization of the elementary theory of maxima and minima of function of a single or more variables.Its object is to find extrema or stationary values of functional.,"വിവിധ ഗണിത , ഭൗതിക പ്രശ്നങ്ങൾക്ക് ഏകീകൃത സമീപനം നൽകുകയും അടിസ്ഥാന പര്യവേക്ഷണ ആശയങ്ങൾ നൽകുകയും ചെയ്യുന്നതിനാൽ വൈവിധ്യമാർന്ന തത്ത്വങ്ങൾക്ക് വലിയ ശാസ്ത്രീയ പ്രാധാന്യമുണ്ട്.മാക്സിമത്തിന്റെ പ്രാഥമിക സിദ്ധാന്തത്തിന്റെ സാമാന്യവൽക്കരണത്തിലും ഒറ്റത്തവണ അല്ലെങ്കിൽ കൂടുതൽ വേരിയബിളുകളുടെ പ്രവർത്തനത്തിന്റെ മിനിമം പ്രവർത്തനത്തിലും ഗണനയ്ക്ക് അതിന്റെ ഉത്ഭവമുണ്ട്.പ്രവർത്തനത്തിന്റെ സ്ഥിരമായ മൂല്യങ്ങൾ കണ്ടെത്തുക എന്നതാണ് ഇതിന്റെ ലക്ഷ്യം ."
"If is a piece wise continuous function in [a, b] and if","[ a , b ] ഒരു കഷ്ണം ജ്ഞാനപൂർവമായ പ്രവർത്തനം ആണെങ്കിൽ"
"There is an important generalization of the above equation, when the string is acted on by a uniformly distributed linear restoring force, directed towards the equilibrium position.This leads to adding a term of the form -ku (k being a positive constant) to the right hand side of the above equation.The new equation is known as the Klein-Gordon equation which, in its general form, is given by","ഈ സമവാക്യത്തിന്റെ ഒരു പ്രധാന സാമാന്യവൽക്കരണം ഉണ്ട് , ഒരേ രീതിയിൽ വിതരണം ചെയ്ത ലിനിയർ പുനഃസ്ഥാപന ശക്തി ഉപയോഗിച്ച് സ്ട്രിംഗ് പ്രവർത്തിക്കുമ്പോൾ , ഇക്വിലിബ്രിയം സ്ഥാനത്തേയ്ക്ക് നയിക്കപ്പെടുന്നു.ഇത് ഫോം കൂ ( കെ ) എന്ന ഒരു പോസിറ്റീവ് സ്ഥിരാങ്കം കൂട്ടിച്ചേർക്കുന്നതിന് കാരണമാകുന്നു ."
which is to be extremized.Here the argument function is continuous and has a piecewise continuous derivative in the entire interval .Now,"കൂട്ടംകൂട്ടമായിക്കൊണ്ട്‌.ഇവിടെ വാദം നിരന്തരമാണ്, കൂടാതെ മുഴുവൻ ഇടവേളയിലും പീസായി തുടർച്ചയായി ഡെറിവേറ്റീവ് ഉണ്ട് ."
"A line q is called the geodesic on a surface if at each point of q, the principal normal coincides with the normal to the surface.As an example of Hertz’s principle, we may note that a point on a spherical surface moves along a great circle if it is not acted by external forces.Similarly, a point on a cylindrical surface moves along a helix under the same circumstances.","ഒരു വരി ക്യൂ ഒരു ഉപരിതലത്തിൽ ജിയോഡെസിക് എന്ന് വിളിക്കുന്നു , ഓരോ ഘട്ടത്തിലും , പ്രധാന സാധാരണ രൂപത്തിൽ ഉപരിതലത്തിലേക്ക് പതിക്കുന്നു.ഹെർട്‌സിന്‍റെ തത്ത്വത്തിന്‍റെ ഒരു ദൃഷ്ടാന്തം അതുപോലെ , ഒരു സിലിണ്ടർ ഉപരിതലത്തിലെ ഒരു പോയിന്റ് ഒരേ സാഹചര്യത്തിൽ ഹെലിക്സിലൂടെ നീങ്ങുന്നു ."
Module IV- Theorem of du Bois-Reymond.,ഡു ബോറിമോണ്ടിന്റെ മൊഡ്യൂൾ iv തിയോറം .
Variational problems with fixed boundaries- II,നിശ്ചിത അതിർത്തികൾ തമ്മിൽ വ്യത്യാസങ്ങൾ
"By topological methods in variational problems, one can show that on any smooth closed surface, there are at least three closed geodesic lines.For example, an ellipsoid has three symmetry planes, and the ellipses, along which these three planes cut the ellipsoid, are closed geodesics.","വ്യതിരിക്തമായ പ്രശ്നങ്ങളിൽ ടോപോളജിക്കൽ രീതികൾ ഉപയോഗിച്ച്, ഏത് സുഗമമായ ഉപരിതലത്തിൽ, കുറഞ്ഞത് മൂന്ന് ജിയോഡെസിക് ലൈനുകൾ ഉണ്ടെന്ന് കാണിക്കാം.ഉദാഹരണത്തിന്, ഒരു എലിപ്സോയിഡിന് മൂന്ന് സമമിതി വിമാനങ്ങളുണ്ട്, എലിപ്സോയിഡ് മുറിച്ച ഈ മൂന്ന് വിമാനങ്ങളും ജിയോഡെസിക്സുകളാണ് ."
"If the force Field is non-conservative (e.g., a dissipative system), the potential energy function does not exist, but (10) still holds and is the work done by the force in a small displacement .The foregoing study can be easily extended to a system of N particles by summation and to a continuous system by integration.Thus for N particles, the kinetic energy is","ഫോഴ്സ് ഫീൽഡ് യാഥാസ്ഥിതികമല്ലെങ്കിൽ (ഉദാ.ഒരു ഡിസ്പൈസീവ് സിസ്റ്റം), സാധ്യമായ ഊർജ്ജ പ്രവർത്തനം നിലവിലില്ല, പക്ഷേ (10) ഇപ്പോഴും നിലനിൽക്കുന്നു.സംയോജനത്തിലൂടെ എൻ കണികകളുടെ ഒരു സിസ്റ്റത്തിലേക്ക് എളുപ്പത്തിൽ വ്യാപിപ്പിക്കാനും സംയോജിത സംയോജനത്തിലൂടെ ഒരു തുടർച്ചയായ സിസ്റ്റത്തിലേക്ക് വിപുലീകരിക്കാനും ഈ പഠനം സഹായിക്കുന്നു ."
"is the differential of a single-valued function .This function is called the force potential and its negative, say V, is the potential energy of the particle.Thus","ഏകീകരിക്കപ്പെട്ട പ്രവർത്തനത്തിന്റെ വ്യത്യാസം.ഈ പ്രവർത്തനത്തെ ശക്തി സാധ്യതയും അതിന്റെ നിഷേധവും എന്ന് വിളിക്കുന്നു, ' v ' എന്ന് പറയുക ."
We assume that the bar is slightly extensible.The potential energy of an elastic bar with a constant curvature is proportional to the square of the curvature.Thus the differential dV of the potential energy of the bar is,ബാർ അല്പം വിശാലമാണെന്ന് ഞങ്ങൾ കരുതുന്നു.സ്ഥിരമായ ഒരു വളവുള്ള ഇലാസ്റ്റിക് ബാറിന്റെ ഊർജ്ജം കർവറിലെ സ്ക്വയറിന് ആനുപാതികമാണ്.അതിനാൽ ബാറിന്റെ ഊർജ്ജത്തിന്റെ ഡിഫറൻഷ്യൽ ഡി വി ആണ് .
"k being a constant.Thus the potential energy of the entire bar, whose axis-curvature is variable, is","കെ ഒരു സ്ഥിരാംഗമായിരിക്കുക.അതിനാൽ മുഴുവൻ ബാറിന്റെയും ഊർജ്ജം, അവയുടെ അക്ഷാംശം വേരിയബിൾ ആണ് ."
"which is the governing equation for displacement u(x, t).","ഇതാണ് സ്ഥാനക്കയറ്റത്തിന് യു ( x , t ) ."
"Take, for example,","ഉദാഹരണത്തിന് , എടുക്കുക ."
Now consider any other path on the proviso that the path and the varied path coincide at two distinct instants t = t1 and t = t2.This demands that,"t= t1, t = t2 എന്നിങ്ങനെ രണ്ട് വ്യത്യസ്ത തന്തുക്കളായി പാഥും യോജിക്കുന്നു എന്ന് പ്രോവിസോയിലെ മറ്റേതെങ്കിലും പാതയെ കുറിച്ചു ചിന്തിക്കുക ."
"By a functional we mean a quantity whose values are determined by one or several functions.Thus the domain of a functional is a set of admissible functions, rather than a region of a coordinate space.","ഒരു പ്രവർത്തനത്തിലൂടെ, മൂല്യങ്ങൾ ഒന്നോ അതിലധികമോ ഫങ്ഷനുകൾ നിർണ്ണയിക്കുന്ന ഒരു അളവിനെ നമ്മൾ അർത്ഥമാക്കുന്നു.അതിനാൽ ഒരു ഏകോപിത സ്ഥലത്തിന്റെ പ്രദേശത്തേക്കാൾ, അംഗീകരിക്കാവുന്ന ഒരു കൂട്ടം പ്രവർത്തനങ്ങളാണ് ഡൊമെയ്ൻ ."
"Consider first an actual minimum problem, such that y(x) is that function with continuous first and second derivatives, which renders I in (12) a minimum.Then it can be shown that y(x) yields a minimum if we expand the class of functions to include functions y* which need not have second derivatives.In fact, according to Weirstrass approximation theorem, we can approximate the function y* by a polynominal p(x) and y* by derived polynominl p’(x) as closely as we like, where p(x) satisfies the boundary conditions p(a) = y1 and p(b) = y2 .Then clearly I[p(x)] differs arbitrarily little from I[y*].But since p(x) is an admissible comparison function with continuous second derivates, and therefore .This proves the results.","( 12 ) ഒരു മിനിമം പ്രശ്‌നം പരിചിന്തിക്കുക.രണ്ടാമത്തെ ഡെറിവേറ്റീവുകൾ ഇല്ലാത്തതിനാൽ ഫങ്ഷനുകളുടെ y * ഉൾപ്പെടുത്താൻ ഫങ്ഷനുകളുടെ ക്ലാസ് വിപുലീകരിക്കുകയാണെങ്കിൽ y ( x ) മിനിമം വരുമാനം നൽകുന്നു.യഥാർത്ഥത്തിൽ , വീർസ്ട്രാസ് ഏകദേശ സിദ്ധാന്തമനുസരിച്ച് , y * ഒരു പോളിനോമിനൽ p ( x ) , y എന്നിവ ഉപയോഗിച്ച് നമ്മൾ പോളി നോമിനൽ പി ( x ) [ 5 - ‍ാ‍ം പേജിലെ ചിത്രം ] എന്നാൽ പി ( x ) എന്നത് തുടർച്ചയായ രണ്ടാം ഡെറിവേറ്റുകളുമായി അംഗീകരിക്കാവുന്ന താരതമ്യമാണ്.ഇത് ഫലം കാണിക്കുന്നു ."
"If the force Field is non-conservative (e.g., a dissipative system), the potential energy function does not exist, but (10) still holds and is the work done by the force in a small displacement .The foregoing study can be easily extended to a system of N particles by summation and to a continuous system by integration.Thus for N particles, the kinetic energy is","ഫോഴ്സ് ഫീൽഡ് യാഥാസ്ഥിതികമല്ലെങ്കിൽ ( ഉദാ.ഒരു ഡിസ്പൈസീവ് സിസ്റ്റം ) , സാധ്യമായ ഊർജ്ജ പ്രവർത്തനം നിലവിലില്ല , പക്ഷേ ( 10 ) ഇപ്പോഴും നിലനിൽക്കുന്നു.സംയോജനത്തിലൂടെ എൻ കണികകളുടെ ഒരു സിസ്റ്റത്തിലേക്ക് എളുപ്പത്തിൽ വ്യാപിപ്പിക്കാനും സംയോജിത സംയോജനത്തിലൂടെ ഒരു തുടർച്ചയായ സിസ്റ്റത്തിലേക്ക് വിപുലീകരിക്കാനും ഈ പഠനം സഹായിക്കുന്നു ."
"According to our assumption of slight extensibility, the deviations of the bar from the equilibrium position are smal1, and the term may be ignored.Now by Hamilton’s principle, the integral","ചെറിയ വിപുലീകരണത്തിന്റെ അനുമാനമനുസരിച്ച് , ഇക്ബിലിബ്രിയം സ്ഥാനത്ത് നിന്നുള്ള ബാറിന്റെ വ്യതിയാനങ്ങൾ ചെറുതാണ് , ഈ പദം അവഗണിക്കപ്പെടാം.ഇപ്പോൾ ഹാമിൽട്ടൺ തത്വത്തിൽ ,"
where is a homogeneous function of degree one in and .,ഒരു ഡിഗ്രിയുടെ ഹോമോജെനിസ് പ്രവർത്തനം എവിടെയാണ് .
"In many variational problems, it is more convenient and sometimes necessary to make use of a parametric representation of a line as follows:","പല വ്യതിയാനങ്ങളിലും, ഇത് കൂടുതൽ സൗകര്യപ്രദവും ചിലപ്പോൾ ഒരു വരിയുടെ പാരമെട്രിക് പ്രാതിനിധ്യം ഉപയോഗപ്പെടുത്തേണ്ടതുമാണ് :"
"To prove this lemma, we first note that the relation (13) is clearly satisfied for constant .We now fix a constant C such that for the given .Then from (13) and (14), we have .Setting in this relation gives and this proves the lemma.","ഈ ലെമ്മയെ തെളിയിക്കാൻ, ഈ ബന്ധം (13) സ്ഥിരമായി സംതൃപ്തമാണെന്ന് നമ്മൾ ആദ്യം മനസ്സിലാക്കുന്നു.നമ്മൾ ഇപ്പോൾ നിരന്തരമായ c ക്രമീകരിക്കുന്നു.(13), (14).ഈ ബന്ധത്തിൽ ക്രമീകരണം നൽകുന്നു, ഇത് ലെമ്മയെ തെളിയിക്കുന്നു ."
To study application to problems of mechanics.,മെക്കാനിക്കിന്റെ പ്രശ്നങ്ങള്‍ പഠിക്കാന്‍ .
"holds for any continuously differentiable function , satisfying .Putting , we obtain, after inegration by parts, the relation",തുടർച്ചയായി വേർതിരിച്ചറിയാവുന്ന ഏതു പ്രവർത്തനത്തിനും സംതൃപ്‌തി നൽകുന്നു .
We have familiarised with variational problems involving functionals formed by integrating a certain differential expression in the argument function.But more general classes of functionals are often encountered in variational problems.,ആര്‍ഗ്യുമെന്റ് ഫംഗ്ഷനില്‍ ഒരു പ്രത്യേക ഡിഫറന്‍ഷ്യല്‍ എക്സ്പ്രഷന്‍ സംയോജിപ്പിച്ചുകൊണ്ട് രൂപം കൊണ്ട പ്രവര്‍ത്തനങ്ങള്‍ ഉള്‍പ്പെടുന്ന വ്യതിയാന പ്രശ്‌നങ്ങള്‍ ഞങ്ങള്‍ പരിചയപ്പെടുത്തി.എന്നാൽ കൂടുതൽ ജനറൽ ക്ലാസുകൾ പലപ്പോഴും വ്യത്യസ്ത പ്രശ്നങ്ങൾ നേരിടുന്നു .
where satisfies the homogeneity condition (3).,അവിടെ ഹോമോജെനിറ്റി അവസ്ഥയെ തൃപ്തിപ്പെടുത്തുന്നു ( 3 ) .
Module I- Variational Problems in Parametric Form.,മൊഡ്യൂൾ i പാരമെട്രിക് രൂപത്തിന്റെ വ്യത്യസ്ത പ്രശ്നങ്ങൾ .
where is the force acting on the particle.,കണികയിൽ പ്രവർത്തിക്കുന്ന ശക്തി എവിടെ ?
"One of the most fundamental and important priciples of mechanics and mathematical physics is the priciple of least action due to Hamilton (William Rowan Hamilton 1805-1865), an Irish mathematician, also known for his invention of quaternions).Using this priciple one can deduce the basic equations governing many physical phenomena.Let us formulate the priciple for a dynamical system of particles and begin by considering the case of a single particle.",ഹാമിൽട്ടൺ (വില്ല്യം റൗമിൽട്ടൺ ഹാമിൽട്ടൺ 1805-1865) എന്ന ഒരു ഐറിഷ്‌ ഗണിതശാസ്‌ത്രജ്ഞനാണ്‌.ഈ അച്ചടി ഉപയോഗിച്ച് പല ഭൗതിക പ്രതിഭാസങ്ങളെയും നിയന്ത്രിക്കുന്ന അടിസ്ഥാന സമവാക്യങ്ങളെ നിർവചിക്കാൻ കഴിയും.ഒരൊറ്റ കണികയുടെ കാര്യമെടുക്കുക .
"Integrating the first term in (9) by parts, and by using (8) we find that",( 9 ) ആദ്യ പദത്തെ ഭാഗങ്ങളാൽ സമന്വയിപ്പിച്ച് ( 8 )
"To prove this lemma, we first note that the relation (13) is clearly satisfied for constant .We now fix a constant C such that for the given .Then from (13) and (14), we have .Setting in this relation gives and this proves the lemma.","ഈ ലെമ്മയെ തെളിയിക്കാൻ , ഈ ബന്ധം ( 13 ) സ്ഥിരമായി സംതൃപ്തമാണെന്ന് നമ്മൾ ആദ്യം മനസ്സിലാക്കുന്നു.നമ്മൾ ഇപ്പോൾ നിരന്തരമായ c ക്രമീകരിക്കുന്നു.( 13 ) , ( 14 ).ഈ ബന്ധത്തിൽ ക്രമീകരണം നൽകുന്നു , ഇത് ലെമ്മയെ തെളിയിക്കുന്നു ."
"In many variational problems, it is more convenient and sometimes necessary to make use of a parametric representation of a line as follows:","പല വ്യതിയാനങ്ങളിലും , ഇത് കൂടുതൽ സൗകര്യപ്രദവും ചിലപ്പോൾ ഒരു വരിയുടെ പാരമെട്രിക് പ്രാതിനിധ്യം ഉപയോഗപ്പെടുത്തേണ്ടതുമാണ് :"
Then,പിന്നെ
Let us next consider another functional,അടുത്ത ലേഖനത്തിൽ നാം പരിചിന്തിക്കാം
Consider the functional,പ്രവർത്തനം പരിഗണിക്കുക
This gives from the above equation,മേൽപ്പറഞ്ഞ സമവാക്യത്തിൽ നിന്ന് ഇത് നൽകുന്നു
"Consider first an actual minimum problem, such that y(x) is that function with continuous first and second derivatives, which renders I in (12) a minimum.Then it can be shown that y(x) yields a minimum if we expand the class of functions to include functions y* which need not have second derivatives.In fact, according to Weirstrass approximation theorem, we can approximate the function y* by a polynominal p(x) and y* by derived polynominl p’(x) as closely as we like, where p(x) satisfies the boundary conditions p(a) = y1 and p(b) = y2 .Then clearly I[p(x)] differs arbitrarily little from I[y*].But since p(x) is an admissible comparison function with continuous second derivates, and therefore .This proves the results.","(12) ഒരു മിനിമം പ്രശ്‌നം പരിചിന്തിക്കുക.രണ്ടാമത്തെ ഡെറിവേറ്റീവുകൾ ഇല്ലാത്തതിനാൽ ഫങ്ഷനുകളുടെ y * ഉൾപ്പെടുത്താൻ ഫങ്ഷനുകളുടെ ക്ലാസ് വിപുലീകരിക്കുകയാണെങ്കിൽ y (x) മിനിമം വരുമാനം നൽകുന്നു.യഥാർത്ഥത്തിൽ, വീർസ്ട്രാസ് ഏകദേശ സിദ്ധാന്തമനുസരിച്ച്, y * ഒരു പോളിനോമിനൽ p (x), y എന്നിവ ഉപയോഗിച്ച് നമ്മൾ പോളി നോമിനൽ പി (x) [5-‍ാ‍ം പേജിലെ ചിത്രം] എന്നാൽ പി (x) എന്നത് തുടർച്ചയായ രണ്ടാം ഡെറിവേറ്റുകളുമായി അംഗീകരിക്കാവുന്ന താരതമ്യമാണ്.ഇത് ഫലം കാണിക്കുന്നു ."
Now the vanishing of for arbitrary gives,ഇപ്പോൾ അബദ്ധവശാൽ അപ്രത്യക്ഷമാകുന്നു
"In fact, the principle applies equally well to a general dynamical system consisting of a system of particles and rigid bodies.","വാസ്‌തവത്തിൽ , ഈ തത്ത്വം കണികകളും ശരീരങ്ങളും ഉൾപ്പെട്ട ഒരു പൊതു ചലനാത്മക സംവിധാനത്തിനു തുല്യമാണ്‌ ."
It may be recalled that in deriving Euler’s equation for the functional,പ്രവർത്തനക്ഷമമായ യൂളറുകളുടെ സമവാക്യം
The Weirstrassian form of Euler equation (4) is,ഇംഗ്ലീഷ് വിലാസം euler equation (4)
"At any intermediate time t, we examine the true path and varied path .Taking the dot prouct of variation into (7) and integrating the result with respect to time over the interval (t1, t2), we get",ഏത് ഇടവേളയിലും നമ്മൾ ശരിയായ പാതയും വൈവിധ്യമാർന്ന പാതയും പരിശോധിക്കുന്നു .
Substitution of the above relation in (9) then gives,മേൽപ്പറഞ്ഞ ബന്ധത്തിനു പകരമായി (9) കൊടുക്കുന്നു .
To study the variational problems in parametric form.,പാരമെട്രിക് രൂപത്തിലെ വ്യതിയാന പ്രശ്നങ്ങൾ പഠിക്കുന്നതിന് .
Hamilton's Priciple,ഹാമില്‍ട്ടന്റെ പ്രാപ്പിള്‍
which is a differential-defference equation for the argument function .,ഇതാണു് ആര്‍ഗ്യുമെന്റ് ഫങ്ഷനുള്ള വ്യത്യാസം .
where is the force acting on the particle.,കണികയിൽ പ്രവർത്തിക്കുന്ന ശക്തി എവിടെ?
"A line q is called the geodesic on a surface if at each point of q, the principal normal coincides with the normal to the surface.As an example of Hertz’s principle, we may note that a point on a spherical surface moves along a great circle if it is not acted by external forces.Similarly, a point on a cylindrical surface moves along a helix under the same circumstances.","ഒരു വരി ക്യൂ ഒരു ഉപരിതലത്തിൽ ജിയോഡെസിക് എന്ന് വിളിക്കുന്നു, ഓരോ ഘട്ടത്തിലും, പ്രധാന സാധാരണ രൂപത്തിൽ ഉപരിതലത്തിലേക്ക് പതിക്കുന്നു.ഹെർട്‌സിന്‍റെ തത്ത്വത്തിന്‍റെ ഒരു ദൃഷ്ടാന്തം അതുപോലെ, ഒരു സിലിണ്ടർ ഉപരിതലത്തിലെ ഒരു പോയിന്റ് ഒരേ സാഹചര്യത്തിൽ ഹെലിക്സിലൂടെ നീങ്ങുന്നു ."
"which is Hamilton’s principle.This states that the motion is such that the integral of the difference between the kinetic and potential energies is stationary for the actual path.The difference T-V is known as the Lagrangian function.It can be shown further that this integral is a minimum for the true path, as compared with any neighbouring path having the same terminal configurations, at least over a sufficiently short time interval.","അതാണ്‌ ഹാമിൽട്ടന്‍റെ തത്ത്വം.കൈനറ്റിക്, സാധ്യതയുള്ള ഊർജ്ജങ്ങൾ തമ്മിലുള്ള വ്യത്യാസത്തിന്റെ അവിഭാജ്യ ഘടകമാണ് ചലനം എന്ന് ഇത് പറയുന്നു.ലഗ്രാഞ്ചിയൻ ഫംഗ്ഷൻ എന്നറിയപ്പെടുന്നു.ഒരേ ടെർമിനൽ ക്രമീകരണങ്ങളുള്ള ഏതെങ്കിലും അയൽ പാതയുമായി താരതമ്യപ്പെടുത്തുമ്പോൾ, ഇത് യഥാർത്ഥ പാതയുടെ ഏറ്റവും കുറഞ്ഞത് ആണെന്ന് കാണിക്കാം ."
"From Hamilton’s priciple, one can derive another important principle, known as Hertz’s principle.This states that a particle (or a system) moving on a surface without external forces acting on it, follows a geodesic line.","ഹാമിൽട്ടന്‍റെ പ്രാപ്പിളിൽനിന്ന്, ഹെർട്ട്‌സിന്‍റെ തത്ത്വം എന്നറിയപ്പെടുന്ന മറ്റൊരു പ്രധാന തത്ത്വം ഉരുത്തിരിയാൻ കഴിയും.ഒരു കണിക (അല്ലെങ്കിൽ സിസ്റ്റം) ഒരു ബാഹ്യ ശക്തികൾ പ്രവർത്തിക്കാതെ ഉപരിതലത്തിലേക്ക് നീങ്ങുന്നതായി ഇത് പറയുന്നു, ജിയോഡെസിക് ലൈൻ പിന്തുടരുന്നു ."
"is the differential of a single-valued function .This function is called the force potential and its negative, say V, is the potential energy of the particle.Thus","ഏകീകരിക്കപ്പെട്ട പ്രവർത്തനത്തിന്റെ വ്യത്യാസം.ഈ പ്രവർത്തനത്തെ ശക്തി സാധ്യതയും അതിന്റെ നിഷേധവും എന്ന് വിളിക്കുന്നു , ' v ' എന്ന് പറയുക ."
Objective,ലക്ഷ്യം
we first notice that the integrand is homogeneous of degree one.,ഒരു ഡിഗ്രി ഒന്നിന്റെ ഏകീകരണമാണ് ഇന്റഗ്രേറ്റഡ് എന്ന് നമ്മൾ ആദ്യം ശ്രദ്ധിക്കുന്നു .
Module III- VariationaI Problems Leading to an integral equation or a Differential-Difference Equation.,മൊഡ്യൂൾ iii വേരിയേഷണൽ പ്രശ്നങ്ങൾ ഒരു അവിഭാജ്യ സമവാക്യത്തിലേക്കോ വ്യത്യസ്തതയുള്ള സമവാക്യത്തിലേക്കോ നയിക്കുന്നു .
"From Hamilton’s priciple, one can derive another important principle, known as Hertz’s principle.This states that a particle (or a system) moving on a surface without external forces acting on it, follows a geodesic line.","ഹാമിൽട്ടന്‍റെ പ്രാപ്പിളിൽനിന്ന് , ഹെർട്ട്‌സിന്‍റെ തത്ത്വം എന്നറിയപ്പെടുന്ന മറ്റൊരു പ്രധാന തത്ത്വം ഉരുത്തിരിയാൻ കഴിയും.ഒരു കണിക ( അല്ലെങ്കിൽ സിസ്റ്റം ) ഒരു ബാഹ്യ ശക്തികൾ പ്രവർത്തിക്കാതെ ഉപരിതലത്തിലേക്ക് നീങ്ങുന്നതായി ഇത് പറയുന്നു , ജിയോഡെസിക് ലൈൻ പിന്തുടരുന്നു ."
"Thus to find extremals for I, one has to solve Euler's equation","അതുകൊണ്ട് എനിക്ക് അതിരുകള്‍ കണ്ടെത്തണമെങ്കില്‍, ഒരാള്‍ യൂളറുടെ സമവാക്യം പരിഹരിക്കണം ."
"where c does not depend on x. Equation (15) takes the place of Euler’s equation.Now since is differentiable with respect to x, it follows from (15) that also is differentiable.Hence Euler’s equation",സി x നെ ആശ്രയിക്കുന്നില്ല.ഇംഗ്ലീഷ് വിലാസം ( 15 ) അതിനാൽ eulers സമവാക്യവും ( 15 ) വ്യത്യാസപ്പെട്ടിരിക്കുന്നു .
"In a similar manner it can be shown that the differential equation for the displacement u(x, t) of a highly flexible and almost inexensible homogeneous string from its equilibrium position is","സമാനമായ രീതിയിൽ , വളരെ വഴക്കമുള്ളതും അല്ലാത്തതുമായ ഒരു ഹോമോജെനിബ്രിയസ് സ്ട്രിംഗിന് പകരമായി u ( x , t ) ഡിഫറൻഷ്യൽ സമവാക്യം കാണിക്കാം"
"Using Weirstrass form of Euler equations, we find that","വിർസ്ട്രാസ് രൂപത്തിലുള്ള യൂളർ സമവാക്യങ്ങൾ ഉപയോഗിച്ച്, അത് നമ്മൾ കണ്ടെത്തുന്നു"
"where the integration is along the line (1) and a dot denotes derivative with respect to t.In order that the values of functional (2) depend only on the line, and not on the parametrization (which can be accomplished in a number of ways), it is both necessary and sufficient that the integrand in (2) does not contain t explicitly and that it is homogeneous of the first degree in and .Thus","സംയോജനം ( 1 ) , ഒരു ഡോട്ട് എന്നിവ ടി.ഫങ്ഷണൽ ( 2 ) മൂല്യങ്ങൾ വരിയിൽ മാത്രം ആശ്രയിച്ചിരിക്കുന്നു , അല്ലാതെ പാരാമൈറ്റിസേഷനെ ആശ്രയിച്ചല്ല ( ഇത് പല രീതിയിൽ നിറവേറ്റാൻ കഴിയാത്തതും അനിവാര്യവുമാണ് )"
"it was assumed that the admissible functions admit of continuous first order derivative.However a varitational problem with integrand F(x, y, y’) is also meaningful when y’ is required to be only piecewise continuous.","തുടർച്ചയായ ആദ്യത്തെ ഓർഡർ ഉരുത്തിരിയുന്നതാണെന്ന് അംഗീകരിക്കാവുന്ന ഫംഗ്ഷനുകൾ അംഗീകരിക്കുന്നതായി കരുതുന്നു.എന്നിരുന്നാലും, ഇന്റഗ്രിറ്റിയും f (x, y, y) യും തമ്മിൽ വ്യത്യസ്തമായ ഒരു പ്രശ്നമുണ്ട് ."
"Applying the previous lemma, we obtain","മുമ്പത്തെ ലെമ്മയെ പ്രയോഗിക്കുന്നു , നമുക്ക് ലഭിക്കുന്നു"
Variational principles are of great scientific significance as they provide a unified approach to various mathematical and physical problems and yield fundamental exploratory ideas.The calculus of variations has its origin in the generalization of the elementary theory of maxima and minima of function of a single or more variables.Its object is to find extrema or stationary values of functional.,"വിവിധ ഗണിത, ഭൗതിക പ്രശ്നങ്ങൾക്ക് ഏകീകൃത സമീപനം നൽകുകയും അടിസ്ഥാന പര്യവേക്ഷണ ആശയങ്ങൾ നൽകുകയും ചെയ്യുന്നതിനാൽ വൈവിധ്യമാർന്ന തത്ത്വങ്ങൾക്ക് വലിയ ശാസ്ത്രീയ പ്രാധാന്യമുണ്ട്.ഒന്നോ അതിലധികമോ വേരിയബിളുകളുടെ ഫങ്ക്ഷനുകളുടെ മാക്സിമ ആൻഡ് മിനിമയുടെ പ്രാഥമിക സിദ്ധാന്തത്തിന്റെ സാമാന്യവൽക്കരണത്തിൽ നിന്നുമാണ് കാൽക്കുലസ് ഓഫ് വേരിയേഷന്സിന്റെ ഉത്ഭവം.പ്രവർത്തനത്തിന്റെ സ്ഥിരമായ മൂല്യങ്ങൾ കണ്ടെത്തുക എന്നതാണ് ഇതിന്റെ ലക്ഷ്യം ."
will be an extremum for fixed terminal times t1 and t2.,"സ്ഥിര ടെര്‍മിനല്‍ ടൈംസ് ടി1 , ടി2 എന്നിവയ്ക്ക് തീവ്രവാദം ആയിരിക്കും ."
This result can be generalized in the following mannner:,ഈ ഫലം ഇനിപ്പറയുന്ന മാന്നറിൽ ജനറലൈസ് ചെയ്യാം :
"But since is a homogeneous function of first degree and ,","പക്ഷെ ഒന്നാം ഡിഗ്രിയുടെയും പിന്നെ,"
holds for arbitrary continuous function satisfying the condition,സ്ഥിതിക്ക് സംതൃപ്തി നല്‍കുന്ന സ്ഥിരമായ പ്രവര്‍ത്തനത്തിന്
"For example, the area bounded by a closed curve given by is a functional which can be put in the form","ഉദാഹരണത്തിന് , ഒരു അടച്ച വളവ് നല്‍കിയ സ്ഥലം ഒരു ഫങ്ഷണല്‍ ആണ്"
"give , which shows that the extremals are circles.",അതിരുകൾ വൃത്തങ്ങളാണെന്ന് കാണിയ്ക്കുക .
"This is Hamiltons principle in its most general form, for a single particle.","ഇത് ഹാമിൽട്ടൺ തത്ത്വം അതിന്റെ ഏറ്റവും പൊതു രൂപത്തിൽ, ഒരൊറ്റ കണികയ്ക്ക് ."
"If is a piece wise continuous function in [a, b] and if","[a, b] ഒരു കഷ്ണം ജ്ഞാനപൂർവമായ പ്രവർത്തനം ആണെങ്കിൽ"
"where the integration is along the line (1) and a dot denotes derivative with respect to t.In order that the values of functional (2) depend only on the line, and not on the parametrization (which can be accomplished in a number of ways), it is both necessary and sufficient that the integrand in (2) does not contain t explicitly and that it is homogeneous of the first degree in and .Thus","സംയോജനം (1), ഒരു ഡോട്ട് എന്നിവ ടി.ഫങ്ഷണൽ (2) മൂല്യങ്ങൾ വരിയിൽ മാത്രം ആശ്രയിച്ചിരിക്കുന്നു, അല്ലാതെ പാരാമൈറ്റിസേഷനെ ആശ്രയിച്ചല്ല (ഇത് പല രീതിയിൽ നിറവേറ്റാൻ കഴിയാത്തതും അനിവാര്യവുമാണ്)"
Now consider any other path on the proviso that the path and the varied path coincide at two distinct instants t = t1 and t = t2.This demands that,"t= t1 , t = t2 എന്നിങ്ങനെ രണ്ട് വ്യത്യസ്ത തന്തുക്കളായി പാഥും യോജിക്കുന്നു എന്ന് പ്രോവിസോയിലെ മറ്റേതെങ്കിലും പാതയെ കുറിച്ചു ചിന്തിക്കുക ."
To study application to problems of mechanics.,മെക്കാനിക്സിലെ പ്രായോഗിക പ്രശ്നങ്ങള്‍ പഠിക്കാന്‍ .
"However, these equations are not independent, because these must be satisfied by a certain solution x = x(t), y = y(t), and any other pairs of functions with a different parametric representation of the same curve, which, in the case of Euler's equations being independent, would conflict with the theorem of existence and uniqueness of a solution of a system of differential equations.Thus we conclude that in (4), any one equation is a consequence of the other and to find the extremals, one has to solve any one of the equations (4) along with the equation , which shows that the arc length of the curve is taken as the parameter.","എന്നിരുന്നാലും, ഈ സമവാക്യങ്ങൾ സ്വതന്ത്രമല്ല, കാരണം x = x (t), y = y (t), ഏകീകൃത പദാർത്ഥങ്ങളുടെ വ്യത്യാസങ്ങൾ എന്നിവയിൽ അവ സംയോജിപ്പിച്ചിരിക്കണം.അതിനാൽ, (4) ഏതെങ്കിലുമൊരു സമവാക്യം മറ്റൊന്നിന്റെ അനന്തരഫലമാണെന്ന് നമ്മൾ നിഗമനം ചെയ്യുന്നു ."
"In a similar manner it can be shown that the differential equation for the displacement u(x, t) of a highly flexible and almost inexensible homogeneous string from its equilibrium position is","സമാനമായ രീതിയിൽ, വളരെ വഴക്കമുള്ളതും അല്ലാത്തതുമായ ഒരു ഹോമോജെനിബ്രിയസ് സ്ട്രിംഗിന് പകരമായി u (x, t) ഡിഫറൻഷ്യൽ സമവാക്യം കാണിക്കാം"
Module II- Some Application to Problems of Mechanics.,മെക്കാനിക്കിന്റെ പ്രശ്നങ്ങള്‍ക്കു് മൊഡ്യൂള്‍ ii ചില പ്രയോഗങ്ങള്‍
where satisfies the homogeneity condition (3).,അവിടെ ഹോമോജെനിറ്റി അവസ്ഥയെ തൃപ്തിപ്പെടുത്തുന്നു (3) .
Module III- VariationaI problems leading to an integral equation or a Differential-Difference Equation,മൊഡ്യൂൾ iii വേരിയേഷണൽ പ്രശ്നങ്ങൾ ഒരു അവിഭാജ്യ സമവാക്യത്തിലേക്കോ വ്യത്യസ്തതയുള്ള സമവാക്യത്തിലേക്കോ നയിക്കുന്നു
"holds.Now if F is twice continuously differentaible with respect to its arguments, and further is satisfied, it follows that the piecwise sontinuous function y’ Is also continuous and has a continuous derivative.Because, if , y’ may be expressed as a continuously differentiable function Further by virtue of (15), is a continuous function of x and y’ is also continuous .Hence the arguments y and of are continuously differentiable and hence y’ (=) is also continuously differentiable.This establishes Du Bois-Reymond’s theorem which can be easily extended to an integrand of the form F(x, y, y’,…, y(n)) by using the generalization of the above lemma.","അതെ.ഇപ്പോൾ f അതിന്റെ വാദങ്ങളോടുള്ള ബന്ധത്തിൽ തുടർച്ചയായി രണ്ട് തവണ വ്യത്യാസമുണ്ടെങ്കിൽ, അതിന്റെ വാദങ്ങളിൽ കൂടുതൽ സംതൃപ്തനായാൽ, കഷണീയമായ സോണ്ടിനൂസ് ഫംഗ്ഷനും തുടർച്ചയായ ഡെറിവേറ്റീവ് ഉണ്ട്.കാരണം, y (15) എന്ന ഗുണത്താൽ തുടർച്ചയായി വേർതിരിക്കാവുന്ന ഒരു ഫംഗ്ഷനായി (തുടർച്ചയായി) അവതരിപ്പിക്കപ്പെടാം.അതിനാൽ വാദങ്ങളും തുടർച്ചയായി വ്യത്യാസപ്പെട്ടിരിക്കുന്നു, അതിനാൽ y (=) തുടർച്ചയായി വ്യത്യാസപ്പെട്ടിരിക്കുന്നു.ഇത് du boisreymonds തിയോറം സ്ഥാപിക്കുന്നു, ഇത് എളുപ്പത്തിൽ ഒരു സമന്വയത്തിനും ഫോം y, y, y, y (n), y എന്നിവ ഉപയോഗിച്ച് ജനറലൈസേഷൻ ചെയ്യുന്നു ."
To prove du Bois-Reymond’s theroem we note that the relation,du boisreymonds theroem തെളിയിക്കാൻ നമ്മൾ ശ്രദ്ധിക്കുന്നു ആ ബന്ധം
Let us now consider a new parametric representation,നമുക്ക് ഇപ്പോൾ ഒരു പുതിയ മാനദണ്ഡം പരിഗണിക്കാം
The Euler-Ostogradsky equation then gives,എലിറോസ്റ്റോഗ്രാഡ്സ്കി സമവാക്യം തുടർന്ന് നൽകുന്നു
"Integrating the first term in (9) by parts, and by using (8) we find that",(9) ആദ്യ പദത്തെ ഭാഗങ്ങളാൽ സമന്വയിപ്പിച്ച് (8)
"k being a constant.Thus the potential energy of the entire bar, whose axis-curvature is variable, is","കെ ഒരു സ്ഥിരാംഗമായിരിക്കുക.അതിനാൽ മുഴുവൻ ബാറിന്റെയും ഊർജ്ജം , അവയുടെ അക്ഷാംശം വേരിയബിൾ ആണ് ."
"which we want to extremize.Here K(s, t) is a given continuous function with K(s, t) = K(t, s), f(s) is a given continuous function of s and is the unknown continuous function.All integrations are confined to the interval ,.We replace by and consider .The variation given by is obtained after some transformation as","നാം അതിനെ അതിജീവിക്കാൻ ആഗ്രഹിക്കുന്നു.k ( s , t ) = k ( t ) = k ( t , s ) , f ( s ) എന്നിവ s - ന്റെ തുടർച്ചയായ പ്രവർത്തനമാണ് , അജ്ഞാത പ്രവർത്തനമാണ്.എല്ലാ സംയോജനങ്ങളും ഇടവേളയ്ക്ക് വിധേയമാണ് , നാം മാറി ചിന്തിച്ചു നോക്കൂ ."
"Now consider the case when the force field having components (X, Y, Z) is conservative which implies that","ഘടകങ്ങൾ ഉള്ള ഫോഴ്സ് ഫീൽഡ് (x, y, z) കൺസർവേറ്റീവ് ആണോ എന്ന് ഇത് സൂചിപ്പിക്കുന്നു"
"However, these equations are not independent, because these must be satisfied by a certain solution x = x(t), y = y(t), and any other pairs of functions with a different parametric representation of the same curve, which, in the case of Euler's equations being independent, would conflict with the theorem of existence and uniqueness of a solution of a system of differential equations.Thus we conclude that in (4), any one equation is a consequence of the other and to find the extremals, one has to solve any one of the equations (4) along with the equation , which shows that the arc length of the curve is taken as the parameter.","എന്നിരുന്നാലും , ഈ സമവാക്യങ്ങൾ സ്വതന്ത്രമല്ല , കാരണം x = x ( t ) , y = y ( t ) , ഏകീകൃത പദാർത്ഥങ്ങളുടെ വ്യത്യാസങ്ങൾ എന്നിവയിൽ അവ സംയോജിപ്പിച്ചിരിക്കണം.അതിനാൽ , ( 4 ) ഏതെങ്കിലുമൊരു സമവാക്യം മറ്റൊന്നിന്റെ അനന്തരഫലമാണെന്ന് നമ്മൾ നിഗമനം ചെയ്യുന്നു ."
where r is the radius of curvature of the extremal and is the common value of the ratios,അതിരിന്റെ വ്യാപ്തി ആർ ആണെന്നും അനുപാതത്തിന്റെ പൊതുവായ മൂല്യമാണ് .
Module I- Variational Problems in Parametric Form,മാനദണ്ഡത്തിന്റെ രൂപത്തില്‍ മൊഡ്യൂള്‍ i വേരിയേഷണല്‍ പ്രശ്നങ്ങള്‍
"For example, the area bounded by a closed curve given by is a functional which can be put in the form","ഉദാഹരണത്തിന്, ഒരു അടച്ച വളവ് നല്‍കിയ സ്ഥലം ഒരു ഫങ്ഷണല്‍ ആണ്"
and its substitution in (10) gives,അതിന്റെ പകരക്കാരനും ( 10 )
Let us consider the functional,നമുക്ക് പ്രവർത്തനം പരിഗണിക്കാം
Thus the integrand remains unchanged with a change in the parametric representation.,അതിനാൽ പാരമെട്രിക് പ്രാതിനിധ്യത്തിൽ മാറ്റമില്ലാതെ സംയോജനം തുടരുന്നു .
will be an extremum for fixed terminal times t1 and t2.,"സ്ഥിര ടെര്‍മിനല്‍ ടൈംസ് ടി1, ടി2 എന്നിവയ്ക്ക് തീവ്രവാദം ആയിരിക്കും ."
"We next prove that if in this variational problem y(x) is the extremizing function (satisfying the boundary conditions) admitting first rder continuous derivative, then y(x) admits of a continuous second derivative also provided that .This is the theorem of du Bois Reymond.",ഈ വ്യതിയാന പ്രശ്നത്തിൽ (x) അതിർത്തി വ്യവസ്ഥകൾ തൃപ്തികരമാണെങ്കിൽ ആദ്യ റൈഡർ തുടർച്ചയായ ഡെറിവേറ്റീവ് അംഗീകരിക്കുന്നു.ഇതാണ് ഡു ബോയിസ് റെയ്മണ്ട് .
Hence the requirement for an extremum leads to Fredholm integral equation,അതുകൊണ്ട് തീവ്രവാദത്തിന്റെ ആവശ്യകത ഫ്രെഡോം അവിഭാജ്യ സമവാക്യത്തിലേക്ക് നയിക്കുന്നു .
If is apiecewise continuous function satisfying for all continuous functions such that,ദിവ്യാധിപത്യ ശുശ്രൂഷാസ്‌കൂൾ
Substitution of the above relation in (9) then gives,മേൽപ്പറഞ്ഞ ബന്ധത്തിനു പകരമായി ( 9 ) കൊടുക്കുന്നു .
"Organizations can be seen as instruments designed to achieve specified goals through co-ordinated action. Organizational action is supposed to generate certain outcomes, and these outcomes can and should be evaluated and compared between organizations. Organizations develop a set of norms, rules and routines that play an important role in guiding everyday action.","ഏകോപന പ്രവർത്തനത്തിലൂടെ നിർദ്ദിഷ്ട ലക്ഷ്യങ്ങൾ നേടുന്നതിനായി രൂപകൽപ്പന ചെയ്ത ഉപകരണങ്ങളായി ഓർഗനൈസേഷനുകളെ കാണാൻ കഴിയും. ഓർ‌ഗനൈസേഷണൽ‌ പ്രവർ‌ത്തനം ചില ഫലങ്ങൾ‌ നൽ‌കും, കൂടാതെ ഈ ഫലങ്ങൾ‌ ഓർ‌ഗനൈസേഷനുകൾ‌ക്കിടയിൽ വിലയിരുത്താനും താരതമ്യപ്പെടുത്താനും കഴിയും. ദൈനംദിന പ്രവർത്തനത്തെ നയിക്കുന്നതിൽ ഒരു പ്രധാന പങ്ക് വഹിക്കുന്ന ഒരു കൂട്ടം മാനദണ്ഡങ്ങളും നിയമങ്ങളും ദിനചര്യകളും ഓർഗനൈസേഷനുകൾ വികസിപ്പിക്കുന്നു."
"From Pataliputra, he laid the foundation of his empire and started conquering many neighbouring states with the help of the Licchavis. He ruled over Magadha (Bihar), Prayaga and Saketa (east Uttar Pradesh). His kingdom extended from the river Ganges to Allahabad. Chandragupta I also got the title of Maharajadhiraja (King of Kings) and ruled for about fifteen years.","പട്ടാലിപുത്രയിൽ നിന്ന് അദ്ദേഹം തന്റെ സാമ്രാജ്യത്തിന്റെ അടിത്തറയിട്ടു, ഒപ്പം പല അയൽ സംസ്ഥാനങ്ങളെയും ലിച്ചവികളുടെ സഹായത്തോടെ കീഴടക്കാൻ തുടങ്ങി. മഗധ (ബീഹാർ), പ്രയാഗ, സകേത (കിഴക്കൻ ഉത്തർപ്രദേശ്) എന്നിവിടങ്ങളിൽ അദ്ദേഹം ഭരിച്ചു. അദ്ദേഹത്തിന്റെ രാജ്യം ഗംഗാ നദി മുതൽ അലഹബാദ് വരെ വ്യാപിച്ചു. ചന്ദ്രഗുപ്തൻ ഒന്നാമൻ മഹാരാജാദിരാജ (രാജാക്കന്മാരുടെ രാജാവ്) എന്ന സ്ഥാനപ്പേരും നേടി പതിനഞ്ചു വർഷത്തോളം ഭരിച്ചു."
This creates a tendency for the hydrogen to be attracted towards the negative charges of any neighbouring atom.This type of chemical bonding is called a hydrogen bond and is responsible for many of the properties exhibited by water.,"ഇത് ഹൈഡ്രജൻ അയൽ ആറ്റത്തിന്റെ നെഗറ്റീവ് ചാർജുകളിലേക്ക് ആകർഷിക്കുന്നതിനുള്ള പ്രവണത സൃഷ്ടിക്കുന്നു.ഈ തരം കെമിക്കൽ ബോണ്ടിനെ ഹൈഡ്രജൻ ബോണ്ട് എന്ന് വിളിക്കുന്നു , കൂടാതെ ജലത്താൽ പ്രദർശിപ്പിക്കുന്ന പല ഗുണങ്ങൾക്കും കാരണമാകുന്നു ."
"Other popular attractions in the park include Floral clock, Titanic Viewpoint, Shanthi Ashram and amazing jungle trails.","ഫ്ലോറൽ ക്ലോക്ക്, ടൈറ്റാനിക് വ്യൂപോയിന്റ്, ശാന്തി ആശ്രമം, അതിശയകരമായ ജംഗിൾ ട്രയലുകൾ എന്നിവ പാർക്കിലെ മറ്റ് പ്രധാന ആകർഷണങ്ങളാണ്."
Module 4,മൊഡ്യൂൾ 4
Destination main description,ലക്ഷ്യസ്ഥാന പ്രധാന വിവരണം
Kailasagiri has also emerged as a haven for paragliding enthusiasts and offers amazing facilities for tourists.,"പാരാഗ്ലൈഡിംഗ് പ്രേമികളുടെ ഒരു സങ്കേതമായി കൈലസഗിരി മാറിയിട്ടുണ്ട്, കൂടാതെ വിനോദ സഞ്ചാരികൾക്ക് അതിശയകരമായ സൗകര്യങ്ങളും ഒരുക്കുന്നു."
October to March,ഒക്ടോബർ മുതൽ മാർച്ച് വരെ ആണ് .
"Spanning the eastern coast of the Indian peninsula, Visakhapatnam, in Andhra Pradesh, is popular with tourists for its serene beaches and picturesque hill stations.",ഇന്ത്യൻ ഉപദ്വീപിന്റെ കിഴക്കൻ തീരത്ത് വ്യാപിച്ചുകിടക്കുന്ന ആന്ധ്രാപ്രദേശിലെ വിശാഖപട്ടണം വിനോദസഞ്ചാരികളുടെ പ്രശാന്തമായ ബീച്ചുകൾക്കും മനോഹരമായ ഹിൽ സ്റ്റേഷനുകൾക്കും പേരുകേട്ടതാണ്.
"Sears: J. B. Sears considers organization as a machine for doing work. It may be composed primarily of persons, of materials, of ideas, of concepts, symbols, forms, rules, principles or more often, of a combination of these. The machine may work automatically or its operation may be subject to human judgement and will.","സിയേഴ്സ്: ജെ. ബി. സിയേഴ്സ് ഓർഗനൈസേഷനെ ജോലി ചെയ്യുന്നതിനുള്ള ഒരു യന്ത്രമായി കണക്കാക്കുന്നു. ഇത് പ്രാഥമികമായി വ്യക്തികൾ, മെറ്റീരിയലുകൾ, ആശയങ്ങൾ, ആശയങ്ങൾ, ചിഹ്നങ്ങൾ, രൂപങ്ങൾ, നിയമങ്ങൾ, തത്ത്വങ്ങൾ അല്ലെങ്കിൽ പലപ്പോഴും ഇവയുടെ സംയോജനമാണ്. മെഷീൻ യാന്ത്രികമായി പ്രവർത്തിക്കാം അല്ലെങ്കിൽ അതിന്റെ പ്രവർത്തനം മനുഷ്യന്റെ ന്യായവിധിക്കും ഇച്ഛയ്ക്കും വിധേയമാകാം."
"Bordered by towering mountains and lush forests, the valley makes for an ideal spot to relax and nourish your soul.",ഉയർന്ന പർവതങ്ങളും സമൃദ്ധമായ വനങ്ങളും അതിർത്തി പങ്കിടുന്ന ഈ താഴ്വര നിങ്ങളുടെ ആത്മാവിനെ ശാന്തമാക്കാനും പരിപോഷിപ്പിക്കാനും പറ്റിയ സ്ഥലമാണ്.
Kailasagiri Nature,കൈലസഗിരി പ്രകൃതി
"Sprawling along the pristine waters of the Bay of Bengal, Visakhapatnam, the largest city of Andhra Pradesh, is a beach paradise.",ആന്ധ്രാപ്രദേശിലെ ഏറ്റവും വലിയ നഗരമായ വിശാഖപട്ടണം ബംഗാൾ ഉൾക്കടലിന്റെ തീരത്ത് വ്യാപിച്ചുകിടക്കുന്നത് ഒരു ബീച്ച് പറുദീസയാണ്.
School organization: administration and management,സ്കൂൾ ഓർഗനൈസേഷൻ: അഡ്മിനിസ്ട്രേഷനും മാനേജ്മെന്റും
"The city is peppered with parks and gardens, where visitors can laze around and soak in the natural beauty.",പാർക്കുകളും പൂന്തോട്ടങ്ങളും കൊണ്ട് നിറഞ്ഞിരിക്കുന്ന ഈ നഗരം സന്ദർശകർക്ക് ചുറ്റിക്കറങ്ങാനും പ്രകൃതി സൗന്ദര്യത്തിൽ കുതിർക്കാനും കഴിയും.
"The Indus valley civilization was basically an urban civilization and the people lived in well-planned and well-built towns, which were also the centers for trade. The ruins of Mohenjodaro and Harappa show that these were magnificent merchant cities-well planned, scientifically laid, and well looked after. They had wide roads and a well-developed drainage system. The houses were made of baked bricks and had two or more storeys.","സിന്ധൂ നദീതട നാഗരികത അടിസ്ഥാനപരമായി ഒരു നഗര കേന്ദ്രീകൃത സംസ്കാരമായിരുന്നു, ജനങ്ങൾ ആസൂത്രിതവും നന്നായി നിർമ്മിച്ചതുമായ, വ്യാപാര കേന്ദ്രങ്ങളായിരുന്ന പട്ടണങ്ങളിൽ താമസിച്ചു. മൊഹൻജൊദാരോയുടെയും ഹാരപ്പയുടെയും അവശിഷ്ടങ്ങൾ കാണിക്കുന്നത് ഇവ നന്നായി ആസൂത്രണം ചെയ്തതും ശാസ്ത്രീയമായി സ്ഥാപിച്ചതും നന്നായി പരിപാലിച്ചതുമായ ഗംഭീരമായ വ്യാപാര നഗരങ്ങളായിരുന്നു എന്നാണ് . അവർക്ക് വിശാലമായ റോഡുകളും നന്നായി വികസിപ്പിച്ച ഡ്രെയിനേജ് സംവിധാനവുമുണ്ടായിരുന്നു. ചുട്ടെടുത്ത ഇഷ്ടികകൊണ്ടാണ് വീടുകൾ നിർമ്മിച്ചത്, അവയ്ക്ക് രണ്ടോ അതിലധികമോ നിലകളുണ്ടായിരുന്നു."
Best Time to Visit,സന്ദർശിക്കാനുള്ള മികച്ച സമയം
Ancient History,പുരാതന ചരിത്രം
It is situated at a distance of 5 km from the valley and serves as a popular picnic spot.,താഴ്‌വരയിൽ നിന്ന് 5 കിലോമീറ്റർ അകലെയാണ് ഇത് സ്ഥിതിചെയ്യുന്നത്.
"Available evidence suggests that the use of iron, copper and other metals was widely prevalent in the Indian sub-continent at a fairly early period, which is indicative of the progress that this part of the world had made.By the end of the fourth millennium BC, India had emerged as a region of highly developed civilization.","ലഭ്യമായ തെളിവുകൾ സൂചിപ്പിക്കുന്നത് ഇരുമ്പ്, ചെമ്പ്, മറ്റ് ലോഹങ്ങൾ എന്നിവയുടെ ഉപയോഗം ഇന്ത്യൻ ഉപഭൂഖണ്ഡത്തിൽ വളരെ നേരത്തെ തന്നെ പ്രചാരത്തിലുണ്ടായിരുന്നു എന്നാണ്, ഇത് ലോകത്തിന്റെ ഈ ഭാഗം കൈവരിച്ച പുരോഗതിയെ സൂചിപ്പിക്കുന്നു.ബിസി നാലാം സഹസ്രാബ്ദത്തിന്റെ അവസാനത്തോടെ ഇന്ത്യ വളരെയധികം വികസിത നാഗരികതയുടെ മേഖലയായി ഉയർന്നുവന്നു ."
"Ionic bonding is a type of chemical bonding which involves a transfer of electrons from one atom or molecule to another.Here, an atom loses an electron which is in turn gained by another atom.When such an electron transfer takes place, one of the atoms develops a negative charge and is now called the anion.","ഒരു ആറ്റത്തിൽ നിന്നോ തന്മാത്രയിൽ നിന്നോ മറ്റൊന്നിലേക്ക് ഇലക്ട്രോണുകൾ കൈമാറ്റം ചെയ്യുന്ന തരം കെമിക്കൽ ബോണ്ടിംഗാണ് അയോണിക് ബോണ്ടിംഗ്.ഇവിടെ , ഒരു ആറ്റത്തിന് ഒരു ഇലക്ട്രോൺ നഷ്ടമാകുന്നു , അത് മറ്റൊരു ആറ്റം നേടി.അത്തരം ഇലക്ട്രോൺ കൈമാറ്റം സംഭവിക്കുമ്പോൾ , ആറ്റങ്ങളിലൊന്ന് നെഗറ്റീവ് ചാർജ് വികസിപ്പിക്കുകയും ഇപ്പോൾ ആനയോൺ എന്ന് വിളിക്കുകയും ചെയ്യുന്നു ."
"India's history and culture is dynamic, spanning back to the beginning of human civilization.It begins with a mysterious culture along the Indus River and in farming communities in the southern lands of India.The history of India is punctuated by constant integration of migrating people with the diverse cultures that surround India.","ഇന്ത്യയുടെ ചരിത്രവും സംസ്കാരവും ചലനാത്മകമാണ്, മനുഷ്യ നാഗരികതയുടെ ആരംഭം വരെ.സിന്ധു നദിക്കരയിലും ഇന്ത്യയുടെ തെക്കൻ ദേശങ്ങളിലെ കാർഷിക സമൂഹങ്ങളിലും ഒരു നിഗൂ culture സംസ്കാരത്തിൽ നിന്നാണ് ഇത് ആരംഭിക്കുന്നത്.ഇന്ത്യയെ ചുറ്റിപ്പറ്റിയുള്ള വൈവിധ്യമാർന്ന സംസ്കാരങ്ങളുമായി കുടിയേറുന്ന ആളുകളെ നിരന്തരം സംയോജിപ്പിക്കുന്നതിലൂടെയാണ് ഇന്ത്യയുടെ ചരിത്രം വിരാമമിടുന്നത് ."
"For kids, the park offers an exciting toy train ride, which gives a circular tour of the site.","കുട്ടികൾക്കായി, പാർക്ക് ഒരു ആവേശകരമായ കളിപ്പാട്ട ട്രെയിൻ യാത്ര വാഗ്ദാനം ചെയ്യുന്നു, ഇത് സൈറ്റിന്റെ വൃത്താകൃതിയിലുള്ള ടൂർ നൽകുന്നു."
"When substances participate in chemical bonding and yield compounds, the stability of the resulting compound can be gauged by the type of chemical bonds it contains.","രാസവസ്തുക്കൾ കെമിക്കൽ ബോണ്ടിംഗിൽ പങ്കെടുക്കുകയും വഴക്കുണ്ടാക്കുകയും ചെയ്യുമ്പോൾ , അതിന്റെ ഫലമായി സംഭവിക്കുന്ന സംയുക്തത്തിന്റെ സ്ഥിരത അതിന്റെ അളവ് അളക്കാൻ കഴിയും ."
"The main attraction in the city is a submarine-turned-museum, the first of its kind in Asia.","നഗരത്തിലെ പ്രധാന ആകർഷണം ഒരു അന്തർവാഹിനി മാറിയ മ്യൂസിയമാണ്, ഏഷ്യയിലെ ആദ്യത്തേതാണ് ഇത്."
"Even though the park can be accessed via road, the best way to reach here is taking a ropeway ride and enjoying the breathtaking views of the city on the way.","റോഡ് വഴി പാർക്കിലേക്ക് പ്രവേശിക്കാൻ കഴിയുമെങ്കിലും, ഇവിടെയെത്താനുള്ള ഏറ്റവും നല്ല മാർഗം ഒരു റോപ്‌വേ സവാരി നടത്തുകയും വഴിയിൽ നഗരത്തിന്റെ ആകർഷകമായ കാഴ്ചകൾ ആസ്വദിക്കുകയും ചെയ്യുക എന്നതാണ്."
"Nestled in the heart of Andhra Pradesh, the stunning Araku Valley is one of the most beautiful tourist stopovers near Visakhapatnam.",ആന്ധ്രാപ്രദേശിന്റെ ഹൃദയഭാഗത്തായി സ്ഥിതിചെയ്യുന്ന അതിശയകരമായ അറകു താഴ്വര വിശാഖപട്ടണത്തിനടുത്തുള്ള ഏറ്റവും മനോഹരമായ വിനോദസഞ്ചാര കേന്ദ്രമാണ്.
Destination main description,ലക്ഷ്യസ്ഥാനത്തിൻറെ പ്രധാന വിവരണം
The park is noted for housing a 40-ft-high statue of Lord Shiva and Goddess Parvati that has become a popular symbol of the city.,നഗരത്തിന്റെ ജനപ്രിയ ചിഹ്നമായി മാറിയ 40 അടി ഉയരമുള്ള ശിവന്റെയും പാർവതി ദേവിയുടെയും പ്രതിമ സ്ഥാപിക്കപ്പെട്ടിരിക്കുന്നതിനാണ് ഈ പാർക്ക് അറിയപ്പെടുന്നത്.
Ryburn: “Organization simply means the practical measures which we take to ensure that the system of work we use will be of the greatest possible assistance in carrying out our aims and of the greatest benefit to our children.”,റൈബർ‌ൻ‌: “ഓർ‌ഗനൈസേഷൻ‌ എന്നതിനർത്ഥം നമ്മുടെ ലക്ഷ്യങ്ങൾ‌ നടപ്പിലാക്കുന്നതിനും നമ്മുടെ കുട്ടികൾ‌ക്ക് ഏറ്റവും വലിയ നേട്ടമുണ്ടാക്കുന്നതിനും നമ്മ ഉപയോഗിക്കുന്ന തൊഴിൽ സമ്പ്രദായം സാധ്യമായ ഏറ്റവും വലിയ സഹായമാകുമെന്ന് ഉറപ്പാക്കാൻ നമ്മുൾ സ്വീകരിക്കുന്ന പ്രായോഗിക നടപടികളാണ്.”
"Built around 11th century, Visakhapatnam is popularly called the city of destiny, referring to its soulful natural beauty.","പതിനൊന്നാം നൂറ്റാണ്ടിൽ നിർമ്മിച്ച വിശാഖപട്ടണം, പ്രകൃതി സൗന്ദര്യത്തെ സൂചിപ്പിക്കുന്ന ""വിധിയുടെ നഗരം"" എന്ന പേരിൽ അറിയപ്പെടുന്നു."
"Organization stands for a structure, framework, system, organized body, assortment, organism, a set or collection. It is concerned with the process of regulations, forms, calenders, schedules, material equipment, libraries, laboratories, workshops, museums, art galleries, lawns, playgrounds and other facilities of work. Thus organization has three aspects:","ഓർ‌ഗനൈസേഷൻ‌ എന്നത് ഒരു ഘടന, ചട്ടക്കൂട്, സിസ്റ്റം, ഓർ‌ഗനൈസ്ഡ് ബോഡി, വർ‌ഗ്ഗീകരണം, ജീവി, ഒരു കൂട്ടം അല്ലെങ്കിൽ ശേഖരം എന്നിവയെ സൂചിപ്പിക്കുന്നു. നിയന്ത്രണങ്ങൾ, ഫോമുകൾ, കലണ്ടറുകൾ, ഷെഡ്യൂളുകൾ, മെറ്റീരിയൽ ഉപകരണങ്ങൾ, ലൈബ്രറികൾ, ലബോറട്ടറികൾ, വർക്ക് ഷോപ്പുകൾ, മ്യൂസിയങ്ങൾ, ആർട്ട് ഗാലറികൾ, പുൽത്തകിടികൾ, കളിസ്ഥലങ്ങൾ, മറ്റ് ജോലി സൗകര്യങ്ങൾ എന്നിവയുമായി ബന്ധപ്പെട്ടതാണ് ഇത്. അങ്ങനെ സംഘടനയ്ക്ക് മൂന്ന് വശങ്ങളുണ്ട്:"
"Built around 11th century, Visakhapatnam is popularly called the city of destiny, referring to its soulful natural beauty.",പതിനൊന്നാം നൂറ്റാണ്ടിൽ നിർമ്മിച്ച വിശാഖപട്ടണം പ്രകൃതി സൗന്ദര്യത്തെ സൂചിപ്പിക്കുന്ന വിധിയുടെ നഗരം എന്നറിയപ്പെടുന്നു.
Covalent Bonding,കോവലൽ ബോണ്ടിംഗ്
b) Organization of Human Equipment,b) മനുഷ്യ ഉപകരണങ്ങളുടെ ഓർഗനൈസേഷൻ
"A covalent bond indicates the sharing of electrons between atoms.Compounds that contain carbon (also called organic compounds) commonly exhibit this type of chemical bonding.The pair of electrons which are shared by the two atoms now extend around the nuclei of atoms, leading to the creation of a molecule.","ആറ്റങ്ങൾ തമ്മിൽ ഇലക്ട്രോണുകൾ പങ്കിടുന്നതിനെ ഒരു കോവലന്റ് ബോണ്ട് സൂചിപ്പിക്കുന്നു.കാർബൺ അടങ്ങിയ സംയുക്തങ്ങൾ ( ഓർഗാനിക് സംയുക്തങ്ങൾ എന്നും അറിയപ്പെടുന്നു ) ഇത്തരത്തിലുള്ള കെമിക്കൽ ബോണ്ടിംഗ് സാധാരണയായി കാണിക്കുന്നു.രണ്ട് ആറ്റങ്ങൾ പങ്കിടുന്ന ഇലക്ട്രോണുകൾ ഇപ്പോൾ ആറ്റങ്ങളുടെ ന്യൂക്ലിയസിന് ചുറ്റും വ്യാപിക്കുന്നു , ഇത് ഒരു തന്മാത്രയുടെ സൃഷ്ടിയിലേക്ക് നയിക്കുന്നു ."
"It is said Visakhapatnam was once a part of the empire of Kalinga, where emperor Ashoka fought a fierce battle.","വിശാഖപട്ടണം ഒരുകാലത്ത് കലിംഗ സാമ്രാജ്യത്തിന്റെ ഭാഗമായിരുന്നുവെന്ന് പറയപ്പെടുന്നു, അവിടെ അശോക ചക്രവർത്തി കടുത്ത യുദ്ധം നടത്തി."
Tagline,ടാഗ്‌ലൈൻ
"With the commencement of the 7th century, Harshavardhana (606-647 A.D.) ascended the throne of Thaneshwar and Kannauj on the death of his brother, Rajyavardhana. By 612 Harshavardhana consolidated his kingdom in northern India.","ഏഴാം നൂറ്റാണ്ട് ആരംഭിച്ചതോടെ, സഹോദരൻ രാജ്യവർധനൻറെ മരണത്തോടെ ഹർഷവർദ്ധനൻ (606-647 A.D.) താനേശ്വർ, കണ്ണൗജ് സിംഹാസനത്തിൽ എത്തിച്ചേർന്നു . 612 ആയപ്പോഴേക്കും ഹർഷവർദ്ധൻ ഉത്തരേന്ത്യയിൽ തന്റെ രാജ്യം ഏകീകരിച്ചു."
"Spanning the eastern coast of the Indian peninsula, Visakhapatnam, in Andhra Pradesh, is popular with tourists for its serene beaches and picturesque hill stations.",ഇന്ത്യൻ ഉപദ്വീപിന്റെ കിഴക്കൻ തീരത്ത് വ്യാപിച്ചുകിടക്കുന്ന ആന്ധ്രാപ്രദേശിലെ വിശാഖപട്ടണം പ്രശാന്തമായ ബീച്ചുകൾക്കും മനോഹരമായ ഹിൽ സ്റ്റേഷനുകൾക്കും വിനോദസഞ്ചാരികൾക്കിടയിൽ പേരുകേട്ടതാണ്.
October to March,ഒക്ടോബർ മുതൽ മാർച്ച് വരെ
Covalent Bonds,കോവലൽ ബോണ്ടുകൾ
"Nestled in the heart of Andhra Pradesh, the stunning Araku Valley is one of the most beautiful tourist stopovers near Visakhapatnam.",ആന്ധ്രാപ്രദേശിന്റെ ഹൃദയഭാഗത്തായി സ്ഥിതിചെയ്യുന്ന അതിശയകരമായ അരക്കു താഴ്വര വിശാഖപട്ടണത്തിനടുത്തുള്ള ഏറ്റവും മനോഹരമായ വിനോദസഞ്ചാര കേന്ദ്രമാണ്.
Harshavardhana,ഹർഷവർധനൻ
The type of chemical bonds formed vary in strength and properties.There are 4 primary types of chemical bonds which are formed by atoms or molecules to yield compounds.These types of chemical bonds include:,തരം കെമിക്കൽ ബോണ്ടുകൾ ശക്തിയിലും ഗുണങ്ങളിലും വ്യത്യാസപ്പെട്ടിരിക്കുന്നു.4 പ്രാഥമിക തരം കെമിക്കൽ ബോണ്ടുകൾ ആറ്റങ്ങൾ അല്ലെങ്കിൽ തന്മാത്രകൾ ഉണ്ടാക്കുന്നു .
Vedic Civilization,വേദ നാഗരികത
The park is noted for housing a 40-ft-high statue of Lord Shiva and Goddess Parvati that has become a popular symbol of the city.,നഗരത്തിന്റെ ജനപ്രിയ ചിഹ്നമായി മാറിയ 40 അടി ഉയരമുള്ള ശിവന്റെയും പാർവതി ദേവിയുടെയും പ്രതിമ സ്ഥാപിക്കുന്നതിനാണ് ഈ പാർക്ക് അറിയപ്പെടുന്നത്.
School organization facilitates the achievement of organizational goals and maintaining the organization for the progress of education. We need school organization for the following reasons:,സംഘടനാ ലക്ഷ്യങ്ങൾ കൈവരിക്കുന്നതിനും വിദ്യാഭ്യാസത്തിന്റെ പുരോഗതിക്കായി സംഘടനയെ പരിപാലിക്കുന്നതിനും സ്കൂൾ ഓർഗനൈസേഷൻ സഹായിക്കുന്നു. ഇനിപ്പറയുന്ന കാരണങ്ങളാൽ ഞങ്ങൾക്ക് സ്കൂൾ ഓർഗനൈസേഷൻ ആവശ്യമാണ്:
"The history of India is punctuated by constant integration of migrating people with the diverse cultures that surround India. Available evidence suggests that the use of iron, copper and other metals was widely prevalent in the Indian sub-continent at a fairly early period, which is indicative of the progress that this part of the world had made. By the end of the fourth millennium BC, India had emerged as a region of highly developed civilization.","ഇന്ത്യയെ ചുറ്റിപ്പറ്റിയുള്ള വൈവിധ്യമാർന്ന സംസ്കാരങ്ങളുമായി കുടിയേറുന്ന ആളുകളെ നിരന്തരം സംയോജിപ്പിക്കുന്നതിലൂടെയാണ് ഇന്ത്യയുടെ ചരിത്രം വിരാമമിടുന്നത്. ലഭ്യമായ തെളിവുകൾ സൂചിപ്പിക്കുന്നത് ഇരുമ്പ്, ചെമ്പ്, മറ്റ് ലോഹങ്ങൾ എന്നിവയുടെ ഉപയോഗം ഇന്ത്യൻ ഉപഭൂഖണ്ഡത്തിൽ വളരെ നേരത്തെ തന്നെ പ്രചാരത്തിലുണ്ടായിരുന്നു എന്നാണ്, ഇത് ലോകത്തിന്റെ ഈ ഭാഗം കൈവരിച്ച പുരോഗതിയെ സൂചിപ്പിക്കുന്നു. ബിസി നാലാം സഹസ്രാബ്ദത്തിന്റെ അവസാനത്തോടെ ഇന്ത്യ വളരെ വികസിത നാഗരികതയുടെ മേഖലയായി ഉയർന്നുവന്നു."
Tagline,ടാഗ്‌ലൈൻ എന്ന നഗരം
"Borra caves, one of the largest in the country, are a delight for adventure lovers, who get to walk to the deep reaches of the warmly-lit caves.","രാജ്യത്തെ ഏറ്റവും വലിയതായ ബോറ ഗുഹകൾ, ഊഷ്മളമായി പ്രകാശിക്കുന്ന ഗുഹകളുടെ ആഴമേറിയ സ്ഥലങ്ങളിലേക്ക് നടന്നെത്തുന്ന സാഹസിക പ്രേമികൾക്ക് ആനന്ദദായകമാണ്."
"It involves organization of students, teaching staff, ministerial staff, experts, board of managements etc. It is the organization and mobilization of all the persons who are legitimately concerned and interested in teaching-learning and other educational activities. All the persons engaged in the task have to be organized in such a way that each member may contribute his best in the joint activity and collective responsibility. This organization has to ensure the effective and harmonious utilization of their talents and energies.","ഇതിൽ വിദ്യാർത്ഥികൾ, അധ്യാപന ഉദ്യോഗസ്ഥർ, മിനിസ്റ്റീരിയൽ സ്റ്റാഫ്, വിദഗ്ധർ, ബോർഡ് ഓഫ് മാനേജ്മെൻറ് തുടങ്ങിയവ ഉൾപ്പെടുന്നു. നിയമാനുസൃതമായി ശ്രദ്ധയും അദ്ധ്യാപന-പഠനത്തിലും മറ്റ് വിദ്യാഭ്യാസ പ്രവർത്തനങ്ങളിലും താൽപ്പര്യമുള്ള എല്ലാ വ്യക്തികളുടെയും സംഘടനയും സമാഹരണവുമാണ് ഇത്. സംയുക്ത പ്രവർത്തനത്തിലും കൂട്ടായ ഉത്തരവാദിത്തത്തിലും ഓരോ അംഗവും പരമാവധി സംഭാവന ചെയ്യുന്ന തരത്തിൽ ചുമതലയിൽ ഏർപ്പെട്ടിരിക്കുന്ന എല്ലാ വ്യക്തികളും സംഘടിപ്പിക്കേണ്ടതുണ്ട്. ഈ സംഘടന അവരുടെ കഴിവുകളുടെയും .ർജ്ജത്തിന്റെയും ഫലപ്രദവും യോജിപ്പുള്ളതുമായ ഉപയോഗം ഉറപ്പാക്കേണ്ടതുണ്ട്."
"The highly civilized Harappans knew the art of growing cereals, and wheat and barley constituted their staple food. They consumed vegetables and fruits and ate mutton, pork and eggs as well. Evidences also show that they wore cotton as well as woollen garments. By 1500 BC, the Harappan culture came to an end. Among various causes ascribed to the decay of Indus Valley Civilization are the recurrent floods and other natural causes like earthquake, etc.","വളരെയധികം നാഗരികരായ ഹാരപ്പന്മാർക്ക് ധാന്യങ്ങൾ വളർത്തുന്ന കല അറിയാമായിരുന്നു, ഗോതമ്പും ബാർലിയും അവരുടെ പ്രധാന ഭക്ഷണമായിരുന്നു. അവർ പച്ചക്കറികളും പഴങ്ങളും കഴിക്കുകയും മട്ടൺ, പന്നിയിറച്ചി, മുട്ട എന്നിവയും കഴിക്കുകയും ചെയ്തു. പരുത്തിയും കമ്പിളി വസ്ത്രങ്ങളും അവർ ധരിച്ചിരുന്നുവെന്നും തെളിവുകൾ വ്യക്തമാക്കുന്നു. ബിസി 1500 ഓടെ ഹാരപ്പൻ സംസ്കാരം അവസാനിച്ചു. സിന്ധൂനദീതട നാഗരികതയുടെ അപചയത്തിന് കാരണമായ വിവിധ കാരണങ്ങളിൽ ആവർത്തിച്ചുള്ള വെള്ളപ്പൊക്കവും ഭൂകമ്പം പോലുള്ള പ്രകൃതിദത്ത കാരണങ്ങളും ഉൾപ്പെടുന്നു."
"Nothing was known about this civilization till 1920s when the Archaeological Department of India carried out excavations in the Indus valley wherein the ruins of the two old cities, viz.Mohenjodaro and Harappa were unearthed.","1920 കളിൽ സിന്ധൂ താഴ്‌വരയിൽ ഇന്ത്യ ആർക്കിയോളജിക്കൽ ഡിപ്പാർട്ട്‌മെന്റ് ഖനനം നടത്തിയതുവരെ ഈ നാഗരികതയെക്കുറിച്ച് ഒന്നും അറിയില്ലായിരുന്നു, അതിൽ രണ്ട് പഴയ നഗരങ്ങളുടെ അവശിഷ്ടങ്ങൾ.മോഹൻജൊദാരോയെയും ഹാരപ്പയെയും കണ്ടെത്തി ."
"Harshavardhana is well known for his religious toleration, able administration and diplomatic relations. He maintained diplomatic relations with China and sent envoys, who exchanged ideas of the Chinese rulers and developed their knowledge about each other.","മതപരമായ സഹിഷ്ണുത, കഴിവുള്ള ഭരണനിർവ്വഹണം, നയതന്ത്രബന്ധം എന്നിവയ്ക്ക് ഹർഷവർധന പ്രശസ്തനാണ്. ചൈനയുമായി നയതന്ത്രബന്ധം പുലർത്തുകയും ചൈനീസ് ഭരണാധികാരികളുടെ ആശയങ്ങൾ കൈമാറുകയും പരസ്പരം അവരുടെ അറിവ് വികസിപ്പിക്കുകയും ചെയ്ത ദൂതന്മാരെ അയച്ചു."
Ancient History,പുരാതനമായ ചരിത്രം
Attractions,ആകർഷണങ്ങൾ
Excerpt,ഉദ്ധരണി
"The History of India begins with the birth of the Indus Valley Civilization, more precisely known as Harappan Civilization. It flourished around 2,500 BC, in the western part of South Asia, what today is Pakistan and Western India. The Indus Valley was home to the largest of the four ancient urban civilizations of Egypt, Mesopotamia, India and China.","ഇന്ത്യയുടെ ചരിത്രം ആരംഭിക്കുന്നത് സിന്ധൂനദീതട നാഗരികതയുടെ ജനനത്തോടെയാണ്, കൂടുതൽ കൃത്യമായി ഹാരപ്പൻ നാഗരികത എന്നറിയപ്പെടുന്നു. ബിസി 2,500 ഓടെ ഇത് വളർന്നു, ദക്ഷിണേഷ്യയുടെ പടിഞ്ഞാറൻ ഭാഗത്ത്, ഇന്ന് പാകിസ്ഥാനും പടിഞ്ഞാറൻ ഇന്ത്യയും. ഈജിപ്ത്, മെസൊപ്പൊട്ടേമിയ, ഇന്ത്യ, ചൈന എന്നീ നാല് പുരാതന നഗര നാഗരികതകളിൽ ഏറ്റവും വലുതാണ് സിന്ധു താഴ്‌വര."
"India's history and culture is dynamic, spanning back to the beginning of human civilization. It begins with a mysterious culture along the Indus River and in farming communities in the southern lands of India.",ഇന്ത്യയുടെ ചരിത്രവും സംസ്കാരവും മനുഷ്യ നാഗരികതയുടെ ആരംഭം മുതൽ തന്നെ ചലനാത്മകമാണ് . സിന്ധു നദിക്കരയിലും ഇന്ത്യയുടെ തെക്കൻ ദേശങ്ങളിലെ കാർഷിക സമൂഹങ്ങളിലും നിലനിന്നിരുന്ന ഒരു അവ്യക്ത സംസ്കാരത്തിൽ നിന്നാണ് ഇത് ഉത്ഭവിക്കുന്നത്.
"Welcome friends to a new session on organizational process in schools. In this session, we will discuss the meaning of school organization. We will also see the objectives, scope and importance, principles of school organization. Lastly, we will discuss school as a social organization.","സ്കൂളുകളിലെ സംഘടനാ പ്രക്രിയയെക്കുറിച്ചുള്ള ഒരു പുതിയ സെഷനിലേക്ക് സുഹൃത്തുക്കളെ സ്വാഗതം ചെയ്യുന്നു . ഈ സെഷനിൽ, സ്കൂൾ ഓർഗനൈസേഷന്റെ അർത്ഥം നമ്മൾ ചർച്ച ചെയ്യും. സ്കൂൾ ഓർഗനൈസേഷന്റെ ലക്ഷ്യങ്ങൾ, വ്യാപ്തി, പ്രാധാന്യം, തത്വങ്ങൾ എന്നിവയും നമ്മൾ കാണും. അവസാനമായി, സ്കൂളിനെ ഒരു സാമൂഹിക സംഘടനയായി നമ്മൾ ചർച്ച ചെയ്യും."
Need for School Organization,സ്കൂൾ ഓർഗനൈസേഷന്റെ ആവശ്യം
Destination name,ലക്ഷ്യസ്ഥാനത്തിന്റെ പേര്
"These types of bonds in chemical bonding are formed from the loss, gain, or sharing of electrons between two atoms/molecules.","രണ്ട് ആറ്റങ്ങൾക്കും തന്മാത്രകൾക്കും ഇടയിൽ ഇലക്ട്രോണുകൾ പങ്കിടുന്ന നഷ്ടം , ലാഭനഷ്ടം , അല്ലെങ്കിൽ പങ്കിടൽ എന്നിവയിൽ നിന്നാണ് ഈ തരത്തിലുള്ള കെമിക്കൽ ബോണ്ടുകൾ ഉണ്ടാകുന്നത് ."
"The History of India begins with the birth of the Indus Valley Civilization, more precisely known as Harappan Civilization. It flourished around 2,500 BC, in the western part of South Asia, what today is Pakistan and Western India. The Indus Valley was home to the largest of the four ancient urban civilizations of Egypt, Mesopotamia, India and China.","ഇന്ത്യയുടെ ചരിത്രം ആരംഭിക്കുന്നത് സിന്ധൂനദീതട നാഗരികതയുടെ, കൂടുതൽ കൃത്യമായി പറഞ്ഞാൽ ഹാരപ്പൻ നാഗരികതയുടെ ആരംഭത്തോടെയാണ്. ബിസി 2,500 ഓടെ ഇത് ദക്ഷിണേഷ്യയുടെ പടിഞ്ഞാറൻ ഭാഗത്ത്, ഇന്ന് പാകിസ്ഥാനും പടിഞ്ഞാറൻ ഇന്ത്യയും ആയിരിക്കുന്ന ഇടങ്ങളിൽ വളർന്നു വികസിച്ചു . ഈജിപ്ത്, മെസൊപ്പൊട്ടേമിയ, ഇന്ത്യ, ചൈന എന്നീ നാല് പുരാതന നഗര നാഗരികതകളിൽ ഏറ്റവും വലുതാണ് സിന്ധൂനദീതട നാഗരികത."
"Organizational actions reflect values, interests, beliefs and expectations that are relatively stable and persistent. Perceptions are also developed within the organization regarding how various tasks should be solved and how good results can be achieved. Organizations are capable of constant adaptation to policy signals, reactions and changes in the external environment.","ഓർഗനൈസേഷണൽ പ്രവർത്തനങ്ങൾ താരതമ്യേന സുസ്ഥിരവും സ്ഥിരവുമായ മൂല്യങ്ങൾ, താൽപ്പര്യങ്ങൾ, വിശ്വാസങ്ങൾ, പ്രതീക്ഷകൾ എന്നിവ പ്രതിഫലിപ്പിക്കുന്നു. വിവിധ ജോലികൾ എങ്ങനെ പരിഹരിക്കണം, മികച്ച ഫലങ്ങൾ എങ്ങനെ നേടാം എന്നതിനെക്കുറിച്ചുള്ള ധാരണകളും സംഘടനയ്ക്കുള്ളിൽ വികസിപ്പിച്ചെടുത്തിട്ടുണ്ട്. നയ സിഗ്നലുകൾ, പ്രതികരണങ്ങൾ, ബാഹ്യ പരിതസ്ഥിതിയിലെ മാറ്റങ്ങൾ എന്നിവയുമായി നിരന്തരം പൊരുത്തപ്പെടാൻ ഓർഗനൈസേഷനുകൾക്ക് കഴിയും."
October to March,ഒക്ടോബർ മുതൽ മാർച്ച് വരെ test
Elsbree: “Organization of a school is the administrative expression of educational theory.”,എൽസ്ബ്രീ: “വിദ്യാഭ്യാസ സിദ്ധാന്തത്തിന്റെ ഭരണപരമായ പ്രകടനമാണ് ഒരു സ്കൂളിന്റെ ഓർഗനൈസേഷൻ.”
"The Indus valley civilization was basically an urban civilization and the people lived in well-planned and well-built towns, which were also the centers for trade. The ruins of Mohenjodaro and Harappa show that these were magnificent merchant cities-well planned, scientifically laid, and well looked after. They had wide roads and a well-developed drainage system. The houses were made of baked bricks and had two or more storeys.","സിന്ധൂ നദീതട നാഗരികത അടിസ്ഥാനപരമായി ഒരു നഗര നാഗരികതയായിരുന്നു, ജനങ്ങൾ ആസൂത്രിതവും നന്നായി നിർമ്മിച്ചതുമായ പട്ടണങ്ങളിൽ താമസിച്ചു, അവ വ്യാപാരത്തിന്റെ കേന്ദ്രങ്ങളായിരുന്നു. മൊഹൻജൊദാരോയുടെയും ഹാരപ്പയുടെയും അവശിഷ്ടങ്ങൾ കാണിക്കുന്നത് ഇവ ഗംഭീരമായ വ്യാപാര നഗരങ്ങളായിരുന്നു - നന്നായി ആസൂത്രണം ചെയ്തതും ശാസ്ത്രീയമായി സ്ഥാപിച്ചതും നന്നായി പരിപാലിച്ചതുമാണ്. അവർക്ക് വിശാലമായ റോഡുകളും നന്നായി വികസിപ്പിച്ച ഡ്രെയിനേജ് സംവിധാനവുമുണ്ടായിരുന്നു. ചുട്ടുപഴുത്ത ഇഷ്ടികകൊണ്ടാണ് വീടുകൾ നിർമ്മിച്ചത്, രണ്ടോ അതിലധികമോ നിലകളുണ്ടായിരുന്നു."
The Indus Valley Civilization,സിന്ധൂനദീതട നാഗരികത
"Nothing was known about this civilization till 1920s when the Archaeological Department of India carried out excavations in the Indus valley wherein the ruins of the two old cities, viz. Mohenjodaro and Harappa were unearthed. The ruins of buildings and other things like household articles, weapons of war, gold and silver ornaments, seals, toys, pottery wares, etc., show that some four to five thousand years ago a highly developed Civilization flourished in this region.","1920 കളിൽ സിന്ധൂ താഴ്‌വരയിൽ ഇന്ത്യ ആർക്കിയോളജിക്കൽ ഡിപ്പാർട്ട്‌മെന്റ് ഖനനം നടത്തിയതുവരെ ഈ നാഗരികതയെക്കുറിച്ച് ഒന്നും അറിയില്ലായിരുന്നു, അതിൽ രണ്ട് പഴയ നഗരങ്ങളുടെ അവശിഷ്ടങ്ങൾ. മോഹൻജൊദാരോയെയും ഹാരപ്പയെയും കണ്ടെത്തി. കെട്ടിടങ്ങളുടെ അവശിഷ്ടങ്ങൾ, വീട്ടുപകരണങ്ങൾ, യുദ്ധായുധങ്ങൾ, സ്വർണ്ണ, വെള്ളി ആഭരണങ്ങൾ, മുദ്രകൾ, കളിപ്പാട്ടങ്ങൾ, മൺപാത്ര സാധനങ്ങൾ തുടങ്ങിയവ കാണിക്കുന്നത് നാലോ അയ്യായിരം വർഷങ്ങൾക്ക് മുമ്പ് ഈ പ്രദേശത്ത് വളരെയധികം വികസിതമായ ഒരു നാഗരികത അഭിവൃദ്ധി പ്രാപിച്ചു എന്നാണ്."
"From Pataliputra, he laid the foundation of his empire and started conquering many neighbouring states with the help of the Licchavis. He ruled over Magadha (Bihar), Prayaga and Saketa (east Uttar Pradesh). His kingdom extended from the river Ganges to Allahabad. Chandragupta I also got the title of Maharajadhiraja (King of Kings) and ruled for about fifteen years.","പാടലീപുത്രത്തിൽ നിന്ന് അദ്ദേഹം തന്റെ സാമ്രാജ്യത്തിന്റെ അടിത്തറയിട്ടു, ഒപ്പം പല അയൽ സംസ്ഥാനങ്ങളെയും ലിച്ചവികളുടെ സഹായത്തോടെ കീഴടക്കാൻ തുടങ്ങി. മഗധ (ബീഹാർ), പ്രയാഗ, സകേത (കിഴക്കൻ ഉത്തർപ്രദേശ്) എന്നിവിടങ്ങളിൽ അദ്ദേഹം ഭരിച്ചു. അദ്ദേഹത്തിന്റെ രാജ്യം ഗംഗാ നദി മുതൽ അലഹബാദ് വരെ വ്യാപിച്ചു. ചന്ദ്രഗുപ്തൻ ഒന്നാമൻ മഹാരാജാധിരാജ (രാജാക്കന്മാരുടെ രാജാവ്) എന്ന സ്ഥാനപ്പേരും നേടി പതിനഞ്ചു വർഷത്തോളം ഭരിച്ചു."
Harshavardhana,ഹർഷവർധന
"In 326 BC, Alexander invaded India, after crossing the river Indus he advanced towards Taxila. He then challenged king Porus , ruler of the kingdom between the rivers Jhelum and Chenab. The Indians were defeated in the fierce battle, even though they fought with elephants, which the Macedonians had never before seen. Alexander captured Porus and, like the other local rulers he had defeated, allowed him to continue to govern his territory.","ക്രി.മു. 326-ൽ അലക്സാണ്ടർ ഇന്ത്യ ആക്രമിച്ചു, സിന്ധു നദി മുറിച്ചുകടന്ന് ടാക്‌സിലയിലേക്ക് നീങ്ങി. തുടർന്ന് അദ്ദേഹം ഝലം , ചെനാബ് നദികൾക്കിടയിലെ രാജ്യത്തിന്റെ ഭരണാധികാരിയായ പോറസ് രാജാവിനെ വെല്ലുവിളിച്ചു. മാസിഡോണിയക്കാർ മുമ്പൊരിക്കലും കണ്ടിട്ടില്ലാത്ത ആനകളുമായി യുദ്ധം ചെയ്തിട്ടും കടുത്ത യുദ്ധത്തിൽ ഇന്ത്യക്കാർ അവരോട് പ രാജയപ്പെട്ടു. അലക്സാണ്ടർ പോറസിനെയും കീഴടക്കിയെങ്കിലും , അദ്ദേഹം പരാജയപ്പെടുത്തിയ മറ്റ് പ്രാദേശിക ഭരണാധികാരികളെപ്പോലെ, തന്റെ പ്രദേശം തുടർന്നു ഭരിക്കുവാൻ അനുവദിച്ചു."
"The ruins of buildings and other things like household articles, weapons of war, gold and silver ornaments, seals, toys, pottery wares, etc., show that some four to five thousand years ago a highly developed Civilization flourished in this region.","കെട്ടിടങ്ങളുടെ അവശിഷ്ടങ്ങൾ, വീട്ടുപകരണങ്ങൾ, യുദ്ധായുധങ്ങൾ, സ്വർണ്ണ, വെള്ളി ആഭരണങ്ങൾ, മുദ്രകൾ, കളിപ്പാട്ടങ്ങൾ, മൺപാത്ര സാധനങ്ങൾ തുടങ്ങിയവ കാണിക്കുന്നത് നാലോ അയ്യായിരം വർഷങ്ങൾക്ക് മുമ്പ് ഈ പ്രദേശത്ത് വളരെയധികം വികസിതമായ ഒരു നാഗരികത വളർന്നുവന്നിരുന്നു എന്നാണ് ."
"School organization refers to how schools arrange the resources of time, space and personnel for maximum effect on student learning. Every aspect of the instructional programme will convey the values and goals of the staff toward students and their learning.","വിദ്യാർത്ഥികളുടെ പഠനത്തെ പരമാവധി സ്വാധീനിക്കുന്നതിനായി സമയം, സ്ഥലം, ഉദ്യോഗസ്ഥർ എന്നിവരുടെ വിഭവങ്ങൾ സ്കൂളുകൾ എങ്ങനെ ക്രമീകരിക്കുന്നുവെന്ന് സ്കൂൾ ഓർഗനൈസേഷൻ സൂചിപ്പിക്കുന്നു. പ്രബോധന പരിപാടിയുടെ എല്ലാ വശങ്ങളും വിദ്യാർത്ഥികളോടും അവരുടെ പഠനത്തോടും സ്റ്റാഫിന്റെ മൂല്യങ്ങളും ലക്ഷ്യങ്ങളും അറിയിക്കും."
The city of destiny,വിധിയുടെ നഗരം
"History says Visakhapatnam was ruled by king Visakha Varma, who built a temple here in the name of Lord Visakha and hence the city was minted.","വിശാഖപട്ടണം ഭരിച്ചിരുന്നത് വിശാഖ വർമ്മ, വിശാഖ പ്രഭുവിന്റെ പേരിൽ ഇവിടെ ഒരു ക്ഷേത്രം പണിയുകയും , അതിനാൽ നഗരം പരിപുഷ്ടമാവുകയും ചെയ്തു എന്നാണ് ചരിത്രം ."
Ionic Bonds,അയോണിക് ബോണ്ടുകള്‍
"Organizing, like planning, must be a carefully worked out and applied process. This process involves determining what work is needed to accomplish the goal, assigning those tasks to individuals, and arranging those individuals in a decision-making framework. The end result of the organizing process is an organization- a whole consisting of unified parts acting in harmony to execute tasks to achieve goals, both effectively and efficiently.","ആസൂത്രണം ചെയ്യുന്നത് പോലെ ഓർഗനൈസുചെയ്യുന്നത് ശ്രദ്ധാപൂർവ്വം തയ്യാറാക്കിയതും പ്രയോഗത്തിൽ വരുത്തുന്നതുമായ പ്രക്രിയയായിരിക്കണം. ലക്ഷ്യം കൈവരിക്കുന്നതിന് എന്ത് ജോലിയാണ് വേണ്ടതെന്ന് നിർണ്ണയിക്കുക, ആ ചുമതലകൾ വ്യക്തികൾക്ക് നൽകുക, തീരുമാനമെടുക്കുന്ന ചട്ടക്കൂടിൽ ആ വ്യക്തികളെ ക്രമീകരിക്കുക എന്നിവ ഈ പ്രക്രിയയിൽ ഉൾപ്പെടുന്നു. ഓർഗനൈസിംഗ് പ്രക്രിയയുടെ അന്തിമഫലം ഒരു ഓർഗനൈസേഷനാണ്-ലക്ഷ്യങ്ങൾ നേടുന്നതിനുള്ള ചുമതലകൾ ഫലപ്രദമായും കാര്യക്ഷമമായും നിർവഹിക്കുന്നതിന് യോജിപ്പിച്ച് പ്രവർത്തിക്കുന്ന ഏകീകൃത ഭാഗങ്ങൾ."
A difference in charge arises in different areas of the atom due to the uneven spacing of the electrons between the atoms.One end of the molecule tends to be partially positively charged and the other end tends to be partially negatively charged.,ആറ്റങ്ങൾ തമ്മിൽ ഇലക്ട്രോണുകൾ തമ്മിലുള്ള വിടവ് കാരണം ആറ്റത്തിന്റെ വിവിധ പ്രദേശങ്ങളിൽ ചാർജ് വ്യത്യാസപ്പെടുന്നു.തന്മാത്രയുടെ ഒരു അറ്റത്ത്‌ ഭാഗികമായി പോസിറ്റീവ് ചാർജും മറ്റേ അറ്റത്ത്‌ ഭാഗികമായി നെഗറ്റീവ് ചാർജും ആയിരിക്കും .
Hydrogen bonding in water,ഹൈഡ്രജൻ ബോണ്ട് വെള്ളം
"The History of India begins with the birth of the Indus Valley Civilization, more precisely known as Harappan Civilization.It flourished around 2,500 BC, in the western part of South Asia, what today is Pakistan and Western India.The Indus Valley was home to the largest of the four ancient urban civilizations of Egypt, Mesopotamia, India and China.","ഇന്ത്യയുടെ ചരിത്രം ആരംഭിക്കുന്നത് സിന്ധൂനദീതട നാഗരികതയുടെ ജനനത്തോടെയാണ്, കൂടുതൽ കൃത്യമായി ഹാരപ്പൻ നാഗരികത എന്നറിയപ്പെടുന്നു.ബിസി 2500 ഓടെ ഇത് വളർന്നു, ദക്ഷിണേഷ്യയുടെ പടിഞ്ഞാറൻ ഭാഗത്ത്, ഇന്ന് പാകിസ്ഥാനും പടിഞ്ഞാറൻ ഇന്ത്യയും.ഈജിപ്ത്, മെസൊപ്പൊട്ടേമിയ, ഇന്ത്യ, ചൈന എന്നീ നാല് പുരാതന നഗര നാഗരികതകളിൽ ഏറ്റവും വലുതാണ് സിന്ധു താഴ്‌വര ."
"School education is in a constant process of change. There is always a need to facilitate student learning in a specified direction in this changing process. School organization, which includes the management of teaching, planning and supervision of instruction, can help to achieve the goal of student learning. Therefore, we need school organization to achieve the above goals.","സ്കൂൾ വിദ്യാഭ്യാസം നിരന്തരമായ മാറ്റത്തിന്റെ പ്രക്രിയയിലാണ്. മാറുന്ന ഈ പ്രക്രിയയിൽ ഒരു നിശ്ചിത ദിശയിൽ വിദ്യാർത്ഥികളുടെ പഠനം സുഗമമാക്കേണ്ട ആവശ്യമുണ്ട്. അദ്ധ്യാപനത്തിന്റെ നടത്തിപ്പ്, ആസൂത്രണം, പ്രബോധനത്തിന്റെ മേൽനോട്ടം എന്നിവ ഉൾപ്പെടുന്ന സ്കൂൾ ഓർഗനൈസേഷൻ വിദ്യാർത്ഥികളുടെ പഠന ലക്ഷ്യം കൈവരിക്കാൻ സഹായിക്കും. അതിനാൽ, മുകളിലുള്ള ലക്ഷ്യങ്ങൾ നേടുന്നതിന് ഞങ്ങൾക്ക് സ്കൂൾ ഓർഗനൈസേഷൻ ആവശ്യമാണ്."
"Welcome friends to a new session on organizational process in schools. In this session, we will discuss the meaning of school organization. We will also see the objectives, scope and importance, principles of school organization. Lastly, we will discuss school as a social organization.","സ്കൂളുകളിലെ സംഘടനാ പ്രക്രിയയെക്കുറിച്ചുള്ള ഒരു പുതിയ സെഷനിലേക്ക് സുഹൃത്തുക്കളെ സ്വാഗതം ചെയ്യുക. ഈ സെഷനിൽ, സ്കൂൾ ഓർഗനൈസേഷന്റെ അർത്ഥം ഞങ്ങൾ ചർച്ച ചെയ്യും. സ്കൂൾ ഓർഗനൈസേഷന്റെ ലക്ഷ്യങ്ങൾ, വ്യാപ്തി, പ്രാധാന്യം, തത്വങ്ങൾ എന്നിവയും ഞങ്ങൾ കാണും. അവസാനമായി, സ്കൂളിനെ ഒരു സാമൂഹിക സംഘടനയായി ഞങ്ങൾ ചർച്ച ചെയ്യും."
"During the life time of Lord Gautam Buddha, sixteen great powers (Mahajanpadas) existed in the 7th and early 6th centuries BC. Among the more important republics were the Sakyas of Kapilavastu and the Licchavis of Vaishali.","ഗൗതമ ബുദ്ധന്റെ ജീവിതകാലത്ത്, ബിസി ഏഴാം നൂറ്റാണ്ടിലും ആറാം നൂറ്റാണ്ടിന്റെ തുടക്കത്തിലും പതിനാറ് മഹത്തായ ശക്തികൾ (മഹാജൻപദങ്ങൾ) നിലനിന്നിരുന്നു. ഏറ്റവും പ്രധാനപ്പെട്ട റിപ്പബ്ലിക്കുകളിൽ കപിലവാസ്തുവിലെ സാക്യന്മാരും വൈശാലിയുടെ ലിച്ചവിയും ഉൾപ്പെടുന്നു."
Gupta Dynasty,ഗുപ്ത രാജവംശം
"In 620 A.D. Harshavardhana invaded the Chalukya kingdom in the Deccan, which was then ruled by Pulakesin II. But the Chalukya resistance proved tough for Harshavardhana and he was defeated.","620-ൽ എ.ഡി. ഹർഷവർധനൻ അന്ന് പുലികേശി രണ്ടാമൻ ഭരിച്ചിരുന്ന ഡെക്കാനിലെ ചാലൂക്യ സാമ്രാജ്യത്തെ ആക്രമിച്ചു, . എന്നാൽ ചാലൂക്യരുടെ കഠിനമായ ചെറുത്തുനിൽപ്പ് ഹർഷവർധനനെ പരാജയപ്പെടുത്തി."
"Sears: J. B. Sears considers organization as a machine for doing work. It may be composed primarily of persons, of materials, of ideas, of concepts, symbols, forms, rules, principles or more often, of a combination of these. The machine may work automatically or its operation may be subject to human judgement and will.","സിയേഴ്സ്: ജെ. ബി. സിയേഴ്സ് ഓർഗനൈസേഷനെ ജോലി ചെയ്യുന്നതിനുള്ള ഒരു യന്ത്രമായി കണക്കാക്കുന്നു. ഇത് പലപ്പോഴും പ്രാഥമികമായി വ്യക്തികൾ, മെറ്റീരിയലുകൾ, ആശയങ്ങൾ, ആശയങ്ങൾ, ചിഹ്നങ്ങൾ, രൂപങ്ങൾ, നിയമങ്ങൾ, തത്ത്വങ്ങൾ എവയുടെ സംയോജനമാണ്. മെഷീൻ യാന്ത്രികമായി പ്രവർത്തിക്കാം അല്ലെങ്കിൽ അതിന്റെ പ്രവർത്തനം മനുഷ്യന്റെ ന്യായവിധിക്കും ഇച്ഛയ്ക്കും വിധേയമാകാം."
"﻿Hello everyone, welcome back to the session. So, in this session we will learn about the texturing, shading, texturing types and how we can assign the texture and the shading upon any model. Hope you have enjoyed the modeling and now you are able to create any kind of prop model in detail in Autodesk Maya application. So, after completing the modeling, it’s a time to start texturing and the shading. The procedure of applying the texture and the color to an object to create a drendrable is the called texturing process.","എല്ലാവര്‍ക്കും നമസ്കാരം . അതിനാൽ , ടെക്സ്റ്റിംഗ് , ഷേഡിംഗ് , ടെക്സ്ചറിംഗ് തരം , ടെക്സ്ചർ എന്നിവ സംബന്ധിച്ച് ഈ സെഷനിൽ നമ്മൾ പഠിക്കും . മോഡലിംഗ് നിങ്ങൾ ആസ്വദിച്ചിട്ടുണ്ടെന്ന് പ്രതീക്ഷിക്കുന്നു , ഇപ്പോൾ ഓട്ടോഡെസ്‌ക് മായ ആപ്ലിക്കേഷനിൽ നിങ്ങൾക്ക് ഏതെങ്കിലും തരത്തിലുള്ള പ്രോപ്പ് മാതൃക സൃഷ്ടിക്കാൻ കഴിയും . അതിനാൽ , മോഡലിംഗ് പൂർത്തിയാക്കിയ ശേഷം , ടെക്സ്റ്റിംഗും ഡിസൈനും ആരംഭിക്കാനുള്ള സമയമാണിത് . ടെക്സ്ചറും നിറവും ഒരു വസ്തു സൃഷ്ടിക്കുന്നതിനുള്ള പ്രക്രിയയാണ് ടെക്സ്റ്റിംഗ് പ്രക്രിയ ."
"Tourists visiting the valley can also visit Araku Tribal Museum, which gives a detailed insight into the lives of the people of Araku Valley by taking you through their rich history.","താഴ്വര സന്ദർശിക്കുന്ന സഞ്ചാരികൾക്ക് അരക്കു ട്രൈബൽ മ്യൂസിയവും സന്ദർശിക്കാം, ഇത് അരക്കു താഴ്വരയിലെ ജനങ്ങളുടെ ജീവിതത്തെക്കുറിച്ച് വിശദമായ ഉൾക്കാഴ്ച നൽകുന്നു."
"The other atom develops a positive charge and is called the cation.The ionic bond gains strength from the difference in charge between the two atoms, i.e. the greater the charge disparity between the cation and the anion, the stronger the ionic bond.","മറ്റൊരു ആറ്റം പോസിറ്റീവ് ചാർജ് വികസിപ്പിക്കുകയും അതിനെ cation എന്ന് വിളിക്കുകയും ചെയ്യുന്നു.രണ്ട് ആറ്റങ്ങൾ തമ്മിലുള്ള ചാർജിൽ വ്യത്യാസം അയോണിക് ബോണ്ടിന് ശക്തി നൽകുന്നു. സംയോജനവും അനിയനും തമ്മിലുള്ള അധികാര വ്യത്യാസം , അയോണിക ബന്ധം ശക്തിപ്പെടുത്തുന്നു ."
Types of Chemical Bonds,കെമിക്കൽ തരം
Hydrogen Bonds,ഹൈഡ്രജൻ ബോണ്ടുകൾ
"Covalent bonds can be either be Polar or Non-Polar in nature.In Polar Covalent chemical bonding, electrons are shared unequally since the more electronegative atom pulls the electron pair closer to itself and away from the less electronegative atom.Water is an example of such a polar molecule.",കോവലന്റ് ബോണ്ടുകൾ ധ്രുവമോ ആകാം.ധ്രുവത്തിലെ കെമിക്കൽ ബോണ്ടിംഗിൽ ഇലക്ട്രോൺ ആറ്റം ഇലക്ട്രോൺ ജോഡിയെ തന്നിലേക്ക് അടുപ്പിക്കുകയും കുറഞ്ഞ ഇലക്ട്രോണിക് ആറ്റത്തിൽ നിന്ന് അകറ്റി നിർത്തുകയും ചെയ്യുന്നു.ഇത്തരം ധ്രുവതന്മാത്രകളുടെ ഉദാഹരണമാണ് ജലം .
Hi,ഹായ്
"History says Visakhapatnam was ruled by king Visakha Varma, who built a temple here in the name of Lord Visakha and hence the city was minted.","വിശാഖപട്ടണം ഭരിച്ചിരുന്നത് വിശാഖ വർമ്മയാണ്, വിശാഖ പ്രഭുവിന്റെ പേരിൽ ഇവിടെ ഒരു ക്ഷേത്രം പണിതു, അതിനാൽ നഗരം ഖനനം ചെയ്തു."
Organizational Process in Schools,സ്കൂളുകളിലെ സംഘടനാ പ്രക്രിയ
"In 620 A.D. Harshavardhana invaded the Chalukya kingdom in the Deccan, which was then ruled by Pulakesin II. But the Chalukya resistance proved tough for Harshavardhana and he was defeated.","620-ൽ എ.ഡി. ഹർഷവർധനൻ ഡെക്കാനിലെ ചാലൂക്യ സാമ്രാജ്യത്തെ ആക്രമിച്ചു, അന്ന് പുലാകെസിൻ രണ്ടാമൻ ഭരിച്ചിരുന്നു. എന്നാൽ ചാലൂക്യ ചെറുത്തുനിൽപ്പ് ഹർഷവർധനയെ കഠിനമാക്കുകയും അദ്ദേഹം പരാജയപ്പെടുകയും ചെയ്തു."
Tagline,ടാഗ് ലൈൻ
"The history of India is punctuated by constant integration of migrating people with the diverse cultures that surround India. Available evidence suggests that the use of iron, copper and other metals was widely prevalent in the Indian sub-continent at a fairly early period, which is indicative of the progress that this part of the world had made. By the end of the fourth millennium BC, India had emerged as a region of highly developed civilization.","ഇന്ത്യയെ ചുറ്റിപ്പറ്റിയുള്ള വൈവിധ്യമാർന്ന സംസ്കാരങ്ങളുമായി കുടിയേറുന്ന ആളുകളെ നിരന്തരം സംയോജിപ്പിക്കുന്നതിലൂടെയാണ് ഇന്ത്യയുടെ ചരിത്രം രേഖപ്പെടുത്തപ്പെട്ടിരിക്കുന്നത് . ഇരുമ്പ്, ചെമ്പ്, മറ്റ് ലോഹങ്ങൾ എന്നിവയുടെ ഉപയോഗം ഇന്ത്യൻ ഉപഭൂഖണ്ഡത്തിൽ വളരെ നേരത്തെ തന്നെ പ്രചാരത്തിലുണ്ടായിരുന്നു എന്നാണ് ലഭ്യമായ തെളിവുകൾ സൂചിപ്പിക്കുന്നത്. ഇത് ലോകത്തിന്റെ ഈ ഭാഗം കൈവരിച്ച പുരോഗതിയെ സൂചിപ്പിക്കുന്നു. ബിസി നാലാം സഹസ്രാബ്ദത്തിന്റെ അവസാനത്തോടെ ഇന്ത്യ വളരെ വികസിത നാഗരികതയുടെ മേഖലയായി ഉയർന്നുവന്നു."
Stead: Prof. H. G. Stead stated that the organization is an agency by which we achieve the desired objectives.,സ്ഥാനം: ഞങ്ങൾ ഉദ്ദേശിച്ച ലക്ഷ്യങ്ങൾ കൈവരിക്കുന്ന ഒരു ഏജൻസിയാണ് ഓർഗനൈസേഷൻ എന്ന് പ്രൊഫ. എച്ച്. ജി.
Meaning of Organization (School Organization),ഓർഗനൈസേഷന്റെ അർത്ഥം (സ്കൂൾ ഓർഗനൈസേഷൻ)
"Borra caves, one of the largest in the country, are a delight for adventure lovers, who get to walk to the deep reaches of the warmly-lit caves.","രാജ്യത്തെ ഏറ്റവും വലിയ ബോറ ഗുഹകൾ സാഹസിക പ്രേമികൾക്ക് ആനന്ദദായകമാണ്, അവർ ly ഷ്മളമായി പ്രകാശിക്കുന്ന ഗുഹകളുടെ ആഴമേറിയ സ്ഥലങ്ങളിലേക്ക് നടക്കുന്നു."
b) Goal Development,b) ലക്ഷ്യ വികസനം
"The most popular attraction in the valley is Chaparai Waterfall, also known as Dumbriguda Falls.","താഴ്‌വരയിലെ ഏറ്റവും പ്രശസ്തമായ ആകർഷണം ചമ്പറായി വെള്ളച്ചാട്ടമാണ്, ഇത് ഡംബ്രിഗുഡ വെള്ളച്ചാട്ടം എന്നും അറിയപ്പെടുന്നു."
"Bordered by towering mountains and lush forests, the valley makes for an ideal spot to relax and nourish your soul.",ഉയർന്ന പർവതങ്ങളും സമൃദ്ധമായ വനങ്ങളും അതിർത്തിയിൽ കിടക്കുന്ന ഈ താഴ്വര നിങ്ങളുടെ ആത്മാവിനെ വിശ്രമിക്കാനും പരിപോഷിപ്പിക്കാനും പറ്റിയ സ്ഥലമാണ്.
"Primarily an industrial city, it draws a large number of tourists throughout the year.",പ്രാഥമികമായി ഒരു വ്യാവസായിക നഗരമായ ഇത് വർഷം മുഴുവനും ധാരാളം സഞ്ചാരികളെ ആകർഷിക്കുന്നു.
Polar Bonds,പോളാർ ബോണ്ടുകൾ
"During the life time of Lord Gautam Buddha, sixteen great powers (Mahajanpadas) existed in the 7th and early 6th centuries BC. Among the more important republics were the Sakyas of Kapilavastu and the Licchavis of Vaishali.","ഗ ut തം ബുദ്ധന്റെ ജീവിതകാലത്ത്, ബിസി ഏഴാം നൂറ്റാണ്ടിലും ആറാം നൂറ്റാണ്ടിന്റെ തുടക്കത്തിലും പതിനാറ് മഹത്തായ ശക്തികൾ (മഹാജൻപദങ്ങൾ) നിലനിന്നിരുന്നു. ഏറ്റവും പ്രധാനപ്പെട്ട റിപ്പബ്ലിക്കുകളിൽ കപിലവാസ്തുവിലെ സാക്യന്മാരും വൈശാലിയുടെ ലിച്ചവിസും ഉൾപ്പെടുന്നു."
"Organizing, like planning, must be a carefully worked out and applied process. This process involves determining what work is needed to accomplish the goal, assigning those tasks to individuals, and arranging those individuals in a decision-making framework. The end result of the organizing process is an organization- a whole consisting of unified parts acting in harmony to execute tasks to achieve goals, both effectively and efficiently.","ആസൂത്രണം ചെയ്യുന്നത് പോലെ ഓർഗനൈസുചെയ്യുന്നത് ശ്രദ്ധാപൂർവ്വം തയ്യാറാക്കിയതും പ്രയോഗത്തിൽ വരുത്തുന്നതുമായ പ്രക്രിയയായിരിക്കണം. ലക്ഷ്യം കൈവരിക്കുന്നതിന് എന്ത് ജോലിയാണ് വേണ്ടതെന്ന് നിർണ്ണയിക്കുക, ആ ചുമതലകൾ വ്യക്തികൾക്ക് നൽകുക, തീരുമാനമെടുക്കുന്ന ചട്ടക്കൂടിൽ ആ വ്യക്തികളെ ക്രമീകരിക്കുക എന്നിവ ഈ പ്രക്രിയയിൽ ഉൾപ്പെടുന്നു. ഓർഗനൈസിംഗ് പ്രക്രിയയുടെ അന്തിമഫലം ഒരു ഓർഗനൈസേഷനാണ് - ലക്ഷ്യങ്ങൾ നേടുന്നതിനുള്ള ചുമതലകൾ ഫലപ്രദമായും കാര്യക്ഷമമായും നിർവഹിക്കുന്നതിന് യോജിപ്പിച്ച് പ്രവർത്തിക്കുന്ന ഏകീകൃത ഭാഗങ്ങൾ."
Visakhapatnam,വിശാഖപട്ടണം
The Buddhist Era,ബുദ്ധമത കാലഘട്ടം
Polar Covalent Bonding,ധ്രുവ് വിവാഹബന്ധം
Ryburn: “Organization simply means the practical measures which we take to ensure that the system of work we use will be of the greatest possible assistance in carrying out our aims and of the greatest benefit to our children.”,റൈബർ‌ൻ‌: “ഓർ‌ഗനൈസേഷൻ‌ എന്നതിനർത്ഥം ഞങ്ങളുടെ ലക്ഷ്യങ്ങൾ‌ നടപ്പിലാക്കുന്നതിനും ഞങ്ങളുടെ കുട്ടികൾ‌ക്ക് ഏറ്റവും വലിയ നേട്ടമുണ്ടാക്കുന്നതിനും ഞങ്ങൾ‌ ഉപയോഗിക്കുന്ന തൊഴിൽ സമ്പ്രദായം സാധ്യമായ ഏറ്റവും വലിയ സഹായമാകുമെന്ന് ഉറപ്പാക്കാൻ ഞങ്ങൾ‌ സ്വീകരിക്കുന്ന പ്രായോഗിക നടപടികളാണ്.”
Alexander's Invasion,അലക്സാണ്ടറുടെ ആക്രമണം
"Sprawling over an area of 380 acre, the park offers spectacular views of the surrounding hills and the city.",380 ഏക്കർ വിസ്തൃതിയുള്ള ഈ പാർക്ക് ചുറ്റുമുള്ള കുന്നുകളുടെയും നഗരത്തിന്റെയും മനോഹരമായ കാഴ്ചകൾ നൽകുന്നു.
"The highly civilized Harappans knew the art of growing cereals, and wheat and barley constituted their staple food. They consumed vegetables and fruits and ate mutton, pork and eggs as well. Evidences also show that they wore cotton as well as woollen garments. By 1500 BC, the Harappan culture came to an end. Among various causes ascribed to the decay of Indus Valley Civilization are the recurrent floods and other natural causes like earthquake, etc.","വളരെയധികം നാഗരികരായ ഹാരപ്പന്മാർക്ക് ധാന്യങ്ങൾ വളർത്തുന്ന കല അറിയാമായിരുന്നു, ഗോതമ്പും ബാർലിയും അവരുടെ പ്രധാന ഭക്ഷണമായിരുന്നു. അവർ പച്ചക്കറികളും പഴങ്ങളും കൂടാതെ ആട്ടിറച്ചി, പന്നിയിറച്ചി, മുട്ട എന്നിവയും കഴിച്ചിരുന്നു. പരുത്തിയും കമ്പിളി വസ്ത്രങ്ങളും അവർ ധരിച്ചിരുന്നുവെന്നും തെളിവുകൾ വ്യക്തമാക്കുന്നു. ബിസി 1500 ഓടെ ഹാരപ്പൻ സംസ്കാരം അവസാനിച്ചു. സിന്ധൂനദീതട നാഗരികതയുടെ അപചയത്തിന് കാരണമായ വിവിധ കാരണങ്ങളിൽ ആവർത്തിച്ചുള്ള വെള്ളപ്പൊക്കവും ഭൂകമ്പം പോലുള്ള പ്രകൃതിദത്ത കാരണങ്ങളും ഉൾപ്പെടുന്നു."
Elsbree: “Organization of a school is the administrative expression of educational theory.”,എൽസ്ബ്രീ: “വിദ്യാഭ്യാസ സിദ്ധാന്തത്തിന്റെ ഭരണപരമായ പ്രകടനമാണ് ഒരു സ്കൂ ഓർഗനൈസേഷൻ.”
"Compared to ionic and covalent bonding, Hydrogen bonding is a weaker form of chemical bonding.It is a type of polar covalent bonding between oxygen and hydrogen wherein the hydrogen develops a partial positive charge.This implies that the electrons are pulled closer to the more electronegative oxygen atom.","അയോണിക് , കോവലന്റ് ബോണ്ടിംഗ് എന്നിവയുമായി താരതമ്യപ്പെടുത്തുമ്പോൾ ഹൈഡ്രജൻ ബോണ്ടിംഗ് ഒരു ദുർബലമായ രാസ ബന്ധനമാണ്.ഹൈഡ്രജൻ ഭാഗിക പോസിറ്റീവ് ചാർജ് വികസിപ്പിക്കുന്ന ഓക്സിജനും ഹൈഡ്രജനും തമ്മിലുള്ള ഒരു തരം ധ്രുവകോവലന്റ് ബന്ധനമാണിത്.ഇലക്ട്രോണുകൾ കൂടുതൽ ഇലക്ട്രോണിക് ഓക്സിജൻ ആറ്റത്തോട് അടുക്കുന്നു എന്നാണ് ഇത് സൂചിപ്പിക്കുന്നത് ."
India is a country of ancient culture and civilization.India is member of United Nations.It is a vast land so is full of diversities.It spreads from Kashmir to Kanyakumari and from Kutch to Imphal.People here in India have faith in various religions.,പുരാതന സംസ്കാരത്തിന്റെയും നാഗരികതയുടെയും രാജ്യമാണ് ഇന്ത്യ.ഇന്ത്യ ഐക്യരാഷ്ട്രസഭയിൽ അംഗമാണ്.വൈവിധ്യമാർന്ന സ്ഥലമായതിനാൽ ഇത് വിശാലമായ ഭൂമിയാണ്.ഇത് കശ്മീർ മുതൽ കന്യാകുമാരി വരെയും കച്ച് മുതൽ ഇംഫാൽ വരെയും വ്യാപിക്കുന്നു.ഇന്ത്യയിലെ ആളുകൾക്ക് വിവിധ മതങ്ങളിൽ വിശ്വാസമുണ്ട് .
"Harshavardhana is well known for his religious toleration, able administration and diplomatic relations. He maintained diplomatic relations with China and sent envoys, who exchanged ideas of the Chinese rulers and developed their knowledge about each other.","മതപരമായ സഹിഷ്ണുത, കഴിവുള്ള ഭരണനിർവ്വഹണം, നയതന്ത്രബന്ധം എന്നിവയ്ക്ക് ഹർഷവർധനൻ പ്രശസ്തനാണ്. ചൈനയുമായി നയതന്ത്രബന്ധം പുലർത്തുകയും ദൂതന്മാർ മുഖാന്തിരം ചൈനീസ് ഭരണാധികാരികളുമായി ആശയങ്ങൾ കൈമാറുകയും പരസ്പരം അറിവ് വികസിപ്പിക്കുകയും ചെയ്തു ."
"Located at a height of 2,990 ft, the mountain ranges of the Eastern Ghats make for a great escape for nature lovers and adventure enthusiasts.","2,990 അടി ഉയരത്തിൽ സ്ഥിതിചെയ്യുന്ന കിഴക്കൻ ഘട്ടത്തിലെ പർവതനിരകൾ പ്രകൃതിസ്‌നേഹികൾക്കും സാഹസികത ഇഷ്ടപ്പെടുന്നവർക്കും ഒരു മികച്ച രക്ഷപ്പെടലാണ്."
"Sprawling along the pristine waters of the Bay of Bengal, Visakhapatnam, the largest city of Andhra Pradesh, is a beach paradise.",ആന്ധ്രാപ്രദേശിലെ ഏറ്റവും വലിയ നഗരമായ വിശാഖപട്ടണം ബംഗാൾ ഉൾക്കടലിന്റെ തീരത്ത് വ്യാപിച്ചുകിടക്കുന്ന ഒരു ബീച്ച് പറുദീസയാണ്.
"In 326 BC, Alexander invaded India, after crossing the river Indus he advanced towards Taxila. He then challenged king Porus , ruler of the kingdom between the rivers Jhelum and Chenab. The Indians were defeated in the fierce battle, even though they fought with elephants, which the Macedonians had never before seen. Alexander captured Porus and, like the other local rulers he had defeated, allowed him to continue to govern his territory.","ക്രി.മു. 326-ൽ അലക്സാണ്ടർ ഇന്ത്യ ആക്രമിച്ചു, സിന്ധു നദി മുറിച്ചുകടന്ന് ടാക്‌സിലയിലേക്ക് നീങ്ങി. തുടർന്ന് അദ്ദേഹം um ലം, ചെനാബ് നദികൾക്കിടയിലെ രാജ്യത്തിന്റെ ഭരണാധികാരിയായ പോറസ് രാജാവിനെ വെല്ലുവിളിച്ചു. മാസിഡോണിയക്കാർ മുമ്പൊരിക്കലും കണ്ടിട്ടില്ലാത്ത ആനകളുമായി യുദ്ധം ചെയ്തിട്ടും കടുത്ത യുദ്ധത്തിൽ ഇന്ത്യക്കാർ പരാജയപ്പെട്ടു. അലക്സാണ്ടർ പോറസിനെ പിടിച്ചെടുത്തു, അദ്ദേഹം പരാജയപ്പെടുത്തിയ മറ്റ് പ്രാദേശിക ഭരണാധികാരികളെപ്പോലെ, തന്റെ പ്രദേശം ഭരിക്കുന്നത് തുടരാൻ അനുവദിച്ചു."
"The city is peppered with parks and gardens, where visitors can laze around and soak in the natural beauty.",പാർക്കുകളും പൂന്തോട്ടങ്ങളും കൊണ്ട് നിറഞ്ഞിരിക്കുന്ന ഈ നഗരത്തിൽ സന്ദർശകർക്ക് ചുറ്റിക്കറങ്ങാനും പ്രകൃതി സൗന്ദര്യത്തിൽ മുഴുകാനും കഴിയും.
"After the Kushanas, the Guptas were the most important dynasty. The Gupta period has been described as the Golden Age of Indian history. The first famous king of the Gupta dynasty was Ghatotkacha's son Chandragupta I. He married Kumaradevi, the daughter of the chief of the Licchavis. This marriage was a turning point in the life of Chandragupta I. He got Pataliputra in dowry from the Lichhavis.",കുശാനന്മാർക്ക് ശേഷം ഏറ്റവും പ്രധാനപ്പെട്ട രാജവംശമായിരുന്നു ഗുപ്തർ. ഇന്ത്യൻ ചരിത്രത്തിന്റെ സുവർണ്ണകാലം എന്നാണ് ഗുപ്ത കാലഘട്ടത്തെ വിശേഷിപ്പിക്കുന്നത്. ഗുപ്ത രാജവംശത്തിലെ ആദ്യത്തെ പ്രശസ്ത രാജാവ് ഗടോത്കച്ചയുടെ മകൻ ചന്ദ്രഗുപ്തൻ ഒന്നാമനായിരുന്നു. ലിച്ചാവിസിന്റെ തലവന്റെ മകളായ കുമാരദേവിയെ അദ്ദേഹം വിവാഹം കഴിച്ചു. ഈ വിവാഹം ചന്ദ്രഗുപ്തൻ ഒന്നാമന്റെ ജീവിതത്തിലെ ഒരു വഴിത്തിരിവായിരുന്നു. അദ്ദേഹത്തിന് ലിച്ചാവികളിൽ നിന്ന് സ്ത്രീധനമായി പട്ടാലിപുത്ര ലഭിച്ചു.
View More,കൂടുതൽ കാണുക
"A properly implemented organizing process should result in a work environment where all team members are aware of their responsibilities. If the organizing process is not conducted well, the results may yield confusion, frustration, loss of efficiency, and limited effectiveness.","ശരിയായി നടപ്പിലാക്കിയ ഓർ‌ഗനൈസിംഗ് പ്രക്രിയ എല്ലാ ടീം അംഗങ്ങൾക്കും അവരുടെ ഉത്തരവാദിത്തങ്ങളെക്കുറിച്ച് ബോധവാന്മാരായ ഒരു തൊഴിൽ അന്തരീക്ഷത്തിലേക്ക് നയിക്കും. ഓർ‌ഗനൈസേഷൻ‌ പ്രക്രിയ ശരിയായി നടത്തിയില്ലെങ്കിൽ‌, ഫലങ്ങൾ‌ ആശയക്കുഴപ്പം, നിരാശ, കാര്യക്ഷമത നഷ്‌ടപ്പെടൽ‌, പരിമിതമായ ഫലപ്രാപ്തി എന്നിവ നൽ‌കാം."
"Located at a height of 2,990 ft, the mountain ranges of the Eastern Ghats make for a great escape for nature lovers and adventure enthusiasts.","2,990 അടി ഉയരത്തിൽ സ്ഥിതിചെയ്യുന്ന കിഴക്കൻ ഘട്ടത്തിലെ പർവതനിരകൾ പ്രകൃതിസ്‌നേഹികൾക്കും സാഹസികത ഇഷ്ടപ്പെടുന്നവർക്കും ഒരു മികച്ച രക്ഷാകേന്ദ്രമാണ്."
The Ramayana and Mahabharata were the two great epics of this period.,രാമായണവും മഹാഭാരതവും ഈ കാലഘട്ടത്തിലെ രണ്ട് മഹത്തായ ഇതിഹാസങ്ങളായിരുന്നു.
"The Vedic civilization is the earliest civilization in the history of ancient India. It is named after the Vedas, the early literature of the Hindu people. The Vedic Civilization flourished along the river Saraswati, in a region that now consists of the modern Indian states of Haryana and Punjab. Vedic is synonymous with Hinduism, which is another name for religious and spiritual thought that has evolved from the Vedas.","പുരാതന ഇന്ത്യയുടെ ചരിത്രത്തിലെ ആദ്യകാല നാഗരികതയാണ് വേദ നാഗരികത. ഹിന്ദു ജനതയുടെ ആദ്യകാല സാഹിത്യമായ വേദങ്ങളുടെ പേരാണ് ഇതിന് നൽകിയിരിക്കുന്നത്. ആധുനിക ഇന്ത്യൻ സംസ്ഥാനങ്ങളായ ഹരിയാന, പഞ്ചാബ് എന്നിവ ഉൾപ്പെടുന്ന ഒരു പ്രദേശത്ത് സരസ്വതി നദിക്കരയിൽ വേദ നാഗരികത വളർന്നു. വേദങ്ങൾ ഹിന്ദുമതത്തിന്റെ പര്യായമാണ്, ഇത് വേദങ്ങളിൽ നിന്ന് പരിണമിച്ച മതപരവും ആത്മീയവുമായ ചിന്തയുടെ മറ്റൊരു പേരാണ്."
"For kids, the park offers an exciting toy train ride, which gives a circular tour of the site.","കുട്ടികൾക്കായി, പാർക്കിൽ ഒരു ആവേശകരമായ കളിപ്പാട്ട ട്രെയിൻ യാത്രയുമുണ്ട് , ഇത് സ്ഥലത്തിന് ചുറ്റും വൃത്താകൃതിയിലുള്ള സവാരി നൽകുന്നു."
"Popularly known as Vizag, the city is home to the oldest shipyard in the country, ancient temples and spectacular caves.","വിശാഖ് എന്നറിയപ്പെടുന്ന ഈ നഗരത്തിൽ രാജ്യത്തെ ഏറ്റവും പഴയ കപ്പൽശാല, പുരാതന ക്ഷേത്രങ്ങൾ, മനോഹരമായ ഗുഹകൾ എന്നിവയുണ്ട്."
"With the commencement of the 7th century, Harshavardhana (606-647 A.D.) ascended the throne of Thaneshwar and Kannauj on the death of his brother, Rajyavardhana. By 612 Harshavardhana consolidated his kingdom in northern India.","ഏഴാം നൂറ്റാണ്ട് ആരംഭിച്ചതോടെ, സഹോദരൻ രാജ്യവർധനയുടെ മരണത്തിൽ ഹർഷവർദ്ധനൻ (606-647 A.D.) താനേശ്വർ, കണ്ണൗജ് സിംഹാസനത്തിൽ കയറി. 612 ആയപ്പോഴേക്കും ഹർഷവർദ്ധൻ ഉത്തരേന്ത്യയിൽ തന്റെ രാജ്യം ഏകീകരിച്ചു."
"Popularly known as Vizag, the city is home to the oldest shipyard in the country, ancient temples and spectacular caves.","വിശാഖ് എന്നറിയപ്പെടുന്ന ഈ നഗരം രാജ്യത്തെ ഏറ്റവും പഴയ കപ്പൽശാല, പുരാതന ക്ഷേത്രങ്ങൾ, മനോഹരമായ ഗുഹകൾ എന്നിവയാണ്."
The Buddhist Era,ബുദ്ധമതം
"The Vedic civilization is the earliest civilization in the history of ancient India. It is named after the Vedas, the early literature of the Hindu people. The Vedic Civilization flourished along the river Saraswati, in a region that now consists of the modern Indian states of Haryana and Punjab. Vedic is synonymous with Hinduism, which is another name for religious and spiritual thought that has evolved from the Vedas.","പുരാതന ഇന്ത്യയുടെ ചരിത്രത്തിലെ ആദ്യകാല നാഗരികതയാണ് വേദ നാഗരികത. ഹിന്ദു ജനതയുടെ ആദ്യകാല സാഹിത്യമായ വേദങ്ങളുടെ പേരാണ് ഇതിന് നൽകിയിരിക്കുന്നത്. ആധുനിക ഇന്ത്യൻ സംസ്ഥാനങ്ങളായ ഹരിയാന, പഞ്ചാബ് എന്നിവ ഉൾപ്പെടുന്ന ഒരു പ്രദേശത്ത് സരസ്വതി നദിക്കരയിൽ വേദ നാഗരികത വളർന്നു. വേദങ്ങളിൽ നിന്ന് മതപരവും ആത്മീയവുമായ ചിന്തയിലൂടെ രൂപംകൊണ്ട ഹിന്ദു സംസ്കാരത്തിന്റെ മറ്റൊരു പേരാണ് വേദനാഗരികത ."
Hydrogen Bonding,ഹൈഡ്രജൻ ബോണ്ടിംഗ്
"Boasting stretches of golden sand kissed by tranquil waters, the city is surrounded by picturesque waterfalls, lush forests and scenic hill stations.",ശാന്തമായ വെള്ളത്താൽ ചുംബിക്കപ്പെട്ട സ്വർണ്ണ മണലിനു പ്രശസ്തമായ നഗരത്തിന് ചുറ്റും മനോഹരമായ വെള്ളച്ചാട്ടങ്ങളും സമൃദ്ധമായ വനങ്ങളും മനോഹരമായ ഹിൽ സ്റ്റേഷനുകളും ഉണ്ട്.
It is fondly called as Jewel on the Coromandel Coast.,കോറമാണ്ടൽ തീരത്തിന്റെ രത്നം എന്നാണ്ഇതിനെ സ്നേഹപൂർവ്വം വിളിക്കുന്നത്.
Araku Valley Nature,അരക്കു വാലി പ്രകൃതി
c) Organization of Ideas and Principles,സി) ആശയങ്ങളുടെയും തത്വങ്ങളുടെയും ഓർഗനൈസേഷൻ
Ionic Bonding,അയോണിക ബന്ധം
a) Constant Process of Change,a) മാറ്റത്തിന്റെ നിരന്തരമായ പ്രക്രിയ
"India's history and culture is dynamic, spanning back to the beginning of human civilization. It begins with a mysterious culture along the Indus River and in farming communities in the southern lands of India.","ഇന്ത്യയുടെ ചരിത്രവും സംസ്കാരവും ചലനാത്മകമാണ്, മനുഷ്യ നാഗരികതയുടെ ആരംഭം വരെ. സിന്ധു നദിക്കരയിലും ഇന്ത്യയുടെ തെക്കൻ ദേശങ്ങളിലെ കാർഷിക സമൂഹങ്ങളിലും ഒരു നിഗൂ culture സംസ്കാരത്തിൽ നിന്നാണ് ഇത് ആരംഭിക്കുന്നത്."
"Boasting stretches of golden sand kissed by tranquil waters, the city is surrounded by picturesque waterfalls, lush forests and scenic hill stations.",ശാന്തമായ വെള്ളത്താൽ ചുംബിച്ച സ്വർണ്ണ മണലിന്റെ പ്രശംസ പിടിച്ചുപറ്റിയ നഗരത്തിന് ചുറ്റുമുള്ള മനോഹരമായ വെള്ളച്ചാട്ടങ്ങളും സമൃദ്ധമായ വനങ്ങളും മനോഹരമായ ഹിൽ സ്റ്റേഷനുകളും ഉണ്ട്.
"Perched on a hilltop at a height of 304 m, the well-maintained Kailasagiri Park is a prime attraction of Visakhapatnam and makes for a great picnic spot.",304 മീറ്റർ ഉയരത്തിൽ ഒരു കുന്നിൻ മുകളിൽ സ്ഥിതിചെയ്യുന്ന കൈലസഗിരി പാർക്ക് വിശാഖപട്ടണത്തിന്റെ പ്രധാന ആകർഷണമാണ്.
a) Organization of Material Equipment,a) മെറ്റീരിയൽ ഉപകരണങ്ങളുടെ ഓർഗനൈസേഷൻ
"Even though the park can be accessed via road, the best way to reach here is taking a ropeway ride and enjoying the breathtaking views of the city on the way.","റോഡ് വഴി പാർക്കിലേക്ക് പ്രവേശിക്കാൻ കഴിയുമെങ്കിലും, ഇവിടെയെത്താനുള്ള ഏറ്റവും നല്ല മാർഗം ഒരു റോപ്‌വേ സവാരി നടത്തുകയും വഴിയിൽ നഗരത്തിന്റെ ആശ്വാസകരമായ കാഴ്ചകൾ ആസ്വദിക്കുകയും ചെയ്യുക എന്നതാണ്."
There is also a dedicated play area for children where they can enjoy horse riding and other activities.,"കുട്ടികൾക്ക് കുതിരസവാരി, മറ്റ് പ്രവർത്തനങ്ങൾ എന്നിവ ആസ്വദിക്കാൻ കഴിയുന്ന ഒരു പ്രത്യേക കളിസ്ഥലമുണ്ട്."
"Nothing was known about this civilization till 1920s when the Archaeological Department of India carried out excavations in the Indus valley wherein the ruins of the two old cities, viz. Mohenjodaro and Harappa were unearthed. The ruins of buildings and other things like household articles, weapons of war, gold and silver ornaments, seals, toys, pottery wares, etc., show that some four to five thousand years ago a highly developed Civilization flourished in this region.","1920 കളിൽ സിന്ധൂ താഴ്‌വരയിൽ ഇന്ത്യ ആർക്കിയോളജിക്കൽ ഡിപ്പാർട്ട്‌മെന്റ് ഖനനം നടത്തി അതിൽ രണ്ട് പഴയ നഗരങ്ങളുടെ അവശിഷ്ടങ്ങൾ,മോഹൻജൊദാരോയെയും ഹാരപ്പയെയും, കണ്ടെത്തുംവരെ ഈ നാഗരികതയെക്കുറിച്ച് ആർക്കും ഒരു അറിവും ഇല്ലായിരുന്നു. കെട്ടിടങ്ങളുടെ അവശിഷ്ടങ്ങൾ, വീട്ടുപകരണങ്ങൾ, യുദ്ധായുധങ്ങൾ, സ്വർണ്ണ, വെള്ളി ആഭരണങ്ങൾ, മുദ്രകൾ, കളിപ്പാട്ടങ്ങൾ, മൺപാത്ര സാധനങ്ങൾ തുടങ്ങിയവയിൽ കാണാൻ കഴിയുന്നത് നാലോ അഞ്ചോ ആയിരം വർഷങ്ങൾക്ക് മുമ്പ് ഈ പ്രദേശത്ത് വളരെയധികം വികസിതമായ ഒരു നാഗരികത അഭിവൃദ്ധി പ്രാപിച്ചിരുന്നു എന്നാണ്."
Exploring life in the underbelly of the sea as you move through the various rooms that house exhibits showing the same can be an exciting experience.,വിവിധ മുറികളിലൂടെ നീങ്ങുമ്പോൾ കടലിന്റെ അടിവയറ്റിലെ ജീവിതം പര്യവേക്ഷണം ചെയ്യുന്നത് ഒരേപോലെ കാണിക്കുന്ന വീട് പ്രദർശിപ്പിക്കുന്നത് ആവേശകരമായ അനുഭവമായിരിക്കും.
"The desirable ideas and principles are organized and translated into school systems, time schedules, norms of achievement, rules and regulations, curricular and co-curricular programmes. This aspect of organization caters to policy framing, drawing up priorities, working out innovations, and institutional programmes for improvements and reforms.","അഭികാമ്യമായ ആശയങ്ങളും തത്വങ്ങളും സ്കൂൾ സംവിധാനങ്ങൾ, സമയ ഷെഡ്യൂളുകൾ, നേട്ടത്തിന്റെ മാനദണ്ഡങ്ങൾ, ചട്ടങ്ങളും നിയന്ത്രണങ്ങളും, കരിക്കുലർ, കോ-കരിക്കുലർ പ്രോഗ്രാമുകളിലേക്ക് വിവർത്തനം ചെയ്യുന്നു. ഓർഗനൈസേഷന്റെ ഈ വശം നയരൂപീകരണം, മുൻ‌ഗണനകൾ തയ്യാറാക്കൽ, പുതുമകൾ സൃഷ്ടിക്കൽ, മെച്ചപ്പെടുത്തലുകൾക്കും പരിഷ്കാരങ്ങൾക്കുമുള്ള സ്ഥാപന പരിപാടികൾ എന്നിവ നിറവേറ്റുന്നു."
"After the Kushanas, the Guptas were the most important dynasty. The Gupta period has been described as the Golden Age of Indian history. The first famous king of the Gupta dynasty was Ghatotkacha's son Chandragupta I. He married Kumaradevi, the daughter of the chief of the Licchavis. This marriage was a turning point in the life of Chandragupta I. He got Pataliputra in dowry from the Lichhavis.",കുശാനന്മാർക്ക് ശേഷം ഏറ്റവും പ്രധാനപ്പെട്ട രാജവംശമായിരുന്നു ഗുപ്തർ. ഇന്ത്യൻ ചരിത്രത്തിന്റെ സുവർണ്ണകാലം എന്നാണ് ഗുപ്ത കാലഘട്ടത്തെ വിശേഷിപ്പിക്കുന്നത്. ഗുപ്ത രാജവംശത്തിലെ ആദ്യത്തെ പ്രശസ്ത രാജാവ് ഗടോത്കച്ചയുടെ മകൻ ചന്ദ്രഗുപ്തൻ ഒന്നാമനായിരുന്നു. ലിച്ചാവിസിന്റെ തലവന്റെ മകളായ കുമാരദേവിയെ അദ്ദേഹം വിവാഹം കഴിച്ചു. ഈ വിവാഹം ചന്ദ്രഗുപ്തൻ ഒന്നാമന്റെ ജീവിതത്തിലെ ഒരു വഴിത്തിരിവായിരുന്നു. അദ്ദേഹത്തിന് ലിച്ചാവികളിൽ നിന്ന് സ്ത്രീധനമായി പാടലീപുത്രം ലഭിച്ചു.
"The educational system is a sub-system of the society. Therefore, the society not only provides human and material resources, but also has certain expectations that the schools will achieve certain goals.Since society is in a constant process of change, the needs of society change and so do the goal specifications. It is essential for the educational institutions to be responsive to these changing expectations through school organization. School organization helps the teachers and others who are concerned with school education to continuously examine and evaluate the progress of education in a changing society.","വിദ്യാഭ്യാസ സമ്പ്രദായം സമൂഹത്തിന്റെ ഒരു ഉപവ്യവസ്ഥയാണ്. അതിനാൽ, സമൂഹം മാനുഷികവും ഭ material തികവുമായ വിഭവങ്ങൾ പ്രദാനം ചെയ്യുന്നുവെന്ന് മാത്രമല്ല, സ്കൂളുകൾ ചില ലക്ഷ്യങ്ങൾ കൈവരിക്കുമെന്ന് ചില പ്രതീക്ഷകളും ഉണ്ട്. സമൂഹം നിരന്തരമായ മാറ്റത്തിന്റെ പ്രക്രിയയിലായതിനാൽ, സമൂഹത്തിന്റെ ആവശ്യങ്ങൾ മാറുന്നു, അതിനാൽ ലക്ഷ്യ സവിശേഷതകളും ചെയ്യുന്നു. മാറിക്കൊണ്ടിരിക്കുന്ന ഈ പ്രതീക്ഷകളോട് വിദ്യാഭ്യാസ സ്ഥാപനങ്ങൾ പ്രതികരിക്കേണ്ടത് അത്യാവശ്യമാണ്. മാറിക്കൊണ്ടിരിക്കുന്ന ഒരു സമൂഹത്തിൽ വിദ്യാഭ്യാസത്തിന്റെ പുരോഗതി നിരന്തരം പരിശോധിക്കാനും വിലയിരുത്താനും സ്കൂൾ ഓർഗനൈസേഷൻ അധ്യാപകരെയും സ്കൂൾ വിദ്യാഭ്യാസവുമായി ബന്ധപ്പെട്ട മറ്റുള്ളവരെയും സഹായിക്കുന്നു."
"It involves organization of building, campus, grounds, accommodation, furniture, fittings, libraries, laboratories, workshops etc. It implies arrangement of each physical facility in such a way that each item can be most efficiently used and no wastage takes place. Equipment will be proportionate to the number of students and nature of school programmes.","കെട്ടിടം, കാമ്പസ്, മൈതാനം, താമസം, ഫർണിച്ചർ, ഫിറ്റിംഗുകൾ, ലൈബ്രറികൾ, ലബോറട്ടറികൾ, വർക്ക് ഷോപ്പുകൾ തുടങ്ങിയവയുടെ ഓർഗനൈസേഷൻ ഇതിൽ ഉൾപ്പെടുന്നു. ഓരോ ഇനങ്ങളും ഏറ്റവും കാര്യക്ഷമമായി ഉപയോഗിക്കാൻ കഴിയുന്ന തരത്തിൽ ഓരോ ഭ physical തിക സൗകര്യങ്ങളുടെയും ക്രമീകരണം ഇത് സൂചിപ്പിക്കുന്നു. ഉപകരണങ്ങൾ വിദ്യാർത്ഥികളുടെ എണ്ണത്തിനും സ്കൂൾ പ്രോഗ്രാമുകളുടെ സ്വഭാവത്തിനും ആനുപാതികമായിരിക്കും."
How are you?,എങ്ങനെയുണ്ട് ?
It is also the headquarters of the Eastern Command of the Indian Navy.,ഇന്ത്യൻ നാവികസേനയുടെ ഈസ്റ്റേൺ കമാൻഡിന്റെ ആസ്ഥാനം കൂടിയാണിത്.
It is fondly called as Jewel on the Coromandel Coast.,കോറമാണ്ടൽ തീരത്ത് ഇതിനെ ജുവൽ എന്നാണ് വിളിക്കുന്നത്.
"The main attraction in the city is a submarine-turned-museum, the first of its kind in Asia.","നഗരത്തിലെ പ്രധാന ആകർഷണം ഒരു അന്തർവാഹിനി രൂപം മാറിയ മ്യൂസിയമാണ്, ഏഷ്യയിലെ ആദ്യത്തേതാണ് ഇത്."
Exploring life in the underbelly of the sea as you move through the various rooms that house exhibits showing the same can be an exciting experience.,വിവിധ മുറികളിലൂടെ നീങ്ങുമ്പോൾ കടലാഴങ്ങളിലെ ലോകത്തെ പരിചയപ്പെടുത്തുന്ന വസ്തുക്കൾ പ്രദർശിപ്പിച്ചിരിക്കുന്നത് കടലിന്റെ അടിത്തട്ടിലെ ജീവിതം പര്യവേക്ഷണം ചെയ്യുന്നതുപോലെ ആവേശകരമായ അനുഭവമായിരിക്കും.
View More,കൂടുതൽ കാണു
"Elements of Discrete Mathematics, C.L. Liu., Tata McGraw-Hill Publishing Company Ltds.2nd edition",ഇംഗ്ലീഷ് വിലാസം cl ടാറ്റ മഗ്രാഹിൽ പബ്ലിഷിംഗ് കമ്പനി ലിമിറ്റഡ് രണ്ടാം പതിപ്പ്
(a),( എ )
Sequences are special types of functions with their own notation.,സീക്വൻസുകൾ അവയുടെ സ്വന്തം നോട്ടേഷനുമായി പ്രത്യേക തരം ഫംഗ്ഷനുകളാണ് .
◦ Some polyatomic anions can be named as:,ചില പോളിഅറ്റമിക് ആനയോണുകളുടെ പേരുകൾ
and,കൂടാതെ
"Functions are ordinarily denoted by symbols.For example, let f denote a function from A into B.Then we write","ഫങ്ഷനുകളെ പ്രതീകങ്ങളാൽ സൂചിപ്പിക്കുന്നു.ഉദാഹരണത്തിന്, f ഒരു ഫങ്ഷനെ b-ലേക്ക് സൂചിപ്പിക്കാം ."
"Graph of f = {(a, b) | a ∈ A, b = f (a)}",f = b ) ഗ്രാഫിന്റെ ഗ്രാഫ്
"where j1 = σ (i).The set of all such permutations is denoted by Sn, and there are n!= n(n − 1) · · · 3 2 1 of them.For example,","j1 = ii).ഇത്തരം അനുമാനങ്ങളുടെ കൂട്ടം sn ആണ്, n ഉണ്ട്! ഒരു ഉദാഹരണം :"
"The image of f is the set of image values, {r, s, u}.Note that t does not belong to the image of f because t is not the image of any element under f.",f ഇമേജ് മൂല്യങ്ങളുടെ കൂട്ടമാണ്.f ന് കീഴിലുള്ള ഏതെങ്കിലും മൂലകത്തിന്റെ പ്രതിച്ഛായയല്ലാത്തതിനാൽ t f ന്റെ പ്രതിച്ഛായയിലല്ല .
f o g: the function that assigns f(g(x)) to x,fo g : x ലേക്ക് f ( x ) എന്ന ഫങ്ഷന്‍
bijection: a function that is both one to one and onto,ബൈജക്ഷൻ : ഒന്നോ രണ്ടോ ഫങ്ഷൻ
"(c) Let A be any set.The function from A into A which assigns to each element in A the element itself is called the identity function on A and it is usually denoted by IA, or simply I.In other words, for every a ∈ A, IA(a) = a.","(സി) ഏതു സെറ്റും വെക്കാം.ഒരു മൂലകത്തിലെ ഓരോ ഘടകത്തിനും ഏതെങ്കിലുമൊരു പദാർത്ഥത്തിൽ നിന്നുമുള്ള പ്രവർത്തനം a യിൽ ഐഡന്റിറ്റി ഫംഗ്ഷൻ എന്ന് വിളിക്കുന്നു, ഇത് സാധാരണയായി ia അല്ലെങ്കിൽ ലളിതമായി സൂചിപ്പിക്കുന്നു.മറ്റു വാക്കുകളിൽ പറഞ്ഞാൽ, ഓരോ പൗരനും ia (a) = a ."
"C)one-to-one, onto D) neither one-to-one nor onto",c ) വൺറ്റൂൺ ഡി - യിലോ വൺടോണിലോ
Let k be any integer and let M be a positive integer.Then,എന്നിട്ട് ഞാന്‍ ഒരു നല്ല ഇന്റിജര്‍ ആകട്ടെ .
"Problem 1: In one molecule of the compound, determine how many atoms of every element are present for each one of these chemical formulas.","പ്രശ്‌നം 1 : ഒരു തന്മാത്രയിൽ , ഈ രാസസൂത്രങ്ങളിൽ ഓരോന്നിനും എത്ര ആറ്റങ്ങൾ ഉണ്ടെന്നു നിർണയിക്കുക ."
"In the first notation, x is called a variable and the letter f denotes the function.In the second notation, the barred arrow → is read “goes into.”In the last notation, x is called the independent variable and y is called the dependent variable since the value of y will depend on the value of x.","ആദ്യ നോട്ടത്തിൽ , x ഒരു വേരിയബിൾ എന്നും അക്ഷരത്തെ f ഫംഗ്ഷനെ സൂചിപ്പിക്കുന്നു.രണ്ടാമത്തെ കുറിപ്പിൽ , ബാരെഡ് ആർട്ട് റൈഡ് വായിക്കുന്നു.അവസാന നോട്ടേഷനിൽ , x സ്വതന്ത്രമായ വേരിയബിൾ എന്ന് വിളിക്കുന്നു , കാരണം y യുടെ മൂല്യം x ന്റെ മൂല്യത്തെ ആശ്രയിച്ചിരിക്കും ."
"According to Indian Education Commission (1964-66)- “The group of schools, built around a secondary school, as the minimum viable unit of educational reform is termed as school complex.”",ഇന്ത്യൻ വിദ്യാഭ്യാസ കമ്മിഷൻ ( 1964 - 66 ) അനുസരിച്ച് സെക്കൻഡറി സ്കൂളിന് ചുറ്റുമുള്ള ഒരു കൂട്ടം സ്കൂളുകൾ നിർമ്മിച്ചു .
"For example ,","ഉദാഹരണത്തിന്,"
"where j1 = σ (i).The set of all such permutations is denoted by Sn, and there are n!= n(n − 1) · · · 3 2 1 of them.For example,","j1 = ii ).ഇത്തരം അനുമാനങ്ങളുടെ കൂട്ടം sn ആണ് , n ഉണ്ട് ! ഒരു ഉദാഹരണം :"
k = Mq+r where 0≤ r<M,കെ = mq + r
"Ca10(PO4)6(OH)2 – Hydroxyapatite, that is present in the enamel of the tooth",ca10 ( oh ) 6 ( oh ) പോക്സിയാപാറ്റൈറ്റ് ( oh ) .
0≡ M(mod M) and a±M ≡ a(mod M),"എം), എ. എം (എം ."
"(b) Consider the following three relations on the set A = {1, 2, 3}:","( എ , 2 , 3 ) സെറ്റിലെ പിൻവരുന്ന മൂന്നു ബന്ധങ്ങൾ പരിചിന്തിക്കുക :"
onto function: a function from A to B such that every element of B is the image of some element of A,ഫങ്ഷനിലേക്ക് : b യുടെ എല്ലാ ഘടകങ്ങളും ഒരു ഘടകത്തിന്റെ പ്രതിച്ഛായയാണ്
"If x itself is an integer, then otherwise","x സ്വയം ഒരു പൂർണ്ണസംഖ്യയാണെങ്കിൽ , അല്ലാത്തപക്ഷം"
Which of the following relations is a function?,ഇനിപ്പറയുന്ന ബന്ധങ്ങളിൽ ഏതാണ് പ്രവർത്തനം ?
then k(mod M) = M − r' when,പിന്നെ കെ ( mod ) = imar ' എന്നായിരുന്നപ്പോള്‍
"Three classes of logarithms are of special importance: logarithms to base 10, called common logarithms; logarithms to base e, called natural logarithms; and logarithms to base 2, called binary logarithms.Some texts write","മൂന്ന് തരം ലോഗരിഥങ്ങൾ പ്രത്യേക പ്രാധാന്യമുള്ളവയാണ് : കോമൺ ലോഗരിഥം , കോമൺ ലോഗരിതം , ലോഗരിഥം , ഇ ബേസ് , സ്വാഭാവിക ലോഗരിഥങ്ങൾ , ലോഗരിഥംസ് ടു 2 ."
"| − 15| = 15, |7| = 7, | − 3.33| = 3.33, |4.44| = 4.44, | − 0.075| = 0.075.We note that |x| = | − x| and, for , |x| is positive.","പ്രതീഷ്|15| = 15,| 7| = 7| 33| = 3.33| 4.44| = 4.44| 0. 075 = 0.075. നമ്മൾ കുറിക്കുന്നു| = പിന്നെ, x| പോസിറ്റീവ് ."
Give an example each for an increasing function and a decreasing function with the set of real numbers as its domain and codomain that is not one-to-one.,"വർദ്ധിച്ചുവരുന്ന ഒരു ഫംഗ്ഷന് ഓരോന്നിനും ഒരു ഉദാഹരണം നൽകുക , യഥാർത്ഥ സംഖ്യകളുടെ കൂട്ടത്തോടൊപ്പം ഒരു ഡൊമൈനും കോഡൊമെയ്നും ആയി കുറയുന്നു ."
Name of the Chemical Compound,രാസ സംയുക്തത്തിന്റെ പേര്
"Problem 1: In one molecule of the compound, determine how many atoms of every element are present for each one of these chemical formulas.","പ്രശ്‌നം 1 : ഒരു തന്മാത്രയിൽ, ഈ രാസസൂത്രങ്ങളിൽ ഓരോന്നിനും എത്ര ആറ്റങ്ങൾ ഉണ്ടെന്നു നിർണയിക്കുക ."
"Now let us summarise the contents of this session.We have started the session by recalling the definition of a function.We discussed its properties, and the graph of a function.We then defined and understood different types of functions that are important.",ഈ സെഷന്റെ ഉള്ളടക്കം നമുക്ക് സംഗ്രഹിക്കാം.ഒരു ഫങ്ഷന്റെ നിര്‍വചനം ഓര്‍ത്തുകൊണ്ട് ഞങ്ങള്‍ സെഷന്‍ ആരംഭിച്ചു.ഞങ്ങൾ അതിന്‍റെ ഗുണങ്ങളും ഒരു പ്രവർത്തനത്തിന്‍റെ ഗ്രാഫും ചർച്ച ചെയ്‌തു.തുടർന്ന് നമ്മൾ വിവിധ തരത്തിലുള്ള പ്രവർത്തനങ്ങൾ നിർവചിക്കുകയും മനസ്സിലാക്കുകയും ചെയ്തു .
WHAT IS A SCHOOL COMPLEX?,ഒരു സ്കൂൾ സമുച്ചയം എന്താണ് ?
2.If then fof(x) is,ഫഫ് (x) ആണെങ്കില്‍
PO43-,പോപ്പ് 43
Summary,സംഗ്രഹം
◦ Anions having oxyanions (oxygen + another element) usually have a suffix as –ate.For example – SO42- (Sulphate),ഓക്‌സിയാനോണുകൾ അഥവാ (ഓക്‌സിജൻ + മറ്റൊരു ഘടകം) ഉള്ള ആനയോണുകൾക്ക് സാധാരണഗതിയിൽ പേരിന്റെ അവസാനം -- ഏറ്റ് എന്ന് വരുന്നു.ഉദാ: SO42 -(സൾഫേറ്റ്)
Acetate formula,അസറ്റ് ഫോര്‍മുല
• to discuss properties of functions,പ്രവർത്തനങ്ങളുടെ സവിശേഷതകൾ
HCN – hydrogen cyanide –It’s a toxic gas,എച്ച് .
"Set Theory and Related Topics, Seymour Lipschutz Schaum’s Outline Series, Second Edition, TMH Education Pvt. Ltd.","തിയറിയും അനുബന്ധ വിഷയങ്ങളും , സൈമർ ലിപ്ഷൂറ്റ്സ് ഷാംസ് ഔട്ട്‌ലൈൻ സീരീസ് , രണ്ടാം പതിപ്പ് , ടിഎംഎച്ച് എഡ്യൂക്കേഷൻ പ്രൈവറ്റ് ലിമിറ്റഡ്"
Solved Examples,പരിഹാരം ഉദാഹരണങ്ങൾ
"A function f : A → B is said to be an onto function if each element of B is the image of some element of A.In other words, f : A → B is onto if the image of f is the entire codomain, i.e., if f (A) = B.In such a case we say that f is a function from A onto B or that f maps A onto B.","ഒരു ഫങ്ഷൻ f : b യുടെ ഓരോ മൂലകവും a യുടെ ചില ഘടകങ്ങളുടെ പ്രതിച്ഛായയാണെങ്കിൽ ഒരു ഫങ്ഷൻ ആണ്.മറ്റൊരു വിധത്തിൽ പറഞ്ഞാൽ, f : f ന്റെ ചിത്രം മുഴുവൻ കോഡമൈൻ ആണെങ്കിൽ, അതായത് f (a) = b ആണെങ്കിൽ.അത്തരമൊരു സാഹചര്യത്തിൽ എഫ് എന്നത് b യിൽ നിന്നോ b യിലേക്കോ ഉള്ള ഒരു ഫങ്ഷനാണെന്ന് നമ്മൾ പറയുന്നു ."
"There is another point of view from which functions may be considered.First of all, every function f : A → B gives rise to a relation from A to B called the graph of f and defined by",എല്ലാ ഫങ്ഷനുകളും ഏത് ഫംഗ്ഷനാണെന്ന് കണക്കാക്കാവുന്ന മറ്റൊരു ആശയം ഉണ്ട്.ആദ്യത്തേത് f : a എന്ന ഫങ്ഷൻ f - ൽ നിന്ന് ഗ്രാഫ് എഫ് എന്ന് വിളിക്കുകയും നിർവചിക്കുകയും ചെയ്യുന്നു .
"For example,","ഉദാഹരണത്തിന് ,"
"a ≡ b(mod M) if any only if M divides b−a M is called the modulus, and a ≡ b(mod M) is read “a is congruent to b modulo M”.The following aspects of the congruence relation are frequently useful:",memodulus എന്ന മോഡ്യൂളസ് എന്ന് വിളിച്ചാൽ മാത്രമേ ( mo ) ബന്ധത്തിന്റെ വശങ്ങൾ ഉണ്ടാകൂ .
WHAT IS A SCHOOL COMPLEX?,ഒരു സ്കൂൾ സമുച്ചയം എന്താണ്?
(a),(എ)
"This section presents various mathematical functions which appear often in the analysis of algorithms, and in computer science in general, together with their notation.We also discuss the exponential and logarithmic functions, and their relationship.","അൽഗോരിതത്തിന്റെ വിശകലനത്തിൽ പലപ്പോഴും പ്രത്യക്ഷപ്പെടുന്ന വിവിധ ഗണിത ഫംഗ്ഷനുകളും കമ്പ്യൂട്ടർ ശാസ്ത്രവും അവയുടെ വ്യാഖ്യാനത്തോടൊപ്പം പൊതുവിൽ അവതരിപ്പിക്കുന്നു.എക്സ്പോണൻഷ്യൽ , ലോഗാറിത്മിക് പ്രവർത്തനങ്ങളും അവയുടെ ബന്ധവും നമ്മൾ ചർച്ച ചെയ്യുന്നു ."
"Consider the functions f1: A → B, f2: B → C, f3: C → D and f4: D → E defined by the diagram of Fig. 3.1.Now f1 is one-to-one since no element of B is the image of more than one element of A. Similarly, f2 is one-to-one.However, neither f3 nor f4 is one-to-one since f3(r ) = f3(u) and f4(v) = f4(w)","f1-ന്റെ ഫംഗ്ഷനുകൾ ശ്രദ്ധിക്കുക : a, b, f2 : ce, f3 : c, f4 : direagire figh.ഇപ്പോൾ f1 എന്നത് a യുടെ ഒന്നിലധികം മൂലകങ്ങളുടെ ഇമേജാണ്.അതുപോലെ, f2 വൺറ്റൂൺ ആണ്. എന്നിരുന്നാലും, f3 (r) = f3 (u), f4 (v) = f4 (w)"
(a) Let f : A → B be the function defined in Example 1.1 (b).Then the graph of f is as follows:,(എ) എഫ്‌ .
"Functions are ordinarily denoted by symbols.For example, let f denote a function from A into B.Then we write","ഫങ്ഷനുകളെ പ്രതീകങ്ങളാൽ സൂചിപ്പിക്കുന്നു.ഉദാഹരണത്തിന് , f ഒരു ഫങ്ഷനെ b - ലേക്ക് സൂചിപ്പിക്കാം ."
"f (a) = s, f (b) = u, f (c) = r, f (d) = s","എഫ് ( എ ) = s , f ( b ) = u , f ( c ) = r , f ( d ) = s"
Polyatomic Anion,പോളിടോമിക് അനിമേഷൻ
"Thus f1 is one-to-one but not onto, f3 is onto but not one-to-one and f4 is neither one-to-one nor onto.However, f2 is both one-to-one and onto, i.e., is a one-to-one correspondence between A and B. Hence f2 is invertible and f2−1 is a function from C to B.","f1 വണ്‍ടോണാണ് , f3 അങ്ങനെയല്ല , പക്ഷേ വണ്‍ടോണും f4 ഉം ഒന്നുമല്ല.എന്നിരുന്നാലും , എഫ് 2 എന്നത് എ , ബി എന്നിവയ്ക്കിടയിലുള്ള ഒരു വൺടോൺ കത്തിടപാടാണ്. അതിനാൽ f2 എന്നത് c ൽ നിന്നുള്ള ഒരു പ്രവർത്തനമാണ് ."
"One of the most important concepts in mathematics is that of a function.The terms “map,” “mapping,” “transformation,” and many others mean the same thing; the choice of which word to use in a given situation is usually determined by tradition and the mathematical background of the person using the term.","ഗണിതത്തിലെ ഏറ്റവും പ്രധാനപ്പെട്ട ആശയങ്ങളിലൊന്ന് ഒരു പ്രവർത്തനമാണ്.ഭൂപടം, മാപ്പിംഗ്, പരിവർത്തനം, മറ്റ് പല പദങ്ങളും ഒരേ കാര്യം, ഒരു നിശ്ചിത അവസ്ഥയിൽ ഏത് പദം ഉപയോഗിക്കണമെന്ന പദത്തിന്റെ തിരഞ്ഞെടുപ്പ് സാധാരണയായി പാരമ്പര്യവും പദത്തിന്റെ ഗണിത പശ്ചാത്തലവും ആണ് നിർണ്ണയിക്കുന്നത് ."
"There are several chemical formulae, however, here is a list of most important Chemical Formulas in chemistry.","എന്നിരുന്നാലും , രസതന്ത്രത്തിലെ ഏറ്റവും പ്രധാനപ്പെട്ട രാസസൂത്രങ്ങളുടെ പട്ടിക ഇവിടെയുണ്ട് ."
sequence: a function with domain that is a subset of the set of integers,സീക്വൻസ് : ഇന്റേജറിന്റെ സബ്സെറ്റായ ഡൊമൈനുമായുള്ള ഒരു ഫങ്ഷൻ
k(mod M),കെ (എം .
Objectives,ലക്ഷ്യങ്ങൾ
"When k is positive, simply divide k by M to obtain the remainder r. Thus","k പോസിറ്റീവ് ആണെങ്കിൽ , ബാക്കി r ലഭിക്കാൻ k നെ m ആയി വിഭജിക്കുക ."
"Logarithms are related to exponents as follows.Let b be a positive number.The logarithm of any positive number x to be the base b, written",ലോഗരിതം പ്രവാസികളുമായി ബന്ധപ്പെട്ടിരിക്കുന്നു : b ഒരു പോസിറ്റീവ് സംഖ്യയായിരിക്കട്ടെ.ഏതൊരു പോസിറ്റീവ് സംഖ്യയുടെയും ലോഗരിഥം ബി അടിസ്ഥാനമാക്കിയുള്ളതാണ് .
"A function f : A → B is a relation from A to B (i.e., a subset of A × B) such that each a ∈ A belongs to a unique ordered pair (a, b) in f.","ഒരു ഫങ്ഷൻ എഫ് : ഒരു ഫങ്ഷൻ : a france : a (a, b) ഒരു പ്രത്യേക ഓർഡർ ജോഡിയിൽ നിന്നുള്ള ഒരു ഉപഭോക്തൃ ബന്ധമാണ് ."
"A school complex provides for organizing subject committee meetings, preparation of teaching aids, inter-school competitions and visits, sharing of library books, laboratory facilities and games material, organizing of refresher courses for the professional growth of teachers and planning evaluation programmes collectively.","സബ്ജക്ട് കമ്മിറ്റി മീറ്റിംഗുകൾ സംഘടിപ്പിക്കുക, എയ്ഡ്സ് ടീച്ചിംഗ്, ഇന്റർസ്കൂൾ മത്സരങ്ങൾ, സന്ദർശനങ്ങൾ, ലൈബ്രറി പുസ്തകങ്ങൾ, ലബോറട്ടറി സൗകര്യങ്ങൾ, അവലോകന പരിപാടികൾ സംഘടിപ്പിക്കുക ."
floor function of x: the largest integer not exceeding x,x ന്റെ ഫ്ലോര്‍ ഫങ്ഷന്‍ : ഏറ്റവും വലിയ സംഖ്യാ x
"A school complex provides for organizing subject committee meetings, preparation of teaching aids, inter-school competitions and visits, sharing of library books, laboratory facilities and games material, organizing of refresher courses for the professional growth of teachers and planning evaluation programmes collectively.","സബ്ജക്ട് കമ്മിറ്റി മീറ്റിംഗുകൾ സംഘടിപ്പിക്കുക , എയ്ഡ്സ് ടീച്ചിംഗ് , ഇന്റർസ്കൂൾ മത്സരങ്ങൾ , സന്ദർശനങ്ങൾ , ലൈബ്രറി പുസ്തകങ്ങൾ , ലബോറട്ടറി സൗകര്യങ്ങൾ , അവലോകന പരിപാടികൾ സംഘടിപ്പിക്കുക ."
Integer and Absolute Value Functions,ഇന്‍റിജറും മൂല്യ ഫംഗ്ഷനുകളും
Al(OH)3,അൽ ( ഓ ) 3
"Consider the functions f1: A → B, f2: B → C, f3: C → D and f4: D → E defined by the diagram of Fig. 3.1.Now f1 is one-to-one since no element of B is the image of more than one element of A. Similarly, f2 is one-to-one.However, neither f3 nor f4 is one-to-one since f3(r ) = f3(u) and f4(v) = f4(w)","f1 - ന്റെ ഫംഗ്ഷനുകൾ ശ്രദ്ധിക്കുക : a , b , f2 : ce , f3 : c , f4 : direagire figh.ഇപ്പോൾ f1 എന്നത് a യുടെ ഒന്നിലധികം മൂലകങ്ങളുടെ ഇമേജാണ്.അതുപോലെ , f2 വൺറ്റൂൺ ആണ്. എന്നിരുന്നാലും , f3 ( r ) = f3 ( u ) , f4 ( v ) = f4 ( w )"
(1) f :R → R is one-to-one if each horizontal line intersects the graph of f in at most one point.,( 1 ) എഫ് : ഓരോ തിരശ്ചീന വരിയും f - ന്റെ ഗ്രാഫിനെ മിക്കവാറും ഒരു പോയിന്റിൽ സംയോജിപ്പിച്ചാൽ r - is ontoone .
f ◦IA = f and IB ◦f = f,ia = f ഉം f ഉം
Al(OH)3,അൽ (ഓ) 3
"Accordingly, if f is both one-to-one and onto, i.e. invertible, then each horizontal line will intersect the graph of f at exactly one point.","അതിനാൽ, f വൺറ്റൂൺ ആണെങ്കിൽ, അതായത് എഫ്. തിരശ്ചീനമായി, ഓരോ തിരശ്ചീന വരിയും f ന്റെ ഗ്രാഫ് കൃത്യമായി ഒരു പോയിന്റിൽ ഇടകലർത്തും ."
"C)one-to-one, onto D) neither one-to-one nor onto",c) വൺറ്റൂൺ ഡി-യിലോ വൺടോണിലോ
7.Draw the graphs of each of the following functions:,"7 , താഴെ പറയുന്ന ഫങ്ഷനുകളുടെ ഗ്രാഫുകള്‍ വരയ്ക്കുക :"
"In fact, exponents are extended to include all real numbers by deﬁning, for any real number x,","യഥാർത്ഥത്തിൽ , എക്സ്പ്ലോററിന്റെ എല്ലാ യഥാർത്ഥ സംഖ്യകളും ഉൾപ്പെടുത്തുന്നതിനായി എക്സ്ചേഞ്ചുകൾ നീട്ടി ."
"The Commission further says- “It is possible to provide certain facilities and equipment, which cannot be provided separately to each school, jointly for all schools in a complex”.",ഒരു സമുച്ചയത്തില്‍ എല്ലാ സ്‌കൂളുകള്‍ക്കും പ്രത്യേകം സൗകര്യങ്ങളും ഉപകരണങ്ങളും നല്‍കാന്‍ കഴിയില്ലെന്നും കമ്മീഷന്‍ വ്യക്തമാക്കി .
"Graph of f = {(a, b) | a ∈ A, b = f (a)}",f = b ) ഗ്രാഫിന്റെ ഗ്രാഫ് f = b) ഗ്രാഫിന്റെ ഗ്രാഫ്
Quiz,ക്വിസ്
"(b) Figure 1.1 defines a function f from A = {a, b, c, d} into B = {r, s, t , u} in the obvious way.Here","( ബി ) 1.1 ഒരു ഫങ്ഷൻ f = { a , b , c , d } എന്നതിൽ നിന്ന് b = { r , s , t , t , u എന്നിങ്ങനെ വ്യക്തമായ രീതിയിൽ നിർവചിക്കുന്നു ."
"For example ,","ഉദാഹരണത്തിന് ,"
7.Draw the graphs of each of the following functions:,"7, താഴെ പറയുന്ന ഫങ്ഷനുകളുടെ ഗ്രാഫുകള്‍ വരയ്ക്കുക :"
"Consider now functions of the form f : R → R.Since the graphs of such functions may be plotted in the Cartesian plane R2 and since functions may be identified with their graphs, we might wonder whether the concepts of being one-to-one and onto have some geometrical meaning.The answer is yes.",ഫോം f : r.അത്തരം പ്രവർത്തനങ്ങളുടെ ഗ്രാഫുകൾ കാർട്ടേസിയൻ പ്ലെയിൻ r2-ൽ ആസൂത്രണം ചെയ്യപ്പെട്ടിരിക്കാം.ഉത്തരം അതെ എന്നാണ് .
4.The range of the function is,"4 , ഫങ്ഷന്റെ പരിധി"
"A function f : A → B is a relation from A to B (i.e., a subset of A × B) such that each a ∈ A belongs to a unique ordered pair (a, b) in f.","ഒരു ഫങ്ഷൻ എഫ് : ഒരു ഫങ്ഷൻ : a france : a ( a , b ) ഒരു പ്രത്യേക ഓർഡർ ജോഡിയിൽ നിന്നുള്ള ഒരു ഉപഭോക്തൃ ബന്ധമാണ് ."
List of Chemical Compound Formula,രാസ സംയുക്തങ്ങളുടെ ഫോർമുല പട്ടിക
A) B),ബി)
"The graphs of these functions appear in Fig. 3.2.Observe that there are horizontal lines which intersect the graph of f1 twice and there are horizontal lines which do not intersect the graph of f1 at all; hence f1 is neither one-to-one nor onto.Similarly, f2 is one-to-one but not onto, f3 is onto but not one-to-one and f4 is both one-to-one and onto.The inverse of f4 is the cube root function, .","ഈ ഫങ്ഷനുകളുടെ ഗ്രാഫുകൾ fig-ൽ കാണാം.2.എഫ്1 ഗ്രാഫിനെ രണ്ടുതവണ ഇന്റർസെറ്റ് ചെയ്യുന്ന ഹൊറിസോണ്ടൽ വരികൾ ഉണ്ട്.അതുപോലെ, f2 വൺടോൺ ആണ്, f3 അങ്ങനെയല്ല, പക്ഷേ വൺടോണും f4 ഉം വൺടോണും അല്ല. f4 ന്റെ വിപരീതമാണ് ക്യൂബ് റൂട്ട് ഫംഗ്ഷന്‍ ."
We have discussed about relations and their properties and partial ordering in the last class.We have also seen what is the difference between a relation and a function.Let us discuss a bit more about functions in this class to have a better understanding of different types of functions.,കഴിഞ്ഞ ക്ലാസില്‍ അവരുടെ ബന്ധങ്ങളെക്കുറിച്ചും അവരുടെ ഗുണങ്ങളെക്കുറിച്ചും ഭാഗിക ഉത്തരവുകളെക്കുറിച്ചും ഞങ്ങള്‍ ചര്‍ച്ച ചെയ്തു.ഒരു ബന്ധവും ഒരു പ്രവർത്തനവും തമ്മിലുള്ള വ്യത്യാസം എന്താണ് എന്ന് നമ്മൾ കണ്ടു.ഈ ക്ലാസ്സിലെ പ്രവര്‍ത്തനങ്ങളെക്കുറിച്ച് നമുക്ക് കുറച്ചുകൂടി ചര്‍ച്ച ചെയ്യാം .
"The restriction of any function f : A → B, denoted by f |S is the function from S into B such that, for any x ∈ S, f |S (x) = f (x)","എഫ് ഫങ്ഷനുകളുടെ നിയന്ത്രണം : എഫ്. s (s) s-ൽ നിന്നുള്ള പ്രവർത്തനമാണ്, അതായത് f, f, f (x) = f (x) = f (x)"
"Some texts use the terms injective for a one-to-one function, surjective for an onto function, and bijective for a one-to-one correspondence.","ചില ടെക്സ്റ്റുകൾ ഒരു വൺടോൺ ഫംഗ്ഷനുവേണ്ടി ഇൻജെക്റ്റീവ് , ഫംഗ്ഷന് ശസ്ത്രക്രിയ , ഒരു വൺടോൺ കറസ്പോണ്ടൻസ് എന്നിവയ്ക്കായി ബിജുവിൽ പദങ്ങൾ ഉപയോഗിക്കുന്നു ."
"Suppose that g is a function from A to B and f is a function from B to C.If f and fog are one to one, does it imply that g is one-to one.Justify your answer.","b മുതൽ c വരെയുള്ള ഒരു ഫങ്ഷനാണ് g എന്ന് കരുതുക.എഫ് , ഫോഗ് എന്നിവ ഒന്നിന് ഒന്നാണെങ്കിൽ g ഒന്നാണെന്ന് ഇത് സൂചിപ്പിക്കുന്നു.നിങ്ങളുടെ ഉത്തരം ന്യായീകരിക്കുക ."
"A school complex is a cluster of schools.It is a group of neighborhood schools, comprising a number of primary, upper primary, secondary schools and one or more senior secondary schools which function together in an integrated way as one educational unit.These are well-knit schools and they function as one cooperative group for raising the quality of education.The member schools plan their activities in such a way as to give help to and receive help from the sister institutions grouped together in one school complex.The teachers working in the senior and junior schools of the locality can join hands and work together to pool their ideas, efforts and resources for improving the quality of education.","സ്കൂൾ സമുച്ചയം ഒരു ക്ലസ്റ്റർ ആണ്.പ്രാഥമിക , അപ്പർ പ്രൈമറി , സെക്കൻഡറി സ്കൂളുകൾ , ഒന്നോ അതിലധികമോ സീനിയർ സെക്കൻഡറി സ്കൂളുകൾ എന്നിവ ഉൾപ്പെടുന്ന ഒരു കൂട്ടം അയൽ സ്കൂളുകളാണ് ഇത്.ഇവ വെൽകിറ്റ് സ്കൂളുകളാണ് , അവ വിദ്യാഭ്യാസ ഗുണനിലവാരം ഉയർത്തുന്നതിന് ഒരു സഹകരണ ഗ്രൂപ്പായി പ്രവർത്തിക്കുന്നു.ഒരു സ്‌കൂൾ കോംപ്ലക്‌സിൽ ചേർന്ന സഹോദരി സ്ഥാപനങ്ങളിൽനിന്നു സഹായം സ്വീകരിക്കാനും സഹായം സ്വീകരിക്കാനും സഹായിക്കുന്ന തരത്തിൽ അംഗങ്ങളായ സ്‌കൂളുകൾ തങ്ങളുടെ പ്രവർത്തനങ്ങൾ ആസൂത്രണം ചെയ്യുന്നു.പ്രദേശത്തെ സീനിയര്‍ , ജൂനിയര്‍ സ്‌കൂളുകളില്‍ ജോലി ചെയ്യുന്ന അധ്യാപകര്‍ക്ക് കൈകോര്‍ത്ത് അവരുടെ ആശയങ്ങളും , ശ്രമങ്ങളും , വിഭവങ്ങളും , വിദ്യാഭ്യാസത്തിന്റെ ഗുണനിലവാരം മെച്ചപ്പെടുത്തുന്നതിനായി ഒന്നിച്ച് പ്രവര്‍ത്തിക്കാം ."
"which is read: “f is a function from A into B,” or “f takes (or maps) A into B.” If a ∈ A, then f(a) (read: “f of a”) denotes the unique element of B which f assigns to a; it is called the image of a under f, or the value of f at a.The set of all image values is called the range or image of f.The image of f : A → B is denoted by Ran(f ), Im(f ) or f (A).","അതിൽ ഇങ്ങനെ വായിക്കുന്നു : f ഒരു b യിൽ നിന്നോ b യിലേക്കോ (അല്ലെങ്കിൽ മാപ്പുകൾ) a ലേക്ക് എടുക്കും.(എ) എഫ്‌.എല്ലാ ഇമേജ് മൂല്യങ്ങളുടെയും കൂട്ടത്തെ എഫ് റേഞ്ച് അല്ലെങ്കിൽ ഇമേജ് എന്ന് വിളിക്കുന്നു. f ന്റെ ചിത്രം : ran (f), im (f) അല്ലെങ്കിൽ f (a) ."
(g◦f )(a) ≡ g(f (a)),( ഗൈഡ് )
Sequences,സീക്വൻസ്
"where the ais are real numbers.Since R is an infinite set, it would be impossible to plot each point of the graph.However, the graph of such a function can be approximated by first plotting some of its points and then drawing a smooth curve through these points.The points are usually obtained from a table where various values are assigned to x and the corresponding values of f (x) are computed.Figure 2.1 illustrates this technique using the function f (x) = x2 − 2x − 3.","എഐഎസ് യഥാര്‍ത്ഥ സംഖ്യകള്‍.ആർ ഒരു അനന്തമായ സെറ്റായതിനാൽ, ഗ്രാഫിന്റെ ഓരോ പോയിന്റ് ആസൂത്രണം ചെയ്യാൻ കഴിയില്ല.എന്നിരുന്നാലും, അത്തരം ഒരു പ്രവർത്തനത്തിന്റെ ഗ്രാഫ് ആദ്യം അതിന്റെ ചില പോയിന്റുകൾ ആസൂത്രണം ചെയ്ത്, തുടർന്ന് ഈ പോയിന്റുകളിലൂടെ ഒരു സുഗമമായ വളയം വരയ്ക്കുന്നു.എഫ് (x) ന്റെ അനുബന്ധ മൂല്യങ്ങൾ കണക്കാക്കുന്ന ഒരു പട്ടികയിൽ നിന്ന് പോയിന്റുകൾ സാധാരണയായി ലഭിക്കും.2. 1 ഫങ്ഷൻ f (x) ഫങ്ഷൻ f = x (x) = x എന്ന ഫങ്ഷൻ ടൈം ഫോർ ഉപയോഗിക്കുന്നു ."
Give an example each for an increasing function and a decreasing function with the set of real numbers as its domain and codomain that is not one-to-one.,"വർദ്ധിച്ചുവരുന്ന ഒരു ഫംഗ്ഷന് ഓരോന്നിനും ഒരു ഉദാഹരണം നൽകുക, യഥാർത്ഥ സംഖ്യകളുടെ കൂട്ടത്തോടൊപ്പം ഒരു ഡൊമൈനും കോഡൊമെയ്നും ആയി കുറയുന്നു ."
"Accordingly, the exponential function is deﬁned for all real numbers.","അതിനാൽ, എക്സ്പോണൻഷ്യൽ ഫംഗ്ഷൻ എല്ലാ യഥാർത്ഥ സംഖ്യകൾക്കും ഡിവേൾഡ് ആണ് ."
"Discrete Mathematics and its Applications (SixthEdition), Kenneth.H.Rosen, TMH Education Pvt. Ltd.","ഗണിതവും അതിന്റെ പ്രയോഗങ്ങളും ( സിക്സ്റ്റിഷൻ ) , കെന്നത്ത് എച്ച്.റോസൻ , ടിഎംഎച്ച് വിദ്യാഭ്യാസ പ്രൈവറ്റ് ലിമിറ്റഡ്"
Remainder function and Modular Arithmetic,ബാക്കിയുള്ള ഫംഗ്ഷനും മോഡുലാർ ഗണിതവും
Floor and Ceiling Functions,നിലയും മേൽക്കൂരയും പ്രവർത്തനങ്ങൾ
Answer:,ഉത്തരം :
Figure 3.2,ചിത്രം 3.2
0≡ M(mod M) and a±M ≡ a(mod M),"എം ) , എ. എം ( എം ."
"There is a need for drastic measures in order to make education capable to meet social, economic and political needs of the country.The educationists have recommended a school of institutional complex by which primary schools, secondary schools and colleges are brought closer to one another to enable them to benefit from each other.","രാജ്യത്തെ സാമൂഹിക, സാമ്പത്തിക, രാഷ്ട്രീയ ആവശ്യങ്ങൾ നിറവേറ്റാൻ വിദ്യാഭ്യാസത്തെ പ്രാപ്തരാക്കുന്നതിന് കടുത്ത നടപടികൾ ആവശ്യമാണ്.പ്രൈമറി സ്കൂളുകൾ, സെക്കൻഡറി സ്കൂളുകൾ, കോളേജുകൾ എന്നിവ പരസ്പരം കൂടുതൽ അടുക്കാൻ ഒരു സ്കൂൾ ഓഫ് ഇൻസ്റ്റിറ്റിയൂഷണൽ കോംപ്ലക്സ് നിർദ്ദേശിക്കുന്നു ."
inverse of f: the function that reverses the correspondence given by f (when f is a bijection),എഫിന്റെ വിപരീതം : f (bijection) നൽകിയിരിക്കുന്ന കറസ്പോണ്ടൻസ് തിരിച്ചുള്ള ഫംഗ്ഷൻ
"A function f : A → B is invertible if its inverse relation f −1 is a function from B to A.In general, the inverse relation f −1 may not be a function.The following theorem gives simple criteria which tells us when it is.","ഒരു ഫങ്ഷൻ എഫ് : a-യിൽ നിന്ന് a യിലേക്കുള്ള ഒരു ഫങ്ഷൻ ആണെങ്കിൽ അതിന്റെ വിപരീത ബന്ധം ബിൾ ആണ്.പൊതുവേ, വിപരീത ബന്ധം 1 ഒരു ധർമമല്ല.പിൻവരുന്ന തിയോറം എപ്പോൾ എന്ന് നമ്മോടു പറയുന്ന ലളിതമായ മാനദണ്ഡങ്ങൾ നൽകുന്നു ."
"Consider now functions of the form f : R → R.Since the graphs of such functions may be plotted in the Cartesian plane R2 and since functions may be identified with their graphs, we might wonder whether the concepts of being one-to-one and onto have some geometrical meaning.The answer is yes.",ഫോം f : r.അത്തരം പ്രവർത്തനങ്ങളുടെ ഗ്രാഫുകൾ കാർട്ടേസിയൻ പ്ലെയിൻ r2 - ൽ ആസൂത്രണം ചെയ്യപ്പെട്ടിരിക്കാം.ഉത്തരം അതെ എന്നാണ് .
5 (A),5 (എ)
"Suppose that g is a function from A to B and f is a function from B to C.If f and fog are one to one, does it imply that g is one-to one.Justify your answer.","b മുതൽ c വരെയുള്ള ഒരു ഫങ്ഷനാണ് g എന്ന് കരുതുക.എഫ്, ഫോഗ് എന്നിവ ഒന്നിന് ഒന്നാണെങ്കിൽ g ഒന്നാണെന്ന് ഇത് സൂചിപ്പിക്കുന്നു.നിങ്ങളുടെ ഉത്തരം ന്യായീകരിക്കുക ."
"This section presents various mathematical functions which appear often in the analysis of algorithms, and in computer science in general, together with their notation.We also discuss the exponential and logarithmic functions, and their relationship.","അൽഗോരിതത്തിന്റെ വിശകലനത്തിൽ പലപ്പോഴും പ്രത്യക്ഷപ്പെടുന്ന വിവിധ ഗണിത ഫംഗ്ഷനുകളും കമ്പ്യൂട്ടർ ശാസ്ത്രവും അവയുടെ വ്യാഖ്യാനത്തോടൊപ്പം പൊതുവിൽ അവതരിപ്പിക്കുന്നു.എക്സ്പോണൻഷ്യൽ, ലോഗാറിത്മിക് പ്രവർത്തനങ്ങളും അവയുടെ ബന്ധവും നമ്മൾ ചർച്ച ചെയ്യുന്നു ."
ceiling function: the smallest integer greater than or equal to x,ceiling ഫംഗ്ഷന്‍ : x - നേക്കാള്‍ വലുത് അല്ലെങ്കില്‍ സമം
Let f be a function from A to B. Let S be a subset of B. Show that .,a മുതൽ b വരെ പ്രവർത്തിക്കാം. നമുക്ക് b യുടെ ഒരു സബ്സെറ്റ് ആകാം. അത് കാണിക്കൂ .
"domain of f: the set A, where f is a function from A to B","f-ന്റെ domain : സെറ്റ് a, a-യിൽ നിന്ന് b-ലേക്ക് f പ്രവർത്തിക്കുന്നു"
• to introduce the concept of functions,ആശയങ്ങൾ അവതരിപ്പിക്കാൻ
C) D) f and g cannot be determined.,"f, g എന്നിവ നിർണ്ണയിക്കാൻ കഴിയില്ല ."
"Although we do not distinguish between a function and its graph, we will still use the terminology “graph of f ” when referring to f as a set of ordered pairs.Moreover, since the graph of f is a relation, we can draw its picture as was done for relations in general, and this pictorial representation is itself sometimes called the graph of f. Also, the defining condition of a function, that each a ∈ A belongs to a unique pair (a, b) in f, is equivalent to the geometrical condition of each vertical line intersecting the graph in exactly one point.","ഒരു ഫങ്ഷനും അതിന്റെ ഗ്രാഫും തമ്മിൽ വേർതിരിച്ചറിയുന്നില്ലെങ്കിലും , എഫ് ഒരു നിശ്ചിത ജോഡികളായി പരാമർശിക്കുമ്പോൾ നമ്മൾ f ന്റെ ടെർമിനോളജി ഗ്രാഫ് ഉപയോഗിക്കുന്നു.കൂടാതെ , f ഗ്രാഫ് ഒരു ബന്ധമായതിനാൽ , നമുക്ക് അതിന്റെ ചിത്രം പൊതുവിൽ ബന്ധങ്ങൾക്കായി ചെയ്തതുപോലെ വരയ്ക്കാൻ കഴിയും , ഈ ചിത്രീയ പ്രാതിനിധ്യത്തെ ചിലപ്പോൾ f ഗ്രാഫ് എന്ന് വിളിക്കുന്നു. കൂടാതെ , നിർദ്ദിഷ്ട ഫംഗ്ഷൻ , f - ൽ ഒരു സവിശേഷമായ ജോഡി ( എ , ബി ) ഉള്ള ഓരോ അവസ്ഥയും വെർട്ടിക്കൽ ലൈനിലെ ജ്യാമിതീയ അവസ്ഥയ്ക്ക് തുല്യമാണ് ."
4 (B),4 (ബി)
"◦ When a polyatomic anion has H– ion, bi- or hydrogen is used as a suffix.For example – HCO3–-Bicarbonate or hydrogen carbonate","ഒരു ബഹുഭാരോദ്വഹനം (polyanaion), ഹൈഡ്രജൻ (bi) അല്ലെങ്കിൽ ഹൈഡ്രജൻ (hydrogn) എന്നാണർത്ഥം ."
"According to Indian Education Commission (1964-66)- “The group of schools, built around a secondary school, as the minimum viable unit of educational reform is termed as school complex.”",ഇന്ത്യൻ വിദ്യാഭ്യാസ കമ്മിഷൻ (1964-66) അനുസരിച്ച് സെക്കൻഡറി സ്കൂളിന് ചുറ്റുമുള്ള ഒരു കൂട്ടം സ്കൂളുകൾ നിർമ്മിച്ചു .
"(c) By a real polynomial function, we mean a function f : R → R of the form","(സി) ഒരു നാമമാത്രമായ ഫംഗ്ഷൻ ഉപയോഗിച്ച്, ഒരു ഫങ്ഷൻ f : യഥാർത്ഥ ബഹുസ്വരതയെ നമ്മൾ അർത്ഥമാക്കുന്നു"
"Ca10(PO4)6(OH)2 – Hydroxyapatite, that is present in the enamel of the tooth",ca10 (oh) 6 (oh) പോക്സിയാപാറ്റൈറ്റ് (oh) .
4 (B),4 ( ബി )
A function f : A → B is said to be one-to-one (written 1-1) if different elements in the domain A have distinct images.Another way of saying the same thing is that f is one-to-one if f (a) = f(a ) implies a = a .,ഒരു ഫങ്ഷൻ എഫ് : ഡൊമൈനിൽ വ്യത്യസ്ത ഘടകങ്ങൾ ഉണ്ടെങ്കിൽ വൺടോൺ (11) എന്ന് പറയപ്പെടുന്നു.f (a) = f (a) = a (a) a = a എന്ന് അർത്ഥമാക്കുന്നുവെങ്കിൽ f എന്നത് ഒരേ പദമാണ് .
◦ An atom with a positive charge is called a cation whereas an atom with a negative charge is called an anion,ഒരു ക്രിയാത്മക ആറ്റത്തെ വിളിക്കുന്നു
References,പരാമർശങ്ങൾ
"are equivalent statements.Accordingly,",അത് പ്രകാരം തുല്യമായ പ്രസ്താവനകളാണ് .
one-to-one function: a function such that the images of elements in its domain are all different,വൺറ്റൂവൺ ഫംഗ്ഷൻ : അതിന്റെ ഡൊമെയിനിലെ മൂലകങ്ങളുടെ ചിത്രങ്ങൾ എല്ലാം വ്യത്യസ്തമാണ്
(c),( സി )
inverse of f: the function that reverses the correspondence given by f (when f is a bijection),എഫിന്റെ വിപരീതം : f ( bijection ) നൽകിയിരിക്കുന്ന കറസ്പോണ്ടൻസ് തിരിച്ചുള്ള ഫംഗ്ഷൻ
f : A → B,എഫ്‌ .
"That is, we find the image of a under f and then find the image of f (a) under g.This definition is not really new.If we view f and g as relations, then this function is the same as the composition of f and g as relations except that here we use the functional notation g◦f for the composition of f and g instead of the notation f ◦g which was used for relations.","അതായത്, ഒരു f ന്റെ ചിത്രം നമ്മൾ കണ്ടെത്തി, തുടർന്ന് g യുടെ കീഴിലുള്ള f (a) ന്റെ ചിത്രം കണ്ടെത്തുന്നു.ഈ നിർവചനം പുതിയ അല്ല.f, g ബന്ധങ്ങളെ ബന്ധങ്ങളായി നമ്മൾ കാണുകയാണെങ്കിൽ, ഇത് f, g ബന്ധങ്ങളുടെ ഘടനയ്ക്ക് തുല്യമാണ്. ഇവിടെ നമ്മൾ പ്രവർത്തിക്കുന്നത്, കോംപൊസിഷൻ ഫംഗ്ഷനുവേണ്ടി ജി. ജി ."
"When k is positive, simply divide k by M to obtain the remainder r. Thus","k പോസിറ്റീവ് ആണെങ്കിൽ, ബാക്കി r ലഭിക്കാൻ k നെ m ആയി വിഭജിക്കുക ."
A function f : A → B is said to be one-to-one (written 1-1) if different elements in the domain A have distinct images.Another way of saying the same thing is that f is one-to-one if f (a) = f(a ) implies a = a .,ഒരു ഫങ്ഷൻ എഫ് : ഡൊമൈനിൽ വ്യത്യസ്ത ഘടകങ്ങൾ ഉണ്ടെങ്കിൽ വൺടോൺ ( 11 ) എന്ന് പറയപ്പെടുന്നു.f ( a ) = f ( a ) = a ( a ) a = a എന്ന് അർത്ഥമാക്കുന്നുവെങ്കിൽ f എന്നത് ഒരേ പദമാണ് .
"Three classes of logarithms are of special importance: logarithms to base 10, called common logarithms; logarithms to base e, called natural logarithms; and logarithms to base 2, called binary logarithms.Some texts write","മൂന്ന് തരം ലോഗരിഥങ്ങൾ പ്രത്യേക പ്രാധാന്യമുള്ളവയാണ് : കോമൺ ലോഗരിഥം, കോമൺ ലോഗരിതം, ലോഗരിഥം, ഇ ബേസ്, സ്വാഭാവിക ലോഗരിഥങ്ങൾ, ലോഗരിഥംസ് ടു 2 ."
"Frequently, a function can be expressed by means of a mathematical formula.For example, consider the function which sends each real number into its square.We may describe this function by writing","പലപ്പോഴും , ഒരു ഗണിത സൂത്രവാക്യത്തിലൂടെ ഒരു ഫംഗ്ഷൻ പ്രകടിപ്പിക്കാൻ കഴിയും.ഉദാഹ ​ ര ​ ണ ​ ത്തിന്‌ , ഓരോ നമ്പരും അതിന്‍റെ സ്‌ക്വയറിലേക്ക് അയയ്‌ക്കുന്ന കാര്യം പരിചി ​ ന്തി ​ ക്കുക ."
"Frequently, a function can be expressed by means of a mathematical formula.For example, consider the function which sends each real number into its square.We may describe this function by writing","പലപ്പോഴും, ഒരു ഗണിത സൂത്രവാക്യത്തിലൂടെ ഒരു ഫംഗ്ഷൻ പ്രകടിപ്പിക്കാൻ കഴിയും.ഉദാഹ ​ ര ​ ണ ​ ത്തിന്‌, ഓരോ നമ്പരും അതിന്‍റെ സ്‌ക്വയറിലേക്ക് അയയ്‌ക്കുന്ന കാര്യം പരിചി ​ ന്തി ​ ക്കുക ."
"Let x be any real number.Then x lies between two integers called the floor and the ceiling of x. Specifically,, called the floor of x, denotes the greatest integer that does not exceed x. , called the ceiling of x, denotes the least integer that is not less than x.","x ഒരു യഥാര്‍ത്ഥ നമ്പര്‍ ആകട്ടെ.തുടർന്ന് x നിലം എന്ന് വിളിക്കുന്ന രണ്ട് പൂർണ്ണസംഖ്യകൾക്കും x ന്റെ മേൽക്കൂരയ്ക്കും ഇടയിലാണ്. പ്രത്യേകിച്ചും , x ഫ്ലോർ ഓഫ് എക്സ് എന്ന് വിളിക്കപ്പെടുന്ന ഏറ്റവും വലിയ സംഖ്യയെ സൂചിപ്പിക്കുന്നു. x - ന്റെ സീലിംഗ് എന്ന് വിളിക്കപ്പെടുന്ന , x - ൽ കുറഞ്ഞ പൂർണ്ണസംഖ്യയെ സൂചിപ്പിക്കുന്നു ."
"◦ When a polyatomic anion has H– ion, bi- or hydrogen is used as a suffix.For example – HCO3–-Bicarbonate or hydrogen carbonate","ഒരു ബഹുഭാരോദ്വഹനം ( polyanaion ) , ഹൈഡ്രജൻ ( bi ) അല്ലെങ്കിൽ ഹൈഡ്രജൻ ( hydrogn ) എന്നാണർത്ഥം ."
"A sequence is a function from the set N ={ 1,2,3,...}of positive integers into a set A.The notation an is used to denote the image of the integer n. Thus a sequence is usually denoted by","n = 1,2,3 എന്ന സെറ്റിൽ നിന്നുള്ള ഒരു ഫങ്ഷനാണ് a സെറ്റ് a.സംഖ്യയുടെ പ്രതിച്ഛായയെ സൂചിപ്പിക്കാൻ notation ഉപയോഗിക്കുന്നു. അതിനാൽ ഒരു ക്രമം സാധാരണയായി സൂചിപ്പിക്കുന്നു ."
"read: k modulo M) will denote the integer remainder when k is divided by M.More exactly, k(mod M) is the unique integer r such that",read more : k modulo m ( k modulo m ) എന്ന പൂർണ്ണസംഖ്യയെ സൂചിപ്പിക്കുന്നു .
"In fact, exponents are extended to include all real numbers by deﬁning, for any real number x,","യഥാർത്ഥത്തിൽ, എക്സ്പ്ലോററിന്റെ എല്ലാ യഥാർത്ഥ സംഖ്യകളും ഉൾപ്പെടുത്തുന്നതിനായി എക്സ്ചേഞ്ചുകൾ നീട്ടി ."
2.If then fof(x) is,ഫഫ് ( x ) ആണെങ്കില്‍
then k(mod M) = M − r' when,പിന്നെ കെ (mod) = imar ' എന്നായിരുന്നപ്പോള്‍
range of f: the set of images of f,f : f-ന്റെ സെറ്റ് ഇമേജുകൾ
"f is a function from A into A since each member of A appears as the first coordinate in exactly one ordered pair in f; here f (1) = 3, f (2) = 3, and f (3) = 1.g is not a function from A into A since 2 ∈ A is not the first coordinate of any pair in g and so g does not assign any image to 2.Also h is not a function from A into A since 1 ∈ A appears as the first coordinate of two distinct ordered pairs in h, (1, 3) and (1, 2).If h is to be a function it cannot assign both 3 and 2 to the element 1 ∈ A.","f = 3, f (2) = 3, f (2) = 3, f (3), f (3) = 1.ജി ഒരു ഫംഗ്ഷനിൽ നിന്നല്ല വരുന്നത്, അതായത് ജി യിലെ ഏതെങ്കിലും ജോഡിയുടെ ആദ്യ ഏകോപനമല്ല, അതിനാൽ ജി ഒരു ഇമേജ് 2 ആയി നൽകുന്നില്ല.എച്ച് (1, 3), (1, 1, 1) എന്നിങ്ങനെ രണ്ട് വ്യത്യസ്ത ഓർഡർ ചെയ്ത രണ്ട് ജോഡികളുടെ ആദ്യത്തെ കോർഡിനേറ്റായി കാണപ്പെടുന്ന ഒരു ഫങ്ഷനിൽ നിന്ന് എച്ച് ഇല്ല.h ഒരു ഫങ്ഷൻ ആണെങ്കിൽ, എലമെന്റ് 3, 2 എന്നിവയ്ക്ക് ഇത് സ്ഥാപിക്കാൻ കഴിയില്ല ."
"Let us recall the definition of a function.Suppose that to each element of a set A we assign a unique element of a set B; the collection of such assignments is called a function from A into B.The set A is called the domain of the function, and the set B is called the target set or codomain.","ഒരു ഫംഗ്ഷന്റെ നിർവചനം ഓർക്കുക.ഒരു സെറ്റിന്റെ ഓരോ ഘടകത്തിനും ഒരു സെറ്റ് ബിയുടെ സവിശേഷമായ ഒരു ഘടകത്തെ നമ്മൾ നിശ്ചയിക്കുന്നുവെന്ന് കരുതുക , അത്തരം അസൈൻമെന്റുകളുടെ ശേഖരത്തെ b - ലേക്ക് ഒരു ഫംഗ്ഷൻ എന്ന് വിളിക്കുന്നു.സെറ്റ് എ ഫംഗ്ഷന്റെ ഡൊമെയിൻ എന്ന് വിളിക്കുന്നു , സെറ്റ് ബി ലക്ഷ്യം സെറ്റ് അല്ലെങ്കിൽ കോഡമൈൻ എന്ന് വിളിക്കുന്നു ."
"(a) Consider the function f (x) = x3, i.e., f assigns to each real number its cube.Then the image of 2 is 8, and so we may write f (2) = 8.","(എ) ഫങ്ഷൻ f (x) = x3, അതായത്, ഓരോ യഥാർത്ഥ സംഖ്യയ്ക്കും f അസൈൻമെന്റുകൾ നൽകുന്നു.f (2) = 8 ."
"In the first notation, x is called a variable and the letter f denotes the function.In the second notation, the barred arrow → is read “goes into.”In the last notation, x is called the independent variable and y is called the dependent variable since the value of y will depend on the value of x.","ആദ്യ നോട്ടത്തിൽ, x ഒരു വേരിയബിൾ എന്നും അക്ഷരത്തെ f ഫംഗ്ഷനെ സൂചിപ്പിക്കുന്നു.രണ്ടാമത്തെ കുറിപ്പിൽ, ബാരെഡ് ആർട്ട് റൈഡ് വായിക്കുന്നു.അവസാന നോട്ടേഷനിൽ, x സ്വതന്ത്രമായ വേരിയബിൾ എന്ന് വിളിക്കുന്നു, കാരണം y യുടെ മൂല്യം x ന്റെ മൂല്യത്തെ ആശ്രയിച്ചിരിക്കും ."
"There are ten calcium atoms.The amounts of phosphorous, hydrogen and oxygen are affected by the subscripts outside the parentheses.There are six phosphorous atoms and two hydrogen atoms existent.Oxygen atoms exist in two positions in the formula.There are overall 26 oxygen atoms: two from the OH subunit (2×1) and 24 from the PO4 subunits (6×4)","പത്ത് കാത്സ്യം ആറ്റങ്ങൾ ഉണ്ട്.മാതാപിതാക്കൾക്ക് പുറത്തുള്ള സബ്സ്ക്രിപ്റ്റുകൾ ഫോസ്ഫറസ്, ഹൈഡ്രജൻ, ഓക്സിജൻ എന്നിവയുടെ അളവ് ബാധിക്കുന്നു.ആറ് ഫോസ്ഫറസ് ആറ്റങ്ങളും രണ്ട് ഹൈഡ്രജൻ ആറ്റങ്ങളും ഉണ്ട്.ഓക്സിജൻ ആറ്റങ്ങൾ രണ്ട് സ്ഥാനങ്ങളിൽ ഉണ്ട്.മൊത്തത്തിൽ ഓക്സിജൻ ആറ്റങ്ങൾ ഉണ്ട് : രണ്ട് ഓക്സിജൻ ആറ്റങ്ങൾ : രണ്ട് ഓക്സിജൻ ആറ്റങ്ങൾ : ഒ. എസ് ."
"This formula points out that in one molecule of the compound, 18 carbon atoms, 21 hydrogen atoms, one nitrogen atom and three oxygen atoms are existent.","ഒരു തന്മാത്രയിൽ , 18 കാർബൺ ആറ്റങ്ങൾ , 21 ഹൈഡ്രജൻ ആറ്റങ്ങൾ , നൈട്രജൻ ആറ്റങ്ങൾ , മൂന്ന് ഓക്സിജൻ ആറ്റങ്ങൾ എന്നിവ നിലവിലുണ്ട് ."
"◦ Most of the compounds are binary compounds, i.e. they have two elements.Compounds with more than two elements are also known",കോമ്പൗണ്ടുകളുടെ ബൈനറി അവയ്ക്ക് രണ്ട് ഘടകങ്ങളുണ്ട്.ഒന്നിലധികം മൂലകങ്ങളുമായി സംയുക്തങ്ങൾ അറിയപ്പെടുന്നു .
range of f: the set of images of f,f : f - ന്റെ സെറ്റ് ഇമേജുകൾ
"(b) Consider the following three relations on the set A = {1, 2, 3}:","(എ, 2, 3) സെറ്റിലെ പിൻവരുന്ന മൂന്നു ബന്ധങ്ങൾ പരിചിന്തിക്കുക :"
Exponential functions,എക്സ്പാന്‍ഷ്യല്‍ ഫംഗ്ഷനുകള്‍
"Find fog and gof, where and , are functions from R to R.","ഫോഗും ജിഒയും കണ്ടെത്തുക, r മുതൽ r വരെ പ്രവർത്തിക്കുന്നു ."
Hope you have followed this session.We will continue our discussion with another topic in the next session.Till then Good Bye.,നിങ്ങൾ ഈ സെഷൻ പിന്തുടരുമെന്ന് പ്രതീക്ഷിക്കുന്നു.അടുത്ത സമ്മേളനത്തില്‍ ഞങ്ങള്‍ ചര്‍ച്ച തുടരും.അതുവരെ ഗുഡ് ബൈ .
Consider the following four functions from R into R:,r മുതൽ r വരെയുള്ള നാല് ഫംഗ്ഷനുകൾ നോക്കാം :
Figure 1.1,ചിത്രം 1.1
"where IA and IB are the identity functions on A and B, respectively.","എ , ബി എന്നിവയിൽ യഥാക്രമം ഐഡിയയും പ്രവർത്തിക്കുന്നു ."
"Suppose X = {1, 2, . . . , n}.Then a permutation σ on X is frequently denoted by","x = 1, 2.യു. എൻ ."
"(a) Consider the function f (x) = x3, i.e., f assigns to each real number its cube.Then the image of 2 is 8, and so we may write f (2) = 8.","( എ ) ഫങ്ഷൻ f ( x ) = x3 , അതായത് , ഓരോ യഥാർത്ഥ സംഖ്യയ്ക്കും f അസൈൻമെന്റുകൾ നൽകുന്നു.f ( 2 ) = 8 ."
"Remark: Whenever a function is given by a formula in terms of a variable x, we assume, unless it is otherwise stated, that the domain of the function is R (or the largest subset of R for which the formula has meaning) and the codomain is R.","variable x ന്റെ കാര്യത്തിൽ ഒരു ഫോർമുല നൽകിയാൽ, ഫങ്ഷന്റെ ഡൊമെയിൻ r (അല്ലെങ്കിൽ domain) ആണ് ."
Module -2,മൊഡ്യൂള്‍ 2
"Let us recall the definition of a function.Suppose that to each element of a set A we assign a unique element of a set B; the collection of such assignments is called a function from A into B.The set A is called the domain of the function, and the set B is called the target set or codomain.","ഒരു ഫംഗ്ഷന്റെ നിർവചനം ഓർക്കുക.ഒരു സെറ്റിന്റെ ഓരോ ഘടകത്തിനും ഒരു സെറ്റ് ബിയുടെ സവിശേഷമായ ഒരു ഘടകത്തെ നമ്മൾ നിശ്ചയിക്കുന്നുവെന്ന് കരുതുക, അത്തരം അസൈൻമെന്റുകളുടെ ശേഖരത്തെ b-ലേക്ക് ഒരു ഫംഗ്ഷൻ എന്ന് വിളിക്കുന്നു.സെറ്റ് എ ഫംഗ്ഷന്റെ ഡൊമെയിൻ എന്ന് വിളിക്കുന്നു, സെറ്റ് ബി ലക്ഷ്യം സെറ്റ് അല്ലെങ്കിൽ കോഡമൈൻ എന്ന് വിളിക്കുന്നു ."
"| − 15| = 15, |7| = 7, | − 3.33| = 3.33, |4.44| = 4.44, | − 0.075| = 0.075.We note that |x| = | − x| and, for , |x| is positive.","പ്രതീഷ്|15| = 15 ,| 7| = 7| 33| = 3.33| 4.44| = 4.44| 0. 075 = 0.075. നമ്മൾ കുറിക്കുന്നു| = പിന്നെ , x| പോസിറ്റീവ് ."
Example 3.3,ഉദാഹരണം 3.3
3.A function defined by is,ഐ.എസ് .
• to define different types of functions,വിവിധ പ്രവർത്തനങ്ങൾ
"Let x be any real number.The integer value of x, written INT(x), converts x into an integer by deleting (truncating) the fractional part of the number.Thus","x ഒരു യഥാര്‍ത്ഥ നമ്പര്‍ ആകട്ടെ.xന്റെ ഇന്റിജർ മൂല്യം എഴുതപ്പെട്ട int ( x ) , x ( truncating ) എന്ന സംഖ്യയുടെ ഭാഗം നീക്കം ചെയ്യുന്നതിലൂടെ x ഒരു പൂർണ്ണസംഖ്യയായി മാറ്റുന്നു ."
"A school complex is a cluster of schools.It is a group of neighborhood schools, comprising a number of primary, upper primary, secondary schools and one or more senior secondary schools which function together in an integrated way as one educational unit.These are well-knit schools and they function as one cooperative group for raising the quality of education.The member schools plan their activities in such a way as to give help to and receive help from the sister institutions grouped together in one school complex.The teachers working in the senior and junior schools of the locality can join hands and work together to pool their ideas, efforts and resources for improving the quality of education.","സ്കൂൾ സമുച്ചയം ഒരു ക്ലസ്റ്റർ ആണ്.പ്രാഥമിക, അപ്പർ പ്രൈമറി, സെക്കൻഡറി സ്കൂളുകൾ, ഒന്നോ അതിലധികമോ സീനിയർ സെക്കൻഡറി സ്കൂളുകൾ എന്നിവ ഉൾപ്പെടുന്ന ഒരു കൂട്ടം അയൽ സ്കൂളുകളാണ് ഇത്.ഇവ വെൽകിറ്റ് സ്കൂളുകളാണ്, അവ വിദ്യാഭ്യാസ ഗുണനിലവാരം ഉയർത്തുന്നതിന് ഒരു സഹകരണ ഗ്രൂപ്പായി പ്രവർത്തിക്കുന്നു.ഒരു സ്‌കൂൾ കോംപ്ലക്‌സിൽ ചേർന്ന സഹോദരി സ്ഥാപനങ്ങളിൽനിന്നു സഹായം സ്വീകരിക്കാനും സഹായം സ്വീകരിക്കാനും സഹായിക്കുന്ന തരത്തിൽ അംഗങ്ങളായ സ്‌കൂളുകൾ തങ്ങളുടെ പ്രവർത്തനങ്ങൾ ആസൂത്രണം ചെയ്യുന്നു.പ്രദേശത്തെ സീനിയര്‍, ജൂനിയര്‍ സ്‌കൂളുകളില്‍ ജോലി ചെയ്യുന്ന അധ്യാപകര്‍ക്ക് കൈകോര്‍ത്ത് അവരുടെ ആശയങ്ങളും, ശ്രമങ്ങളും, വിഭവങ്ങളും, വിദ്യാഭ്യാസത്തിന്റെ ഗുണനിലവാരം മെച്ചപ്പെടുത്തുന്നതിനായി ഒന്നിച്ച് പ്രവര്‍ത്തിക്കാം ."
Acetone formula,അക്കെറ്റണ്‍ ഫോര്‍മുല
Chemical Formula,രാസ സൂത്രവാക്യം
"A) one-to-one, not onto B) onto, not one-to-one","a) ontoone, bയിലല്ല, bയിലേക്കാണ്"
"For example,","ഉദാഹരണത്തിന്,"
4.Permutations,4 പെരുമാറ്റം
Sl.No,എസ്. എസ്. എൽ. നമ്പർ
5 (A),5 ( എ )
"In order to write a chemical formula, it is important to know the symbol of the elements present in the compound,Following points should be kept in mind while writing a chemical formula.","ഒരു രാസ സൂത്രവാക്യം എഴുതാൻ, സംയുക്തത്തിലെ മൂലകങ്ങളുടെ പ്രതീകം, റാഡിക്കലുകളുടെ സൂത്രവാക്യം, ആ സംയുക്തത്തിലെ മൂലകങ്ങളുടെ ബലാങ്കം എന്നിവ അറിയേണ്ടത് പ്രധാനമാണ്.ഒരു രാസ സൂത്രവാക്യം എഴുതുമ്പോള്‍ താഴെ പറയുന്ന കാര്യങ്ങള്‍ ശ്രദ്ധിക്കണം ."
(g◦f )(a) ≡ g(f (a)),(ഗൈഡ്)
"{(a, s), (b, u), (c, r ), (d, s)}","(എ, എസ്), (ബി, യു, ആർ), (ഡി, എസ്)"
6.Find the inverse function of .,6 എണ്ണം.വിപരീത പ്രവർത്തനം കണ്ടെത്തുക .
(2) f :R → R is an onto function if each horizontal line intersects the graph of f at one or more points.,(2) എഫ് : ഓരോ തിരശ്ചീന വരിയും ഒന്നോ അതിലധികമോ പോയിന്റുകളിൽ എഫ് ഗ്രാഫിനെ പരസ്പരം ബന്ധിപ്പിച്ചാൽ ആർ പ്രവർത്തിക്കും .
(c),(സി)
“School complex programmes are taken up to make the maximum use of the human and material resources”.,മനുഷ്യ വിഭവങ്ങളും ഭൗതിക വിഭവങ്ങളും പരമാവധി ഉപയോഗപ്പെടുത്തുന്നതിന് സ്കൂൾ കോംപ്ലക്സ് പദ്ധതികൾ നടപ്പിലാക്കുന്നു .
Answers,ഉത്തരങ്ങൾ
"If x itself is an integer, then otherwise","x സ്വയം ഒരു പൂർണ്ണസംഖ്യയാണെങ്കിൽ, അല്ലാത്തപക്ഷം"
"Furthermore, for any base b, we have and; hence","കൂടാതെ, ഏത് ബേസ് ബിക്കും നമുക്കുണ്ട്, അതിനാൽ"
"If f : A → B is one-to-one and onto, then f is called a one-to-one correspondence between A and B.This terminology comes from the fact that each element of A will then correspond to a unique element of B and vice versa.",f : ontoone ഉം ontoone ഉം ആണെങ്കിൽ f ഉം a യും b യും തമ്മിലുള്ള ഒരു കറസ്പോണ്ടൻസ് എന്ന് വിളിക്കുന്നു.ഒരു ഇച്ഛാശക്തിയുടെ ഓരോ ഘടകവും b യുടെയും മറുഭാഗത്തിന്റെയും സവിശേഷമായ ഘടകവുമായി യോജിക്കുന്നു എന്ന വസ്തുതയിൽ നിന്നാണ് ഈ പദാവലി വരുന്നത് .
Example 2.1,ഉദാഹരണം 2.1
f (x) = x2 or x→x2 or y = x2,f ( x ) = x2 അല്ലെങ്കില്‍ x2 അല്ലെങ്കില്‍ y = x2
Exercises,വ്യായാമങ്ങൾ
GEOMETRICAL CHARACTERIZATION OF ONE-TO-ONE AND ONTO FUNCTIONS,വൺടോണിന്റെയും പ്രവർത്തനങ്ങളുടെയും ജ്യാമിതീയ സവിശേഷത
Consider any function f : A → B. Then,ഫങ്ഷന്‍ f : a by .
(a) Let f : A → B be the function defined in Example 1.1 (b).Then the graph of f is as follows:,( എ ) എഫ്‌ .
(b),(ബി)
"are permutations in S6, and there are 6!= 720 of them.Sometimes, we only write the second line of the permutation, that is, we denote the above permutations by writing σ = 462513 and τ = 643125.","s6 ലെ തകരാറുകൾ, 6 ഉണ്ട്! അവയിൽ 720 എണ്ണം.ചിലപ്പോഴൊക്കെ, നമ്മൾ പെർമ്യൂട്ടേഷന്റെ രണ്ടാമത്തെ വരി മാത്രമേ എഴുതുന്നുള്ളൂ, അതായത്, 462513 എന്ന കൃതിയിലെ തകരാറുകൾ സൂചിപ്പിക്കുന്നു : 643125 ."
k(mod M),കെ ( എം .
Phosphate,ഫോസ്ഫേറ്റ്
How to write Chemical Formula,എങ്ങനെ രാസസൂത്രണം എഴുതാൻ
"MATHEMATICAL FUNCTIONS, EXPONENTIAL AND LOGARITHMIC FUNCTIONS","ഗണിത ഫംഗ്ഷനുകൾ, എക്സ്പോണൻഷ്യൽ, ലോഗരിഥിമിക് ഫംഗ്ഷനുകൾ"
A) x B) C)) D) none of these,(എ) x ബി) സി) ഡി ഒന്നും
"◦ Most of the compounds are binary compounds, i.e. they have two elements.Compounds with more than two elements are also known",അധികം കോമ്പൗണ്ടുകളും ബൈനറി അഥവാ രണ്ട് ഘടകങ്ങളുള്ളവയാണ്.രണ്ടിലധികം മൂലകങ്ങളടങ്ങിയ സംയുക്തങ്ങളും ഉണ്ട് .
A) R B) R-{-1} C) R-{1} D) R-{2},ആർ ബി ) ആർ { 1 } സി ആർ { 1 } ഡി ആർ { 2 }
Observe that INT(x) =or INT(x) = according to whether x is positive or negative,x പോസിറ്റീവ് ആണോ നെഗറ്റീവ് ആണോ എന്ന് നിരീക്ഷിക്കുക
4.The range of the function is,"4, ഫങ്ഷന്റെ പരിധി"
◦ Anions having -1 negative charge usually have a suffix as –ide.For example: F– – Floride,-1 നെഗറ്റീവ് ചാർജുള്ള ആനയോണുകൾക്ക് പേരിന്റെ അവസാനം -ഐഡ് എന്ന് ചേർക്കുന്നു.ഉദാ: F-- ഫ്ളൂറൈഡ്
"f (a) = s, f (b) = u, f (c) = r, f (d) = s","എഫ് (എ) = s, f (b) = u, f (c) = r, f (d) = s"
"There are several chemical formulae, however, here is a list of most important Chemical Formulas in chemistry.","എന്നിരുന്നാലും, രസതന്ത്രത്തിലെ ഏറ്റവും പ്രധാനപ്പെട്ട രാസസൂത്രങ്ങളുടെ പട്ടിക ഇവിടെയുണ്ട് ."
"which is read: “f is a function from A into B,” or “f takes (or maps) A into B.” If a ∈ A, then f(a) (read: “f of a”) denotes the unique element of B which f assigns to a; it is called the image of a under f, or the value of f at a.The set of all image values is called the range or image of f.The image of f : A → B is denoted by Ran(f ), Im(f ) or f (A).","അതിൽ ഇങ്ങനെ വായിക്കുന്നു : f ഒരു b യിൽ നിന്നോ b യിലേക്കോ ( അല്ലെങ്കിൽ മാപ്പുകൾ ) a ലേക്ക് എടുക്കും.( എ ) എഫ്‌.എല്ലാ ഇമേജ് മൂല്യങ്ങളുടെയും കൂട്ടത്തെ എഫ് റേഞ്ച് അല്ലെങ്കിൽ ഇമേജ് എന്ന് വിളിക്കുന്നു. f ന്റെ ചിത്രം : ran ( f ) , im ( f ) അല്ലെങ്കിൽ f ( a ) ."
f (x) = anxn + an−1xn−1 + · · · + a1x + a0,f + ( x ( x ) = x ( x ) = xenagientre + extax + ) a0 a1x + ( a1 ) എന്ന അക്കൌണ്ടു് + 1 )
"A) one-to-one, not onto B) onto, not one-to-one","a ) ontoone , bയിലല്ല , bയിലേക്കാണ്"
C) D) f and g cannot be determined.,"f , g എന്നിവ നിർണ്ണയിക്കാൻ കഴിയില്ല ."
Example1.1,പരീക്ഷ 1.1
"If k is negative, divide |k| by M to obtain a remainder r';","k നെഗറ്റീവ് ആണെങ്കിൽ , വിഭജിക്കുക| k| ബാക്കി r ."
A) B),ബി )
"C) {(1, 2), (2, 2), (3, 4)} D) {(0, 4), (5, 6), (5, 8)}","സി ) { ( 1 , 2 , 2 ) , ( 3 , 4 )"
"The graphs of these functions appear in Fig. 3.2.Observe that there are horizontal lines which intersect the graph of f1 twice and there are horizontal lines which do not intersect the graph of f1 at all; hence f1 is neither one-to-one nor onto.Similarly, f2 is one-to-one but not onto, f3 is onto but not one-to-one and f4 is both one-to-one and onto.The inverse of f4 is the cube root function, .","ഈ ഫങ്ഷനുകളുടെ ഗ്രാഫുകൾ fig - ൽ കാണാം.2.എഫ്1 ഗ്രാഫിനെ രണ്ടുതവണ ഇന്റർസെറ്റ് ചെയ്യുന്ന ഹൊറിസോണ്ടൽ വരികൾ ഉണ്ട്.അതുപോലെ , f2 വൺടോൺ ആണ് , f3 അങ്ങനെയല്ല , പക്ഷേ വൺടോണും f4 ഉം വൺടോണും അല്ല. f4 ന്റെ വിപരീതമാണ് ക്യൂബ് റൂട്ട് ഫംഗ്ഷന്‍ ."
"represents the exponent to which b must be raised to obtain x.That is,",x ലഭിക്കുന്നതിനായി ബി ഉയര്‍ത്തേണ്ട എക്സ്പാന്റിനെ പ്രതിനിധീകരിക്കുന്നു .
"Find fog and gof, where and , are functions from R to R.","ഫോഗും ജിഒയും കണ്ടെത്തുക , r മുതൽ r വരെ പ്രവർത്തിക്കുന്നു ."
"A function f : A → B is invertible if its inverse relation f −1 is a function from B to A.In general, the inverse relation f −1 may not be a function.The following theorem gives simple criteria which tells us when it is.","ഒരു ഫങ്ഷൻ എഫ് : a - യിൽ നിന്ന് a യിലേക്കുള്ള ഒരു ഫങ്ഷൻ ആണെങ്കിൽ അതിന്റെ വിപരീത ബന്ധം ബിൾ ആണ്.പൊതുവേ , വിപരീത ബന്ധം 1 ഒരു ധർമമല്ല.പിൻവരുന്ന തിയോറം എപ്പോൾ എന്ന് നമ്മോടു പറയുന്ന ലളിതമായ മാനദണ്ഡങ്ങൾ നൽകുന്നു ."
"The term “mod” is also used for the mathematical congruence relation, which is denoted and deﬁned as follows:",എം. ഒ. ഡി. എന്ന പദം ഗണിത കോണീയബന്ധത്തിനും ഉപയോഗിക്കുന്നു .
CN–,സിഗ്നൽ
"Thus −26 (mod 7) =7−5=2, −371 (mod 8) =8−3=5, −39 (mod 3) =0","ഇത് (26) = 75 = 2 (മോഡ് 8) : മോഡ് (മോഡ് 8) : 71), മോഡ് (മോഡ് 8) = 7 = 5 = 39) ."
◦ An atom with a positive charge is called a cation whereas an atom with a negative charge is called an anion,പോസിറ്റീവ് ചാർജുള്ള ആറ്റത്തെ കാറ്റയോൺ എന്നും നെഗറ്റീവ് ചാര്ജുള്ളവയെ ആനയോൺ എന്നും വിളിക്കുന്നു.
f (x) = x2 or x→x2 or y = x2,f (x) = x2 അല്ലെങ്കില്‍ x2 അല്ലെങ്കില്‍ y = x2
The logarithm of a negative number and the logarithm of 0 are not deﬁned.,നമ്പരും 0 ലോഗരിഥവും നെഗറ്റീവ് അല്ല .
How to write Chemical Formula,രാസസൂത്രണം എങ്ങനെ എഴുതാം
"Remark: Whenever a function is given by a formula in terms of a variable x, we assume, unless it is otherwise stated, that the domain of the function is R (or the largest subset of R for which the formula has meaning) and the codomain is R.","variable x ന്റെ കാര്യത്തിൽ ഒരു ഫോർമുല നൽകിയാൽ , ഫങ്ഷന്റെ ഡൊമെയിൻ r ( അല്ലെങ്കിൽ domain ) ആണ് ."
"are permutations in S6, and there are 6!= 720 of them.Sometimes, we only write the second line of the permutation, that is, we denote the above permutations by writing σ = 462513 and τ = 643125.","s6 ലെ തകരാറുകൾ , 6 ഉണ്ട് ! അവയിൽ 720 എണ്ണം.ചിലപ്പോഴൊക്കെ , നമ്മൾ പെർമ്യൂട്ടേഷന്റെ രണ്ടാമത്തെ വരി മാത്രമേ എഴുതുന്നുള്ളൂ , അതായത് , 462513 എന്ന കൃതിയിലെ തകരാറുകൾ സൂചിപ്പിക്കുന്നു : 643125 ."
f (x) = anxn + an−1xn−1 + · · · + a1x + a0,f + (x (x) = x (x) = xenagientre + extax +) a0 a1x + (a1) എന്ന അക്കൌണ്ടു് + 1)
"That is, we find the image of a under f and then find the image of f (a) under g.This definition is not really new.If we view f and g as relations, then this function is the same as the composition of f and g as relations except that here we use the functional notation g◦f for the composition of f and g instead of the notation f ◦g which was used for relations.","അതായത് , ഒരു f ന്റെ ചിത്രം നമ്മൾ കണ്ടെത്തി , തുടർന്ന് g യുടെ കീഴിലുള്ള f ( a ) ന്റെ ചിത്രം കണ്ടെത്തുന്നു.ഈ നിർവചനം പുതിയ അല്ല.f , g ബന്ധങ്ങളെ ബന്ധങ്ങളായി നമ്മൾ കാണുകയാണെങ്കിൽ , ഇത് f , g ബന്ധങ്ങളുടെ ഘടനയ്ക്ക് തുല്യമാണ്. ഇവിടെ നമ്മൾ പ്രവർത്തിക്കുന്നത് , കോംപൊസിഷൻ ഫംഗ്ഷനുവേണ്ടി ജി. ജി ."
Logarithmic Functions,ലോഗരിഥിമം ഫംഗ്ഷനുകള്‍
"C) {(1, 2), (2, 2), (3, 4)} D) {(0, 4), (5, 6), (5, 8)}","സി) { (1, 2, 2), (3, 4)"
3 (C),3 ( സി )
"where IA and IB are the identity functions on A and B, respectively.","എ, ബി എന്നിവയിൽ യഥാക്രമം ഐഡിയയും പ്രവർത്തിക്കുന്നു ."
function from A to B: an assignment of exactly one element of B to each element of A,a മുതൽ b വരെയുള്ള പ്രവർത്തനം : b വരെയുള്ള ഓരോ ഘടകത്തിനും ഒരു നിയമാവലി
"a ≡ b(mod M) if any only if M divides b−a M is called the modulus, and a ≡ b(mod M) is read “a is congruent to b modulo M”.The following aspects of the congruence relation are frequently useful:",memodulus എന്ന മോഡ്യൂളസ് എന്ന് വിളിച്ചാൽ മാത്രമേ (mo) ബന്ധത്തിന്റെ വശങ്ങൾ ഉണ്ടാകൂ .
Figure 3.1,ചിത്രം 3.1
"The absolute value of the real number x, written ABS(x) or |x|, is defined as the greater of x or −x. Hence ABS(0) = 0, and, for , ABS(x) = x or ABS(x) = −x, depending on whether x is positive or negative.Thus","യഥാര്‍ത്ഥ സംഖ്യ x , എഴുതപ്പെട്ട abs ( x ) അല്ലെങ്കില്‍|x| ഗ്രേറ്റർ ഓഫ് എക്സ് അല്ലെങ്കിൽ എക്സ് എന്ന് നിർവചിച്ചിരിക്കുന്നു. അതിനാൽ abs ( 0 ) , abs ( x ) , abs ( x ) = x ( x ) = x എന്നാൽ പോസിറ്റീവ് അല്ലെങ്കിൽ നെഗറ്റീവ് ആണോ എന്നതിനെ ആശ്രയിച്ചിരിക്കുന്നു ."
"MATHEMATICAL FUNCTIONS, EXPONENTIAL AND LOGARITHMIC FUNCTIONS","ഗണിത ഫംഗ്ഷനുകൾ , എക്സ്പോണൻഷ്യൽ , ലോഗരിഥിമിക് ഫംഗ്ഷനുകൾ"
"Suppose X = {1, 2, . . . , n}.Then a permutation σ on X is frequently denoted by","x = 1 , 2.യു. എൻ ."
Example 3.2,ഉദാഹരണം 3.2
Glosssary:,ഗ്ലോസ്സറി :
Module -1,മൊഡ്യൂള്‍ 1
"(c) By a real polynomial function, we mean a function f : R → R of the form","( സി ) ഒരു നാമമാത്രമായ ഫംഗ്ഷൻ ഉപയോഗിച്ച് , ഒരു ഫങ്ഷൻ f : യഥാർത്ഥ ബഹുസ്വരതയെ നമ്മൾ അർത്ഥമാക്കുന്നു"
An invertible (bijective) function σ: X → X is called a permutation on X.The composition and inverses of permutations on X and the identity function on X are also permutations on X.,ഒരു വ്യതിരിക്തമായ ബിജെക്റ്റീവ് ഫംഗ്ഷൻ : x-ൽ പെർമ്യൂട്ടേഷൻ എന്ന് വിളിക്കുന്നു.x ലെ പെർമിറ്റേഷനുകളുടെയും x-ലെ ഐഡന്റിറ്റി ഫംഗ്ഷനുകളുടെയും രചനകളും ഉൾവശങ്ങളും x ൽ ഉണ്ടാകുന്നു .
An invertible (bijective) function σ: X → X is called a permutation on X.The composition and inverses of permutations on X and the identity function on X are also permutations on X.,ഒരു വ്യതിരിക്തമായ ബിജെക്റ്റീവ് ഫംഗ്ഷൻ : x - ൽ പെർമ്യൂട്ടേഷൻ എന്ന് വിളിക്കുന്നു.x ലെ പെർമിറ്റേഷനുകളുടെയും x - ലെ ഐഡന്റിറ്റി ഫംഗ്ഷനുകളുടെയും രചനകളും ഉൾവശങ്ങളും x ൽ ഉണ്ടാകുന്നു .
"Show that if x is a real number, then , if x is not an integer and , if x is an integer.","x ഒരു യഥാർത്ഥ സംഖ്യയാണെങ്കിൽ, x ഒരു പൂർണ്ണസംഖ്യയല്ലെങ്കിൽ, x ഒരു പൂർണ്ണസംഖ്യയാണെങ്കിൽ, കാണിക്കുക ."
"◦ For a compound containing a metal and a non-metal, the metal is named first followed by the non-metal.For example: NaCl which consists of Na+ (metal ion) and Cl– (non-metal ion)","ഒരു ലോഹവും അലോഹവും അടങ്ങുന്ന ഒരു സംയുക്തത്തിന് ആദ്യം ലോഹവും പിന്നീട് അലോഹവും വരുന്ന ക്രമത്തിൽ പേര് നൽകുന്നു .ഉദാ: NaCl, ഇതിൽ Na + (ലോഹ അയോൺ) Cl-(അലോഹ അയോൺ) എന്നിവ അടങ്ങിയിരിക്കുന്നു."
"{(a, s), (b, u), (c, r ), (d, s)}","( എ , എസ് ) , ( ബി , യു , ആർ ) , ( ഡി , എസ് )"
ceiling function: the smallest integer greater than or equal to x,ceiling ഫംഗ്ഷന്‍ : x-നേക്കാള്‍ വലുത് അല്ലെങ്കില്‍ സമം
(1) f :R → R is one-to-one if each horizontal line intersects the graph of f in at most one point.,(1) എഫ് : ഓരോ തിരശ്ചീന വരിയും f-ന്റെ ഗ്രാഫിനെ മിക്കവാറും ഒരു പോയിന്റിൽ സംയോജിപ്പിച്ചാൽ r-is ontoone .
"f is a function from A into A since each member of A appears as the first coordinate in exactly one ordered pair in f; here f (1) = 3, f (2) = 3, and f (3) = 1.g is not a function from A into A since 2 ∈ A is not the first coordinate of any pair in g and so g does not assign any image to 2.Also h is not a function from A into A since 1 ∈ A appears as the first coordinate of two distinct ordered pairs in h, (1, 3) and (1, 2).If h is to be a function it cannot assign both 3 and 2 to the element 1 ∈ A.","f = 3 , f ( 2 ) = 3 , f ( 2 ) = 3 , f ( 3 ) , f ( 3 ) = 1.ജി ഒരു ഫംഗ്ഷനിൽ നിന്നല്ല വരുന്നത് , അതായത് ജി യിലെ ഏതെങ്കിലും ജോഡിയുടെ ആദ്യ ഏകോപനമല്ല , അതിനാൽ ജി ഒരു ഇമേജ് 2 ആയി നൽകുന്നില്ല.എച്ച് ( 1 , 3 ) , ( 1 , 1 , 1 ) എന്നിങ്ങനെ രണ്ട് വ്യത്യസ്ത ഓർഡർ ചെയ്ത രണ്ട് ജോഡികളുടെ ആദ്യത്തെ കോർഡിനേറ്റായി കാണപ്പെടുന്ന ഒരു ഫങ്ഷനിൽ നിന്ന് എച്ച് ഇല്ല.h ഒരു ഫങ്ഷൻ ആണെങ്കിൽ , എലമെന്റ് 3 , 2 എന്നിവയ്ക്ക് ഇത് സ്ഥാപിക്കാൻ കഴിയില്ല ."
◦ Anions having oxyanions (oxygen + another element) usually have a suffix as –ate.For example – SO42- (Sulphate),ഓക്‌സിയാനോണുകൾ ( ഓക്‌സിജൻ + മറ്റൊരു ഘടകം ) ഉള്ള അലനുകൾക്ക് സാധാരണഗതിയിൽ ശ്വാസംമുട്ടൽ ഉണ്ട് .
"Exponents are extended to include all rational numbers by deﬁning, for any rational number m/n,",എല്ലാ യുക്തിസഹമായ എം / എൻ നമ്പരുകൾക്കും ഡൈനിംഗ് ഐഡന്റിറ്റി ഉൾപ്പെടെയുള്ള എല്ലാ യുക്തിസഹമായ സംഖ്യകളിലേക്കും പ്രവാസികളെ വിപുലീകരിക്കുന്നു .
"Thus f1 is one-to-one but not onto, f3 is onto but not one-to-one and f4 is neither one-to-one nor onto.However, f2 is both one-to-one and onto, i.e., is a one-to-one correspondence between A and B. Hence f2 is invertible and f2−1 is a function from C to B.","f1 വണ്‍ടോണാണ്, f3 അങ്ങനെയല്ല, പക്ഷേ വണ്‍ടോണും f4 ഉം ഒന്നുമല്ല.എന്നിരുന്നാലും, എഫ് 2 എന്നത് എ, ബി എന്നിവയ്ക്കിടയിലുള്ള ഒരു വൺടോൺ കത്തിടപാടാണ്. അതിനാൽ f2 എന്നത് c ൽ നിന്നുള്ള ഒരു പ്രവർത്തനമാണ് ."
"Two functions f : A → B and g : A → B are defined to be equal, written f = g, if f (a) = g(a) for every a∈ A; that is, if they have the same graph.Accordingly, we do not distinguish between a function and its graph.Now, such a graph relation has the property that each a in A belongs to a unique ordered pair (a, b) in the relation.On the other hand, any relation f from A to B that has this property gives rise to a function f : A → B, where f (a) = b for each (a, b) in f. Consequently, one may equivalently define a function as follows:","f : grape ഉം g യും നിർവചിച്ചിരിക്കുന്നു : ph ഉം തുല്യമാണ്, f = g, (a) = a (a) = a (a) = a) എല്ലാ പദങ്ങൾക്കും തുല്യമാണെങ്കിൽ.അതിനാൽ, ഒരു ഫങ്ഷനും അതിന്റെ ഗ്രാഫും തമ്മിൽ നമ്മൾ വേർതിരിക്കുന്നില്ല.ഇപ്പോൾ, അത്തരമൊരു ഗ്രാഫ് ബന്ധത്തിൽ ഒരു പ്രത്യേക ഓർഡർ ജോഡിയുടെ (എ, ബി) സ്വത്തുക്കൾ ഉണ്ട്.മറുവശത്ത്, ഈ വസ്തുവുമായി ബന്ധപ്പെടുന്ന എഫ് ."
(2) f :R → R is an onto function if each horizontal line intersects the graph of f at one or more points.,( 2 ) എഫ് : ഓരോ തിരശ്ചീന വരിയും ഒന്നോ അതിലധികമോ പോയിന്റുകളിൽ എഫ് ഗ്രാഫിനെ പരസ്പരം ബന്ധിപ്പിച്ചാൽ ആർ പ്രവർത്തിക്കും .
Acetic acid formula,അസറ്റിക് ആസിഡ് ഫോർമുല
(b),( ബി )
Module 9,മൊഡ്യൂള്‍ 9
"Specifically,","പ്രത്യേകിച്ചും,"
"(c) Let A be any set.The function from A into A which assigns to each element in A the element itself is called the identity function on A and it is usually denoted by IA, or simply I.In other words, for every a ∈ A, IA(a) = a.","( സി ) ഏതു സെറ്റും വെക്കാം.ഒരു മൂലകത്തിലെ ഓരോ ഘടകത്തിനും ഏതെങ്കിലുമൊരു പദാർത്ഥത്തിൽ നിന്നുമുള്ള പ്രവർത്തനം a യിൽ ഐഡന്റിറ്റി ഫംഗ്ഷൻ എന്ന് വിളിക്കുന്നു , ഇത് സാധാരണയായി ia അല്ലെങ്കിൽ ലളിതമായി സൂചിപ്പിക്കുന്നു.മറ്റു വാക്കുകളിൽ പറഞ്ഞാൽ , ഓരോ പൗരനും ia ( a ) = a ."
"One atom is present in each of the elements hydrogen, carbon and nitrogen, respectively.Remember that the subscript 1 is understood when no subscript is mentioned.",ഹൈഡ്രജൻ കാർബൺ നൈട്രജൻ എന്നീ മൂലകങ്ങളിൽ ഓരോന്നിലും ഒരു ആറ്റം ഉണ്ട്.സബ്സ്ക്രിപ്റ്റ് 1 സബ്സ്ക്രിപ്റ്റ് ഇല്ലെങ്കിൽ മനസ്സിലാകുമെന്ന് ഓർക്കുക .
"Accordingly, the exponential function is deﬁned for all real numbers.","അതിനാൽ , എക്സ്പോണൻഷ്യൽ ഫംഗ്ഷൻ എല്ലാ യഥാർത്ഥ സംഖ്യകൾക്കും ഡിവേൾഡ് ആണ് ."
Theorem 3.1: A function f : A → B is invertible if and only if f is both one-to-one and onto.,തിയോറം : ഒരു ഫങ്ഷൻ f : 1 : ഒരു ഫങ്ഷൻ : f വൺറ്റൂണും അകത്തും ആണെങ്കിൽ മാത്രം .
"As far as being onto is concerned, f2 and f3 are both onto functions since every element of C is the image under f2 of some element of B and every element of D is the image under f3 of some element of C, f2(B) = C and f3(C) = D. On the other hand, f1 is not onto since 3 ∈ B is not the image under f4 of any element of A. and f4 is not onto since x ∈ E is not the image under f4 of any element of D.","cയുടെ എല്ലാ ഘടകങ്ങളും b യുടെ f2 ന്റെ (c) f3-ഉം d-യിലെ എല്ലാ ഘടകങ്ങളും f3-ഉം ആണ് മറുവശത്ത്, a യുടെ ഏതെങ്കിലും മൂലകത്തിന്റെ f4 ന് കീഴിലുള്ള f1 ബിംബമല്ല. dയുടെ ഏതെങ്കിലും ഘടകത്തിന്റെ f4 ന് കീഴിലുള്ള f4 ഇമേജ് അല്ല ."
These are some of the books for further reading:,കൂടുതൽ വായനയ്ക്കുള്ള പുസ്തകങ്ങളിൽ ചിലത് ഇവയാണ് :
"In order to write a chemical formula, it is important to know the symbol of the elements present in the compound, formula of the radicals and the valency of the elements in that compound.Following points should be kept in mind while writing a chemical formula.","ഒരു രാസ സൂത്രവാക്യം എഴുതാൻ , സംയുക്തത്തിലെ മൂലകങ്ങളുടെ പ്രതീകം , റാഡിക്കലുകളുടെ സൂത്രവാക്യം , ആ സംയുക്തത്തിലെ മൂലകങ്ങളുടെ ബലം എന്നിവ അറിയേണ്ടത് പ്രധാനമാണ്.ഒരു രാസ സൂത്രവാക്യം എഴുതുമ്പോള്‍ താഴെ പറയുന്ന കാര്യങ്ങള്‍ ശ്രദ്ധിക്കണം ."
"(d) Suppose S is a subset of A.The inclusion map or embedding of S into A, denoted by",(ഡി) a യുടെ ഒരു ഉപവിഭാഗമാണെന്നിരിക്കട്ടെ .
Figure 2.1,ചിത്രം 2.1
"Let x be any real number.Then x lies between two integers called the floor and the ceiling of x. Specifically,, called the floor of x, denotes the greatest integer that does not exceed x. , called the ceiling of x, denotes the least integer that is not less than x.","x ഒരു യഥാര്‍ത്ഥ നമ്പര്‍ ആകട്ടെ.തുടർന്ന് x നിലം എന്ന് വിളിക്കുന്ന രണ്ട് പൂർണ്ണസംഖ്യകൾക്കും x ന്റെ മേൽക്കൂരയ്ക്കും ഇടയിലാണ്. പ്രത്യേകിച്ചും, x ഫ്ലോർ ഓഫ് എക്സ് എന്ന് വിളിക്കപ്പെടുന്ന ഏറ്റവും വലിയ സംഖ്യയെ സൂചിപ്പിക്കുന്നു. x-ന്റെ സീലിംഗ് എന്ന് വിളിക്കപ്പെടുന്ന, x-ൽ കുറഞ്ഞ പൂർണ്ണസംഖ്യയെ സൂചിപ്പിക്കുന്നു ."
"The restriction of any function f : A → B, denoted by f |S is the function from S into B such that, for any x ∈ S, f |S (x) = f (x)","എഫ് ഫങ്ഷനുകളുടെ നിയന്ത്രണം : എഫ്. s ( s ) s - ൽ നിന്നുള്ള പ്രവർത്തനമാണ് , അതായത് f , f , f ( x ) = f ( x ) = f ( x )"
"Specifically,","പ്രത്യേകിച്ചും ,"
"◦ For a compound containing a metal and a non-metal, the metal is named first followed by the non-metal.For example: NaCl which consists of Na+ (metal ion) and Cl– (non-metal ion)",ഒരു ലോഹവും അടങ്ങുന്ന ഒരു സംയുക്തത്തിന് ആദ്യം ലോഹത്തിന് പേര് നൽകി .
PART II,രണ്ടാം ഭാഗം
A) R B) R-{-1} C) R-{1} D) R-{2},ആർ ബി) ആർ { 1 } സി ആർ { 1 } ഡി ആർ { 2 }
◦ Anions having -1 negative charge usually have a suffix as –ide.For example: F– – Floride,1 നെഗറ്റീവ് ചാർജുള്ള ആനകൾക്ക് ശ്വാസംമുട്ടൽ ഉണ്ടാകുന്നു .
A) x B) C)) D) none of these,( എ ) x ബി ) സി ) ഡി ഒന്നും
"where the ais are real numbers.Since R is an infinite set, it would be impossible to plot each point of the graph.However, the graph of such a function can be approximated by first plotting some of its points and then drawing a smooth curve through these points.The points are usually obtained from a table where various values are assigned to x and the corresponding values of f (x) are computed.Figure 2.1 illustrates this technique using the function f (x) = x2 − 2x − 3.","എഐഎസ് യഥാര്‍ത്ഥ സംഖ്യകള്‍.ആർ ഒരു അനന്തമായ സെറ്റായതിനാൽ , ഗ്രാഫിന്റെ ഓരോ പോയിന്റ് ആസൂത്രണം ചെയ്യാൻ കഴിയില്ല.എന്നിരുന്നാലും , അത്തരം ഒരു പ്രവർത്തനത്തിന്റെ ഗ്രാഫ് ആദ്യം അതിന്റെ ചില പോയിന്റുകൾ ആസൂത്രണം ചെയ്ത് , തുടർന്ന് ഈ പോയിന്റുകളിലൂടെ ഒരു സുഗമമായ വളയം വരയ്ക്കുന്നു.എഫ് ( x ) ന്റെ അനുബന്ധ മൂല്യങ്ങൾ കണക്കാക്കുന്ന ഒരു പട്ടികയിൽ നിന്ന് പോയിന്റുകൾ സാധാരണയായി ലഭിക്കും.2. 1 ഫങ്ഷൻ f ( x ) ഫങ്ഷൻ f = x ( x ) = x എന്ന ഫങ്ഷൻ ടൈം ഫോർ ഉപയോഗിക്കുന്നു ."
"i: S → A is the function such that, for every x ∈ S, i(x) = x",ഞാൻ :
"Discrete Mathematics and its Applications (SixthEdition), Kenneth.H.Rosen, TMH Education Pvt. Ltd.","ഗണിതവും അതിന്റെ പ്രയോഗങ്ങളും (സിക്സ്റ്റിഷൻ), കെന്നത്ത് എച്ച്.റോസൻ, ടിഎംഎച്ച് വിദ്യാഭ്യാസ പ്രൈവറ്റ് ലിമിറ്റഡ്"
"(b) Figure 1.1 defines a function f from A = {a, b, c, d} into B = {r, s, t , u} in the obvious way.Here","(ബി) 1.1 ഒരു ഫങ്ഷൻ f = { a, b, c, d } എന്നതിൽ നിന്ന് b = { r, s, t, t, u എന്നിങ്ങനെ വ്യക്തമായ രീതിയിൽ നിർവചിക്കുന്നു ."
"The absolute value of the real number x, written ABS(x) or |x|, is defined as the greater of x or −x. Hence ABS(0) = 0, and, for , ABS(x) = x or ABS(x) = −x, depending on whether x is positive or negative.Thus","യഥാര്‍ത്ഥ സംഖ്യ x, എഴുതപ്പെട്ട abs (x) അല്ലെങ്കില്‍|x| ഗ്രേറ്റർ ഓഫ് എക്സ് അല്ലെങ്കിൽ എക്സ് എന്ന് നിർവചിച്ചിരിക്കുന്നു. അതിനാൽ abs (0), abs (x), abs (x) = x (x) = x എന്നാൽ പോസിറ്റീവ് അല്ലെങ്കിൽ നെഗറ്റീവ് ആണോ എന്നതിനെ ആശ്രയിച്ചിരിക്കുന്നു ."
SCHOOL COMPLEX,സ്കൂൾ സമുച്ചയം
Aluminium acetate formula,അലൂമിനിയം അസറ്റ് ഫോര്‍മുല
"Set Theory and Related Topics, Seymour Lipschutz Schaum’s Outline Series, Second Edition, TMH Education Pvt. Ltd.","തിയറിയും അനുബന്ധ വിഷയങ്ങളും, സൈമർ ലിപ്ഷൂറ്റ്സ് ഷാംസ് ഔട്ട്‌ലൈൻ സീരീസ്, രണ്ടാം പതിപ്പ്, ടിഎംഎച്ച് എഡ്യൂക്കേഷൻ പ്രൈവറ്റ് ലിമിറ്റഡ്"
RELATIONS AND FUNCTIONS,ബന്ധങ്ങളും പ്രവർത്തനങ്ങളും
"Although we do not distinguish between a function and its graph, we will still use the terminology “graph of f ” when referring to f as a set of ordered pairs.Moreover, since the graph of f is a relation, we can draw its picture as was done for relations in general, and this pictorial representation is itself sometimes called the graph of f. Also, the defining condition of a function, that each a ∈ A belongs to a unique pair (a, b) in f, is equivalent to the geometrical condition of each vertical line intersecting the graph in exactly one point.","ഒരു ഫങ്ഷനും അതിന്റെ ഗ്രാഫും തമ്മിൽ വേർതിരിച്ചറിയുന്നില്ലെങ്കിലും, എഫ് ഒരു നിശ്ചിത ജോഡികളായി പരാമർശിക്കുമ്പോൾ നമ്മൾ f ന്റെ ടെർമിനോളജി ഗ്രാഫ് ഉപയോഗിക്കുന്നു.കൂടാതെ, f ഗ്രാഫ് ഒരു ബന്ധമായതിനാൽ, നമുക്ക് അതിന്റെ ചിത്രം പൊതുവിൽ ബന്ധങ്ങൾക്കായി ചെയ്തതുപോലെ വരയ്ക്കാൻ കഴിയും, ഈ ചിത്രീയ പ്രാതിനിധ്യത്തെ ചിലപ്പോൾ f ഗ്രാഫ് എന്ന് വിളിക്കുന്നു. കൂടാതെ, നിർദ്ദിഷ്ട ഫംഗ്ഷൻ, f-ൽ ഒരു സവിശേഷമായ ജോഡി (എ, ബി) ഉള്ള ഓരോ അവസ്ഥയും വെർട്ടിക്കൽ ലൈനിലെ ജ്യാമിതീയ അവസ്ഥയ്ക്ക് തുല്യമാണ് ."
"There are ten calcium atoms.The amounts of phosphorous, hydrogen and oxygen are affected by the subscripts outside the parentheses.There are six phosphorous atoms and two hydrogen atoms existent.Oxygen atoms exist in two positions in the formula.There are overall 26 oxygen atoms: two from the OH subunit (2×1) and 24 from the PO4 subunits (6×4)","പത്ത് കാത്സ്യം ആറ്റങ്ങൾ ഉണ്ട്.മാതാപിതാക്കൾക്ക് പുറത്തുള്ള സബ്സ്ക്രിപ്റ്റുകൾ ഫോസ്ഫറസ് , ഹൈഡ്രജൻ , ഓക്സിജൻ എന്നിവയുടെ അളവ് ബാധിക്കുന്നു.ആറ് ഫോസ്ഫറസ് ആറ്റങ്ങളും രണ്ട് ഹൈഡ്രജൻ ആറ്റങ്ങളും ഉണ്ട്.ഓക്സിജൻ ആറ്റങ്ങൾ രണ്ട് സ്ഥാനങ്ങളിൽ ഉണ്ട്.മൊത്തത്തിൽ ഓക്സിജൻ ആറ്റങ്ങൾ ഉണ്ട് : രണ്ട് ഓക്സിജൻ ആറ്റങ്ങൾ : രണ്ട് ഓക്സിജൻ ആറ്റങ്ങൾ : ഒ. എസ് ."
Formula,ഫോര്‍മുല
Recall the following deﬁnitions for integer exponents (where m is a positive integer):,ഇന്‍റിജര്‍ എക്സ്പാന്‍റിനുള്ള താഴെപ്പറയുന്ന ഡിസീസേഷനുകള്‍ ഓര്‍ക്കുക :
"domain of f: the set A, where f is a function from A to B","f - ന്റെ domain : സെറ്റ് a , a - യിൽ നിന്ന് b - ലേക്ക് f പ്രവർത്തിക്കുന്നു"
"Accordingly, if f is both one-to-one and onto, i.e. invertible, then each horizontal line will intersect the graph of f at exactly one point.","അതിനാൽ , f വൺറ്റൂൺ ആണെങ്കിൽ , അതായത് എഫ്. തിരശ്ചീനമായി , ഓരോ തിരശ്ചീന വരിയും f ന്റെ ഗ്രാഫ് കൃത്യമായി ഒരു പോയിന്റിൽ ഇടകലർത്തും ."
Functions as Relations,ബന്ധങ്ങൾ
"Sometimes the domain of a sequence is the set{0,1,2,...}of non-negative integers rather than N.In such a ease we say n begins with 0 rather than 1.",ചിലപ്പോൾ ഒരു ശ്രേണിയുടെ ഡൊമെയിൻ n നു പകരം നെഗറ്റീവ് പൂർണ്ണസംഖ്യകളുടെ സെറ്റ് ആണ്.ഈ രീതിയിൽ n ആരംഭിക്കുന്നത് 1 ന് പകരം 0 ൽ നിന്നാണ് .
"This formula points out that in one molecule of the compound, 18 carbon atoms, 21 hydrogen atoms, one nitrogen atom and three oxygen atoms are existent.","ഒരു തന്മാത്രയിൽ, 18 കാർബൺ ആറ്റങ്ങൾ, 21 ഹൈഡ്രജൻ ആറ്റങ്ങൾ, നൈട്രജൻ ആറ്റങ്ങൾ, മൂന്ന് ഓക്സിജൻ ആറ്റങ്ങൾ എന്നിവ നിലവിലുണ്ട് ."
"As far as being onto is concerned, f2 and f3 are both onto functions since every element of C is the image under f2 of some element of B and every element of D is the image under f3 of some element of C, f2(B) = C and f3(C) = D. On the other hand, f1 is not onto since 3 ∈ B is not the image under f4 of any element of A. and f4 is not onto since x ∈ E is not the image under f4 of any element of D.","cയുടെ എല്ലാ ഘടകങ്ങളും b യുടെ f2 ന്റെ ( c ) f3 - ഉം d - യിലെ എല്ലാ ഘടകങ്ങളും f3 - ഉം ആണ് മറുവശത്ത് , a യുടെ ഏതെങ്കിലും മൂലകത്തിന്റെ f4 ന് കീഴിലുള്ള f1 ബിംബമല്ല. dയുടെ ഏതെങ്കിലും ഘടകത്തിന്റെ f4 ന് കീഴിലുള്ള f4 ഇമേജ് അല്ല ."
Solved Examples,ചില ഉദാഹരണങ്ങൾ പരിഹാരസഹിതം
"read: k modulo M) will denote the integer remainder when k is divided by M.More exactly, k(mod M) is the unique integer r such that",read more : k modulo m (k modulo m) എന്ന പൂർണ്ണസംഖ്യയെ സൂചിപ്പിക്കുന്നു .
"There is a need for drastic measures in order to make education capable to meet social, economic and political needs of the country.The educationists have recommended a school of institutional complex by which primary schools, secondary schools and colleges are brought closer to one another to enable them to benefit from each other.","രാജ്യത്തെ സാമൂഹിക , സാമ്പത്തിക , രാഷ്ട്രീയ ആവശ്യങ്ങൾ നിറവേറ്റാൻ വിദ്യാഭ്യാസത്തെ പ്രാപ്തരാക്കുന്നതിന് കടുത്ത നടപടികൾ ആവശ്യമാണ്.പ്രൈമറി സ്കൂളുകൾ , സെക്കൻഡറി സ്കൂളുകൾ , കോളേജുകൾ എന്നിവ പരസ്പരം കൂടുതൽ അടുക്കാൻ ഒരു സ്കൂൾ ഓഫ് ഇൻസ്റ്റിറ്റിയൂഷണൽ കോംപ്ലക്സ് നിർദ്ദേശിക്കുന്നു ."
"Thus −26 (mod 7) =7−5=2, −371 (mod 8) =8−3=5, −39 (mod 3) =0","ഇത് ( 26 ) = 75 = 2 ( മോഡ് 8 ) : മോഡ് ( മോഡ് 8 ) : 71 ) , മോഡ് ( മോഡ് 8 ) = 7 = 5 = 39 ) ."
Which of the following relations is a function?,ഇനിപ്പറയുന്ന ബന്ധങ്ങളിൽ ഏതാണ് പ്രവർത്തനം?
CH3COOH,കെ3കൂക്ക്
"One of the most important concepts in mathematics is that of a function.The terms “map,” “mapping,” “transformation,” and many others mean the same thing; the choice of which word to use in a given situation is usually determined by tradition and the mathematical background of the person using the term.","ഗണിതത്തിലെ ഏറ്റവും പ്രധാനപ്പെട്ട ആശയങ്ങളിലൊന്ന് ഒരു പ്രവർത്തനമാണ്.ഭൂപടം , മാപ്പിംഗ് , പരിവർത്തനം , മറ്റ് പല പദങ്ങളും ഒരേ കാര്യം , ഒരു നിശ്ചിത അവസ്ഥയിൽ ഏത് പദം ഉപയോഗിക്കണമെന്ന പദത്തിന്റെ തിരഞ്ഞെടുപ്പ് സാധാരണയായി പാരമ്പര്യവും പദത്തിന്റെ ഗണിത പശ്ചാത്തലവും ആണ് നിർണ്ണയിക്കുന്നത് ."
"Consider functions f : A → B and g: B → C; that is, where the codomain of f is the domain of g.Then we may define a new function from A to C, called the composition of f and g and written g◦f , as follows:",ഫങ്ഷനുകളുടെ ഫങ്ഷനുകൾ ശ്രദ്ധിക്കുക : a and g : അതായത് f ന്റെ കോഡൊമെയിൻ ജി ഡൊമെയിൻ ആണ് .
Cyanide,സയനൈഡ്
