english,malayalam
Who can donate Blood?,ആർക്കെല്ലാം രക്തദാനം ചെയ്യാൻ പറ്റും?
Signature (or Thumb impression) of the Subject/Legally Acceptable,പഠനവിധേയമാകുന്ന ആളുടെ ഒപ്പ് (കൈവിരലടയാളം) / നിയമപരമായി സ്വീകാര്യമായത്
Date: .....,തീയതി: .....
- Red blood cells,- ചുവന്ന രക്തകോശങ്ങൾ
Please take your time to review this information sheet and discuss any questions you may have with the study staff. This sheet may contain words that you do not understand. Please ask the study staff to explain any words or information that you do not clearly understand.,ഈ വിവര ഷീറ്റ് അവലോകനം ചെയ്യുന്നതിനും പഠന ഉദ്യോഗസ്ഥരുമായി നിങ്ങൾക്ക് ഉണ്ടായേക്കാവുന്ന ചോദ്യങ്ങൾ ചർച്ച ചെയ്യുന്നതിനും നിങ്ങള്‍ക്ക് ആവശ്യത്തിന് സമയം എടുക്കാവുന്നതാണ്. ഈ ഷീറ്റിൽ നിങ്ങൾക്ക് മനസ്സിലാകാത്ത വാക്കുകൾ അടങ്ങിയിരിക്കാം. നിങ്ങൾക്ക് വ്യക്തമായി മനസ്സിലാകാത്ത ഏതെങ്കിലും വാക്കുകളോ വിവരങ്ങളോ വിശദീകരിക്കാൻ ദയവായി പഠന ഉദ്യോഗസ്ഥരോട് ആവശ്യപ്പെടുക.
PLEASE COMPLETE THE SCALE BASED ON A STRUCTURED INTERVIEW,സ്ട്രക്ചേർഡ് ആയ (കൃത്യമായ )ഒരു ഇന്റർവ്യൂ അടിസ്ഥാനമാക്കി സ്കെയിൽ പൂർത്തിയാക്കുക
"Both the interventions are well accepted standard of care worldwide. If any adverse events occur,there is no monetary compensation for that.",രണ്ട് രീതികളും ലോകമെമ്പാടും അംഗീകരിക്കപ്പെട്ടിട്ടുള്ളതും ഉയർന്ന നിലവാരമുള്ളതുമാണ്. എന്തെങ്കിലും അനിഷ്ട സംഭവങ്ങൾ ഉണ്ടായാൽ അതിന് പണമായി നഷ്ടപരിഹാരം നൽകേണ്ടതില്ല.
Coding of samples or data,സാമ്പിളുകൾ അല്ലെങ്കിൽ ഡാറ്റകൾക്ക് കോഡ് നമ്പറുകൾ നൽകൽ .
"• You have the right to confidentiality regarding the privacy of your medical information (personal details, results of physical examinations, investigations, and your medical history). By signing this document, you will be allowing the research team investigators, if required to access your medical information.","• നിങ്ങളുടെ മെഡിക്കൽ വിവരങ്ങളുടെ (വ്യക്തിഗത വിശദാംശങ്ങൾ, ശാരീരിക പരിശോധനകളുടെ ഫലങ്ങൾ, അന്വേഷണങ്ങൾ, നിങ്ങളുടെ മെഡിക്കൽ ചരിത്രം) സ്വകാര്യത സംബന്ധിച്ച് രഹസ്യസ്വഭാവം പുലർത്താനുള്ള അവകാശം നിങ്ങൾക്കുണ്ട്. ഈ ഡോക്യുമെന്റിൽ ഒപ്പിടുന്നതിലൂടെ, നിങ്ങളുടെ മെഡിക്കൽ വിവരങ്ങൾ ആക്സസ് ചെയ്യാൻ ആവശ്യമെങ്കിൽ നിങ്ങൾ ഗവേഷണ ടീം അന്വേഷകരെ അനുവദിക്കും."
3. Ideas or gestures of suicide.,3. ആത്മഹത്യയെക്കുറിച്ചുള്ള ആശയങ്ങൾ അല്ലെങ്കിൽ ആംഗ്യങ്ങൾ.
(i) I confirm that I have read and understood the information sheet dated ____________ for the above study and have had the opportunity to ask questions. [ ],(i) മേൽപ്പറഞ്ഞ പഠനത്തിനായി ____________ തീയതിയിലുള്ള ഇന്‍ഫൊര്‍മേഷന്‍ ഷീറ്റ് ഞാൻ വായിക്കുകയും മനസ്സിലാക്കുകയും ചെയ്തിട്ടുണ്ടെന്നും ചോദ്യങ്ങൾ ചോദിക്കാനുള്ള അവസരം ലഭിച്ചെന്നും ഞാൻ സ്ഥിരീകരിക്കുന്നു. [ ]
Study Number: ____________,പഠന നമ്പർ: ____________
"Your child will receive treatment as recommended and this will not change depending on your decision whether to participate in this research. Please, take your time to read the following information carefully before you decide whether you wish to take part in this research study or not. You are encouraged to ask the study investigator if you need any additional information or clarification about what is stated in this form and/or in the research study. Please note that, should you decide to participate, you are free to withdraw at any time without any consequence.","നിങ്ങളുടെ കുട്ടിക്ക് ശുപാർശപ്രകാരം ചികിത്സ ഉറപ്പായും ലഭിക്കും, ഈ ഗവേഷണത്തിൽ പങ്കെടുക്കണമോ എന്ന തീരുമാനത്തെ ആശ്രയിച്ച് ഇത് മാറില്ല. ദയവായി, ഈ ഗവേഷണ പഠനത്തിൽ പങ്കെടുക്കാൻ നിങ്ങൾ ആഗ്രഹിക്കുന്നുണ്ടോ ഇല്ലയോ എന്ന് തീരുമാനിക്കുന്നതിന് മുമ്പ് ഇനിപ്പറയുന്ന വിവരങ്ങൾ ശ്രദ്ധാപൂർവ്വം വായിക്കാൻ നിങ്ങളുടെ സമയം എടുക്കുക. ഈ ഗവേഷണ പഠനത്തെ കുറിച്ച് ഈ ഫോമില്‍ പറയുന്നതിനേക്കാള്‍ കൂടുതല്‍ വിവരങ്ങള്‍ അല്ലെങ്കില്‍ വിശദീകരണം ആവശ്യമാണെങ്കില്‍ അവ അന്വേഷകനില്‍ നിന്ന് തേടുവാന്‍ നിങ്ങള്‍ക്ക് പൂര്‍ണ അവകാശം ഉണ്ടായിരിക്കുകയും അത്തരം ചോദ്യങ്ങള്‍ പ്രോത്സാഹിപ്പിക്കപ്പെടുകയും ചെയ്യും. പങ്കെടുക്കാൻ നിങ്ങൾ തീരുമാനിക്കുകയാണെങ്കിൽ പോലും, ഒരു പ്രത്യാഘാതവും നേരിടാതെ തന്നെ നിങ്ങൾക്ക് എപ്പോൾ വേണമെങ്കിലും അനുമതി പിൻവലിക്കാൻ സ്വാതന്ത്ര്യമുണ്ട്."
"9. Can I opt-out, once the trial has been started?",9. ട്രയൽ‌ ആരംഭിച്ചുകഴിഞ്ഞാൽ‌ എനിക്ക് ഒഴിവാക്കാൻ‌ കഴിയുമോ? പരീക്ഷണം‌ ആരംഭിച്ചുകഴിഞ്ഞാൽ‌ എനിക്ക് ഒഴിവാകാന്‍ കഴിയുമോ?
Information sheet for Donors,ദാതാക്കളുടെ വിവര ഷീറ്റ്
<Page-3>,<പേജ് -3>
Patient Portal,രോഗിയുടെ പോർട്ടൽ
"The next step the the group would make to take advantage of the multicentric collaboration is beginning a prospective collection of clinical, radiological and pathological data and material from patients treated for primary retroperitoneal sarcoma in reference centers from all over the world.","ലോകമെമ്പാടുമുള്ള റഫറൻസ് സെന്ററുകളിൽ നിന്ന് റെട്രോപെരിസമീൽ സാർക്കോമയിൽ ചികിത്സ തേടുന്ന രോഗികളിൽ നിന്നുള്ള ക്ലിനിക്കൽ, റേഡിയോളജിക്കൽ, പാത്തോളോളജിക്കൽ ഡേറ്റായും, മെറ്റീരിയലുകളും ശേഖരിക്കുക എന്നതാണ് ഈ സഹകരണത്തിന്റെ അടുത്ത ലക്‌ഷ്യം ."
We do not expect any injury related to study as study involves administration of drugs which are routinely used in practice.,പതിവായി ഉപയോഗിക്കപ്പെടുന്ന മരുന്നുകള്‍ മാത്രം പഠനത്തിൽ ഉൾപ്പെടുന്നതിനാൽ പഠനവുമായി ബന്ധപ്പെട്ട ഒരു പരിക്കും ഞങ്ങൾ പ്രതീക്ഷിക്കുന്നില്ല.
"If you decide to participate as a donor, you are free to withdraw your consent before iPSCs lines are generated. That means once iPSC lines or their products are made, they will not be withdrawn or destroyed. Also, once the iPSC lines have been created, samples of your original donated materials ( such as blood, mouth swab, ) may be retained in perpetuity in case it is necessary for us to access them in the future, e. g. to retest them.","നിങ്ങൾ ഒരു ഡോണർ ആയി പങ്കെടുക്കാൻ തീരുമാനിക്കുകയാണെങ്കിൽ, iPSC ലൈനുകൾ ജനറേറ്റുചെയ്യുന്നതിന് മുമ്പ് നിങ്ങളുടെ സമ്മതം പിൻവലിക്കാൻ നിങ്ങൾക്ക് സ്വാതന്ത്ര്യമുണ്ട്. അതായത് iPSC ലൈനുകളോ അവയുടെ ഉൽപ്പന്നങ്ങളോ നിർമ്മിച്ചുകഴിഞ്ഞാൽ, അവ പിൻവലിക്കുകയോ നശിപ്പിക്കുകയോ ചെയ്യില്ല. കൂടാതെ, iPSC ലൈനുകൾ സൃഷ്ടിച്ചുകഴിഞ്ഞാൽ, നിങ്ങൾ ഡൊണേറ്റ് ചെയ്ത യഥാർത്ഥ വസ്തുക്കളുടെ സാമ്പിളുകൾ (രക്തം, ഉമിനീര് പോലുള്ളവ) ഭാവിയിൽ ഞങ്ങൾക്ക് അവ ആക്‌സസ് ചെയ്യേണ്ടത് ആവശ്യമാകുമെങ്കിൽ, ശാശ്വതമായി നിലനിർത്തിയേക്കാം, ഉദാഹരണം അവ വീണ്ടും ടെസ്റ്റ് ചെയ്യാൻ."
Purpose: Why is this study necessary?,ഉദ്ദേശ്യം: ഈ പഠനം ആവശ്യമായിരിക്കുന്നത് എന്തുകൊണ്ട്?
- Patients with low hemoglobin (anemia),- താഴ്ന്ന ഹീമോഗ്ലോബിൻ (അനീമിയ) ഉള്ള രോഗികൾ
Your participation in this research is entirely voluntary. There is no obligation to consent to participate in the study. You will receive the same standard of care given to all patients in this hospital. You are allowed at any point to withdraw from this study. Your withdrawal will not affect in any way your further management and treatment.,ഈ ഗവേഷണത്തിൽ നിങ്ങളുടെ പങ്കാളിത്തം പൂർണ്ണമായും സ്വമേധയാ ഉള്ളതാണ്. പഠനത്തിൽ പങ്കെടുക്കാൻ സമ്മതം നൽകേണ്ട ബാധ്യതയില്ല. ഈ ആശുപത്രിയിൽ എല്ലാ രോഗികൾക്കും നൽകുന്ന അതേ നിലവാരത്തിലുള്ള പരിചരണം നിങ്ങൾക്ക് ലഭിക്കും. ഈ പഠനത്തിൽ നിന്ന് പിന്മാറാൻ നിങ്ങൾക്ക് എപ്പോൾ വേണമെങ്കിലും അനുവാദമുണ്ട്. നിങ്ങളുടെ പിൻവലിക്കൽ നിങ്ങളുടെ തുടർന്നുള്ള മാനേജ്മെന്റിനെയും ചികിത്സയെയും ഒരു തരത്തിലും ബാധിക്കില്ല.
"Your study doctor will be able to answer to your queries, if any, regarding this audio-video recording.",ഈ ഓഡിയോ-വീഡിയോ റെക്കോർഡിംഗ് സംബന്ധിച്ച് നിങ്ങളുടെ ചോദ്യങ്ങൾക്ക് ഉത്തരം നൽകാൻ നിങ്ങളുടെ പഠന ഡോക്ടർക്ക് കഴിയും.
"You are being asked to take part in a research study. Please read this explanation about the study and its risks and benefits before you decide if you would like to take part in this study. You should take as much time as you need to make your decision. You should ask the study doctor to explain anything that you do not understand and make sure that all of your questions have been answered before signing this consent form. Before you make your decision, feel free to talk about this study with anyone you wish. Participation in this study is voluntary and your decision of whether to participate will not affect your treatment in any way.","ഒരു ഗവേഷണ പഠനത്തിൽ പങ്കെടുക്കാൻ നിങ്ങളോട് ആവശ്യപ്പെടുന്നു. ഈ പഠനത്തിൽ പങ്കെടുക്കാൻ നിങ്ങൾ ആഗ്രഹിക്കുന്നുണ്ടെങ്കില്‍ ഒരു തീരുമാനം എടുക്കുന്നതിന് മുമ്പ് പഠനത്തെക്കുറിച്ചും അതിന്റെ അപകടസാധ്യതകളെക്കുറിച്ചും നേട്ടങ്ങളെക്കുറിച്ചും നല്‍കിയിട്ടുള്ള വിശദീകരണം വായിക്കുക. തീരുമാനം എടുക്കാൻ ആവശ്യമായത്ര സമയം നിങ്ങക്ക് എടുക്കാം. നിങ്ങൾക്ക് മനസ്സിലാകാത്ത എന്തും വിശദീകരിക്കാൻ നിങ്ങള്‍ക്ക് പഠന ഡോക്ടറോട് ആവശ്യപ്പെടാം ഈ സമ്മതപത്രത്തിൽ ഒപ്പിടുന്നതിന് മുമ്പ് നിങ്ങളുടെ എല്ലാ ചോദ്യങ്ങൾക്കും ഉത്തരം ലഭിച്ചിട്ടുണ്ടെന്ന് ഉറപ്പാക്കേണ്ടതുണ്ട്. നിങ്ങൾ ഒരു തീരുമാനമെടുക്കുന്നതിന് മുമ്പ്, നിങ്ങൾ ആഗ്രഹിക്കുന്ന ആരുമായും ഈ പഠനത്തെക്കുറിച്ച് സംസാരിക്കാൻ മടിക്കേണ്ടതില്ല. ഈ പഠനത്തിലെ പങ്കാളിത്തം സ്വമേധയാ ഉള്ളതാണ്, പങ്കെടുക്കണോ എന്ന നിങ്ങളുടെ തീരുമാനം നിങ്ങളുടെ ചികിത്സയെ ഒരു തരത്തിലും ബാധിക്കുകയില്ല."
Participation in this study will not cost you any additional expense.,ഈ പഠനത്തിലെ പങ്കാളിത്തം നിങ്ങൾക്ക് അധിക ചെലവൊന്നും വരുന്നതല്ല.
INFORMED CONSENT FORM FOR SUBJECTS,പഠന വിധേയമാകുന്നവര്‍ക്കുള്ള ഇന്‍ഫോംഡ് കണ്‍സെന്‍റ് ഫോം
What happens if you decide not to take part in this study?,ഈ പഠനത്തിൽ പങ്കെടുക്കുന്നില്ലെന്ന് നിങ്ങൾ തീരുമാനിക്കുന്നപക്ഷം എന്തു സംഭവിക്കും?
22. Major change in responsibilities at work: 29,22. ജോലിയിലെ ഉത്തരവാദിത്തങ്ങളിലെ പ്രധാന മാറ്റം: 29
2. Complains of nightly difficulty falling asleep.,2. രാത്രിയിൽ ഉറങ്ങാൻ ബുദ്ധിമുട്ടുണ്ടാകുന്നതായി പരാതിപ്പെടുന്നു.
APPROVED.,അംഗീകരിക്കപ്പെട്ടു.
Introduction :,ആമുഖം:
3.3. Data Collection Elements,3.3 ഡാറ്റ ശേഖരണ ഘടകങ്ങൾ
"A small area on your back will be exposed, and the anesthetist will locate the epidural space by gently touching your back. Following this, they will follow a strict protocol, getting scrubbed up, gowned, and gloved, ensuring a sterile environment. The back will be meticulously cleaned, and a sterile sheet will be placed over the area, maintaining aseptic conditions and minimizing the risk of infection.","നിങ്ങളുടെ പുറകിലെ ഇടുപ്പിൽ പരിശോധിച്ച ശേഷം, അനസ്തെറ്റിസ്റ്റ് നിങ്ങളുടെ പുറകിൽ മൃദുവായി സ്പർശിച്ചുകൊണ്ട് എപ്പിഡ്യൂറൽ സ്പേസ് കണ്ടെത്തും. ഇത് കഴിഞ്ഞ്, അവർ കർശനമായ പ്രോട്ടോക്കോൾ പിന്തുടരും, സ്‌ക്രബ്ബ് ചെയ്യുകയും വസ്ത്രം ധരിക്കുകയും കൈയ്യുറ ധരിക്കുകയും ചെയ്യുന്നു, അണുവിമുക്തമായ ഒരു അന്തരീക്ഷം ഉറപ്പാക്കുന്നു. പിൻഭാഗം സൂക്ഷ്മമായി വൃത്തിയാക്കുകയും, അണുവിമുക്തമായ ഒരു ഷീറ്റ് ആ ഭാഗത്ത് സ്ഥാപിക്കുകയും, അസെപ്റ്റിക് കണ്ടീഷൻ (അണുവിമുക്തം) നിലനിർത്തുകയും അണുബാധയുടെ സാധ്യത കുറയ്ക്കുകയും ചെയ്യും."
10. Will the cells from my body be stored for future use?,10. എന്റെ ശരീരത്തിൽ നിന്നുള്ള സെല്ലുകൾ ഭാവിയിലെ ഉപയോഗത്തിനായി സംഭരിക്കുമോ?
Phone No.,ഫോൺ നമ്പർ.
12) SOMATIC SYMPTOMS GASTRO-INTESTINAL,12) സോമാറ്റിക് ലക്ഷണങ്ങൾ ഗ്യാസ്ട്രോ-ഇൻ്റസ്റ്റൈനൽ
Will you have to pay for the study?,പഠനത്തിനായി നിങ്ങൾ പണം നൽകേണ്ടിവരുമോ?
"Transplantation is the treatment of choice in patients with kidney disease undergoing dialysis. Rejection is one of the main complications after transplant. Biopsy is the only test to confirm the same. Therefore, it is important to be able to identify those renal transplant recipients who are likely to develop graft rejection in the early stages. This study aims at proving whether our new test would be useful to identify early rejection in renal transplant recipients.","ഡയാലിസിസിന് വിധേയരായ വൃക്കരോഗമുള്ള രോഗികളിൽ തിരഞ്ഞെടുക്കാനുള്ള ചികിത്സയാണ് ട്രാൻസ്പ്ലാൻറേഷൻ. ട്രാൻസ്പ്ലാൻറിന് ശേഷമുള്ള പ്രധാന സങ്കീർണതകളിലൊന്നാണ് നിരസിക്കൽ. ഇത് സ്ഥിരീകരിക്കുന്നതിനുള്ള ഏക പരിശോധന ബയോപ്സിയാണ്. അതിനാൽ, ആദ്യഘട്ടത്തിൽ ഗ്രാഫ്റ്റ് തിരസ്കരണത്തിന് സാധ്യതയുള്ള വൃക്കസംബന്ധമായ ട്രാൻസ്പ്ലാൻറ് സ്വീകർത്താക്കളെ തിരിച്ചറിയാൻ കഴിയേണ്ടത് പ്രധാനമാണ്. വൃക്കസംബന്ധമായ ട്രാൻസ്പ്ലാൻറ് സ്വീകർത്താക്കളിൽ നേരത്തേയുള്ള തിരസ്കരണത്തെ തിരിച്ചറിയാൻ ഞങ്ങളുടെ പുതിയ പരിശോധന ഉപയോഗപ്രദമാകുമോ എന്ന് തെളിയിക്കാൻ ഈ പഠനം ലക്ഷ്യമിടുന്നു."
4) INSOMNIA: EARLY IN THE NIGHT,4) ഉറക്കമില്ലായ്മ: രാത്രിയിൽ നേരത്തെ
What if I Change my mind?,ഞാൻ എന്റെ മനസ്സ് മാറ്റിയാലോ?
<Informed Sheet-Peed>,<Informed Sheet-Peed>
4. Incapacitating.,4. കഴിവില്ലായ്മ.
0. None.,0. ഒന്നുമില്ല.
"1. Demographic details (including your childs age, sex, socio economic status, place of stay etc.)","1. ജനസംഖ്യാപരമായ വിശദാംശങ്ങൾ (ഉൾപ്പെടുന്ന വിവരങ്ങൾ നിങ്ങളുടെ കുട്ടികളുടെ പ്രായം, ലിംഗം, സാമൂഹിക സാമ്പത്തിക നില, താമസിക്കുന്ന സ്ഥലം മുതലായവയാണ്)"
42. Christmas: 12,42. ക്രിസ്മസ്: 12
"3. Hand wringing, nail biting, hair-pulling, biting of lips.","3. കൈ തിരുമ്മുക,നഖം കടിക്കുക, മുടി വലിക്കുക, ചുണ്ടുകൾ കടിക്കുക."
Address………………........................................................................................................................,വിലാസം……………………........................................................................................................................
urinary frequency,മൂത്രത്തിന്റെ ആവൃത്തി
"Also, you will be monitored continuously in the ward and your breathing, blood pressure, heart rate will be monitored regularly and you will be given appropriate treatment for the side effects. If you are not willing to take part in this study, you will be receiving the standard medications according to our protocol.","കൂടാതെ, നിങ്ങളെ വാർഡിൽ തുടർച്ചയായി നിരീക്ഷിക്കുകയും നിങ്ങളുടെ ശ്വസനം, രക്തസമ്മർദ്ദം, ഹൃദയമിടിപ്പ് എന്നിവ പതിവായി നിരീക്ഷിക്കുകയും പാർശ്വഫലങ്ങൾക്ക് ഉചിതമായ ചികിത്സ നൽകുകയും ചെയ്യും. ഈ പഠനത്തിൽ പങ്കെടുക്കാൻ നിങ്ങൾ തയ്യാറല്ലെങ്കിൽ, ഞങ്ങളുടെ പ്രോട്ടോക്കോൾ അനുസരിച്ച് നിങ്ങൾക്ക് സാധാരണ മരുന്നുകൾ ലഭിക്കും."
Signature of participant________________________________,പങ്കാളിയുടെ ഒപ്പ് ________________________________
5. I agree not to restrict the use of any data or results that arise from this study provided such a use is only for scientific purpose(s).,5. അത്തരമൊരു പഠനം ശാസ്ത്രീയ ആവശ്യങ്ങൾക്ക് മാത്രമാണെങ്കിൽ ഈ പഠനത്തിൽ നിന്ന് ഉണ്ടാകുന്ന ഏതെങ്കിലും ഡാറ്റയുടെയോ ഫലങ്ങളുടെയോ ഉപയോഗം നിയന്ത്രിക്കില്ലെന്ന് ഞാൻ സമ്മതിക്കുന്നു.
Donors have the right to withdraw their participation at any time.,ദാതാവിന് എപ്പോൾ വേണമെങ്കിലും അവരുടെ പങ്കാളിത്തം അവസാനിപ്പിക്കാവുന്നതാണ്
‐ probably do not reduce the risk of hospitalisation due to heart failure;,‐ ഒരുപക്ഷേ ഹൃദയസ്തംഭനം മൂലം ആശുപത്രിയിൽ പ്രവേശിപ്പിക്കപ്പെടാനുള്ള സാധ്യത കുറയ്ക്കരുത്;
"How much of this does it take to push you""over the edge""? Not all unusual events are equally hard to deal with. For example, compare the stress of divorce with that of a change in responsibilities at work. Because of this, you need to be able to rate and measure your total stress score appropriately.","നിങ്ങളെ""ഉത്കണ്ടയിലേക്ക്"" തള്ളാൻ ഇതിൽ എത്രമാത്രം ആവശ്യമാണ്? എല്ലാ അസാധാരണ സംഭവങ്ങളും കൈകാര്യം ചെയ്യുന്നത് ഒരുപോലെ പ്രയാസമില്ല. ഉദാഹരണത്തിന്, വിവാഹമോചനത്തിൻ്റെ സമ്മർദവും ജോലിസ്ഥലത്തെ ഉത്തരവാദിത്തങ്ങളുടെ മാറ്റവും താരതമ്യം ചെയ്യുക. ഇക്കാരണത്താൽ, നിങ്ങളുടെ മൊത്തം സ്ട്രെസ് സ്കോർ ഉചിതമായി റേറ്റ് ചെയ്യാനും അളക്കാനും നിങ്ങൾക്ക് കഴിയേണ്ടതുണ്ട്."
You can take your as much time to make your decision. If you have any doubts or questions regarding the study please feel free to ask me.,പഠനത്തില്‍ പങ്കെടുക്കുന്നതിനെ കുറിച്ച് തീരുമാനമെടുക്കാൻ നിങ്ങൾക്ക് കൂടുതൽ സമയം എടുക്കാം. പഠനത്തെക്കുറിച്ച് നിങ്ങൾക്ക് എന്തെങ്കിലും സംശയങ്ങളോ ചോദ്യങ്ങളോ ഉണ്ടെങ്കിൽ എന്നോട് ചോദിക്കാൻ മടിക്കേണ്ടതില്ല.
"You will not get any personal benefits directly from the study. The aim of this study is to improve the knowledge about the disease, risk factors and its outcomes. We hope that this information will help in early recognition and prevention of the disease in future.","നിങ്ങൾക്ക് വ്യക്തിഗത ആനുകൂല്യങ്ങളൊന്നും പഠനത്തിൽ നിന്ന് നേരിട്ട് ലഭിക്കില്ല. രോഗം, അപകടസാധ്യത ഘടകങ്ങൾ, അതിന്റെ ഫലങ്ങൾ എന്നിവയെക്കുറിച്ചുള്ള അറിവ് മെച്ചപ്പെടുത്തുകയാണ് ഈ പഠനത്തിന്റെ ലക്ഷ്യം. ഭാവിയിൽ രോഗം നേരത്തേ തിരിച്ചറിയുന്നതിനും തടയുന്നതിനും ഈ വിവരങ്ങൾ സഹായിക്കുമെന്ന് ഞങ്ങൾ പ്രതീക്ഷിക്കുന്നു."
(i) I confirm that I have read and understood the information sheet dated ____________ for the above study and have had the opportunity to ask questions. [ ],(i) മുകളില്‍ സൂചിപ്പിച്ചിട്ടുള്ള പഠനത്തിനായി ____________ തീയതിയിലുള്ള വിവര ഷീറ്റ് ഞാൻ വായിക്കുകയും മനസിലാക്കുകയും ചെയ്തുവെന്നും ചോദ്യങ്ങൾ ചോദിക്കാനുള്ള അവസരം ലഭിച്ചിട്ടുണ്ടെന്നും ഞാൻ ഇതിനാല്‍ സ്ഥിരീകരിക്കുന്നു. []
3. What does this involve for me?,3. ഇതിൽ എന്നെ സംബന്ധിച്ചിടത്തോളം എന്താണ് ഉൾപ്പെടുന്നത്?
Life Stress Self Assessment,ലൈഫ് സ്ട്രസ് സെൽഫ് അസസ് മെന്റ് (ജീവിത സമ്മർദ്ദം സ്വയം വിലയിരുത്തൽ)
0. Absent.,0. ശ്രദ്ധിക്കുന്നില്ല.
"Donor Statement: I have been provided with sufficient information in relation to the collection and potential future use of my donation for production of iPSC. I have read the information, acknowledge and accept the uses and potential applications to which my cells may be subjected. I have also understood the conditions relating to withdrawal of consent, the absence of rights over materials and information derived from my donated cells and any financial benefit arising from them. Furthermore, I have been given the opportunity to ask questions and my questions have been satisfactorily answered. I agree to give my blood and data/allow access to my medical record for use in haplobank or for other purposes as described above.","ഡോണര്‍ പ്രസ്താവന: iPSC നിർമ്മിക്കുന്നതിനുള്ള എന്റെ ഡൊണേഷന്‍റെ ശേഖരണത്തെയും ഭാവിയിലെ ഉപയോഗത്തെയും സംബന്ധിച്ച് മതിയായ വിവരങ്ങൾ എനിക്ക് നൽകിയിട്ടുണ്ട്. എന്റെ സെല്ലുകൾക്ക് വിധേയമായേക്കാവുന്ന ഉപയോഗങ്ങളും സാധ്യമായ ആപ്ലിക്കേഷനുകളും ഞാൻ വിവരങ്ങൾ വായിക്കുകയും സ്വീകരിക്കുകയും അംഗീകരിക്കുകയും ചെയ്യുന്നു. കണ്‍സന്റ് പിൻവലിക്കൽ, ഞാൻ ഡൊണേറ്റ് ചെയ്ത സെല്ലുകളിൽ നിന്ന് ഉണ്ടായ മെറ്റീരിയലുകളുടെയും വിവരങ്ങളുടെയും മേലുള്ള അവകാശമില്ലായ്മ, അവയിൽ നിന്ന് ഉണ്ടാകുന്ന സാമ്പത്തിക നേട്ടങ്ങൾ എന്നിവയുമായി ബന്ധപ്പെട്ട വ്യവസ്ഥകളും ഞാൻ മനസ്സിലാക്കിയിട്ടുണ്ട്. കൂടാതെ, എനിക്ക് ചോദ്യങ്ങൾ ചോദിക്കാനുള്ള അവസരം നൽകുകയും എന്റെ ചോദ്യങ്ങൾക്ക് തൃപ്തികരമായ ഉത്തരം നൽകുകയും ചെയ്തിട്ടുണ്ട്. എന്റെ രക്തവും ഹാപ്ലോബാങ്കിൽ ഉപയോഗിക്കുന്നതിന് അല്ലെങ്കിൽ മുകളിൽ വിവരിച്ച മറ്റ് ആവശ്യങ്ങൾക്കായി എന്റെ മെഡിക്കൽ റെക്കോർഡിലെ ഡാറ്റ/വിവരങ്ങള്‍ ഉപയോഗിക്കാന്‍ അനുവാദമുണ്ടെന്നു ഞാൻ സമ്മതിക്കുന്നു."
• The right to withdraw consent,• സമ്മതം പിൻവലിക്കാനുള്ള അവകാശം
Following Instructions,നിർദ്ദേശങ്ങൾ പിന്തുടരുന്നത്
<ASSENT FORM>,<ASSENT FORM>
"Therefore, it is important to be able to identify those infected patients who are likely to develop complications in the early stages. This study aims at proving whether our new blood test would be useful to identify sepsis patients who are likely to develop severe complications.","അതിനാൽ, ആദ്യഘട്ടത്തിൽ തന്നെ സങ്കീർണതകൾ ഉണ്ടാകാൻ സാധ്യതയുള്ള രോഗികളെ തിരിച്ചറിയേണ്ടത് വളരെ പ്രധാനമാണ്. കഠിനമായ സങ്കീർണതകൾ ഉണ്ടാകാൻ സാധ്യതയുള്ള സെപ്സിസ് രോഗികളെ തിരിച്ചറിയുന്നതിന് ഞങ്ങളുടെ പുതിയ രക്തപരിശോധന ഉപയോഗപ്രദമാകുമോ എന്ന് തെളിയിക്കുകയാണ് ഈ പഠനത്തിലൂടെ ലക്ഷ്യമിടുന്നത്."
This scale is in the public domain.,ഈ സ്കെയിൽ പബ്ലിക് ഡൊമെയിനിൽ ഉള്ളതാണ്.
Postoperative Care,ശസ്ത്രക്രിയാനന്തര പരിചരണം
"(ii) I understand that my participation in the study is voluntary and that I am free to withdraw at any time, without giving any reason, without my medical care or legal rights being affected. [ ]",(ii) പഠനത്തിലെ എന്‍റെ പങ്കാളിത്തം സ്വമേധയാ ഉള്ളതാണെന്നും ഒരു കാരണവും വ്യക്തമാക്കാതെയും എന്‍റെ ചികിത്സയെയോ നിയമപരമായ അവകാശങ്ങളെയോ ബാധിക്കാതെ എപ്പോൾ വേണമെങ്കിലും ഇത് പിൻവലിക്കാൻ എനിക്ക് സ്വാതന്ത്ര്യമുണ്ടെന്നും ഞാൻ മനസ്സിലാക്കുന്നു. [ ]
Signing here means that you have read this form or have had it read to you and that you are willing to be in this study.,ഇവിടെ ഒപ്പിടുക എന്നതിനർത്ഥം നിങ്ങൾ ഈ ഫോം വായിച്ചിട്ടുണ്ടെന്നോ അല്ലെങ്കിൽ അത് നിങ്ങൾക്ക് വായിച്ചു കേള്‍പ്പിച്ചിട്ടുണ്ടെന്നും ഈ പഠനത്തിൽ പങ്കെടുക്കാൻ നിങ്ങൾ തയ്യാറാണെന്നും അർത്ഥമാക്കുന്നു.
Purpose of the research:,ഗവേഷണത്തിന്റെ ലക്ഷ്യം:
Information regarding the study:-,പഠനവുമായി ബന്ധപ്പെട്ട വിവരങ്ങൾ: -
(i) I confirm that I have read and understood the information sheet dated for the above study and have had the opportunity to ask questions. [ ],(i) മേൽപ്പറഞ്ഞ പഠനത്തിനായുള്ള ഇൻഫർമേഷൻ ഷീറ്റ് ഞാൻ വായിക്കുകയും മനസ്സിലാക്കുകയും ചെയ്തുവെന്നും ചോദ്യങ്ങൾ ചോദിക്കാൻ അവസരം ലഭിച്ചുവെന്നും ഞാൻ സ്ഥിരീകരിക്കുന്നു. [ ]
Date: _________ Study Number: __________,തീയതി:_________ പഠന നമ്പര്‍: _________
Ans. Usual treatment for such condition is the removal of the damaged part and filling it with the special bone cement or fat from other parts of the body to prevent that bone damage to come again. The deformed or bent bone may also need additional operation using metal rods and plates inside or outside the skin.,"ഉത്തരം. അത്തരം അവസ്ഥയ്ക്കുള്ള സാധാരണ ചികിത്സ കേടായ ഭാഗം നീക്കം ചെയ്യുകയും, അത്തരം അവസ്ഥ ആവര്‍ത്തിക്കാതിരിക്കാന്‍ ശരീരത്തിന്റെ മറ്റ് ഭാഗങ്ങളിൽ നിന്ന് പ്രത്യേക അസ്ഥി സിമൻറ് അല്ലെങ്കിൽ കൊഴുപ്പ് നിറയ്ക്കുകയും ചെയ്യുന്നു. വികലമായ അല്ലെങ്കിൽ വളഞ്ഞ അസ്ഥിയുടെ കാര്യത്തില്‍ ചർമ്മത്തിനകത്തോ പുറത്തോ മെറ്റൽ കമ്പികളും പ്ലേറ്റുകളും ഉപയോഗിച്ചുള്ള ശസ്ത്രക്രിയ ആവശ്യമായി വന്നേക്കാം."
Informed consent sheet number: _________,ഇൻഫോംഡ് കൺസെന്റ് ഷീറ്റ് നമ്പര്‍:
◦ transplanting cells created from your donation to other people.,◦ നിങ്ങളുടെ സംഭാവനയിൽ നിന്ന് സൃഷ്ടിച്ച കോശങ്ങൾ മറ്റ് ആളുകൾക്ക് ട്രാൻസ്‌പ്ലാന്റ് ചെയുന്നു.
"Surgery is the only potentially curative treatment available for localized retroperitoneal sarcoma (RPS). Multivisceral en-bloc resection of the tumor surrounded by a cuff of healthy tissues to achieve negative margins all-around has proved to be effective in reducing the risk of local recurrence. In particular, enlarging the resection to the adjacent organs in order to improve the quality of the surgical margin was associated to a better oncological outcome when compared to more limited resections in retrospective series.","ശസ്ത്രക്രിയ മാത്രമാണ് പ്രാദേശികമായ റെട്രോപെരിസമീൽ സാർക്കോമ (RPS) ക്കുള്ള ഏറ്റവും ഫലവത്തായ രോഗശമന ചികിത്സാരീതി. ആരോഗ്യമുള്ള കോശങ്ങളെ ചുറ്റിപ്പറ്റിയുള്ള ട്യൂമറിന്റെ വീണ്ടും വരാനുള്ള അപകടസാധ്യത കുറക്കുന്നതിന് മൾട്ടിവിസറൽ എൻബ്ലോക്ക് ശസ്ത്രക്രിയ വളരെ ഫലപ്രദമാണ്. പ്രത്യേകിച്ച്, ശസ്ത്രക്രിയയുടെ ഗുണമേന്മ മെച്ചപ്പെടുത്തുന്നതിന് സമീപത്തെ അവയവങ്ങളിലേക്ക് കൂടി വ്യാപിപ്പിക്കുന്നത്, മുൻകാലങ്ങളിൽ അനുവർത്തിച്ചു പോന്ന പരിമിതമായ ശാസ്ത്രക്രിയകളേക്കാൾ കൂടുതൽ നല്ല ഫലം നൽകുന്നതാണ്."
"Your participation in this research is voluntary. Your follow-up evaluation and management will not change, based on whether you participate or not in this research. You may change your mind and withdraw during the study even if you agreed earlier to participate",ഈ ഗവേഷണത്തിൽ നിങ്ങളുടെ പങ്കാളിത്തം സ്വമേധയാ ഉള്ളതാണ്. നിങ്ങൾ ഈ ഗവേഷണത്തിൽ പങ്കെടുക്കുന്നുണ്ടോ ഇല്ലയോ എന്നതിനെ അടിസ്ഥാനമാക്കി നിങ്ങളുടെ ഫോളോ-അപ്പ് മൂല്യനിർണ്ണയവും മാനേജ്മെന്റും മാറില്ല. പങ്കെടുക്കാൻ നിങ്ങൾ നേരത്തെ സമ്മതിച്ചാലും നിങ്ങളുടെ മനസ്സ് മാറ്റുകയും പഠന സമയത്ത് പിന്മാറുകയും ചെയ്യാം
Purpose of the research:,ഗവേഷണത്തിന്റെ ഉദ്ദേശ്യം:
9. Will your personal details be kept confidential?,9. നിങ്ങളുടെ സ്വകാര്യ വിശദാംശങ്ങൾ രഹസ്യമായി സൂക്ഷിക്കുമോ?
Date__________________,തീയതി__________________
(Click here for Audio Visual guidelines),(ഓഡിയോ വിഷ്വൽ മാർഗ്ഗനിർദ്ദേശങ്ങൾക്കായി ഇവിടെ ക്ലിക്കുചെയ്യുക)
"But I don’t stay with people for long, and almost everyone gets better.","പക്ഷെ ഞാൻ ആളുകളുമൊത്ത് കൂടുതൽ നേരം നിൽക്കില്ല, മിക്കവാറും എല്ലാവരും സുഖപ്പെടും ."
I also understand that the participation of ___ my son/daughter/ward in this study is entirely voluntary and that I am free to withdraw permission to continue his/her participation at any time without affecting my usual treatment or my legal rights.,"ഈ പഠനത്തിൽ ___ എന്ന എന്റെ മകൻ / മകൾ / ആശ്രിതന്റെ പങ്കാളിത്തം പൂർണ്ണമായും സ്വമേധയാ ഉള്ളതാണെന്നും, സാധാരണ ചികിത്സയെയോ നിയമപരമായ അവകാശങ്ങളെയോ ബാധിക്കാതെ എപ്പോൾ വേണമെങ്കിലും അവന്റെ / അവളുടെ പങ്കാളിത്തം തുടരുന്നതിനുള്ള അനുമതി പിൻവലിക്കാൻ എനിക്ക് സ്വാതന്ത്ര്യമുണ്ടെന്നും ഞാൻ മനസ്സിലാക്കുന്നു."
Signatory’s Name:,കൈയൊപ്പുകാരന്‍റെ പേര്:
- Medical staff who are directly or indirectly involved in your care related to this research;,- ഈ ഗവേഷണവുമായി ബന്ധപ്പെട്ട നിങ്ങളുടെ പരിചരണത്തിൽ നേരിട്ടോ അല്ലാതെയോ ഏർപ്പെട്ടിരിക്കുന്ന മെഡിക്കൽ സ്റ്റാഫ്;
"3. I understand that the participation in the study is completely optional and I can stop participating at any time, even without giving any specific reason. I understand I will continue to receive same quality treatment even I do not take part in the study.",3. പഠനത്തിലെ പങ്കാളിത്തം പൂർണ്ണമായും എന്‍റെ ഇച്ഛാനുസൃതം ആണെന്നും ഒരു പ്രത്യേക കാരണവും നൽകാതെ തന്നെ എനിക്ക് എപ്പോൾ വേണമെങ്കിലും പങ്കെടുക്കുന്നത് നിർത്താമെന്നും ഞാൻ മനസ്സിലാക്കുന്നു. ഞാൻ പഠനത്തിൽ പങ്കെടുത്തില്ലെങ്കിലും മുന്‍പുള്ള അതേ നിലവാരത്തിലുള്ള ചികിത്സ തുടർന്നും ലഭിക്കുമെന്ന് ഞാൻ മനസ്സിലാക്കുന്നു.
The extra tests done as a part of the study will be done free of cost. You will not incur any extra charges due to participation in the study,പഠനത്തിന്റെ ഭാഗമായി ചെയ്യുന്ന അധിക പരിശോധനകൾ സൌജന്യമായി ചെയ്യും. പഠനത്തിലെ പങ്കാളിത്തം കാരണം നിങ്ങളില്‍ നിന്ന് അധിക നിരക്കുകൾ ഈടാക്കില്ല
What will I get out of the study?,പഠനത്തിൽ നിന്ന് എനിക്ക് എന്ത് ലഭിക്കും?
"Your donation will be identified using anonymized code numbers. We will keep several important pieces of medical information attached to the sample: for example, your age, gender, medical diagnosis, and some medical test results.","അജ്ഞാത കോഡ് നമ്പറുകൾ ഉപയോഗിച്ച് നിങ്ങളുടെ ഡൊണേഷൻ തിരിച്ചറിയും. സാമ്പിളുമായി ബന്ധപ്പെട്ട നിരവധി പ്രധാന മെഡിക്കൽ വിവരങ്ങൾ ഞങ്ങൾ സൂക്ഷിക്കും: ഉദാഹരണത്തിന്, നിങ്ങളുടെ പ്രായം, ലിംഗഭേദം, മെഡിക്കൽ രോഗനിർണയം, ചില മെഡിക്കൽ പരിശോധന ഫലങ്ങൾ എന്നിവ."
[ASSENT_FORM_11_TO_14_YEARS_ENG],[ASSENT_FORM_11_TO_14_YEARS_ENG]
Medical staff who are directly or indirectly involved in your care related to this research;,ഈ ഗവേഷണവുമായി ബന്ധപ്പെട്ട് നേരിട്ടോ അല്ലെങ്കിൽ പരോക്ഷമായോ നിങ്ങളുടെ പരിചരണവുമായി ബന്ധപ്പെട്ടിരിക്കുന്ന മെഡിക്കൽ ജീവനക്കാർ;
"We are confident or moderately confident in the evidence for deaths from cardiovascular disease or any cause, heart attack, stroke and hospitalisation due to heart failure. We are less confident in the evidence for unwanted effects because few studies provided information on unwanted effects and they did not report many. Most studies included people with diabetes only so these results could be due to better control of their diabetes, rather than the medicines’ effect on cardiovascular disease.","ഹൃദയ സംബന്ധമായ അസുഖം മൂലമോ ഏതെങ്കിലും കാരണത്താലോ, ഹൃദയാഘാതം, സ്ട്രോക്ക്, ഹൃദയസ്തംഭനം മൂലമുള്ള ആശുപത്രിവാസം എന്നിവയിൽ നിന്നുള്ള മരണങ്ങളുടെ തെളിവുകളിൽ ഞങ്ങൾക്ക് ആത്മവിശ്വാസമോ മിതമായ വിശ്വാസമോ ഉണ്ട്. അനാവശ്യ ഇഫക്റ്റുകളുടെ തെളിവുകളിൽ ഞങ്ങൾക്ക് ആത്മവിശ്വാസം കുറവാണ്, കാരണം ചില പഠനങ്ങൾ അനാവശ്യ ഇഫക്റ്റുകളെക്കുറിച്ചുള്ള വിവരങ്ങൾ നൽകിയിട്ടുണ്ട്, പക്ഷെ പലതും റിപ്പോർട്ട് ചെയ്തിട്ടില്ല. മിക്ക പഠനങ്ങളിലും പ്രമേഹമുള്ളവരെ മാത്രമേ ഉൾപ്പെടുത്തിയിട്ടുള്ളൂ, അതിനാൽ ഈ ഫലങ്ങൾ ഹൃദയ സംബന്ധമായ രോഗങ്ങളിൽ മരുന്നുകളുടെ സ്വാധീനത്തേക്കാൾ, അവരുടെ പ്രമേഹത്തെ നന്നായി നിയന്ത്രിക്കുന്നതിന് കാരണമാകും."
The effect of long-term use of topical antiglaucoma medications on meibomian gland morphology as documented by meibography using sirius topography: A cross sectional study,മെബോഗ്രാഫിയിലെ സിറിയസ് ടോപ്പോഗ്രാഫി ഉപയോഗിച്ച് രേഖപ്പെടുത്തിയിരിക്കുന്ന മെബോമിയൻ ഗ്രന്ഥി രൂപഘടനയിൽ പ്രാദേശിക ആന്റിഗ്ലോക്കോമ മരുന്നുകളുടെ ദീർഘകാല ഉപയോഗത്തിന്റെ പ്രഭാവം: ഒരു ക്രോസ് സെക്ഷണൽ പഠനം
4.0. Statistics and Reporting,4.0 സ്ഥിതിവിവരക്കണക്കുകളും റിപ്പോർട്ടിംഗും
2) FEELINGS OF GUILT,2) കുറ്റബോധം
Informed Consent Form,വിവരങ്ങൾ നൽകിയുള്ള കോൺസെന്റ് ഫോം
Confidentiality:-,രഹസ്യാത്മകത: -
CHI:,സിഎച്ച്ഐ:
(iv) I agree not to restrict the use of any data or results that arise from this study provided such a use is only for scientific purpose(s). [ ],"(iv) ഈ പഠനത്തിൽ നിന്ന് ഉണ്ടാകുന്ന ഏതെങ്കിലും ഡാറ്റയുടെയോ റിസള്‍ട്ടുകളുടെയോ ഉപയോഗം, അത് ശാസ്ത്രീയമായ ഉദ്ദേശ്യങ്ങൾക്ക് മാത്രമാണെങ്കില്‍, അത്തരം ഉപയോഗം പരിമിതപ്പെടുത്തേണ്ടതില്ലെന്ന് ഞാൻ സമ്മതിക്കുന്നു,. [ ]"
"All the care you receive during the study will be standard in the treatment of patients presenting with similar problems. Currently, steroids are used in patients with scrub typhus infection who have severe septic shock (low blood pressure needing medications to improve the blood pressure). In the case of scrub typhus pneumonitis, it is presently given based on the clinician’s judgement.","പഠനസമയത്ത് നിങ്ങൾക്ക് ലഭിക്കുന്ന എല്ലാ പരിചരണവും സമാന പ്രശ്നങ്ങളുള്ള രോഗികളുടെ സാധാരണ ചികിത്സ പോലെ തന്നെയായിരിക്കും. നിലവിൽ, കഠിനമായ സെപ്റ്റിക് ഷോക്ക് (രക്തസമ്മർദ്ദം മെച്ചപ്പെടുത്തുന്നതിന് മരുന്നുകൾ ആവശ്യമുള്ള കുറഞ്ഞ രക്തസമ്മർദ്ദം) ഉള്ള സ്ക്രബ് ടൈഫസ് അണുബാധയുള്ള രോഗികളിൽ സ്റ്റിറോയിഡുകൾ ഉപയോഗിക്കുന്നു. സ്ക്രബ് ടൈഫസ് ന്യൂമോണിറ്റിസിന്റെ കാര്യത്തിൽ, ഇത് നിലവിൽ ക്ലിനിഷ്യന്റെ നിർണയത്തെ അടിസ്ഥാനമാക്കിയാണ് നൽകുന്നത്."
• Symptoms of possible FOP disease flare-ups and CAJIS score,"• സാധ്യമായ FOP രോഗത്തിന്റെ ലക്ഷണങ്ങൾ, CAJIS സ്കോറുകൾ"
"No. Cells harvest surgery, bone surgery, and hospital stay will be free for you. You will also not be charged for cell culture and laboratory procedures related to it. The follow-up investigations will also be done at free of cost. But, you will have to pay for any additional surgery that your disease requires to correct the deformity or lengthening of bone.","ഇല്ല. കോശങ്ങളുടെ വിളവെടുപ്പ് ശസ്ത്രക്രിയ, അസ്ഥി ശസ്ത്രക്രിയ, ആശുപത്രി താമസം എന്നിവ നിങ്ങൾക്ക് സൌജന്യമായിരിക്കും. സെൽ കൾച്ചറിനും അതുമായി ബന്ധപ്പെട്ട ലബോറട്ടറി നടപടിക്രമങ്ങൾക്കും നിങ്ങളിൽ നിന്ന് നിരക്ക് ഈടാക്കില്ല. തുടർന്നുള്ള അന്വേഷണങ്ങളും സൌജന്യമായി നടത്തും. പക്ഷേ, നിങ്ങളുടെ രോഗത്തിന് അനുസരിച്ച് അസ്ഥിയുടെ വൈകല്യം പരിഹരിക്കുന്നതിനോ നീളം കൂട്ടുന്നതിനോ ആവശ്യമായ അധിക ശസ്ത്രക്രിയയ്ക്ക് നിങ്ങൾ പണം നൽകേണ്ടിവരും."
Independent Witness Statement I have witnessed the accurate reading of the information sheet above to the potential donor and the individual has had the opportunity to ask questions. I confirm that the individual has given consent freely.,"ഇൻഡിപെൻഡന്റ് വിറ്റ്‌നസ് സ്റ്റേറ്റ്‌മെന്റ് മുകളിലുള്ള ഇന്‍ഫര്‍മേഷന്‍ ഷീറ്റ് പൊട്ടന്‍ഷ്യല്‍ ഡോണര്‍ കൃത്യമായി വായിക്കുന്നതിന് ഞാൻ സാക്ഷ്യം വഹിച്ചിട്ടുണ്ട്, കൂടാതെ വ്യക്തിക്ക് ചോദ്യങ്ങൾ ചോദിക്കാനുള്ള അവസരവും ലഭിച്ചു. വ്യക്തി ആരുടെയും പ്രേരണ കൂടാതെ സ്വതന്ത്രമായി സമ്മതം നൽകിയിട്ടുണ്ടെന്ന് ഞാൻ സ്ഥിരീകരിക്കുന്നു."
0. Acknowledges being depressed and ill.,0. വിഷാദവും അസുഖവും ആണെന്ന് സമ്മതിക്കുന്നു.
Signatory’s Name: Signature:,ഒപ്പിട്ടയാളുടെ പേര്: ഒപ്പ്:
Objective of the present study.,ഇപ്പോഴത്തെ പഠനത്തിന്റെ ലക്ഷ്യം.
10) ANXIETY PSYCHIC,10) ഉത്കണ്ഠ സൈക്കിക്
Signature (or Thumb impression) of the Subject/Legally Acceptable,പങ്കെടുക്കുന്ന ആളിന്റെ (രോഗിയുടെ )/നിയമപരമായി സ്വീകാര്യമായ ഒപ്പ് (അല്ലെങ്കിൽ തള്ളവിരലിന്റെ മുദ്ര ).
Sex: F/Male,ലിംഗം: സ്ത്രീ / പുരുഷൻ
6. I am aware about the possible harms of participating in the study.,6. പഠനത്തിൽ പങ്കെടുക്കുന്നതിലൂടെ ഉണ്ടാകാനിടയുള്ള ദോഷങ്ങളെക്കുറിച്ച് ബോധ്യമുണ്ട്.
What happens after the study is over?,പഠനം പൂർത്തിയായ ശേഷം എന്താണ് സംഭവിക്കുക?
Who will know that I am in the study?,ഞാൻ പഠനത്തിലാണെന്ന് ആര്‍ക്കൊക്കെ അറിയാം?
Representative: _________________,പ്രതിനിധി: _________________
Form n. 2,ഫോം നമ്പര്‍. 2
Procedure: Cystoscopic Implantation,നടപടിക്രമം: സിസ്റ്റോസ്കോപ്പിക് ഇംപ്ലാന്റേഷൻ
Ward:,വാര്‍ഡ് :
2. How these human satellite/myoblast cells can be used in urine incontinence problem?,2. മൂത്രം പോകുന്നതിലെ നിയന്ത്രണമില്ലായ്ക എന്ന പ്രശ്‌നത്തിൽ ഈ മനുഷ്യ സാറ്റലൈറ്റ് / മയോബ്ലാസ്റ്റ് സെല്ലുകൾ എങ്ങനെ ഉപയോഗിക്കാം?
"Patients will receive a form containing reference of all responsible study physicians, in case of need, during study period and thereafter.",പഠന കാലയളവിലും അതിനുശേഷവും എന്തെങ്കിലും ആവശ്യം ഉള്ളപ്പോള്‍ ബന്ധപ്പെടുന്നതിന് പഠനത്തില്‍ പങ്ക് വഹിച്ച എല്ലാ ഡോക്ടര്‍മാരുടെയും വിവരങ്ങള്‍ അടങ്ങിയ ഒരു ഫോം രോഗികള്‍ക്ക് നല്‍കും.
43. Minor violation of the law: 11,43. നിയമത്തിൻ്റെ ചെറിയ ലംഘനം: 11
12. What if I have more questions or need additional information?,12. എനിക്ക് കൂടുതൽ ചോദ്യങ്ങളുണ്ടെങ്കിലോ അല്ലെങ്കിൽ അധിക വിവരങ്ങൾ ആവശ്യമുണ്ടെങ്കിലോ?
6) INSOMNIA: EARLY HOURS OF THE MORNING,6) ഉറക്കമില്ലായ്മ: അതിരാവിലെ
Date Information Sheet Given to Donor:,ഡോണറിന് നൽകിയ ഡേറ്റ് ഇന്‍ഫര്‍മേഷന്‍ ഷീറ്റ്:
Efficiently following the instructions during the epidural procedure is pivotal. You must remain as still as possible. Any movement can pose challenges for the healthcare provider in accurately inserting the epidural needle into the desired location. Following guidance regarding positioning and maintaining stillness is crucial throughout the procedure.,എപ്പിഡ്യൂറൽ പ്രക്രിയയിൽ നിർദ്ദേശങ്ങൾ കാര്യക്ഷമമായി പാലിക്കുന്നത് നിർണായകമാണ്. നിങ്ങൾ കഴിയുന്നത്ര അനങ്ങാതെ ഇരിക്കണം. നിങ്ങൾ ശരീരം അനക്കിയാൽ ശരിയായ സ്ഥലത്ത് എപ്പിഡ്യൂറൽ സൂചി കൃത്യമായി കുത്തുന്നത് ആരോഗ്യ പരിരക്ഷാ ദാതാവിന് വെല്ലുവിളികൾ ഉയർത്താം. സ്ഥാനനിർണ്ണയവും നിശ്ചലത നിലനിർത്തുന്നതും(അനങ്ങാതെ ഇരിക്കുന്നതും ) സംബന്ധിച്ച മാർഗ്ഗനിർദ്ദേശങ്ങൾ പിന്തുടരുന്നത് ഈ പ്രക്രിയയിലുടനീളം നിർണായകമാണ്.
"If you agree as a donor for haplobanking, a peripheral blood sample of 30 ml [ about 6 tablespoons ] will be drawn for one time only. Blood cells will be isolated from your blood sample and in addition to creating an iPSC lines, other cells can be used to isolate the DNA from them.","ഹാപ്ലോബാങ്കിംഗിനായി നിങ്ങൾ ഒരു ഡോണർ ആകാൻ സമ്മതിക്കുകയാണെങ്കിൽ, ഒരു പെരിഫറൽ രക്ത സാമ്പിൾ 30 മില്ലി [ഏകദേശം 6 ടേബിൾസ്പൂൺ] ഒരു തവണ മാത്രമേ എടുക്കൂ. നിങ്ങളുടെ രക്ത സാമ്പിളിൽ നിന്ന് രക്തകോശങ്ങൾ വേർതിരിച്ചെടുക്കും, കൂടാതെ ഒരു iPSC ലൈനുകൾ സൃഷ്ടിക്കുന്നതിനു പുറമേ, അവയിൽ നിന്ന് ഡിഎൻഎ വേർതിരിക്കാൻ മറ്റ് സെല്ലുകളും ഉപയോഗിക്കാം."
"In this research study, we will be giving you pain medications in between the muscles of your back using ultra sound scan before the start of the surgery.","ഈ ഗവേഷണ പഠനത്തിൽ, ശസ്ത്രക്രിയ ആരംഭിക്കുന്നതിന് മുമ്പായി അൾട്രാ സൗണ്ട് സ്കാൻ ഉപയോഗിച്ച് നിങ്ങളുടെ മുതുകിലെ പേശികൾക്കിടയില്‍ ഞങ്ങൾ വേദന കുറയ്ക്കാനുള്ള മരുന്നുകൾ നൽകും."
If you participate in the study what will you have to do?,നിങ്ങൾ ഈ പഠനത്തിൽ പങ്കെടുക്കുകയാണെങ്കിൽ നിങ്ങൾ എന്താണ് ചെയ്യേണ്ടത്?
8. I agree to take part in the above study.,8. മുകളിലുള്ള പറഞ്ഞിരിക്കുന്ന പഠനത്തിൽ പങ്കെടുക്കാൻ ഞാൻ സമ്മതിക്കുന്നു.
What are my rights and responsibilities as a donor?,ഒരു ദാതാവെന്ന നിലയിൽ എന്റെ അവകാശങ്ങളും ഉത്തരവാദിത്തങ്ങളും എന്തൊക്കെയാണ്?
"Both groups undergo the same defined procedure at pre-established treatment cost. So, you will not have to pay extra for participating in the study and experiencing either treatment.","മുൻകൂട്ടി നിശ്ചയിച്ച ചികിത്സാ ചെലവിൽ രണ്ട് ഗ്രൂപ്പുകളും നിർവചിക്കപ്പെട്ട അതേ നടപടിക്രമത്തിന് വിധേയമാകുന്നു. അതിനാൽ, പഠനത്തിൽ പങ്കെടുക്കുന്നതിനും ചികിത്സ അനുഭവിക്കുന്നതിനും നിങ്ങൾ അധിക പണം നൽകേണ്ടതില്ല."
(Subject),(സബ്ജക്റ്റ്)
3. Marital Separation: 65,3. വിവാഹബന്ധം വേർപിരിയൽ: 65
I AM A REGULAR VOLUNTARY BLOOD DONOR!,ഞാൻ സ്ഥിരമായി സ്വമേധയാ രക്തദാനം നടത്തുന്ന ഒരു വ്യക്തിയാണ്
Signature/Thumb impression of the Research subject with date,തീയതിയോടുകൂടിയ ഗവേഷണ വിഷയത്തിന്റെ ഒപ്പ്/വിരലടയാളം
1. Patient complains of being restless and disturbed during the night.,1. രാത്രിയിൽ അസ്വസ്ഥതയും അസ്വസ്ഥതയും ഉള്ളതായി രോഗി പരാതിപ്പെടുന്നു.
4. Comorbidities,4. ഈ രോഗത്തെ തുടര്‍ന്ന് വരുന്ന മറ്റ് അസുഖങ്ങള്‍
Form n. 1,ഫോം നമ്പര്‍. 1
What is cardiovascular disease?,എന്താണ് ഹൃദയ സംബന്ധമായ അസുഖം?
If yes,ശെരി ആണെങ്കിൽ
33. Change in school: 20,33. സ്കൂൾ മാറുന്നത്: 20
- Has Hemoglobin more than 12.5 grams/dl,- ഹീമോഗ്ലോബിൻ 12.5 ഗ്രാം / dl കൂടുതലുള്ള
2. Unable to fall asleep again if he/she gets out of bed.,2. കിടക്കയിൽ നിന്ന് എഴുന്നേറ്റാൽ വീണ്ടും ഉറങ്ങാൻ കഴിയില്ല.
3) SUICIDE,3) ആത്മഹത്യ
• Diagnosis,• രോഗനിർണയം
"If you have any further questions, please contact any of the following or send an E-Mail to the Email ID given below. You are also free to contact us anytime during the trial for any clarification related to the trial or if you wish to withdraw from the study.","നിങ്ങൾക്ക് കൂടുതൽ എന്തെങ്കിലും ചോദ്യങ്ങളുണ്ടെങ്കിൽ, ഇനിപ്പറയുന്നവയിൽ ഏതെങ്കിലും രീതിയിലോ അല്ലെങ്കിൽ ചുവടെ നൽകിയിരിക്കുന്ന ഇമെയിൽ ഐഡിയിലേക്ക് ഒരു ഇ-മെയിൽ അയച്ചോ ബന്ധപ്പെടാവുന്നതാണ്. പഠനവുമായി ബന്ധപ്പെട്ട ഏതെങ്കിലും വിശദീകരണത്തിനോ അല്ലെങ്കിൽ പഠനത്തിൽ നിന്ന് പിന്മാറാൻ നിങ്ങൾ ആഗ്രഹിക്കുന്നുവെങ്കിലോ എപ്പോൾ വേണമെങ്കിലും ഞങ്ങളെ ബന്ധപ്പെടാൻ നിങ്ങൾക്ക് സ്വാതന്ത്ര്യമുണ്ട്."
7. I agree for my blood sample to be stored in the hospital for further studies.,7. കൂടുതൽ പഠനത്തിനായി എന്റെ രക്ത സാമ്പിൾ ആശുപത്രിയിൽ സൂക്ഷിക്കാൻ ഞാൻ സമ്മതിക്കുന്നു.
Name of Institution and Department:,സ്ഥാപനത്തിന്റെയും വകുപ്പിന്റെയും പേര്:
Patient Protection.,രോഗിയുടെ സംരക്ഷണം.
Date ………………………………,തീയതി ………………………………
What if I have questions?,എനിക്ക് ചോദ്യങ്ങളുണ്ടെങ്കിലോ?
We invite you to take part in our work to create bank of cells homozygous for HLA haplotype. You may be eligible to take part as a donor for haplobanking. This information sheet and consent form gives you important information about this banking. It describes the purpose of this banking and what your participation will involve.,HLA ഹാപ്ലോടൈപ്പിനായി ഹോമോസൈഗസ് സെല്ലുകളുടെ ബാങ്ക് സൃഷ്ടിക്കുന്നതിനുള്ള ഞങ്ങളുടെ പ്രവർത്തനത്തിൽ പങ്കെടുക്കാൻ ഞങ്ങൾ നിങ്ങളെ ക്ഷണിക്കുന്നു. ഹാപ്ലോബാങ്കിംഗിൽ ഒരു ഡോണർ ആയി പങ്കെടുക്കാൻ നിങ്ങൾ യോഗ്യനായിരിക്കാം. ഈ ഇൻഫോർമേഷൻ ഷീറ്റും കൺസെന്റ്ഫോമും ഈ ബാങ്കിംഗിനെക്കുറിച്ചുള്ള പ്രധാനപ്പെട്ട വിവരങ്ങൾ നൽകുന്നു. ഇത് ഈ ബാങ്കിംഗിന്റെ ഉദ്ദേശ്യവും നിങ്ങളുടെ പങ്കാളിത്തത്തിൽ എന്തെല്ലാം ഉൾപ്പെട്ടിരിക്കുമെന്നും വിവരിക്കുന്നു.
0. Absent.,0. ശ്രദ്ധയില്ലാത്ത
"In the case of any injury or illness resulting directly from this study drugs, necessary medical treatment will be available at no additional cost to you.","ഈ പഠന മരുന്നുകളിൽ നിന്ന് നേരിട്ട് എന്തെങ്കിലും പരിക്കോ രോഗമോ ഉണ്ടായാൽ, ആവശ്യമായ വൈദ്യചികിത്സ നിങ്ങൾക്ക് അധിക ചെലവില്ലാതെ ലഭ്യമാക്കും."
Voluntary Choice,സ്വമേധയാ ഉള്ള തിരഞ്ഞെടുക്കല്‍
4. Hypochondriacal delusions.,4. ഹൈപ്പോകോൺഡ്രിയക്കൽ ഡെലുഷൻസ്‌.തെളിവുകൾ ബോധ്യപ്പെടുത്തിയിട്ടും ആരോഗ്യത്തിന്റെ മോശം അവസ്ഥയെക്കുറിച്ചുള്ള സ്ഥിരമായ വിശ്വാസങ്ങൾ
"We are seeking your permission to enroll you as a donor for this study. In this project, we propose to perform research on gene therapy for treatment of hemophilia A. As you are a patient with FVIII deficiency, we require your cells to see whether the gene therapy method we have established works in treating this condition.","ഈ പഠനത്തിനായി നിങ്ങളെ ദാതാക്കളായി ചേർക്കുന്നതിന് ഞങ്ങൾ നിങ്ങളുടെ അനുമതി തേടുന്നു. ഈ പ്രോജക്റ്റിൽ, ഹീമോഫീലിയ എ ചികിത്സയ്ക്കായി ജീൻ തെറാപ്പിയിൽ ഗവേഷണം നടത്താൻ ഞങ്ങൾ നിർദ്ദേശിക്കുന്നു. നിങ്ങൾ FVIII കുറവുള്ള ഒരു രോഗിയായതിനാൽ, ഞങ്ങൾ സ്ഥാപിച്ച ജീൻ തെറാപ്പി രീതി ഈ അവസ്ഥയെ ചികിത്സിക്കുന്നതിൽ പ്രവർത്തിക്കുന്നുണ്ടോയെന്ന് മനസ്സിലാക്കുന്നതിന് നിങ്ങളുടെ സെല്ലുകൾ കാണേണ്ടത് ഞങ്ങളുടെ ആവശ്യമാണ്."
2. Admission Charges doesn't include pharmacy charges.,2. അഡ്മിഷൻ ചാർജുകളിൽ ഫാർമസി ചാർജുകൾ ഉൾപ്പെടുന്നില്ല.
Participation in this study does not involve any additional direct costs.,ഈ പഠനത്തിലെ പങ്കാളിത്തം ഏതെങ്കിലും നേരിട്ടുള്ള അധിക ചെലവുകൾ ഉൾക്കൊള്ളുന്നില്ല.
- People from agencies and organizations that perform independent accreditation and/or oversight of research.,- സ്വതന്ത്രമായി ഗവേഷണം നടത്തുന്നതിന് അധികാരപ്പെടുത്തപ്പെട്ട ആളുകള്‍ കൂടാതെ / അല്ലെങ്കിൽ ഗവേഷണത്തിന്റെ മേൽനോട്ടവും നടത്തുന്ന ഏജൻസികളിൽ നിന്നും ഓർഗനൈസേഷനുകളിൽ നിന്നുമുള്ള ആളുകൾ.
We will then have to do multiple surgeries to correct your defect normally. As per current knowledge we know that your own cellsare capable of repairing your defect. You will be able to go to school and play after your surgery. You will have to come for regular check-ups to ensure your growth is normal. Through this study we want to learn if we can use your own cells for correcting your defect.,"നിങ്ങളുടെ വൈകല്യം പരിഹരിക്കാൻ സാധാരണഗതിയിൽ ഞങ്ങള്‍ക്ക് ഒന്നിലധികം ശസ്ത്രക്രിയകൾ ചെയ്യേണ്ടിവരും. നിലവിലെ അറിവനുസരിച്ച്, നിങ്ങളുടെ സ്വന്തം സെൽ‌സെയർ‌ നിങ്ങളുടെ വൈകല്യം നന്നാക്കാൻ‌ പ്രാപ്‌തമാണെന്ന് ഞങ്ങൾ‌ക്കറിയാം. നിങ്ങളുടെ ശസ്ത്രക്രിയയ്ക്ക് ശേഷം നിങ്ങൾക്ക് സ്കൂളിൽ പോയി കളിക്കാൻ കഴിയും. നിങ്ങളുടെ വളർച്ച സാധാരണമാണെന്ന് ഉറപ്പാക്കാൻ പതിവ് പരിശോധനയ്ക്കായി നിങ്ങൾ വരേണ്ടതുണ്ട്. നിങ്ങളുടെ വൈകല്യം പരിഹരിക്കുന്നതിന് നിങ്ങളുടെ സ്വന്തം സെല്ലുകൾ ഉപയോഗിക്കാൻ കഴിയുമോ എന്ന് ഈ പഠനത്തിലൂടെ അറിയാൻ ഞങ്ങൾ ആഗ്രഹിക്കുന്നു."
◦ Testing for genetic and DNA composition. Genes may be analysed and/or manipulated in the cells of the haplobank.,◦ ജെനറ്റിക് കോമ്പോസിഷനുകളും DNA കോമ്പോസിഷനുകളും പരിശോധിക്കുന്നു. ഹാപ്ലോബാങ്കിന്റെ കോശങ്ങളിൽ ജീനുകൾ അനാലിസിസ് ചെയ്യാനും കൂടാതെ/അല്ലെങ്കിൽ കൃത്രിമം നടത്താനും കഴിയും.
Part iv Pediatric Yorkhill Malnutrition Score- Tool,ഭാഗം iv പീഡിയാട്രിക് യോർക്ക്ഹിൽ മാൽനുട്രിഷ്യൻ സ്കോർ- ഉപകരണം
Revised «PIApprovalDate»,"പുതുക്കിയ ""PIApprovalDate"""
clothes looser,വസ്ത്രം അയഞ്ഞതാകുന്ന അവസ്ഥ
3 Surgery,3 ശസ്ത്രക്രിയ
Signature of person taking the consent Date,സമ്മതം എടുക്കുന്ന വ്യക്തിയുടെ ഒപ്പ് തീയതി
1. What is haplobanking and why am I being requested to take part in this new program as a donor for haplobanking?,"1. എന്താണ് ഹാപ്ലോബാങ്കിംഗ്, എന്തുകൊണ്ടാണ് ഈ പുതിയ പ്രോഗ്രാമിൽ ഹാപ്ലോബാങ്കിംഗിന്റെ ഡോണർ എന്ന നിലയിൽ പങ്കെടുക്കാൻ എന്നോട് ആവശ്യപ്പെടുന്നത്‌?"
For Parents/Guardians:,മാതാപിതാക്കൾ/രക്ഷകർക്ക്:
Appendices,അനുബന്ധങ്ങൾ
"After the cleaning process, the healthcare provider carefully inserts a needle into the epidural space. Upon confirming successful placement, a catheter is threaded through the needle into the epidural space. Subsequently, the needle is removed, leaving the catheter in place for the administration of pain-relieving medications. After the epidural, you may experience a gentle, localized numbness in the lower back, indicating that the pain-relieving effects are taking effect.","ക്ലീനിംഗ് പ്രക്രിയയ്ക്ക് ശേഷം, ഹെൽത്ത് കെയർ പ്രൊവൈഡർ എപ്പിഡ്യൂറൽ സ്പെയ്സിലേക്ക് ഒരു സൂചി ശ്രദ്ധാപൂർവ്വം കുത്തുന്നു. വിജയകരമായി സൂചി ആ സ്ഥലത്തു കുത്തിവച്ചു എന്ന് സ്ഥിരീകരിക്കുമ്പോൾ, സൂചിയിലൂടെ എപ്പിഡ്യൂറൽ സ്‌പെയ്‌സിലേക്ക് ഒരു കത്തീറ്റർ ത്രെഡ് ചെയ്യുന്നു. തുടർന്ന്, സൂചി നീക്കം ചെയ്യപ്പെടുന്നു, വേദനസംഹാരിയായ മരുന്നുകൾ കയറ്റുന്നതിനു കത്തീറ്റർ അവിടെ തന്നെ ഉണ്ടാകും. എപ്പിഡ്യൂറലിനു ശേഷം, നിങ്ങൾക്ക് ഇടുപ്പിന്റെ താഴത്തെ ഭാഗത്ത് ചെറിയ രീതിയിൽ മരവിപ്പ് അനുഭവപ്പെടാം, ഇത് കാരണം വേദന അനുഭവപ്പെടുന്നത് അറിയില്ല."
Study Design,സ്റ്റഡി ഡിസൈൻ
1.Subjective tension and irritability.,1.മാനസികമായി ടെൻഷനും ക്ഷോഭവും.
Investigator,അന്വേഷകൻ
The results of this study may be shown at meetings or published in journals to inform other doctors and health professionals. We will keep your identity private in any publication or presentation from this study.,"ഈ പഠനത്തിന്റെ ഫലങ്ങൾ ചിലപ്പോൾ മീറ്റിങ്ങുകളിൽ കാണിച്ചേക്കാം അല്ലെങ്കിൽ ജേർണലുകളിൽ പ്രസിദ്ധീകരിച്ചേക്കാം, മറ്റ് ഡോക്ടർമാർക്കും ആരോഗ്യസംരക്ഷണ മേഖലയിൽ ജോലി ചെയ്യുന്നവർക്കും നൽകിയേക്കാം . ഈ പഠനം മുതൽ ഏതെങ്കിലും പ്രസിദ്ധീകരണത്തിൽ വരികയോ അല്ലെങ്കിൽ ഏതെങ്കിലും വേദിയിൽ അവതരിപ്പിക്കുകയോ ചെയ്യുകയാണെങ്കിൽ, ഞങ്ങൾ നിങ്ങളുടെ സ്വകാര്യത കാത്തുസൂക്ഷിക്കുന്നതായിരിക്കും ."
"You are being requested to participate in our study as a control group. In this study we will be measuring soluble HLA G levels in all renal transplant recipients. However, we will be requiring blood samples from normal subjects to check the baseline levels of this new biomarker for better comparison.","ഒരു നിയന്ത്രണ ഗ്രൂപ്പായി ഞങ്ങളുടെ പഠനത്തിൽ പങ്കെടുക്കാൻ നിങ്ങളോട് അഭ്യർത്ഥിക്കുന്നു. ഈ പഠനത്തിൽ ഞങ്ങൾ എല്ലാ വൃക്കസംബന്ധമായ ട്രാൻസ്പ്ലാൻറ് സ്വീകർത്താക്കളിലും ലയിക്കുന്ന എച്ച്എൽ‌എ ജി അളവ് അളക്കും. എന്നിരുന്നാലും, മികച്ച താരതമ്യത്തിനായി ഈ പുതിയ ബയോ‌മാർക്കറിന്റെ അടിസ്ഥാന നില പരിശോധിക്കുന്നതിന് സാധാരണ ആളുകളിൽ നിന്നുള്ള രക്ത സാമ്പിളുകൾ ഞങ്ങൾ ആവശ്യപ്പെടും."
"From this, we will find what your current problems are and will recommend sessions with physiotherapist, dietician, speech therapist, psychologist, dentist etc if you need any. These professionals will help you understand how to improve your current condition and will teach ways to solve them or cope with them.","ഇതിൽ നിന്ന്, നിങ്ങളുടെ നിലവിലെ പ്രശ്നങ്ങൾ എന്താണെന്ന് ഞങ്ങൾ കണ്ടെത്തും, നിങ്ങൾക്ക് എന്തെങ്കിലും ആവശ്യമുണ്ടെങ്കിൽ ഫിസിയോതെറാപ്പിസ്റ്റ്, ഡയറ്റീഷ്യൻ, സ്പീച്ച് തെറാപ്പിസ്റ്റ്, സൈക്കോളജിസ്റ്റ്, ഡെന്റിസ്റ്റ് മുതലായവരുമായി സെഷനുകൾ ശുപാർശ ചെയ്യും. നിങ്ങളുടെ നിലവിലെ അവസ്ഥ എങ്ങനെ മെച്ചപ്പെടുത്താമെന്ന് മനസിലാക്കാൻ ഈ പ്രൊഫഷണലുകൾ നിങ്ങളെ സഹായിക്കും, അവ പരിഹരിക്കുന്നതിനോ അവയെ നേരിടുന്നതിനോ ഉള്ള വഴികൾ പഠിപ്പിക്കും."
Will your details be kept confidential?,നിങ്ങളുടെ വിശദാംശങ്ങൾ രഹസ്യമായി സൂക്ഷിക്കുമോ?
Please take your time to review this information sheet and discuss any questions you may have with the study staff. This sheet may contain words that you do not understand. Please ask the study staff to explain any words or information that you do not clearly understand.,ഈ വിവര ഷീറ്റ് അവലോകനം ചെയ്യാനും നിങ്ങൾക്ക് ഉണ്ടായേക്കാവുന്ന ചോദ്യങ്ങൾ സ്റ്റഡി സ്റ്റാഫുമായി ചർച്ച ചെയ്യാനും ദയവായി ആവശ്യത്തിന് സമയമെടുക്കുക. ഈ ഷീറ്റിൽ നിങ്ങൾക്ക് മനസ്സിലാകാത്ത വാക്കുകൾ അടങ്ങിയിരിക്കാം. നിങ്ങൾക്ക് വ്യക്തമായി മനസ്സിലാകാത്ത ഏതെങ്കിലും വാക്കുകളോ വിവരങ്ങളോ വിശദീകരിക്കാൻ സ്റ്റഡി സ്റ്റാഫിനോട് ആവശ്യപ്പെടുക.
"We plan to study the clinical features, laboratory parameters and outcome in children with suspected and confirmed cases of COVID-19 infection.","കോവിഡ്-19 അണുബാധയുണ്ടെന്ന് സംശയിക്കപ്പെടുന്നതും സ്ഥിരീകരിച്ചതുമായ കുട്ടികളിലെ ക്ലിനിക്കൽ സവിശേഷതകൾ, പരീക്ഷണ ഘടകങ്ങൾ , ഫലങ്ങൾ എന്നിവ പഠിക്കാൻ ഞങ്ങൾ പദ്ധതിയിടുന്നു."
Signature of Participant/Legally Acceptable Representative,പങ്കെടുക്കുന്നയാളുടെ/നിയമപരമായി സ്വീകാര്യമായ പ്രതിനിധിയുടെ ഒപ്പ്
Plasma contains proteins including factors needed for blood to clot.,രക്തം കട്ടപിടിക്കുന്നതിന് ആവശ്യമുള്ളതടക്കമുള്ള പ്രോട്ടീൻസ് പ്ലാസ്മയിൽ അടങ്ങിയിരിക്കുന്നു .(Confused/Wrong)
You are being requested to participate in a study to identify the importance of a new special test which helps in the early identification of severe infection in children.,കുട്ടികളിലെ കടുത്ത അണുബാധയെ നേരത്തേ തിരിച്ചറിയാൻ സഹായിക്കുന്ന ഒരു പുതിയ പ്രത്യേക പരിശോധനയുടെ പ്രാധാന്യം തിരിച്ചറിയുന്നതിനായി ഒരു പഠനത്തിൽ പങ്കെടുക്കാൻ നിങ്ങളോട് അഭ്യർത്ഥിക്കുന്നു.
"◦ If any new products, tests, discoveries or patents that result from this research have potential commercial value, you will not share in any financial benefits. You will not receive patent rights. You will not have control over the product sales and uses.","◦ ഈ റിസേര്‍ച്ചിന്‍റെ ഫലമായുണ്ടാകുന്ന ഏതെങ്കിലും പുതിയ ഉൽപ്പന്നങ്ങൾ, പരിശോധനകൾ, കണ്ടെത്തലുകൾ അല്ലെങ്കിൽ പേറ്റന്റുകൾ എന്നിവയ്ക്ക് വാണിജ്യപരമായ മൂല്യമുണ്ടെങ്കിൽ, നിങ്ങൾക്കു ഒരു സാമ്പത്തിക നേട്ടത്തിലും പങ്കാളിത്തമില്ല. നിങ്ങൾക്ക് പേറ്റന്റ് അവകാശങ്ങൾ ലഭിക്കില്ല. ഉൽപ്പന്നത്തിന്റെ വിൽപ്പനയിലും ഉപയോഗത്തിലും നിങ്ങൾക്ക് നിയന്ത്രണം ഉണ്ടായിരിക്കില്ല."
Signatory’s Name: _________________________________ Signature:,ഒപ്പിട്ടയാളുടെ പേര്: _________________________________ ഒപ്പ്:
Conflict of interest,താല്പര്യ വൈരുധ്യം
"The study will not interfere with the treatment and diagnosis that is offered to you in the hospital.No procedures will be performed on you as part of the study. You will not have any additional costs from this study. You however will obtain no benefit, monetary or otherwise, from participating in this study.","ആശുപത്രിയിൽ നിങ്ങൾക്ക് നൽകിയിരിക്കുന്ന ചികിത്സയിലും രോഗനിർണയത്തെയും ഈ പഠനം ഒരിക്കലും ബാധിക്കില്ല . പഠനത്തിന്‍റെ ഭാഗമായി ഏതെങ്കിലും തരത്തിലുള്ള പരീക്ഷണങ്ങൾ നിങ്ങളുടെ മേല്‍ നടത്തുന്നതല്ല . ഈ പഠനത്തിനുവേണ്ടി നിങ്ങൾക്ക് അധിക ചെലവുകളൊന്നും വരുന്നതല്ല. അതുപോലെതന്നെ നിങ്ങള്‍ക്ക് ഈ പഠനത്തില്‍ പങ്കെടുക്കുന്നതിന്റെ ഭാഗമായി ഏതെങ്കിലും തരത്തിലുള്ള നേട്ടങ്ങള്‍, സാമ്പത്തികമായതോ മറ്റുതരത്തിലുള്ള നേട്ടങ്ങളോ ലഭിക്കുകയില്ല."
<Page-2>,<പേജ്-2>
"• Those diagnosed to have glaucoma, who are on antiglaucoma medications namely Travoprost or dorzolamide-timolol combination drops (Misopt) for a duration of more than one year","• ഗ്ലോക്കോമ ഉണ്ടെന്ന് രോഗനിർണയം നടത്തിയവർ, ആൻറിഗ്ലോക്കോമ മരുന്നുകളായ ട്രാവോപ്രോസ്റ്റ് അല്ലെങ്കിൽ ഡോർസോലാമൈഡ്-ടിമോലോൾ കോമ്പിനേഷൻ ഡ്രോപ്പുകൾ (മിസോപ്റ്റ്) ഒരു വർഷത്തിൽ കൂടുതലായി ഉപയോഗിക്കുന്നവർ"
You will be asked to provide 10 mL of blood for this study. Your doctor or nurse will obtain blood from a vein in your arm.,ഈ പഠനത്തിനായി 10 മില്ലി ലിറ്റർ രക്തം നൽകാൻ ആവശ്യപ്പെടും. നിങ്ങളുടെ ഡോക്ടറോ നഴ്സുമോ നിങ്ങളുടെ കൈയിലെ ഒരു ഞരമ്പിൽ നിന്ന് രക്തം സ്വീകരിക്കും.
Date: 13.10.2023,തീയതി:13.10.2023
"Main purpose To assess severity of, and change in, depressive symptoms","പ്രധാന ലക്ഷ്യം വിഷാദ രോഗലക്ഷണങ്ങളുടെ തീവ്രത വിലയിരുത്തുകയും, അത്മാറ്റുകയും ചെയ്യുക"
12. Will the cells from my body be stored for future use?,12. എന്റെ ശരീരത്തിൽ നിന്നുള്ള കോശങ്ങള്‍ ഭാവിയിലെ ഉപയോഗത്തിനായി സംഭരിക്കുമോ?
"We searched for studies that investigated DPP4i, GLP‐1RA and SGLT2i medicines compared with each other or with placebo (a medicine that looks like the real medicine but that has no active ingredient).","DPP4i, GLP‐1RA, SGLT2i എന്നീ മരുന്നുകളെ പരസ്പരം താരതമ്യപ്പെടുത്തി അല്ലെങ്കിൽ പ്ലേസിബോയുമായി (യഥാർത്ഥ മരുന്ന് പോലെ തോന്നിക്കുന്ന, എന്നാൽ സജീവമായ ചേരുവകളില്ലാത്ത ഒരു മരുന്ന്) എന്നിവയെ കുറിച്ചുള്ള പഠനങ്ങൾ ഞങ്ങൾ അന്വേഷിച്ചു ."
Initials:,ഇനിഷ്യലുകൾ‌:
3.5. Mobile App,3.5 മൊബൈൽ ആപ്പ്
Signature of the Investigator with date,തീയതി സഹിതമുള്ള അന്വേഷകന്റെ ഒപ്പ്
Should I definitely have to take part in this study?,ഞാൻ തീർച്ചയായും ഈ പഠനത്തിൽ പങ്കെടുക്കേണ്ടതുണ്ടോ?
Confidentiality: Your name and identity will not be mentioned in the data sheet or the final published study. A unique number and ID will be provided to your data and the same will be used for analysis.,"രഹസ്യാത്മകത: നിങ്ങളുടെ പേരും ഐഡന്റിറ്റിയും ഡാറ്റാ ഷീറ്റിലോ അന്തിമമായി പ്രസിദ്ധീകരിച്ച പഠനത്തിലോ പരാമർശിക്കില്ല. നിങ്ങളുടെ ഡാറ്റയ്ക്ക് ഒരു അദ്വിതീയ നമ്പറും ഐഡിയും നൽകും, അത് വിശകലനത്തിനായി ഉപയോഗിക്കും."
Voluntary Participation,സ്വമേധയാ ഉള്ള പങ്കാളിത്തം
"‐ reduce the risk of death due to cardiovascular disease and from any cause slightly, and reduce the risk of stroke slightly;",‐ ഹൃദയ സംബന്ധമായ അസുഖങ്ങൾ മൂലവും ഏതെങ്കിലും കാരണത്താൽ മരണ സാധ്യതയും ചെറുതായി കുറയ്ക്കുകയും ഹൃദയാഘാത സാധ്യത ചെറുതായി കുറയ്ക്കുകയും ചെയ്യുക;
Your participation in this study is entirely voluntary and you are free to decide to withdraw permission to participate in this study.,"ഈ പഠനത്തിലെ നിങ്ങളുടെ പങ്കാളിത്തം പൂർണ്ണമായും സ്വമേധയാ ഉള്ളതാണ്, ഈ പഠനത്തിൽ പങ്കെടുക്കാനുള്ള അനുമതി പിൻവലിക്കാൻ നിങ്ങൾക്ക് സ്വാതന്ത്ര്യമുണ്ട്."
What are the risks and discomforts during the study?,പഠനസമയത്ത് ഉണ്ടാകുന്ന അപകടസാധ്യതകളും അസ്വസ്ഥതകളും എന്തൊക്കെയാണ്?
Contact details for further information:,കൂടുതൽ വിവരങ്ങൾക്ക് ബന്ധപ്പെടാനുള്ള വിശദാംശങ്ങൾ:
"Your participation in this study is voluntary. You may decide not to be in this study, or to be in the study now and then withdraw if you change your mind later without affecting your care. You may refuse to answer any question that you do not want to answer. You will not have any additional cost as a result of participating in this study.","ഈ പഠനത്തിലെ നിങ്ങളുടെ പങ്കാളിത്തം സ്വമേധയാ ഉള്ളതാണ്. ഈ പഠനത്തിൽ ഏർപ്പെടേണ്ടെന്ന് നിങ്ങൾ തീരുമാനിച്ചാലും, അല്ലെങ്കിൽ പഠനത്തില്‍ ചേര്‍ന്നതിന് ശേഷം പഠനത്തില്‍ തുടരേണ്ടതില്ല എന്ന് തീരുമാനിച്ചാലും അതൊന്നും തന്നെ നിങ്ങള്‍ക്ക് ലഭിക്കുന്ന ചികിത്സയെ ബാധിക്കുകയില്ല. നിങ്ങള്‍ ഉത്തരം നൽകാൻ ആഗ്രഹിക്കാത്ത ഏത് ചോദ്യത്തിനും ഉത്തരം നല്‍കുന്നതിന് നിങ്ങള്‍ക്ക് വിസമ്മതം രേഖപ്പെടുത്താം. ഈ പഠനത്തിൽ പങ്കെടുക്കുന്നതിന്റെ ഫലമായി നിങ്ങൾക്ക് അധിക ചിലവ് ഉണ്ടാകില്ല."
27. Starting or ending school: 26,27. സ്കൂൾ ആരംഭിക്കുകയോ അവസാനിപ്പിക്കുകയോ ചെയ്യുന്നത്: 26
1. Death of spouse: 100,1. പങ്കാളിയുടെ മരണം: 100
Voluntary Participation:,സന്നദ്ധ പങ്കാളിത്തം:
MSc Nursing Student,എം.എസ്.സി നഴ്‌സിംഗ് വിദ്യാർത്ഥി
Fever,പനി
"Your blood will not be used for any therapeutic purpose at this time. However, modified cells derivatives from your blood may be used to develop therapies to treat patients in future.","ഈ സമയത്ത് നിങ്ങളുടെ രക്തം ഒരു ചികിത്സാ ആവശ്യങ്ങൾക്കും ഉപയോഗിക്കില്ല. എന്നിരുന്നാലും, ഭാവിയിൽ രോഗികളെ ചികിത്സിക്കുന്നതിനുള്ള ചികില്‍സാരീതികള്‍ വികസിപ്പിക്കുന്നതിന് നിങ്ങളുടെ രക്തത്തിൽ നിന്നുള്ള പരിഷ്കരിച്ച കോശങ്ങൾ ഉപയോഗിച്ചേക്കാം."
9 Mother`s income per month in INR,9 മാതാവിന്‍റെ പ്രതിമാസ വരുമാനം രൂപയില്‍
39. Change in number of family gatherings: 15,39. കുടുംബയോഗങ്ങളുടെ എണ്ണത്തിൽ മാറ്റം: 15
DOB:,ജനനത്തീയതി:
"You/your child are being requested to participate in our study as a non-sepsis control. In this study, we will be using a new test method to measure levels of a novel biomarker in the blood of children with severe blood infection. This biomarker may indicate and predict bad outcome in children with severe infection. However,we will be requiring blood samples from normal subjects to check the baseline levels of this new biomarker in non-sepsis (severe blood infection) individuals for better comparison.","നിങ്ങളോ / നിങ്ങളുടെ കുട്ടിയോ ഞങ്ങളുടെ പഠനത്തിൽ നോൺ-സെപ്‌സിസ് കോൺട്രോൾ ആയി പങ്കെടുക്കാൻ അഭ്യർത്ഥിക്കുന്നു. ഈ പഠനത്തിൽ, കഠിനമായ രക്ത അണുബാധയുള്ള കുട്ടികളുടെ രക്തത്തിൽ ഒരു പുതിയ ബയോ മാർക്കറിന്റെ അളവ് അളക്കാൻ ഞങ്ങൾ ഒരു പുതിയ പരീക്ഷണ രീതി ഉപയോഗിക്കും. കഠിനമായ അണുബാധയുള്ള കുട്ടികളിൽ ഈ ബയോ മാർക്കർ മോശം ഫലങ്ങൾ സൂചിപ്പിക്കുകയും പ്രവചിക്കുകയും ചെയ്യാം. എന്നിരുന്നാലും, മെച്ചപ്പെട്ട താരതമ്യത്തിനായി നോൺ-സെപ്സിസ് (കഠിനമായ രക്ത അണുബാധ) വ്യക്തികളിലെ ഈ പുതിയ ബയോ മാർക്കറിന്റെ അടിസ്ഥാന അളവ് പരിശോധിക്കുന്നതിന് സാധാരണ നിലയിലുള്ള ആളുകളിൽ നിന്നുള്ള രക്ത സാമ്പിളുകൾ ഞങ്ങക്ക് ആവശ്യമാണ് ."
Research coordinator,റിസർച്ച്കോർഡിനേറ്റർ
"Ans. Physeal bar is a disease where growing part of your child’s bone (called as physis or growth plate) fuses too early and fails to grow, causing the bone to bend or shorten.",ഉത്തരം. നിങ്ങളുടെ കുട്ടിയുടെ അസ്ഥിയുടെ (ഫിസിസ് അല്ലെങ്കിൽ ഗ്രോത്ത് പ്ലേറ്റ് എന്ന് വിളിക്കപ്പെടുന്ന) വളരുന്ന ഭാഗം വളരെ നേരത്തെ കൂടിച്ചേർന്ന് വളരുന്നതിൽ പരാജയപ്പെടുകയും അസ്ഥി വളയുകയോ ചെറുതാക്കുകയോ ചെയ്യുന്ന ഒരു രോഗമാണ് ഫിസൽ ബാർ.
Information Sheet,വിവര ഷീറ്റ്
"7. Female Relative is compulsory for the night. In case of no female relative, inform ward staff and your doctor much earlier to arrange helper for the night.","7. രാത്രിയിൽ സ്ത്രീ ബന്ധു നിർബന്ധമാണ്. സ്ത്രീ ബന്ധുക്കൾ ഇല്ലെങ്കിൽ, രാത്രിയിൽ സഹായിയെ ക്രമീകരിക്കാൻ വാർഡ് ജീവനക്കാരെയും നിങ്ങളുടെ ഡോക്ടറെയും വളരെ നേരത്തെത്തന്നെ അറിയിക്കുക."
Draw it here,അത് ഇവിടെ വരയ്ക്കുക
Preoperative Assessment,ശസ്ത്രക്രിയയ്ക്ക് മുമ്പുള്ള പരിശോധന
"If you have any further questions, please feel free to contact:","നിങ്ങൾക്ക് കൂടുതൽ എന്തെങ്കിലും ചോദ്യങ്ങളുണ്ടെങ്കിൽ, ബന്ധപ്പെടാൻ മടിക്കേണ്ടതില്ല:"
13. Never turn down a free drink.,13. ഒരിക്കലും സൌജന്യമായി ലഭിക്കുന്ന മദ്യം നിരസിക്കരുത്.
NA- I am not participating in the FOP Biobank,NA- ഞാൻ FOP ബയോബാങ്കിൽ പങ്കെടുക്കുന്നില്ല
(vi) I am aware of the Audio-visual recording of the Informed Consent. [ ],(vi) ബോധ്യത്തോടെയുള്ള സമ്മതം നല്‍കലിന്‍റെ ഓഡിയോ-വിഷ്വൽ റെക്കോർഡിംഗിനെക്കുറിച്ച് എനിക്ക് അറിയാം. [ ]
I know and that my refusal for the consent for video graph will not have even slightest effect over the treatment.,വീഡിയോ ഗ്രാഫിനുള്ള എന്റെ വിസമ്മതം എന്റെ ചികിത്സയിൽ ഒരു ചെറിയ സ്വാധീനം പോലും ഉണ്ടാക്കില്ലെന്നും എനിക്കറിയാം.
◦ analysis of your DNA.,◦ നിങ്ങളുടെ DNA യുടെ അനാലിസിസ്.
"As the healthcare team transitions, the commitment to your well-being continues, with vital signs closely monitored to facilitate a smooth recovery. If you have any questions or concerns, please feel free to communicate with us. Your comfort and recovery remain our top priorities. Thank you for entrusting us with your health.","ആരോഗ്യസംരക്ഷണ സംഘം മാറിയാലും നിങ്ങളുടെ ക്ഷേമത്തിനായുള്ള പ്രതിബദ്ധത തുടരുന്നു, സുഗമമായ റിക്കവറി ഉറപ്പിക്കുന്നതിനു സുപ്രധാന അടയാളങ്ങൾ സൂക്ഷ്മമായി നിരീക്ഷിക്കുന്നു. നിങ്ങൾക്ക് എന്തെങ്കിലും ചോദ്യങ്ങളോ ആശങ്കകളോ ഉണ്ടെങ്കിൽ, ഞങ്ങളുമായി ആശയവിനിമയം നടത്താൻ മടിക്കേണ്ടതില്ല. നിങ്ങളുടെ ആശ്വാസവും,റിക്കവറിയും ഞങ്ങളുടെ മുൻഗണനകളായി തുടരുന്നു. നിങ്ങളുടെ ആരോഗ്യം ഞങ്ങളുടെ കൈകളിൽ ഏൽപ്പിച്ചതിന് നന്ദി."
You have been chosen because you have fit one of the following criteria: -,ഇനിപ്പറയുന്ന മാനദണ്ഡങ്ങളിലൊന്ന് നിങ്ങൾ യോജിച്ചതിനാൽ നിങ്ങളെ തിരഞ്ഞെടുത്തു: -
Hemodynamic changes in healthy blood donors during whole blood donation – A prospective observational study.,മുഴുവൻ രക്തദാനത്തിനിടയിൽ ആരോഗ്യമുള്ള രക്തദാതാക്കളിൽ സംഭവിക്കുന്ന ഹീമോഡൈനാമിക് മാറ്റങ്ങൾ - ഒരു പ്രതീക്ഷയുള്ള നിരീക്ഷണ പഠനം.
"Donation is a gift. You will not have any right to restrict the development work that is carried out in connection with your donated cells, nor give you any rights in any discoveries that may result from their use. Similarly, you will have no rights to any cells that may be produced. This means that in the future, if any stem cell lines are suitable for treatment, you will have no influence in decision regarding who might ( or might not ) receive treatment. There is also possibility that the results of the development work using iPSC lines may be patented and used commercially. You will not receive any financial benefit from this. Please note that any research performed by using your donated material will be carried out under ethical review.","ഡൊണേഷന്‍ ഒരു സമ്മാനമാണ്. നിങ്ങൾ ഡൊണേറ്റ് ചെയ്ത കോശങ്ങളുമായി ബന്ധപ്പെട്ട് നടപ്പിലാക്കുന്ന വികസന പ്രവർത്തനങ്ങൾ നിയന്ത്രിക്കാനോ അവയുടെ ഉപയോഗ ഫലമായുണ്ടാകുന്ന കണ്ടെത്തലുകൾക്ക് അവകാശങ്ങൾ ഉന്നയിക്കാനോ നിങ്ങൾക്ക് കഴിയില്ല. അതുപോലെ, ഉൽപ്പാദിപ്പിക്കപ്പെടുന്ന ഏതെങ്കിലും കോശങ്ങളില്‍ നിങ്ങൾക്ക് അവകാശമില്ല. ഇതിനർത്ഥം, ഭാവിയിൽ, ഏതെങ്കിലും സ്റ്റെം സെൽ ലൈനുകൾ ചികിത്സയ്ക്ക് അനുയോജ്യമാണെങ്കിൽ, ആർക്കൊക്കെ ചികിത്സ നൽകണം (അല്ലെങ്കിൽ നൽകേണ്ട ) എന്ന കാര്യത്തിൽ നിങ്ങൾക്ക് യാതൊരു സ്വാധീനവും ഉണ്ടാകില്ല. iPSC ലൈനുകൾ ഉപയോഗിച്ചുള്ള വികസന പ്രവർത്തനങ്ങളുടെ ഫലങ്ങൾ പേറ്റന്റ് നേടാനും വാണിജ്യപരമായി ഉപയോഗിക്കാനും സാധ്യതയുണ്ട്. ഇതിൽ നിന്ന് നിങ്ങൾക്ക് ഒരു സാമ്പത്തിക നേട്ടവും ലഭിക്കില്ല. നിങ്ങൾ ഡൊണേറ്റ് ചെയ്‌ത മെറ്റീരിയൽ ഉപയോഗിച്ച് നടത്തുന്ന ഏതൊരു റിസേര്‍ച്ചും ധാർമ്മിക അവലോകനത്തിന് വിധേയമാണെന്ന് ദയവായി ശ്രദ്ധിക്കുക."
2. Admission Charges doesn't include pharmacy charges.,2. അഡ്മിഷൻ ചാർജുകളിൽ ഫാർമസി നിരക്കുകൾ ഉൾപ്പെടുന്നില്ല.
- Accident Victims,- അപകട ബാധകൾ
Benefits:,നേട്ടങ്ങൾ:
"• By participating in this study, your hospital stay will not be extended beyond normal care.","ഈ പഠനത്തിൽ പങ്കെടുക്കുന്നതിലൂടെ, നിങ്ങളുടെ ആശുപത്രി വാസം സാധാരണ പരിചരണ കാലാവധിയില്‍ കൂടുതല്‍ നീളുകയില്ല."
15. Cell lines,15. സെൽ ലൈനുകൾ
Name of Research Subject /Legally Acceptable Representative,ഗവേഷണത്തിന് വിധേയനാകുന്ന ആളുടെ പേര് / നിയമപരമായി സ്വീകാര്യമായ പ്രതിനിധിയുടെ പേര്
"In case no parent is with the child,","ഒരു രക്ഷകർത്താവും കുട്ടിയ്‌ക്കൊപ്പമില്ലെങ്കിൽ,"
You are being requested to participate in a study to assess the role of soluble HLA G in renal transplant recipients.,വൃക്കസംബന്ധമായ ട്രാൻസ്പ്ലാൻറ് സ്വീകർത്താക്കളിൽ ലയിക്കുന്ന എച്ച്എൽഎ ജി യുടെ പങ്ക് വിലയിരുത്തുന്നതിനായി ഒരു പഠനത്തിൽ പങ്കെടുക്കാൻ നിങ്ങളോട് അഭ്യർത്ഥിക്കുന്നു.
I have explained the information above to the donor and have answered all of their questions.,മുകളിലുള്ള വിവരങ്ങൾ ഞാൻ ദാതാവിന് വിശദീകരിച്ച് കൊടുക്കുകയും അവരുടെ എല്ലാ ചോദ്യങ്ങൾക്കും ഉത്തരം നല്‍കുകയും ചെയ്തു.
You must know that your cells or any derivatives from them will be stored indefinitely and iPSCs lines derived from your sample could be used in future studies in different organizations across the world.,നിങ്ങളുടെ സെല്ലുകള്‍ അല്ലെങ്കില്‍ അവയിൽ നിന്നുള്ള ഏതെങ്കിലും ഡെറിവേറ്റീവുകള്‍ അനിശ്ചിതമായി സംഭരിക്കപ്പെടുമെന്നും നിങ്ങളുടെ സാമ്പിളിൽ നിന്ന് ഉരുത്തിരിഞ്ഞ iPSC ലൈനുകൾ ലോകമെമ്പാടുമുള്ള വിവിധ ഓർഗനൈസേഷനുകളിലെ ഭാവി പഠനങ്ങളിൽ ഉപയോഗിക്കുമെന്നും നിങ്ങൾ അറിഞ്ഞിരിക്കണം.
Signature of the Investigator: ________________________,ഇന്‍വെസ്റ്റിഗേറ്ററുടെ ഒപ്പ്: ________________________
• The right to object (to personal data being used or withdraw),• എതിർക്കാനുള്ള അവകാശം (വ്യക്തിഗത ഡാറ്റ ഉപയോഗിക്കുന്നതിനോ പിൻവലിക്കുന്നതിനോ)
0. Absent.,0. ശ്രദ്ധയില്ലാത്ത.
0. Not present.,0. നിലവിലില്ല.
1. Why are we doing the study?,1. നമ്മൾ എന്തിനാണ് ഈ പഠനം നടത്തുന്നത്?
"(Form n. 2: ""Informed Consent for the Treatment"").","(ഫോം നമ്പര്‍. 2: ""ചികിത്സക്കായി ബോധ്യപ്പെടുത്തി നേടിയ സമ്മതം"")."
PARTICIPANT INFORMATION SHEET- ISSUE-BASED REHABILITATION,പാർട്ടിസിപ്പന്റ് ഇൻഫർമേഷൻ ഷീറ്റ്-പ്രശ്നം അടിസ്ഥാനമാക്കിയുള്ള റീഹാബിലിറ്റേഷൻ
"You can sing your favorite song, the happy birthday song, or the alphabet song","നിങ്ങളുടെ പ്രിയപ്പെട്ട ഒരു ഗാനം, ജന്മദിനാശംസ നേരുന്ന ഗാനം, അല്ലെങ്കിൽ അക്ഷരമാല ഗാനം എന്നിവ നിങ്ങൾക്ക് പാടാം"
I am assured that the information will be kept only for this study purpose and it will be kept confidential.,പഠന വിവരങ്ങള്‍ ഈ പഠന ആവശ്യത്തിനായി മാത്രം സൂക്ഷിക്കുമെന്നും അത് രഹസ്യമായി സൂക്ഷിക്കുമെന്നും എനിക്ക് ഉറപ്പ് നല്‍കിയിട്ടുണ്ട്.
"For any queries or problems related to the study, you can contact us at the address above or the number below.Thank you for taking part in this study.",പഠനവുമായി ബന്ധപ്പെട്ട് എന്തെങ്കിലും ചോദ്യങ്ങൾ അല്ലെങ്കിൽ പ്രശ്നങ്ങൾ ഉണ്ടെങ്കില്‍ മുകളിലുള്ള വിലാസത്തിൽ അല്ലെങ്കിൽ താഴെ കൊടുത്തിരിക്കുന്ന നമ്പറിൽ ഞങ്ങളെ ബന്ധപ്പെടാം. ഈ പഠനത്തിൽ പങ്കാളിയായതിന് നന്ദി.
15) HYPOCHONDRIASIS,15) ഹൈപ്പോചോണ്ട്രിയാസിസ്
"(iv) I agree not to restrict any data or results from this study, provided such service is only for scientific purposes (s). [ ]","(iv) ഈ പഠനത്തിൽ നിന്നുള്ള ഡാറ്റയോ റിസൾട്ടുകളോ നിയന്ത്രിക്കില്ലെന്ന് ഞാൻ സമ്മതിക്കുന്നു, അത്തരം സേവനം ശാസ്ത്രീയ ആവശ്യത്തിനു (ആവശ്യങ്ങൾക്ക്) മാത്രമുള്ളതാണ് . [ ]"
I have read the information sheet provided to me regarding this study and have clarified any doubts that I had.,ഈ പഠനവുമായി ബന്ധപ്പെട്ട് എനിക്ക് നൽകിയ വിവരങ്ങളടങ്ങിയ ഷീറ്റ് ഞാൻ വായിക്കുകയും എനിക്ക് ഉണ്ടായിരുന്ന സംശയങ്ങളില്‍ വ്യക്തത വരുത്തുകയും ചെയ്തിട്ടുണ്ട്.
"1. Whole body, 2. Upper limbs, 3. Lower limbs, 4. Trunk-back, 5. Trunk-front, 6. Face, 7. Private parts","1. മുഴുവൻ ശരീരം, 2. മുകളിലെ കൈകാലുകൾ, 3. താഴെയുള്ള കൈകാലുകൾ, 4. ശരീരത്തിന്റെ പിൻഭാഗം , 5. ശരീരത്തിന്റെ മുൻഭാഗം, 6. മുഖം, 7. സ്വകാര്യ ഭാഗങ്ങൾ"
"You have all the right to decline participation in this study for any reason. Your regular treatment will continue uninterrupted, and all the necessary tests will be performed as per hospital protocol.","ഏത് കാരണവശാലും ഈ പഠനത്തിലെ പങ്കാളിത്തം നിരസിക്കാൻ നിങ്ങൾക്ക് എല്ലാ അവകാശവുമുണ്ട്. നിങ്ങളുടെ പതിവ് ചികിത്സ തടസ്സമില്ലാതെ തുടരും, കൂടാതെ ആശുപത്രി കീഴ്വഴക്കം അനുസരിച്ച് ആവശ്യമായ എല്ലാ പരിശോധനകളും നടത്തും."
Relation to the participant:______,പങ്കെടുക്കുന്നയാളുമായുള്ള ബന്ധം: ______
You are being requested to permit your child to participate in this study which utilizes a new blood test which may help in the early identification of complications of severe blood infection(sepsis).,കഠിനമായ രക്താണുബാധയുടെ (സെപ്സിസ്) സങ്കീർണതകൾ നേരത്തേ തിരിച്ചറിയാൻ സഹായിക്കുന്ന ഒരു പുതിയ രക്തപരിശോധന ഉപയോഗപ്പെടുത്തുന്ന ഈ പഠനത്തിൽ പങ്കെടുക്കാൻ നിങ്ങളുടെ കുട്ടിയെ അനുവദിക്കാൻ നിങ്ങളോട് അഭ്യർത്ഥിക്കുന്നു.
If you take part in this study what will you have to do?,നിങ്ങൾ ഈ പഠനത്തിൽ പങ്കെടുത്താൽ എന്താണ് ചെയ്യേണ്ടത്?
◦ people otherwise authorized legally to have access to your data.,◦ നിങ്ങളുടെ ഡാറ്റക്ക് ആക്‌സസ് ലഭിക്കുന്നതിന് നിയമപരമായി അധികാരപ്പെടുത്തിയ ആളുകൾ.
17) INSIGHT,17) ഉൾക്കാഴ്ച
Signature or thumb impression of the Witness: ___________________________,സാക്ഷിയുടെ ഒപ്പ് അല്ലെങ്കിൽ വിരലടയാളം: ___________________________
"If you agree for your child to take part in this study, you will be asked to sign the Consent Form on the last page of this document. This document includes the information sheet and the consent form. Please make sure you have read and understood all the pages.","നിങ്ങളുടെ കുട്ടി ഈ പഠനത്തിൽ‌ പങ്കെടുക്കുന്നതിന്‌ നിങ്ങൾ‌ സമ്മതിക്കുകയാണെങ്കിൽ‌, ഈ പ്രമാണത്തിന്റെ അവസാന പേജിൽ‌ സമ്മത ഫോമിൽ‌ ഒപ്പിടാൻ‌ നിങ്ങളോട് ആവശ്യപ്പെടും. ഈ പ്രമാണത്തിൽ വിവര ഷീറ്റും സമ്മത ഫോമും ഉൾപ്പെടുന്നു. ഒപ്പിടുന്നതിന് മുന്‍പ് നിങ്ങൾ എല്ലാ പേജുകളും വായിക്കുകയും മനസ്സിലാക്കുകയും ചെയ്തുവെന്ന് ഉറപ്പാക്കുക."
- Cells,- കോശങ്ങൾ
What are the risks and discomforts during the study?,പഠന സമയത്തെ അപകടസാധ്യതകളും അസ്വസ്ഥതകളും എന്തൊക്കെയാണ്?
You are requested to participate in this study to evaluate the variations in blood pressure and pulse rate during blood donation.,രക്തദാന സമയത്ത് രക്തസമ്മർദ്ദത്തിലെയും പൾസ് നിരക്കിലെയും വ്യതിയാനങ്ങൾ വിലയിരുത്തുന്നതിന് ഈ പഠനത്തിൽ പങ്കെടുക്കാൻ നിങ്ങളോട് അഭ്യർത്ഥിക്കുന്നു.
Confidentiality: Your name and identity will not be mentioned in the data sheet or the final,രഹസ്യാത്മകത: നിങ്ങളുടെ പേരും ഐഡന്റിറ്റിയും ഡാറ്റാ ഷീറ്റിലോ അന്തിമമായി പ്രസിദ്ധീകരിച്ച
"(ii) I understand that my participation in the study is voluntary and that I am free to withdraw at any time, without giving any reason, without my medical care or legal rights being affected. [ ]","(ii) പഠനത്തിലെ എന്റെ പങ്കാളിത്തം സ്വമേധയാ ഉള്ളതാണെന്നും ഒരു കാരണവും നൽകാതെ, എന്റെ വൈദ്യ പരിചരണത്തെയോ നിയമപരമായ അവകാശങ്ങളെയോ ബാധിക്കാതെ എപ്പോൾ വേണമെങ്കിലും പിൻവലിക്കാൻ എനിക്ക് സ്വാതന്ത്ര്യമുണ്ടെന്നും ഞാൻ മനസ്സിലാക്കുന്നു. []"
Signature of the Investigator: ________________________,അന്വേഷകന്റെ ഒപ്പ്: ________________________
"Conscientiousness: 3R, 8","മനസ്സാക്ഷി: 3R, 8"
This will involve placing a very fine tube in your back which will allow us to give medicines to keep you pain free.,"നിങ്ങളുടെ പുറകിൽ വളരെ മികച്ച ഒരു ട്യൂബ് സ്ഥാപിക്കുന്നത് ഇതിൽ ഉൾപ്പെടും, ഇത് നിങ്ങൾക്ക് എളുപ്പത്തില്‍ വേദന സംഹാര മരുന്നുകൾ നൽകുന്നതിന് ഞങ്ങളെ സഹായിക്കും."
You may or may not receive any direct benefit from being in this study. Information from this study may help other people with your condition in the future.,ഈ പഠനത്തിൽ നിന്ന് നിങ്ങൾക്ക് നേരിട്ട് നേട്ടമുണ്ടാകാനോ ഉണ്ടാകാതിരിക്കാനോ സാധ്യതയുണ്ട്. ഈ പഠനത്തിൽ നിന്നുള്ള വിവരങ്ങൾ ഭാവിയിൽ നിങ്ങളുടെ അതേ അവസ്ഥയിലുള്ള മറ്റ് ആളുകളെ സഹായിച്ചേക്കാം.
Why have I been invited?,എന്തിനാണ് എന്നെ ക്ഷണിച്ചത്?
Informed Consent Form for Subjects,വിഷയങ്ങൾക്കുള്ള വിവരമുള്ള കൺസെന്റ് ഫോം
Subject’s Initials:,വിഷയത്തിന്റെ ചുരുക്കപ്പേര് :
If you take part what will you have to do?,നിങ്ങൾ പങ്കെടുക്കുകയാണെങ്കിൽ നിങ്ങൾ എന്താണ് ചെയ്യേണ്ടത്?
9) Will taking part in the study cost me anything and will I be paid?,"9) പഠനത്തിൽ പങ്കെടുക്കുന്നത് എനിക്ക് എന്തെങ്കിലും ചെലവാകുമോ, അല്ലെങ്കില്‍ എനിക്ക് പ്രതിഫലം ലഭിക്കുമോ?"
Acquired knowledge may help in the long-term care and management of children with blood Infection.,രക്തത്തില്‍ അണുബാധയുള്ള കുട്ടികളുടെ ദീർഘകാല പരിചരണത്തിനും പരിപാലനത്തിനും നേടിയ അറിവ് സഹായിച്ചേക്കാം.
Appendix 3: FOP Registry Patient Portal CRFs,അനുബന്ധം 3: FOP രജിസ്ട്രി പേഷ്യന്റ് പോർട്ടൽ CRF-കൾ
"Openness to Experience: 5R, 10","തുറന്ന അനുഭവം: 5R, 10"
"If you have any further questions, please ask","നിങ്ങൾക്ക് കൂടുതൽ എന്തെങ്കിലും ചോദ്യങ്ങളുണ്ടെങ്കിൽ, ദയവായി ചോദിക്കുക"
"I attest that this entire form was read to the subject named above. This person had enough time to consider this information, had an opportunity to ask questions, and voluntarily agreed to be in this study.","ഈ ഫോം മുഴുവൻ മുകളിൽ പേരുള്ള വ്യക്തിവായിച്ചതായി ഞാൻ സാക്ഷ്യപ്പെടുത്തുന്നു. ഈ വ്യക്തിക്ക് ഈ വിവരങ്ങൾ പരിഗണിക്കാൻ മതിയായ സമയമുണ്ടായിരുന്നു, ചോദ്യങ്ങൾ ചോദിക്കാനുള്ള അവസരമുണ്ടായിരുന്നു, ഈ പഠനത്തിൽ പങ്കെടുക്കാൻ സ്വമേധയാ സമ്മതിച്ചു."
Signature or thumb impression of the Witness: ___________________________,സാക്ഷിയുടെ ഒപ്പ് അല്ലെങ്കിൽ തള്ളവിരലിന്‍റെ മുദ്ര: ___________________________
Date of Birth/Age:,ജനനത്തീയതി / പ്രായം:
"can be false positive and require confirmation in a diagnostic laboratory. Remaining blood will be used for HLA typing, archiving and generation for iPSC lines.","അതിനാൽ പോസിറ്റീവ് എന്ന് തെറ്റായി കാണിക്കാം, കൂടാതെ ഒരു ഡയഗ്നോസ്റ്റിക് ലബോറട്ടറിയിൽ സ്ഥിരീകരണം ആവശ്യമാണ്. ശേഷിക്കുന്ന രക്തം HLA ടൈപ്പിംഗ്, ആർക്കൈവിംഗ്, iPSC ലൈനുകളുടെ ജനറേഷൻ എന്നിവയ്ക്കായി ഉപയോഗിക്കും."
"Some new types of diabetes medicines, DPP4i, GLP‐1RA and SGLT2i, have been designed to control blood sugar. They may also prevent cardiovascular complications in people with diabetes who also have cardiovascular disease.","ചില പുതിയ തരം പ്രമേഹ മരുന്നുകൾ, DPP4i, GLP-1RA, SGLT2i എന്നിവ രക്തത്തിലെ പഞ്ചസാര നിയന്ത്രിക്കാൻ രൂപകൽപ്പന ചെയ്തിട്ടുണ്ട്. ഹൃദയ സംബന്ധമായ അസുഖങ്ങളുള്ള പ്രമേഹമുള്ളവരിൽ ഹൃദയസംബന്ധമായ സങ്കീർണതകൾ തടയാനും അവയ്ക്ക് കഴിയും."
"Upon entering the operating room, the next steps involve preparing you for the surgery. Your clothes will be loosened, and various monitors, such as a pulse oximeter, BP cuff, and ECG leads, will be connected to closely monitor your vital signs. A small intravenous cannula will be inserted, and intravenous fluid will be administered. The anesthetist, along with assisting technicians, will guide you into the appropriate position for the epidural procedure.","ഓപ്പറേഷൻ റൂമിലേക്ക് പ്രവേശിക്കുമ്പോൾ, അടുത്ത ഘട്ടങ്ങൾ ശസ്ത്രക്രിയയ്ക്ക് നിങ്ങളെ തയ്യാറാക്കുന്നത് ആണ്. നിങ്ങളുടെ വസ്ത്രങ്ങൾ അഴിച്ചുമാറ്റും, നിങ്ങളുടെ ആരോഗ്യത്തെ സംബന്ധിച്ച സുപ്രധാന അടയാളങ്ങൾ സൂക്ഷ്മമായി നിരീക്ഷിക്കാൻ പൾസ് ഓക്‌സിമീറ്റർ, ബി.പി. കഫ്, ഇ.സി.ജി. ലീഡുകൾ എന്നിവ പോലുള്ള വിവിധ മോണിറ്ററുകൾ കണക്ട് ചെയ്യും. ഒരു ചെറിയ ഇൻട്രാവെനസ് കാനുല കുത്തിവച്ച് ഇൻട്രാവെനസ് ദ്രാവകം നൽകുകയും ചെയ്യും. എപ്പിഡ്യൂറൽ നടപടിക്രമത്തിന് അനുയോജ്യമായ സ്ഥാനത്തേക്ക് അനസ്തെറ്റിസ്റ്റ്, തന്റെ അസിസ്റ്റിംഗ് ടെക്നീഷ്യൻമാർക്കൊപ്പം നിങ്ങളെ കൊണ്ടുപോകും."
"Participation in this study is entirely voluntary, and there are no charges or payments involved for being a part of the research.","ഈ പഠനത്തിലെ പങ്കാളിത്തം പൂർണ്ണമായും സ്വമേധയാ ഉള്ളതാണ്, കൂടാതെ ഈ ഗവേഷണത്തിന്റെ ഭാഗമാകുന്നതിന് പണം നൽകേണ്ടതില്ല."
1. What are human satellite cells/myoblasts?,1. മനുഷ്യ സാറ്റലൈറ്റ് സെല്ലുകൾ / മയോബ്ലാസ്റ്റുകൾ എന്തൊക്കെയാണ്?
Can anything bad happen if I am in this study?,ഞാൻ ഈ പഠനത്തിലാണെങ്കിൽ എന്തെങ്കിലും ദോഷം സംഭവിക്കുമോ?
Signature or Thumb impression of the Witness with date,തീയതിയോടുകൂടിയ സാക്ഷിയുടെ ഒപ്പ് അല്ലെങ്കിൽ തള്ളവിരലിന്റെ മുദ്ര
Name:,പേര്:
"29. Revision of personal habits (dress, manners, associations): 24","29. വ്യക്തിപരമായ ശീലങ്ങൾ (വസ്ത്രധാരണം, പെരുമാറ്റം, കൂട്ടുകെട്ടുകൾ) എന്നിവ മാറ്റുന്നത്: 24"
DPP4i medicines compared to placebo:,പ്ലേസിബോയുമായി താരതമ്യപ്പെടുത്തുമ്പോൾ DPP4i മരുന്നുകൾ:
• The right to erasure (right to have personal data deleted or removed),• മായ്ക്കാനുള്ള അവകാശം (വ്യക്തിഗത ഡാറ്റ ഇല്ലാതാക്കാനോ നീക്കം ചെയ്യാനോ ഉള്ള അവകാശം)
"For any stress urinary incontinence (urine leakage while coughing, sneezing or lifting heavy weights) there is some degree of weakness of urethral sphincter muscles. We are trying to overcome the weakness by implanting the satellite/myoblast cells. We anticipate that the injected cells will become active sphincter muscle cells, which in turn increase the strength of urethral sphincter muscle and stop or reduce the stress-induced urine leakage.","ഏതെങ്കിലും തരത്തിലുള്ള സമ്മര്‍ദം മൂത്രം പോകുന്നതിലെ നിയന്ത്രണമില്ലായ്കക്ക് കാരണമാകുന്നുണ്ടെങ്കില്‍ (ചുമ, തുമ്മൽ അല്ലെങ്കിൽ ഭാരം ഉയർത്തുമ്പോൾ ഉണ്ടാകുന്ന മൂത്ര ചോർച്ച) മൂത്രനാളിയിലെ സ്പിൻ‌ക്റ്റർ പേശികളുടെ ബലഹീനതയാണ് ഒരു പരിധിവരെ ഇതിന് കാരണം. സാറ്റലൈറ്റ് / മയോബ്ലാസ്റ്റ് സെല്ലുകൾ സ്ഥാപിച്ച് ബലഹീനത മറികടക്കാൻ ഞങ്ങൾ ശ്രമിക്കുന്നു. കുത്തിവച്ച കോശങ്ങൾ സജീവമായ സ്പിൻ‌ക്റ്റർ പേശി കോശങ്ങളായി മാറുമെന്ന് ഞങ്ങൾ പ്രതീക്ഷിക്കുന്നു, ഇത് മൂത്രനാളി സ്പിൻ‌ക്റ്റർ പേശികളുടെ ശക്തി വർദ്ധിപ്പിക്കുകയും സമ്മർദ്ദം മൂലമുള്ള മൂത്ര ചോർച്ച തടയുകയോ കുറയ്ക്കുകയോ ചെയ്യുന്നു ."
INFORMED CONSENT FOR THE PATIENT,രോഗിയെ ബോധ്യപ്പെടുത്തിയ സമ്മതപത്രം
What is the purpose of the study?,പഠനത്തിന്റെ ഉദ്ദേശ്യം എന്താണ്?
Instagram: @mindheart. kids,ഇൻസ്റ്റാഗ്രാം: @ mindheart. kids
Signature of the Patient:,രോഗിയുടെ ഒപ്പ്:
Information sheet,ഇൻഫോർമേഷൻ ഷീറ്റ്
1rst,ഒന്നാമത്തേത്
What will happen to any of my test results I give?,ഞാൻ നൽകുന്ന എന്റെ ഏതെങ്കിലും ടെസ്റ്റ് ഫലത്തിന് എന്ത് സംഭവിക്കും?
3. What is the intervention in this study?,3. ഈ പഠനത്തിലെ ഇടപെടൽ എന്താണ്?
2.0. Objectives,2.0 ലക്ഷ്യങ്ങൾ
Or,അഥവാ
8. Duration of abstinence of ethanol intake,8. എഥനോൾ കഴിക്കുന്നത് ഒഴിവാക്കുന്ന കാലാവധിയുടെ ദൈർഘ്യം
published study. A unique number and ID will be provided to your data and the same will be used for analysis.,"പഠനത്തിലോ പരാമർശിക്കില്ല. നിങ്ങളുടെ ഡാറ്റയ്ക്ക് ഒരു അദ്വിതീയ നമ്പറും ഐഡിയും നൽകും, അത് തന്നെ വിശകലനത്തിനായും ഉപയോഗിക്കും."
2. Statement of Informed Consent for Linking Patient Portal Data to Medical Portal Data,2. രോഗിയുടെ പോർട്ടൽ ഡാറ്റ മെഡിക്കൽ പോർട്ടൽ ഡാറ്റയുമായി ബന്ധിപ്പിക്കുന്നതിനുള്ള വിവരങ്ങള്‍ വ്യക്തമാക്കിയുള്ള സമ്മത പത്രം
To study the effect of maternal blood pressure change during spinal anaesthesia in elective cesarean section on short term neonatal outcome .,കുറഞ്ഞ സമയത്തിനുള്ളിലെ നവജാത ശിശുവിന്റെ പുറത്ത് വരുന്ന എലക്ടീവ് സിസേറിയനുകളിൽ മാതാവിൽ സ്‌പൈനൽ അനസ്തേഷ്യ നൽകിയത് കാരണമുണ്ടാകുന്ന രക്ത സമ്മർദ്ദ മാറ്റങ്ങളെകുറിച്ചുള്ള പഠനം
The principal investigator is authorized to give you information and answer your question about this study. Do not sign this form if you feel pressured in any way by any person to participate in this study. This must be your own decision and not a decision of another person.,"നിങ്ങൾക്ക് വിവരങ്ങൾ നൽകാനും ഈ പഠനത്തെക്കുറിച്ചുള്ള നിങ്ങളുടെ ചോദ്യത്തിന് ഉത്തരം നൽകാനും മുഖ്യ പരിശോധകന് അധികാരമുണ്ട്. ഈ പഠനത്തിൽ പങ്കെടുക്കാൻ ഏതെങ്കിലും വ്യക്തിയാല്‍ ഏതെങ്കിലും വിധത്തിൽ സമ്മർദ്ദം അനുഭവപ്പെടുന്നുണ്ടെങ്കിൽ ഈ പത്രികയിൽ നിങ്ങള്‍ ഒപ്പിടരുത്. ഇത് നിങ്ങളുടെ സ്വന്തം തീരുമാനമായിരിക്കണം, മറ്റൊരു വ്യക്തിയുടെ തീരുമാനമായിരിക്കരുത്."
The aim of the study is to get a better understanding of the growth and to use that for helping children with injured bone.,അസ്ഥിയുടെ വളർച്ചയെക്കുറിച്ച് നന്നായി മനസിലാക്കുകയും പരിക്കേറ്റ അസ്ഥി ഉള്ള കുട്ടികളെ സഹായിക്കുകയും ചെയ്യുക എന്നതാണ് പഠനത്തിന്‍റെ ലക്ഷ്യം.
CLINICAL VARIABLES,ചികിത്സാ സംബന്ധിയായ വ്യതിയാനങ്ങൾ
"If you have any questions or concerns, Please feel free to contact,","നിങ്ങൾക്ക് എന്തെങ്കിലും ചോദ്യങ്ങളോ ആശങ്കകളോ ഉണ്ടെങ്കിൽ, മടികൂടാതെ ബന്ധപ്പെടാവുന്നതാണ്,"
Full Name ( in Capital letters ) ………….. ………………,മുഴുവൻ പേര് (വലിയ അക്ഷരങ്ങളിൽ) ………….. ……………………
Information about you obtained for this study will be kept confidential and will not be released without your written permission unless compelled by law. The results of this study may be presented in meetings or in published articles without revealing your identity.,ഈ പഠനത്തിനായി നിങ്ങളില്‍ നിന്ന് ശേഖരിച്ച വിവരങ്ങൾ രഹസ്യമായി സൂക്ഷിക്കും കൂടാതെ നിയമപ്രകാരം നിർബന്ധിതമാക്കപ്പെട്ട സാഹചര്യങ്ങളില്‍ ഒഴികെ നിങ്ങളുടെ രേഖാമൂലമുള്ള അനുമതിയില്ലാതെ വിവരങ്ങള്‍ ഒന്നും തന്നെ പുറത്തുവിടില്ല. ഈ പഠനത്തിന്റെ ഫലങ്ങൾ നിങ്ങളുടെ ഐഡന്റിറ്റി വെളിപ്പെടുത്താതെ മീറ്റിംഗുകളിലും പ്രസിദ്ധീകരിക്കപ്പെടുന്ന ലേഖനങ്ങളിലും അവതരിപ്പിക്കാന്‍ കഴിയുന്നതാണ്.
Legally Acceptable Representative,നിയമപരമായി സ്വീകാര്യമായ പ്രതിനിധി
</Informed consent>,</Informed consent>
"As you are undergoing cranitomy surgery, all patients require placement of intravenous access as a part of routine management. These will be used to administer the infusion during the surgery. No new/ additional invasive procedures will be done for this study.","നിങ്ങൾ ക്രാനിറ്റോമി ശസ്ത്രക്രിയയ്ക്ക് വിധേയമാകുമ്പോൾ, എല്ലാ രോഗികൾക്കും പതിവ് മാനേജ്മെന്റിന്റെ ഭാഗമായി ഇൻട്രാവൈനസ് ആക്സസ് സ്ഥാപിക്കേണ്ടതുണ്ട്. ശസ്ത്രക്രിയയ്ക്കിടെ ഇൻഫ്യൂഷൻ നൽകുന്നതിന് ഇവ ഉപയോഗിക്കും. ഈ പഠനത്തിനായി പുതിയ / അധിക ആക്രമണാത്മക നടപടിക്രമങ്ങളൊന്നും ചെയ്യില്ല."
STEP 2: Assessment,ഘട്ടം 2: വിലയിരുത്തൽ
3.Apprehensive attitude apparent in face or speech.,3. മുഖത്തോ സംസാരത്തിലോ പ്രകടമായ ഭീതി നിറഞ്ഞ മനോഭാവം.
• Clinical research participation and biospecimen donation,• ക്ലിനിക്കൽ ഗവേഷണ പങ്കാളിത്തവും ബയോസ്പെസിമെൻ സംഭാവനയും
Name of the Participant (Write your name in the line): ________________,പഠനത്തില്‍ പങ്കെടുക്കുന്നയാളുടെ പേര് (നിങ്ങളുടെ പേര് വരിയിൽ എഴുതുക): ________________
2. Denies being ill at all.,2. അസുഖമാണെന്ന് നിഷേധിക്കുന്നു.
The results of the study will be analyzed and the information will be made available for future identification of severe sepsis by using this special test.,പഠനത്തിന്റെ ഫലങ്ങൾ വിശകലനം ചെയ്യുകയും ഈ പ്രത്യേക പരിശോധന ഉപയോഗിച്ച് കടുത്ത സെപ്സിസ് തിരിച്ചറിയാൻ വിവരങ്ങൾ ലഭ്യമാക്കുകയും ചെയ്യും.
4. Fears expressed without questioning.,4. ചോദ്യം ചെയ്യാതെ പ്രകടിപ്പിക്കുന്ന ഭയം.
"Your child will not be exposed to any risk other than routine risk involved in blood collection,","രക്ത ശേഖരണത്തിൽ ഉൾപ്പെടുന്ന പതിവ് അപകടസാധ്യതയല്ലാതെ നിങ്ങളുടെ കുട്ടിക്ക് മറ്റ് അപകടസാധ്യതയൊന്നുമില്ല,"
There is no payment that is required from you if you participate in study. All tests done on you would be paid by study. You will not derive any financial or material benefit for taking part in study.,നിങ്ങൾ പഠനത്തിൽ പങ്കെടുക്കുകയാണെങ്കിൽ നിങ്ങള്‍ പണമടക്കേണ്ട ആവശ്യമില്ല. നിങ്ങളിൽ നടത്തുന്ന എല്ലാ പരിശോധനകൾക്കും ഉള്ള പണം പഠനം സംഘടിപ്പിക്കുന്നവര്‍ നൽകും. പഠനത്തിൽ പങ്കെടുക്കുന്നതിന് നിങ്ങൾക്ക് സാമ്പത്തികമോ ഭൌതികമോ ആയ ആനുകൂല്യങ്ങളൊന്നും ലഭിക്കില്ല.
• FOP Bone Growth,• FOP അസ്ഥി വളർച്ച
"• Assistive devices, aids, attendants, and adaptations","• സഹായ ഉപകരണങ്ങൾ, സഹായികൾ, പരിചാരകർ, അഡാപ്റ്റേഷനുകൾ"
Type,തരം
"(ii) I understand that my participation in the study is voluntary and that I am free to withdraw at any time, without giving any reason, without my medical care or legal rights being affected. [ ]","(ii) പഠനത്തിൽ എന്‍റെ പങ്കാളിത്തം സ്വമേധയാ ഉള്ളതാണെന്നും ഒരു കാരണവും പറയാതെ, എന്‍റെ വൈദ്യ പരിചരണമോ നിയമപരമായ അവകാശങ്ങളോ ബാധിക്കാതെ എപ്പോൾ വേണമെങ്കിലും ഇതു പിൻവലിക്കാൻ എനിക്ക് സ്വാതന്ത്ര്യമുണ്ടെന്നും ഞാൻ മനസ്സിലാക്കുന്നു. [ ]"
Are there any risks to participate in this study?,ഈ പഠനത്തിൽ പങ്കെടുക്കുന്നത് കൊണ്ട് എന്തെങ്കിലും അപകട സാധ്യതയുണ്ടോ?
Step-5: Calculate total score (total of steps 1-4),ഘട്ടം -5: മൊത്തം സ്കോർ കണക്കാക്കുക (ആകെ ഘട്ടങ്ങൾ 1-4)
Name of Investigator or authorized study person explaining consent,സമ്മതം വിശദീകരിക്കുന്ന അന്വേഷകന്റെയോ അംഗീകൃത പഠന വ്യക്തിയുടെയോ പേര്
8. I sometimes drink when I an angry.,8. കോപിക്കുമ്പോൾ ഞാൻ ചിലപ്പോൾ കുടിക്കാറുണ്ട്.
Site Principal Investigator:_______,സൈറ്റ് പ്രിൻസിപ്പൽ ഇൻവെസ്റ്റിഗേറ്റർ: _______
Date: ............,തീയതി: ............
Oservational studies in COVID suspect/confirmed cases using integrated database in a tertiary care centre,ഒരു മൂന്നാം ഘട്ട പരിചരണ കേന്ദ്രത്തിലെ സംയോജിത ഡാറ്റാബേസ് ഉപയോഗിച്ച് കോവിഡ് സംശയിക്കപ്പെടുന്ന / സ്ഥിരീകരിച്ച കേസുകളിലെ നിരീക്ഷണ പഠനങ്ങൾ
"Your participation in this research is voluntary. It is your choice whether to participate or not. Whether you choose to participate or not, all the services you would normally receive at this hospital will continue and nothing will change. You can change your mind and stop participating at any point","ഈ ഗവേഷണത്തിലെ നിങ്ങളുടെ പങ്കാളിത്തം സ്വമേധയാ ഉള്ളതാണ്. പങ്കെടുക്കണോ വേണ്ടയോ എന്നത് നിങ്ങളുടെ തീരുമാനമാണ്. പങ്കെടുക്കാൻ നിങ്ങൾ തീരുമാനിച്ചാലും ഇല്ലെങ്കിലും, ഈ ആശുപത്രിയിൽ നിങ്ങൾക്ക് സാധാരണയായി ലഭിക്കുന്ന എല്ലാ സേവനങ്ങളും തുടരും, ഒന്നിലും മാറ്റമുണ്ടാകില്ല. നിങ്ങൾക്ക് മനസ്സ് മാറ്റാനും ഏത് സമയത്തും പഠനത്തില്‍ പങ്കെടുക്കുന്നത് നിർത്താനും കഴിയും"
"Cardiovascular disease is a general term for conditions that affect the heart and blood vessels. It is one of the leading causes of death worldwide. Fatty substances in the blood can build up and block blood vessels, leading to problems such as heart failure – when the heart cannot pump blood around the body properly – stroke and heart attacks. People who are inactive or overweight, or have high blood pressure, high cholesterol or diabetes are at risk of cardiovascular disease.","ഹൃദയത്തെയും രക്തക്കുഴലുകളെയും ബാധിക്കുന്ന അവസ്ഥകളുടെ പൊതുവായ പദമാണ് ഹൃദയ സംബന്ധമായ അസുഖം. ലോകമെമ്പാടുമുള്ള മരണകാരണങ്ങളിലൊന്നാണിത്. രക്തത്തിലെ കൊഴുപ്പ് പദാർത്ഥങ്ങൾ രക്തക്കുഴലുകളെ കെട്ടിപ്പടുക്കുകയും തടയുകയും ചെയ്യും, ഇത് ഹൃദയസ്തംഭനം പോലുള്ള പ്രശ്‌നങ്ങളിലേക്ക് നയിക്കുന്നു-ഹൃദയത്തിന് ശരീരത്തിൽ മുഴുവനായും രക്തം ശരിയായി പമ്പ് ചെയ്യാൻ കഴിയാത്തപ്പോൾ-സ്ട്രോക്ക്, ഹൃദയാഘാതം. നിഷ്ക്രിയരും അമിതഭാരവും ഉള്ളവരും ഉയർന്ന രക്തസമ്മർദ്ദം, ഉയർന്ന കൊളസ്ട്രോൾ, പ്രമേഹം എന്നിവയുള്ളവരോ ഹൃദയ സംബന്ധമായ അസുഖങ്ങൾക്ക് സാധ്യതയുണ്ട്."
Relaxed,ആശ്വാസം
"I agree not to restrict the use of any data or results that arise from this study, provided that such a use is only for scientific purposes.",ഈ പഠനത്തില്‍ നിന്ന് ഉരുത്തിരിയുന്ന വിവരങ്ങള്‍ ശാസ്ത്രീയമായ ലക്ഷ്യങ്ങള്‍ക്ക് ഉപയോഗിക്കുന്നതിനെ നിയന്ത്രിക്കുകയില്ലെന്ന് ഞാന്‍ ഉറപ്പ് തരുന്നു.
1. Slight retardation during the interview.,1. ഇന്റർവ്യൂ ചെയ്യുന്നതിനിടയിൽ നേരിയ മന്ദത.
[HAFFKINE_VDK_ICF_ENGLISH_V1.1],[HAFFKINE_VDK_ICF_ENGLISH_V1.1]
a) According to the patient:,a) രോഗിയുടെ അഭിപ്രായത്തിൽ:
Pediatric Yorkhill Malnutrition Score-(PYMS),പീഡിയാട്രിക് യോർക്ക്ഹിൽ മാൽനുട്രിഷ്യൻ സ്കോർ- (PYMS)
Emp no:80793,ഇഎംപി നമ്പര്‍:80793
1. Mild.,1. കുറച്ച്
The Stress Scale,സ്ട്രെസ് സ്കെയിൽ
FORMAT FOR INFORMED CONSENT FORM FOR SUBJECTS,രോഗികൾക്കുള്ള ഇൻഫോംഡ് കൺസന്റ് ഫോമിനുള്ള ഫോർമാറ്റ്
Protocol:,പ്രോട്ടോക്കോൾ:
Name of the investigator:,പരിശോധകന്‍റെ പേര്:
"In addition to isolation of DNA, your blood sample will be used for certain diagnostic procedures and for generation of the iPSC lines ( see 14 and 15 below ) and any residual sample may be used for archival sample to carry out genetic or other screening procedure.","DNA ഐസൊലേഷൻ ചെയ്യുന്നതിന്പുറമേ, നിങ്ങളുടെ രക്തസാമ്പിൾ ചില ഡയഗ്നോസ്റ്റിക് നടപടിക്രമങ്ങൾക്കും iPSC ലൈനുകൾ സൃഷ്ടിക്കുന്നതിനും ഉപയോഗിക്കും (താഴെ 14, 15 എന്നിവ കാണുക) കൂടാതെ ജനിതകമോ മറ്റ് സ്ക്രീനിംഗ് നടപടിക്രമങ്ങളോ നടപ്പിലാക്കുന്നതിനായി ആർക്കൈവൽ സാമ്പിളിനായി അവശേഷിക്കുന്ന ഏതെങ്കിലും സാമ്പിൾ ഉപയോഗിക്കാം."
"Once you read this form and had your questions answered, you will be asked to decide if you wish to participate. If you wish to participate in this study, you must sign this form. A copy will be given to you to keep as a record.","ഒരിക്കൽ‌ നിങ്ങൾ‌ ഈ ഫോം വായിച്ച് നിങ്ങളുടെ ചോദ്യങ്ങൾ‌ക്കുള്ള ഉത്തരം നല്‍കപ്പെട്ടാല്‍‌, നിങ്ങൾ‌ പങ്കെടുക്കാൻ‌ താൽ‌പ്പര്യപ്പെടുന്നോ എന്ന് തീരുമാനിക്കാൻ‌ നിങ്ങളോട് ആവശ്യപ്പെടും. ഈ പഠനത്തിൽ പങ്കെടുക്കാൻ നിങ്ങൾ ആഗ്രഹിക്കുന്നുവെങ്കിൽ, നിങ്ങൾ ഈ ഫോമിൽ ഒപ്പിടണം. ഒരു റെക്കോർഡായി സൂക്ഷിക്കാൻ ഫോമിന്‍റെ ഒരു പകർപ്പ് നിങ്ങൾക്ക് നൽകും."
10. Will I have to pay for the surgery?,10. ശസ്ത്രക്രിയയ്ക്ക് ഞാൻ പണം നൽകേണ്ടിവരുമോ?
Child’s Initials: __________________,കുട്ടിയുടെ ഇനിഷ്യലുകൾ: __________________
"- If there is anything in this form you do not understand, please ask questions. Please take your time. Participation is voluntary.","- ഈ ഫോമിൽ നിങ്ങൾക്ക് മനസ്സിലാകാത്ത എന്തെങ്കിലും ഉണ്ടെങ്കിൽ, അതേപ്പറ്റി സാവകാശം സമയമെടുത്ത് ചോദ്യങ്ങൾ ചോദിക്കാവുന്നതാണ്‌. നിങ്ങളുടെ പങ്കാളിത്തം സ്വമേധയാ ഉള്ളതാണ്."
"Your participation in this study is entirely voluntary and you are also free to decide to withdraw permission to participate in this study. If you do so, this will not affect your usual treatment at this hospital in any way.","ഈ പഠനത്തിലെ നിങ്ങളുടെ പങ്കാളിത്തം പൂർണ്ണമായും സ്വമേധയാ ഉള്ളതാണ്, ഈ പഠനത്തിൽ പങ്കെടുക്കാനുള്ള തീരുമാനം പിൻവലിക്കാൻ സ്വാതന്ത്ര്യമുണ്ട്. നിങ്ങൾ അങ്ങനെ ചെയ്താൽ, ഈ ആശുപത്രിയിൽ നിങ്ങളുടെ സാധാരണ ചികിത്സയെ ഇത് ഒരു തരത്തിലും ബാധിക്കില്ല."
"Meibomian gland dysfunction is the leading cause of dry eye worldwide. Long term use of antiglaucoma medications is one of the main causes for MGD. And there are not much studies on the evaluation of meibomian gland dysfunction in glaucoma patients on long term topical medications. so in this study we are going to look at morphological changes in meibomian glands in patients on long term topical antiglaucoma medications and compare with those patients who are not on any topical medications to see if the deficiency in lipid layer of the tear film that is produced by the meibomian glands, has a role to play in the changes in ocular surface and dry eye in these patients. We will then publish the results in so others can read about it and learn from the results of the study, so that the new-found information may be used to benefit others. The personal information collected will still remain strictly confidential, and only the interpretations of the data will be published.","ലോകമെമ്പാടുമുള്ള വരണ്ട കണ്ണുകളുടെ പ്രധാന കാരണം മൈബോമിയൻ ഗ്രന്ഥിയുടെ പ്രവർത്തനത്തിന്റെ തകരാറാണ്. ആന്റിഗ്ലോക്കോമ മരുന്നുകളുടെ ദീർഘകാല ഉപയോഗമാണ് എംജിഡിയുടെ പ്രധാന കാരണങ്ങളിലൊന്ന്. ദീർഘകാല പ്രാദേശിക മരുന്നുകളിൽ ഗ്ലോക്കോമ രോഗികളിൽ മെബോമിയൻ ഗ്രന്ഥിയുടെ അപര്യാപ്തത വിലയിരുത്തുന്നതിനെക്കുറിച്ച് കൂടുതൽ പഠനങ്ങൾ നടന്നിട്ടില്ല. അതിനാൽ, ഈ പഠനത്തിൽ, ദീർഘകാല ടോപ്പിക്കൽ ആന്റിഗ്ലോക്കോമ മരുന്നുകൾ കഴിക്കുന്ന രോഗികളിൽ മെബോമിയൻ ഗ്രന്ഥികളിലെ രൂപശാസ്ത്രപരമായ മാറ്റങ്ങൾ ഞങ്ങൾ പരിശോധിക്കും, കൂടാതെ ടിയർ ഫിലിമിന്റെ ലിപിഡ് പാളിയിലെ കുറവുണ്ടോ എന്ന് പരിശോധിക്കാൻ പ്രാദേശിക മരുന്നുകൾ കഴിക്കാത്ത രോഗികളുമായി താരതമ്യം ചെയ്യും. മെബോമിയൻ ഗ്രന്ഥികളാൽ, ഈ രോഗികളിൽ നേത്ര ഉപരിതലത്തിലും വരണ്ട കണ്ണിലും വരുന്ന മാറ്റങ്ങളിൽ ഒരു പങ്കുണ്ട്. തുടർന്ന് ഞങ്ങൾ ഫലങ്ങൾ പ്രസിദ്ധീകരിക്കും, അതുവഴി മറ്റുള്ളവർക്ക് അതിനെക്കുറിച്ച് വായിക്കാനും പഠന ഫലങ്ങളിൽ നിന്ന് പഠിക്കാനും കഴിയും, അതുവഴി പുതിയതായി കണ്ടെത്തിയ വിവരങ്ങൾ മറ്റുള്ളവർക്ക് പ്രയോജനപ്പെടുത്താൻ ഉപയോഗിക്കാം. ശേഖരിച്ച വ്യക്തിഗത വിവരങ്ങൾ ഇപ്പോഴും കർശനമായി രഹസ്യമായി തുടരും, ഡാറ്റയുടെ വ്യാഖ്യാനങ്ങൾ മാത്രമേ പ്രസിദ്ധീകരിക്കൂ."
CC BY-NS-SA 4.0 INTERNATIONAL PUBLIC LICENSE.,CC BY-NS-SA 4.0 അന്താരാഷ്‌ട്ര പബ്ലിക് ലൈസൻസ്.
3. Relevant history such as,3. താഴെ സൂചിപ്പിക്കപ്പെട്ടതുപോലെ പ്രസക്തമായ ചരിത്രം
date ............,തീയതി ............
- is not addicted to drugs and alcohol,- മയക്കുമരുന്നിനും മദ്യത്തിനും അടിമകളല്ലാത്ത
Informed Consent form,ബോധ്യപ്പെടുത്തിയ അനുമതി പത്രം
Contact Phone number……………………………………………..,ബന്ധപ്പെടേണ്ട ഫോൺ നമ്പർ…………………………………………..
Do I need to give consent in order to participate?,പഠനത്തില്‍ പങ്കെടുക്കുന്നതിന് ഞാൻ സമ്മതം നൽകേണ്ടതുണ്ടോ?
• The right to data portability (right to transfer data back to you or to others),• ഡാറ്റ പോർട്ടബിലിറ്റിക്കുള്ള അവകാശം (ഡാറ്റ നിങ്ങൾക്കോ മറ്റുള്ളവർക്കോ തിരികെ കൈമാറാനുള്ള അവകാശം)
Date: _____________________________________,തീയതി: _____________________________________
Main results,പ്രധാന ഫലങ്ങൾ
"Dear Sir/Madam,","പ്രിയ സർ / മാഡം,"
Signature (or Thumb impression) of Research Subject/Legally Acceptable Representative,ഗവേഷണത്തിന് വിധേയനാകുന്ന ആളുടെ / നിയമപരമായി സ്വീകാര്യമായ പ്രതിനിധിയുടെ ഒപ്പ് (അല്ലെങ്കിൽ വിരലടയാളം)
"Bone and joint infections are usually treated with surgery and a course of intravenous antibiotics. The current standard of care in the management of multidrug resistant chronic bone and joint infections usually requires a prolonged course (i.e. 4–6 weeks) of intravenous (IV) antibiotics during the early intensive phase treatment. There is little evidence to suggest that oral (PO) therapy results in worse outcomes during the early intensive phase. Therefore, we are conducting a pilot study to address the implications of early oral antimicrobial therapy in the treatment of multidrug resistant chronic bone and joint infections.","എല്ലുകളുടെയും സന്ധികളുടെയും അണുബാധകൾ സാധാരണയായി ശസ്ത്രക്രിയയിലൂടെയും ഇൻട്രാവണസ് ആൻറിബയോട്ടിക്കുകളുടെ ഒരു കോഴ്സിലൂടെയും ചികിത്സിക്കുന്നു. മൾട്ടിഡ്രഗ് റെസിസ്റ്റന്റ് ക്രോണിക് ബോൺ, ജോയിന്റ് അണുബാധകൾ കൈകാര്യം ചെയ്യുന്നതിലെ നിലവിലെ നിലവാരത്തിലുള്ള പരിചരണത്തിന് സാധാരണയായി ആദ്യകാല തീവ്രമായ ഘട്ട ചികിത്സയ്ക്കിടെ ഇൻട്രാവണസ് (IV) ആൻറിബയോട്ടിക്കുകളുടെ ഒരു നീണ്ട കോഴ്സ് (അതായത് 4-6 ആഴ്ചകൾ) ആവശ്യമാണ്. വായിലൂടെ നൽകുന്ന (പി‌ഒ) തെറാപ്പി ആദ്യകാല തീവ്രമായ ഘട്ടത്തിൽ മോശമായ ഫലങ്ങൾ ഉണ്ടാക്കുമെന്ന് സൂചിപ്പിക്കുന്നതിന് തെളിവുകളൊന്നുമില്ല. അതിനാൽ, മൾട്ടിഡ്രഗ് പ്രതിരോധശേഷിയുള്ള വിട്ടുമാറാത്ത അസ്ഥി, സന്ധി അണുബാധകളുടെ ചികിത്സയിൽ ആദ്യകാല ഓറൽ ആന്റിമൈക്രോബയൽ തെറാപ്പിയുടെ പ്രത്യാഘാതങ്ങൾ പരിഹരിക്കുന്നതിന് ഞങ്ങൾ ഒരു പൈലറ്റ് പഠനം നടത്തുന്നു."
"3. I understand that the participation in the study is voluntary and that I am free to withdraw at any time, without giving any reason, without my medical care or legal rights being affected ⎕","3. പഠനത്തിലെ പങ്കാളിത്തം സ്വമേധയാ ഉള്ളതാണെന്നും ഒരു കാരണവും നൽകാതെ, എന്റെ വൈദ്യ പരിചരണത്തെയോ നിയമപരമായ അവകാശങ്ങളെയോ ബാധിക്കാതെ എപ്പോൾ വേണമെങ്കിലും പഠനത്തില്‍ നിന്ന് പിന്മാറാന്‍ എനിക്ക് സ്വാതന്ത്ര്യമുണ്ടെന്നും ഞാൻ മനസ്സിലാക്കുന്നു"
Will my child’s personal details be kept confidential?,എന്റെ കുട്ടിയുടെ സ്വകാര്യ വിശദാംശങ്ങൾ രഹസ്യമായി സൂക്ഷിക്കുമോ?
FOR HEALTHY VOLUNTEERS,ഹെൽത്ത് വോളണ്ടിയർമാർക്ക്
"1) DEPRESSED MOOD (sadness, hopeless, helpless, worthless)","1) വിഷാദ മാനസികാവസ്ഥ (സങ്കടം, നിരാശ, നിസ്സഹായത, പ്രാധാന്യമില്ലാത്തത് പോലെ,)"
(Subject),(പങ്കെടുക്കുന്ന ആൾ )
13. Sexual difficulties: 39,13. ലൈംഗിക ബുദ്ധിമുട്ടുകൾ: 39
"◦ Creating a tissue-specific stem cells or differentiated cell types, which could be transplanted into another human for the purpose of treating diseases, including but not limited to haematological disorders.","◦ ഹേമറ്റോളജിക്കൽ ഡിസോർഡേഴ്സ് ഉൾപ്പെടെ, എന്നാൽ അതിൽ മാത്രം പരിമിതപ്പെടുത്താതെ, രോഗങ്ങളെ ചികിത്സിക്കുന്നതിനായി മറ്റൊരു മനുഷ്യനിലേക്ക് ട്രാൻസ്‌പ്ലാന്റ് ചെയ്യാൻ കഴിയുന്ന ടിഷ്യു-സ്പെസിഫിക് സ്റ്റെം സെല്ലുകൾ അല്ലെങ്കിൽ വ്യത്യസ്ത കോശ തരങ്ങൾ സൃഷ്ടിക്കപ്പെടുന്നു."
• The right of access (the right to request information about the handling of your data and request copies of personal data),• ആക്‌സസ് ചെയ്യാനുള്ള അവകാശം (നിങ്ങളുടെ ഡാറ്റ കൈകാര്യം ചെയ്യുന്നതിനെക്കുറിച്ചുള്ള വിവരങ്ങൾ അഭ്യർത്ഥിക്കാനും വ്യക്തിഗത ഡാറ്റയുടെ പകർപ്പുകൾ അഭ്യർത്ഥിക്കാനുമുള്ള അവകാശം)
Voluntary Participation:,സ്വമേധയാ ഉള്ള പങ്കാളിത്തം:
"There may be NO direct benefit to you from taking part in this study. However, if the research is successful, you may be given a preference to get enrolled in a clinical trial that may be conducted in the future.","ഈ പഠനത്തിൽ പങ്കെടുക്കുന്നതിൽ നിന്ന് നിങ്ങൾക്ക് നേരിട്ട് ഒരു നേട്ടവും ഉണ്ടാകണമെന്നില്ല. എന്നിരുന്നാലും, ഗവേഷണം വിജയകരമാണെങ്കിൽ, ഭാവിയിൽ നടത്തിയേക്കാവുന്ന ഒരു ക്ലിനിക്കൽ ട്രയലിൽ ചേരുന്നതിന് നിങ്ങൾക്ക് മുൻഗണന ലഭിച്ചേക്കും."
"You can read and understand by yourself if you wish, we are ready to read and explain the same to you.If you do not understand anything or if you want any more details we are ready to provide the details.","നിങ്ങൾക്ക് സ്വയം വായിച്ചു മനസ്സിലാക്കാൻ കഴിയും നിങ്ങൾക്ക് താൽപ്പര്യമുണ്ടെങ്കിൽ, ഞങ്ങൾ അത് വായിച്ച് വിശദീകരിക്കാൻ തയ്യാറാണ്. നിങ്ങൾക്ക് ഒന്നും മനസ്സിലാകുന്നില്ലെങ്കിൽ അല്ലെങ്കിൽ നിങ്ങൾക്ക് കൂടുതൽ വിശദാംശങ്ങൾ വേണമെങ്കിൽ വിശദാംശങ്ങൾ നൽകാൻ ഞങ്ങൾ തയ്യാറാണ്."
"Your participation in the study is entirely voluntary and you are also free to decide to withdraw permission to participate in this study. If you do so, it will not affect your treatment at this hospital in any way.","പഠനത്തിലെ നിങ്ങളുടെ പങ്കാളിത്തം പൂർണ്ണമായും സ്വമേധയാ ഉള്ളതാണ്, മാത്രമല്ല ഈ പഠനത്തിൽ പങ്കെടുക്കാനുള്ള അനുമതി പിൻവലിക്കാനും നിങ്ങൾക്ക് സ്വാതന്ത്ര്യമുണ്ട്. നിങ്ങൾ അങ്ങനെ ചെയ്യുകയാണെങ്കിൽ, ഈ ആശുപത്രിയിലെ നിങ്ങളുടെ ചികിത്സയെ ഇത് ഒരു തരത്തിലും ബാധിക്കുകയില്ല."
HIGH FIVE,ഉയർന്ന അഞ്ച്
"I provide my permission to allow my medical portal data and my patient portal data to be linked; as a result, my physician will be able to see the data I have submitted to the patient portal:","എന്റെ മെഡിക്കൽ പോർട്ടൽ ഡാറ്റയും എന്റെ രോഗിയുടെ പോർട്ടൽ ഡാറ്റയും ലിങ്ക് ചെയ്യാൻ അനുവദിക്കുന്നതിന് ഞാൻ എന്റെ അനുമതി നൽകുന്നു; തൽഫലമായി, രോഗിയുടെ പോർട്ടലിൽ ഞാൻ സമർപ്പിച്ച ഡാറ്റ എന്റെ ഡോക്ടർക്ക് കാണാൻ കഴിയും:"
‐ uncertainty about effects on low blood sugar and bone fracture.,#NAME?
"Epidural anesthesia is a powerful tool for managing and minimizing discomfort. Epidural anesthesia involves injecting anesthetic medication into the epidural space along the spine. This numbs specific nerves, offering localized pain relief.","അസ്വസ്ഥത നിയന്ത്രിക്കുന്നതിനും, കുറയ്ക്കുന്നതിനുമുള്ള ഒരു സുശക്തമായ ഒരു രീതിയാണ് എപിഡ്യൂറൽ അനസ്തേഷ്യ. എപ്പിഡ്യൂറൽ അനസ്തേഷ്യയിൽ നട്ടെല്ല് വഴി എപ്പിഡ്യൂറൽ സ്പെയ്സിലേക്ക് അനസ്തെറ്റിക് മരുന്നുകൾ കുത്തിവയ്ക്കുകയാണ് ചെയ്യുന്നത്. ഇത്ആ ഭാഗത്തെ ഞരമ്പുകളെ മരവിപ്പിക്കുന്നു, അങ്ങനെ ആ ഭാഗത്തെ വേദനയിൽ നിന്ന് ആശ്വാസം നൽകുന്നു."
Relation to the Subject: ____________________________________,വിഷയവുമായുള്ള ബന്ധം: ____________________________________
[ASSENT_FORM_7_TO_10_YEARS_ENG],[ASSENT_FORM_7_TO_10_YEARS_ENG]
"I understand that if new treatments are developed from stem cell lines, I will not be involved in the decision of who will get the treatment.","സ്റ്റെം സെൽ ലൈനുകളിൽ നിന്ന് പുതിയ ചികിത്സാരീതികൾ വികസിപ്പിച്ചെടുത്താൽ, ആർക്കൊക്കെ ചികിത്സ ലഭിക്കണം എന്ന തീരുമാനത്തിൽ ഞാൻ ഇടപെടില്ലെന്ന് ഞാൻ മനസ്സിലാക്കുന്നു."
"We will publish the results of the study so that other interested people such as doctors and scientists may learn from our research, but the participants will not be identified by name in any publication or presentation of results. However, the medical notes may be reviewed by people associated with the study, without any additional permission.","പഠനത്തിന്റെ ഫലങ്ങൾ ഞങ്ങൾ പ്രസിദ്ധീകരിക്കും, അതിനാൽ മറ്റ് ഗവേഷകരായ ഡോക്ടർമാര്‍ക്കും ശാസ്ത്രജ്ഞന്മാര്‍ക്കും ഞങ്ങളുടെ ഗവേഷണത്തിൽ നിന്ന് പഠിക്കാൻ കഴിയും, എന്നാൽ പങ്കെടുക്കുന്നവരെ ഏതെങ്കിലും പ്രസിദ്ധീകരണത്തിലോ ഫലങ്ങളുടെ അവതരണത്തിലോ പേര് ഉപയോഗിച്ച് തിരിച്ചറിയാൻ കഴിയില്ല. എന്നിരുന്നാലും, അധിക അനുമതിയില്ലാതെ, പഠനവുമായി ബന്ധപ്പെട്ട ആളുകൾ മെഡിക്കൽ കുറിപ്പുകൾ അവലോകനം ചെയ്തേക്കാം."
2. Worrying about minor matters.,2. ചെറിയ കാര്യങ്ങളിൽ വിഷമിക്കുക.
"Your parent knows about this study and has given permission for you to be involved. If you agree, I will ask you to be a part of this study. You do not have to do anything. we would like to give you an additional medicine along with the regular medicines during your surgery and see whether it reduces restlessness after the surgery.","ഈ പഠനത്തെക്കുറിച്ച് നിങ്ങളുടെ രക്ഷകർത്താവിന് അറിയാം, ഒപ്പം അവര്‍ നിങ്ങൾക്ക് ഇതില്‍ പങ്കാളിയാകാൻ അനുമതി നൽകുകയും ചെയ്തിട്ടുണ്ട്. നിങ്ങൾക്ക് സമ്മതമാണെങ്കില്‍, ഈ പഠനത്തിന്റെ ഭാഗമാകാൻ ഞാൻ നിങ്ങളോട് ആവശ്യപ്പെടും. നിങ്ങൾ പ്രത്യേകിച്ച് ഒന്നും ചെയ്യേണ്ടതില്ല. നിങ്ങളുടെ ശസ്ത്രക്രിയയ്ക്കിടെ സാധാരണ മരുന്നുകൾക്കൊപ്പം ഒരു അധിക മരുന്ന് നൽകാനും ശസ്ത്രക്രിയയ്ക്കുശേഷമുള്ള അസ്വസ്ഥത ഈ മരുന്ന് കുറയ്ക്കുമോയെന്ന് നിരീക്ഷിക്കാന്‍ ഞങ്ങൾ ആഗ്രഹിക്കുന്നു."
Worried,ആകുലത
You will not receive any cash or payment with goods or services for participation in this research study as that will affect the objectivity of the study.,"ഈ ഗവേഷണ പഠനത്തിൽ പങ്കെടുക്കുന്നതിനായി നിങ്ങൾക്ക് പാരിതോഷികമോ സേവനങ്ങളോ പണമോ സൗജന്യമായി ലഭിക്കില്ല, കാരണം ഇത് പഠനത്തിന്റെ വസ്തുനിഷ്ഠതയെ ബാധിക്കും."
"If you do so, this will not affect your child’s usual treatment at this hospital in any way. If the treatment fails you are free to opt for any of the standard treatment available already for the consequences of physical injury.","നിങ്ങൾ അങ്ങനെ ചെയ്യുകയാണെങ്കിൽ, ഇത് ഈ ആശുപത്രിയിലെ നിങ്ങളുടെ കുട്ടിയുടെ പതിവ് ചികിത്സയെ ഒരു തരത്തിലും ബാധിക്കില്ല. ചികിത്സ പരാജയപ്പെട്ടാൽ, ചികിത്സയുടെ അനന്തരഫലങ്ങളുടെ ഭാഗമായി വരുന്ന പരിക്കുകള്‍ക്ക് ഇപ്പോള്‍ ലഭ്യമായ ഏതെങ്കിലും അടിസ്ഥാന ചികിത്സ തിരഞ്ഞെടുക്കാൻ നിങ്ങൾക്ക് സ്വാതന്ത്ര്യമുണ്ട്."
Infectious diseases that may be transmitted to the patient through blood that comes from an infected donor.,രോഗം ബാധിച്ച ദാതാവിന്റെ രക്തത്തിലൂടെ രോഗിയിലേക്ക് പകരുന്ന(may be) പകർച്ചവ്യാധികൾ.
Signature of the child:,കുട്ടിയുടെ ഒപ്പ്:
"(ii) I understand that my child’s participation in the study is voluntary and that I am free to withdraw at any time, without giving any reason, without my medical care or legal rights being affected. [ ]","(ii) പഠനത്തിൽ എന്റെ കുട്ടിയുടെ പങ്കാളിത്തം സ്വമേധയാ ഉള്ളതാണെന്നും ഒരു കാരണവും ബോധിപ്പിക്കാതെ, എന്റെ വൈദ്യ പരിചരണത്തെയോ നിയമപരമായ അവകാശങ്ങളെയോ ബാധിക്കാതെ എപ്പോൾ വേണമെങ്കിലും പിൻവലിക്കാൻ എനിക്ക് സ്വാതന്ത്ര്യമുണ്ടെന്നും ഞാൻ മനസ്സിലാക്കുന്നു."
Confidentiality and Data Protection: Will your personal details be kept confidential?,രഹസ്യാത്മകതയും ഡാറ്റ പരിരക്ഷണവും: നിങ്ങളുടെ സ്വകാര്യ വിശദാംശങ്ങൾ രഹസ്യമായി സൂക്ഷിക്കുമോ?
"You may withdraw your consent for whatever reason at any time from this study. If you decide to withdraw your consent after you have signed this form, please contact the individual mentioned at the end of this document immediately.","ഈ പഠനത്തിൽ നിന്ന് ഏത് സമയത്തും നിങ്ങൾക്ക് നിങ്ങളുടെ സമ്മതം പിൻവലിക്കാം. നിങ്ങൾ ഈ പത്രികയിൽ ഒപ്പിട്ട ശേഷം നിങ്ങളുടെ സമ്മതം പിൻവലിക്കാൻ തീരുമാനിക്കുകയാണെങ്കിൽ, ദയവായി ഈ പ്രമാണത്തിന്റെ അവസാനത്തിൽ സൂചിപ്പിച്ച വ്യക്തിയുമായി ഉടൻ ബന്ധപ്പെടുക."
Step-2: Has the child lost weight recently?,ഘട്ടം -2: അടുത്തിടെ കുട്ടിയുടെ ശരീരഭാരം കുറഞ്ഞിട്ടുണ്ടോ?
• Imaging Study,• ഇമേജിംഗ് പഠനം
I understand that I will receive free treatment for any study related injury but I will not receive any other financial compensation.,"പഠനവുമായി ബന്ധപ്പെട്ട് സംഭവിക്കുന്ന ഏത് പരിക്കിനും എനിക്ക് സൌജന്യ ചികിത്സ ലഭിക്കുമെന്നും, പക്ഷെ അതുമായി ബന്ധപ്പെട്ട് ഒരു തരത്തിലുള്ള സാമ്പത്തിക നഷ്ടപരിഹാരവും ലഭിക്കുകയില്ലെന്നും ഞാൻ മനസ്സിലാക്കുന്നു."
Usual intake,സാധാരണ കഴിക്കുന്നത്
1.1. Fibrodysplasia Ossificans Progressiva,1.1 ഫൈബ്രോഡിസ്പ്ലാസിയ ഓസിഫിക്കൻസ് പ്രോഗ്രസിവ
Who is funding this research?,ആരാണ് ഈ ഗവേഷണത്തിന് പണം നൽകുന്നത്?
"Unfortunately, due to the rarity of the disease, available studies investigating the outcome after surgical resection of RPS are mainly retrospective in nature and hampered by small numbers of patient populations. This reflects into a relative paucity of established guidelines and consensus statements for retroperitoneal sarcoma.","നിർഭാഗ്യവശാൽ, രോഗമുണ്ടാവുന്നത് വളരെ അപൂർവ്വമായതിനാലും, രോഗികളുടെ എണ്ണം വളരെ കുറവായതിനാലും RPS ന്റെ ശസ്ത്രക്രിയയുടെ പരിണതഫലത്തെ കുറിച്ചുള്ള നിലവിലുള്ള പഠനങ്ങൾ മുഖ്യമായും മുൻപുള്ള ഫലങ്ങളെയും ബന്ധപ്പെട്ടിരിക്കുന്നു. ഇത് വെളിവാക്കുന്നത് റെട്രോപെരിസമീൽ സാർക്കോമയെക്കുറിച്ചുള്ള സ്ഥാപിതമായ മാർഗ്ഗരേഖകളുടെയും, പൊതു സമ്മതമായ വിവരണങ്ങളുടെയും ദൗർലഭ്യതയെയാണ്."
Signatory’s Name: ___________________________,ഒപ്പിട്ടയാളുടെ പേര്:
"4) authorize, for the purpose of this study, to review my personal data, on paper or electronical format;",4) ഈ പഠനത്തിന്‍റെ ആവശ്യത്തിനായി പേപ്പര്‍ രൂപത്തിലോ ഇലക്ട്രോണിക്കല്‍ രൂപത്തിലോ ഉള്ള എന്റെ വ്യക്തിപരമായ വിവരങ്ങള്‍ പരിശോധിക്കാന്‍ അധികാരം നല്‍കുന്നു;
Phone No:,ഫോൺ നമ്പർ:
11. Anonymizing samples or data,11. സാമ്പിളുകളോ ഡാറ്റയോ അജ്ഞാതമാക്കുന്നു.
What if I have questions about the study?,പഠനത്തെക്കുറിച്ച് എനിക്ക് ചോദ്യങ്ങളുണ്ടെങ്കില്‍?
"Method for scoring varies by version. For the HDRS17, a score of 0–7 is generally accepted to be within the normal range (or in clinical remission), while a score of 20 or higher (indicating at least moderate severity) is usually required for entry into a clinical trial.","സ്കോർ ചെയ്യുന്നതിനുള്ള മെത്തേഡ്വേർഷൻ അനുസരിച്ച് വ്യത്യാസപ്പെടുന്നു. HDRS17-ന്, 0-7 സ്കോർ സാധാരണ പരിധിക്കുള്ളിൽ (അല്ലെങ്കിൽ ക്ലിനിക്കൽ റിമിഷനിൽ) ആയിരിക്കുമെന്ന് പൊതുവെ അംഗീകരിക്കപ്പെടുന്നു, അതേസമയം ക്ലിനിക്കൽ ട്രയലിൽ പ്രവേശിക്കുന്നതിന് സാധാരണയായി 20 അല്ലെങ്കിൽ അതിലും ഉയർന്ന സ്കോർ (കുറഞ്ഞത് മിതമായ തീവ്രതയെ സൂചിപ്പിക്കുന്നു) ആവശ്യമാണ്."
Difficulty breathing,ശ്വസിക്കാൻ ബുദ്ധിമുട്ട്
Surname:,കുടുംബപ്പേര്:
[ Statement of donor ],[ഡോണറിന്‍റെ പ്രസ്താവന]
"The participants may or may not be benefitted by their participation at present. Acquired knowledge may help in the long-term care and management of renal transplant recipients. However, If the study outcome confirms the clinical utility, then soluble HLA G (new test) can be used as an early predictor of graft rejection in recipients. This can help in improving the patient outcome and their treatment modalities in the future.","നിലവിലെ അവസ്ഥയില്‍ പങ്കെടുക്കുന്നവർക്ക് അവരുടെ പങ്കാളിത്തം പ്രയോജനപ്പെടുകയോ അല്ലെങ്കിൽ പ്രയോജനപ്പെടാതിരിക്കുകയോ ചെയ്യാം. വൃക്കസംബന്ധമായ ട്രാൻസ്പ്ലാൻറ് സ്വീകർത്താക്കളുടെ ദീർഘകാല പരിചരണത്തിനും മാനേജ്മെന്റിനും നേടിയ അറിവ് സഹായിച്ചേക്കാം. എന്നിരുന്നാലും, പഠന ഫലം ക്ലിനിക്കൽ ഉപയോഗയോഗ്യതയെ സ്ഥിരീകരിക്കുന്നുവെങ്കിൽ, ലയിക്കുന്ന എച്ച്എൽ‌എ ജി (പുതിയ ടെസ്റ്റ്) സ്വീകർ‌ത്താക്കളിൽ‌ ഗ്രാഫ്റ്റ് നിരസിക്കൽ‌ മുൻ‌കൂട്ടി പ്രവചിക്കുന്നതായി ഉപയോഗിക്കാൻ‌ കഴിയും. ഭാവിയിൽ രോഗിയുടെ ഫലവും അവരുടെ ചികിത്സാ രീതികളും മെച്ചപ്പെടുത്തുന്നതിന് ഇത് സഹായിക്കും."
"2. Start necessary rehabilitation treatments even before side effects happen so that side effects will be very minimal or none at all, and you will have a good healthy journey during and after treatment.","2. പാർശ്വഫലങ്ങൾ സംഭവിക്കുന്നതിന് മുമ്പുതന്നെ ആവശ്യമായ പുനരധിവാസ ചികിത്സകൾ ആരംഭിക്കുക, അങ്ങനെ പാർശ്വഫലങ്ങൾ വളരെ കുറവോ തീരെ ഇല്ലാതാവുകയോ ചെയ്യും കൂടാതെ ചികിത്സയ്ക്കിടയിലും ശേഷവും നിങ്ങൾക്ക് നല്ല ആരോഗ്യകരമായ ജീവിതം ഉണ്ടാകും."
"3. Frequent complaints, requests for help, etc.","3. ഇടയ്ക്കിടെയുള്ള പരാതികൾ, സഹായ അഭ്യർത്ഥനകൾ മുതലായവ."
Date:______,തീയതി: ______
"About 12 ml of your blood will be used for screening for infectious disease causing agents such as HIV, HBV, HCV, T. pallidum ( Syphilis ), Microfilaria and Plasmodium sp. ( Malaria ) etc. If found positive for any of the infectious screening tests performed, we will inform you and counsel you regarding retesting. Please note that these are only screening tests and hence","HIV, HBV, HCV, T തുടങ്ങിയ സാംക്രമിക രോഗങ്ങൾക്ക് കാരണമാകുന്ന ഏജന്റുമാരുടെ പരിശോധനയ്ക്കായി നിങ്ങളുടെ രക്തത്തിന്റെ ഏകദേശം 12 മില്ലി ഉപയോഗിക്കും. പല്ലിഡം (സിഫിലിസ്), മൈക്രോഫിലേറിയ, പ്ലാസ്മോഡിയം എസ് പി (മലേറിയ) തുടങ്ങിയവ. നടത്തിയ ഏതെങ്കിലും സാംക്രമിക സ്ക്രീനിംഗ് ടെസ്റ്റുകൾക്ക് പോസിറ്റീവ് ആണെന്ന് കണ്ടെത്തിയാൽ, ഞങ്ങൾ നിങ്ങളെ അറിയിക്കുകയും വീണ്ടും പരിശോധിക്കുന്നതിനെക്കുറിച്ച് നിങ്ങളെ ഉപദേശിക്കുകയും ചെയ്യും. ഇവ സ്ക്രീനിംഗ് ടെസ്റ്റുകൾ മാത്രമാണെന്നതു ശ്രദ്ധിക്കുക."
Signature :Investigator,ഒപ്പ്: അന്വേഷകൻ
"• Enable FOP patients worldwide to report data on their own disease state in a shared forum, ultimately empowering both individual patients and the community as a whole;","• ഒരു സഹകരണ അടിസ്ഥാനത്തിൽ ഉള്ള ഫോറത്തിൽ അവരുടെ സ്വന്തം രോഗാവസ്ഥയെക്കുറിച്ചുള്ള ഡാറ്റ റിപ്പോർട്ട് ചെയ്യാൻ ലോകമെമ്പാടുമുള്ള FOP രോഗികളെ പ്രാപ്തരാക്കുക, ആത്യന്തികമായി വ്യക്തിഗത രോഗികളെയും സമൂഹത്തെയും മൊത്തത്തിൽ ശാക്തീകരിക്കുന്നു;"
I understand that the study staff and institutional ethics committee members will not need my permission to look at my health records even if I withdraw from the trial. I agree to this access.,ഞാൻ പരീക്ഷണത്തില്‍ നിന്ന് പിന്മാറിയാലും പോലും എന്റെ ആരോഗ്യ രേഖകൾ പരിശോധിക്കാന്‍ സ്റ്റഡി സ്റ്റാഫുകൾക്കും സ്ഥാപന നൈതിക സമിതി അംഗങ്ങൾക്കും എന്റെ അനുമതി ആവശ്യമില്ലെന്ന് ഞാൻ മനസ്സിലാക്കുന്നു. ഈ അവകാശം ഞാൻ അംഗീകരിക്കുന്നു.
I also understand that my participation in this study is entirely voluntary and that I am free to withdraw permission at any time without my treatment or legal rights being affected.,ഈ പഠനത്തിലെ എന്റെ പങ്കാളിത്തം പൂർണ്ണമായും സ്വമേധയാ ഉള്ളതാണെന്നും എന്റെ ചികിത്സയെയോ നിയമപരമായ അവകാശങ്ങളെയോ ബാധിക്കാതെ എപ്പോൾ വേണമെങ്കിലും അനുമതി പിൻവലിക്കാൻ എനിക്ക് സ്വാതന്ത്ര്യമുണ്ടെന്നും ഞാൻ മനസ്സിലാക്കുന്നു.
◦ Medical staff who are directly or indirectly involved in your care related to this research,"◦ ഈ റിസേര്‍ച്ചുമായി ബന്ധപ്പെട്ട, നിങ്ങളുടെ പരിചരണത്തിൽ നേരിട്ടോ അല്ലാതെയോ ഏർപ്പെട്ടിരിക്കുന്ന മെഡിക്കൽ സ്റ്റാഫ്"
Responsible physician at the [name of the institution]: [name of the physician],ഉത്തരവാദിത്തപ്പെട്ട ഡോക്ടര്‍: [സ്ഥാപനത്തിന്റെ പേര്]: [ഡോക്ടറുടെ പേര്]
A study to assess the Quality of life and attitude towards ethanol consumption among patients with ethanol related liver disease.,"എഥനോൾ സംബന്ധമായ കരൾ രോഗമുള്ള രോഗികളുടെ ജീവിതനിലവാരം, എത്തനോൾ ഉപഭോഗത്തോടുള്ള മനോഭാവം എന്നിവ വിലയിരുത്തുന്നതിനുള്ള ഒരു പഠനം."
You are being considered as one of the participants undergoing surgery and we would like to look into the incedence of hypertension,"ശസ്ത്രക്രിയയ്ക്ക് വിധേയരായവരിൽ ഒരാളായി നിങ്ങളെ കണക്കാക്കുന്നു, ഹൈപ്പർടെൻഷന്റെ സാധ്യത പരിശോധിക്കാൻ ഞങ്ങൾ ആഗ്രഹിക്കുന്നു"
Where are the cells produced?,കോശങ്ങൾ എവിടെയാണ് ഉത്പാദിപ്പിക്കപ്പെടുന്നത്?
Procedure: Muscle Biopsy,നടപടിക്രമം: മസിൽ ബയോപ്സി
Participant Selection:,പങ്കെടുക്കുന്നവരുടെ തിരഞ്ഞെടുപ്പ്:
Are there any benefits to taking part in this study?,ഈ പഠനത്തിൽ പങ്കു ചേർന്നത് കൊണ്ട് എന്തെങ്കിലും നേട്ടങ്ങൾ ഉണ്ടോ?
Remember: Blood cannot be manufactured. It can only come as a gift from people!,ഓർമിക്കുക: രക്തം നിർമ്മിക്കാനാവില്ല. ജനത്തിൽനിന്നുള്ള ഒരു സമ്മാനമായി മാത്രമേ ഇത് ലഭിക്കുകയുള്ളൂ .
10. Retirement: 45,10. വിരമിക്കൽ: 45
4. Jail Term: 63,4. ജയിലിൽ പോകുന്നത്: 63
"People and organizations ( national/international ) that may inspect and/or copy your research records to conduct this research, assure the quality of the data and to analyze the data include:",ഈ റിസേര്‍ച്ച് നടത്തുന്നതിനും ഡാറ്റയുടെ ഗുണനിലവാരം ഉറപ്പാക്കുന്നതിനും ഡാറ്റ അനാലിസിസ് ചെയ്യുന്നതിനുമായി നിങ്ങളുടെ റിസേര്‍ച്ച് റെക്കോഡുകള്‍ പരിശോധിക്കുകയും കൂടാതെ/അല്ലെങ്കിൽ പകർത്തുകയും ചെയ്യുന്ന ആളുകളും ഓർഗനൈസേഷനുകളും (ദേശീയ/അന്താരാഷ്ട്ര) ഉൾപ്പെടുന്നു:
"Now, let's go through the essential instructions for a successful epidural experience.","ഇനി, വിജയകരമായ എപ്പിഡ്യൂറൽ അനുഭവത്തിന് ആവശ്യമായ നിർദ്ദേശങ്ങളിലൂടെ നമുക്ക് പോകാം."
(Click here for Audio Visual guidelines),(ഓഡിയോ വിഷ്വൽ ഗൈഡ് ലൈൻസിനായി ഇവിടെ ക്ലിക്ക് ചെയ്യുക)
Will there be any discomfort/risks to me?,എനിക്ക് എന്തെങ്കിലും അസ്വസ്ഥത/ദോഷങ്ങൾ ഉണ്ടാകുമോ?
"Muscle biopsy and injection of the muscle cells are both minor procedures and can be done in minor operation theaters. Some complications such as infection, bleeding can rarely happen, however, they are minor and can be treated. There are rare chances of you being allergic to the cells which are injected, however, such problems have not been reported from the other centers which are doing similar research.","മസിൽ ബയോപ്സിയും പേശി കോശങ്ങളുടെ കുത്തിവയ്പ്പും ചെറിയ നടപടിക്രമങ്ങളാണ്, ചെറിയ ഓപ്പറേഷൻ തിയറ്ററുകളിൽ ഇത് ചെയ്യാൻ കഴിയും. അണുബാധ, രക്തസ്രാവം പോലുള്ള ചില സങ്കീർണതകൾ വളരെ അപൂർവമായി മാത്രമേ സംഭവിക്കൂ, എന്നിരുന്നാലും താരതമ്യേന അവ നിസ്സാരമായതും ചികിത്സിക്കാവുന്നതുമാണ്. കുത്തിവച്ച കോശങ്ങളോട് നിങ്ങൾക്ക് അലർജിയുണ്ടാകാനുള്ള സാധ്യത വളരെ അപൂർവമാണ്, എന്തെന്നാല്‍, സമാന ഗവേഷണങ്ങൾ നടത്തുന്ന മറ്റ് കേന്ദ്രങ്ങളിൽ നിന്ന് അത്തരം പ്രശ്നങ്ങൾ ഇതുവരെ റിപ്പോർട്ട് ചെയ്യപ്പെട്ടിട്ടില്ല ."
Informed consent sheet number: _________,ഇൻഫോംഡ് കൺസെന്റ് നമ്പര്‍: _________
"You have been asked to participate in this study because you have kidney stones and you have been advised removal of the stones. This will be done by a surgery known as percutaneous nephrolithotomy (PCNL), during which time a small opening is made near the kidney through which a scope will be introduced and the stone removed. For this procedure we will be giving you general anaesthesia. This means that you will be completely sleeping throughout the procedure. This surgery can be done in two positions. Either the stone will be removed with you lying on your back (supine position) or it can be removed with you lying on your tummy (prone position). The best position for the removal of your stone will be decided by your surgeon who is the best judge of this. In this study, we will be comparing and seeing which position is better and observing whether there are any differences between the two positions from the anaesthesia point of view. This study will help us understand and find out which position has lesser complications in which position the patient has better anaesthetic outcomes.","നിങ്ങള്‍ക്ക് വൃക്കയില്‍ കല്ലുകള്‍ ഉള്ളതിനാലാണ് നിങ്ങളോട് ഈ പഠനത്തില്‍ പങ്കെടുക്കണമെന്നും കല്ലുകള്‍ നീക്കം ചെയ്യണമെന്നും നിര്‍ദേശിക്കപ്പെട്ടത്. പെർകുട്ടേനിയസ് നെഫ്രോലിത്തോടോമി (പി‌സി‌എൻ‌എൽ) എന്നറിയപ്പെടുന്ന ഒരു ശസ്ത്രക്രിയയിലൂടെയാണ് കല്ലുകള്‍ നീക്കം ചെയ്യുന്നത്, ഈ സമയത്ത് വൃക്കയ്ക്ക് സമീപം ഒരു ചെറിയ ദ്വാരം ഉണ്ടാക്കുകയും, അതിലൂടെ ഒരു സ്കോപ്പ് അകത്തേക്ക് കടത്തി അതുവഴി കല്ല് നീക്കം ചെയ്യുകയും ചെയ്യുന്നു. ഈ പ്രക്രിയയ്ക്കായി ഞങ്ങൾ നിങ്ങൾക്ക് മുഴുവനായുള്ള അനസ്തേഷ്യ നൽകും. നടപടിക്രമത്തിലുടനീളം നിങ്ങൾ പൂർണ്ണമായും ഉറങ്ങുമെന്നാണ് ഇതിനർത്ഥം. ഈ ശസ്ത്രക്രിയ രണ്ട് സ്ഥാനങ്ങളിൽ ചെയ്യാം. ഒന്നുകില്‍ നിങ്ങള്‍ മലര്‍ന്ന് കിടക്കുമ്പോള്‍ (മലര്‍ന്ന് കിടക്കുന്ന അവസ്ഥയില്‍) അല്ലെങ്കിൽ നിങ്ങളുടെ കമിഴ്ന്നു കിടക്കുമ്പോള്‍ (കമിഴ്ന്നു കിടക്കുന്ന അവസ്ഥ) ഇതില്‍ ഏതെങ്കിലും രീതിയില്‍ കല്ലുകള്‍ നീക്കംചെയ്യാം. ഈ വിഷയത്തിലെ ഏറ്റവും മികച്ച വിധികര്‍ത്താവ്‌ എന്ന നിലയില്‍ നിങ്ങളുടെ കല്ല് നീക്കം ചെയ്യുന്നതിനുള്ള ഏറ്റവും നല്ല സ്ഥാനം നിങ്ങളുടെ ശസ്ത്രക്രിയാവിദഗ്ധൻ തീരുമാനിക്കും. ഈ പഠനത്തിൽ, ഏത് സ്ഥാനമാണ് മികച്ചതെന്ന് അനസ്തേഷ്യയുടെ കാഴ്ചപ്പാടിൽ നിന്നുകൊണ്ട് ഞങ്ങൾ താരതമ്യം ചെയ്യുകയും രണ്ട് സ്ഥാനങ്ങൾ തമ്മിൽ എന്തെങ്കിലും വ്യത്യാസങ്ങൾ ഉണ്ടോ എന്ന് നിരീക്ഷിക്കുകയും ചെയ്യും. ഏത് സ്ഥാനത്ത് ശസ്ത്രക്രിയ ചെയ്യുന്നതു വഴിയാണ് രോഗിക്ക് മികച്ച അനസ്തെറ്റിക് ഫലങ്ങൾ ലഭിക്കുന്നതെന്ന് മനസ്സിലാക്കാനും കണ്ടെത്താനും ഈ പഠനം സഹായിക്കും."
Address………………...................................................................................................................,വിലാസം……………………...................................................................................................................
Address for correspondence,ആശയവിനിമയത്തിനുള്ള വിലാസം
Signature (or Thumb impression) of the Subject/Legally Acceptable,വിഷയം / നിയമപരമായി സ്വീകാര്യമായതിന്റെ ഒപ്പ് (അല്ലെങ്കിൽ വിരലടയാളം)
I see myself as someone who …,ഞാൻ എന്നെ ഒരു...വ്യക്തിയായി കാണുന്നു
26. Spouse begins or stops work: 26,26. പങ്കാളി ജോലി തുടങ്ങുകയോ നിർത്തുകയോ ചെയ്യുന്നത്: 26
"By signing this form, I willingly agree to participate in the research it describes and authorize the use and disclosure of my information in connection with the study.","ഈ ഫോം ഒപ്പിടുന്നതിലൂടെ, അത് വിവരിക്കുന്ന ഗവേഷണത്തിൽ പങ്കെടുക്കാനും പഠനവുമായി ബന്ധപ്പെട്ട് എന്റെ വിവരങ്ങളുടെ ഉപയോഗത്തിനും വെളിപ്പെടുത്തലിനും അംഗീകാരം നൽകാനും ഞാൻ സ്വമനസ്സാലെ സമ്മതിക്കുന്നു."
Statement of person seeking consent: I have explained the information above to the donor and have answered all their questions.,കണ്‍സന്റ് തേടുന്ന വ്യക്തിയുടെ പ്രസ്താവന: ഞാൻ മുകളില്‍ സൂചിപ്പിച്ചിരിക്കുന്ന വിവരങ്ങൾ ഡോണറിനോട് വിശദീകരിക്കുകയും അവരുടെ എല്ലാ ചോദ്യങ്ങൾക്കും ഉത്തരം നൽകുകയും ചെയ്തിട്ടുണ്ട്.
Participant Selection: Why are you being invited to participate in the study?,പങ്കാളിത്ത തിരഞ്ഞെടുപ്പ്: പഠനത്തിൽ പങ്കെടുക്കാൻ നിങ്ങളെ ക്ഷണിക്കുന്നത് എന്തുകൊണ്ട്?
"Participation is entirely voluntary, and you are free to decide to withdraw permission to participate in this study. If you do so, this will not affect your child’s usual treatment at the hospital in any way.","പങ്കാളിത്തം പൂർണ്ണമായും സ്വമേധയാ ഉള്ളതാണ്, ഈ പഠനത്തിൽ പങ്കെടുക്കുന്നതിനുള്ള അനുമതി പിൻവലിക്കാനുള്ള തീരുമാനം എടുക്കാന്‍ നിങ്ങള്‍ക്ക് സ്വാതന്ത്ര്യമുണ്ട്. നിങ്ങൾ അങ്ങനെ ചെയ്യുകയാണെങ്കിൽ, ഇത് നിങ്ങളുടെ കുട്ടിയുടെ ആശുപത്രിയിലെ സാധാരണ ചികിത്സയെ ഒരു തരത്തിലും ബാധിക്കുകയില്ല."
Appendix 1: FOP Registry Informed Consent Form,അനുബന്ധം 1: FOP രജിസ്ട്രിയിൽ അറിയിച്ച സമ്മത പത്രം
2) declare to be aware of the study protocol (as indicated in the Patient Information Form);,2)പഠന പ്രോട്ടോക്കോളിനെ കുറിച്ച് ബോധവാനാണ് എന്ന് പ്രഖ്യാപിക്കുന്നു (രോഗിയുടെ ഇൻഫർമേഷൻ ഫോമിൽ സൂചിപ്പിച്ചിരിക്കുന്നതുപോലെ)
2. I have had chance to clear my doubts and ask questions about my participation in the study.,2. എന്റെ സംശയങ്ങൾ നീക്കാനും പഠനത്തിലെ എന്റെ പങ്കാളിത്തത്തെക്കുറിച്ച് ചോദ്യങ്ങൾ ചോദിക്കാനും എനിക്ക് അവസരമുണ്ട്.
Confidential.,രഹസ്യാത്മകം.
• The right of rectification (request correction of data that is inaccurate or incomplete),• തിരുത്താനുള്ള അവകാശം (കൃത്യമല്ലാത്തതോ അപൂർണ്ണമോ ആയ ഡാറ്റയുടെ തിരുത്തൽ അഭ്യർത്ഥിക്കുക)
What is the purpose of this research?,ഈ ഗവേഷണത്തിന്റെ ഉദ്ദേശ്യം എന്താണ്?
Study Investigator’s Name: _________________________,പഠന ഗവേഷകന്റെ പേര്ഃ
Informed Consent form to participate in a research study,ഒരു ഗവേഷണ പഠനത്തിൽ പങ്കെടുക്കുന്നതിനുള്ള ഇൻഫോംഡ് കൺസെന്റ് ഫോം
S no.,ക്രമ നമ്പര്‍
The results of this study may be shown at meetings or published in journals to inform other doctors and health professionals. We will keep your identity private in any publication or presentation from this study.,ഈ പഠനത്തിന്റെ ഫലങ്ങൾ മറ്റ് ഡോക്ടർമാരെയും ആരോഗ്യ വിദഗ്ധരെയും അറിയിക്കുന്നതിന് മീറ്റിംഗുകളിൽ കാണിക്കുകയോ ജേണലുകളിൽ പ്രസിദ്ധീകരിക്കുകയോ ചെയ്തേക്കാം. ഈ പഠനത്തിന്‍റെ ഭാഗമായുള്ള ഏതെങ്കിലും പ്രസിദ്ധീകരണത്തിലോ അവതരണത്തിലോ ഞങ്ങൾ നിങ്ങളുടെ ഐഡന്റിറ്റി സ്വകാര്യമായി സൂക്ഷിക്കും.
Study Investigator’s Name:,പഠന നിരീക്ഷകന്‍റെ പേര്:
I have witnessed the accurate reading of the information sheet above to the potential donor and the individual has had the opportunity to ask questions. I confirm that the individual has given consent freely.,"സാധ്യതയുള്ള വിവര ദാതാവിന് മുകളിലുള്ള വിവര ഷീറ്റ് കൃത്യമായി വായിക്കുന്നതിന് ഞാൻ സാക്ഷ്യം വഹിച്ചു, കൂടാതെ വ്യക്തിക്ക് ചോദ്യങ്ങൾ ചോദിക്കാനുള്ള അവസരവുമുണ്ട്. വ്യക്തി സ്വന്തന്ത്രമായി സമ്മതം നൽകിയെന്ന് ഞാൻ സ്ഥിരീകരിക്കുന്നു."
Informed consent form,ബോധ്യപ്പെട്ട സമ്മത പത്രം
"If you take part, what will happen?",നിങ്ങൾ പങ്കെടുത്താൽ എന്ത് സംഭവിക്കും?
Investigator / Investigator designee Statement,ഇൻവെസ്റ്റിഗേറ്റർ / ഇൻവെസ്റ്റിഗേറ്റർ ഡിസൈനി സ്റ്റേറ്റ്മെന്റ്
"After the surgery concludes, you will be moved to the recovery area. During this phase, the level of anesthesia will be checked, often using an ice or skin pinch test. You may notice reduced sensitivity to cold in the treated area compared to the normal area, signifying effective pain relief. In the recovery room, your condition will be closely monitored, and any concerns will be addressed promptly to ensure a smooth and comfortable postoperative experience.","ശസ്ത്രക്രിയ പൂർത്തിയായ ശേഷം, നിങ്ങളെ റിക്കവറി ഏരിയയിലേക്ക് മാറ്റും. ഈ ഘട്ടത്തിൽ, അനസ്തേഷ്യയുടെ ലെവൽ പലപ്പോഴും ഐസ് അല്ലെങ്കിൽ സ്കിൻ പിഞ്ച് ടെസ്റ്റ് ഉപയോഗിച്ച് പരിശോധിക്കും. മറ്റു ഭാഗങ്ങളെ അപേക്ഷിച്ച് ഇത് ചെയ്ത ഭാഗത്ത് തണുപ്പിനോടുള്ള സംവേദനക്ഷമത (സെൻസിറ്റിവിറ്റി))കുറയുന്നത് നിങ്ങൾ ശ്രദ്ധിച്ചേക്കാം, വേദന അറിയാതെ ഇരിക്കുന്നതുകൊണ്ടാണ് ഇങനെ അനുഭവപ്പെടുന്നത്. റിക്കവറി റൂമിൽ, നിങ്ങളെ സൂക്ഷ്മമായി നിരീക്ഷിക്കും, കൂടാതെ സുഗമവും, സുഖപ്രദവുമായ ശസ്ത്രക്രിയാനന്തര അനുഭവം ഉറപ്പാക്കാൻ എന്തെങ്കിലും ആശങ്കകൾ ഉണ്ടെങ്കിൽ അത് ഉടനടി പരിഹരിക്കും."
7. Marriage: 50,7. വിവാഹം: 50
Name of witness:,സാക്ഷിയുടെ പേര്:
Scale for measurement of attitude towards alcohol consumption,മദ്യപാനത്തോടുള്ള മനോഭാവം അളക്കുന്നതിനുള്ള മാനദണ്‌ഡം
There is no increased harm in the study as it involves only obtaining some information and collection of a blood sample for testing. You will receive the standard treatment as per the protocol in the hospital.,പരിശോധനയിൽ കൂടുതൽ വിവരങ്ങൾ നേടുന്നതും രക്തസാമ്പിൾ ശേഖരിക്കുന്നതും മാത്രം ഉൾപ്പെടുന്നതിനാൽ പഠനത്തിൽ കൂടുതൽ ദോഷങ്ങളൊന്നുമില്ല. ആശുപത്രി ചട്ടങ്ങള്‍ അനുസരിച്ച് നിങ്ങൾക്ക് നിലവാരമുള്ള ചികിത്സ ലഭിക്കും.
This haplobank does not involve medical treatment or diagnosis. Your alternative is to not participate as a donor of a blood sample for this haplobank.,ഹാപ്ലോബാങ്കിൽ വൈദ്യചികിത്സയോ രോഗനിർണയമോ ഉൾപ്പെടുന്നില്ല. ഈ ഹാപ്ലോബാങ്കിന്റെ രക്ത സാമ്പിള്‍ ഡോണർ ആയി പങ്കെടുക്കാതിരിക്കുക എന്നതാണ് നിങ്ങളുടെ ബദൽ.
- is not taking medicines for illness,- രോഗത്തിന് മരുന്നു കഴിക്കുന്നില്ലാത്ത (Wrong)
Dont you worry!,നിങ്ങൾ വിഷമിക്കേണ്ട!
iv. And such other details which maybe relevant for the research,iv. ഗവേഷണത്തിന് പ്രസക്തമായ മറ്റ് വിശദാംശങ്ങളും
Amendment 3:,ഭേദഗതി 3:
(iv) I agree not to restrict the use of any data or results that arise from this study provided such a use is only for scientific purpose(s),"(iv) ഈ പഠനത്തിൽ നിന്ന് ഉണ്ടാകുന്ന ഏതെങ്കിലും ഡാറ്റയുടെയോ ഫലങ്ങളുടെയോ ഉപയോഗം, അത്തരം ഉപയോഗം ശാസ്ത്രീയ ആവശ്യങ്ങൾക്ക് മാത്രമാണെങ്കിൽ നിയന്ത്രിക്കില്ലെന്ന് ഞാൻ സമ്മതിക്കുന്നു,"
Demographic variables,ജനസംഖ്യാപരമായ സൂചികകൾ
Our aim is to,ഞങ്ങളുടെ ലക്ഷ്യം ഇവയാണ്
"During and after the operation in the recovery room, you will be monitored. Once you are stable and awake then you will be sent to ward. We will monitor your blood pressure, heart rate, breathing, sleep status, pain score and the other well beings at regular interval.","ഓപ്പറേഷൻ സമയത്തും അതിനു ശേഷം റിക്കവറി റൂമിലും നിങ്ങളെ നിരീക്ഷിക്കും. നിങ്ങൾ ഉണർന്നിരിക്കുകയും സ്ഥിരത കൈവരിക്കുകയും ചെയ്തുകഴിഞ്ഞാൽ, നിങ്ങളെ വാർഡിലേക്ക് അയയ്ക്കും. നിങ്ങളുടെ രക്തസമ്മർദ്ദം, ഹൃദയമിടിപ്പ്, ശ്വാസോച്ഛ്വാസം, ഉറക്കത്തിന്‍റെ അവസ്ഥ, പെയ്ന്‍ സ്കോർ, സ്വാസ്ഥ്യവുമായി ബന്ധപ്പെട്ട മറ്റ് ഘടകങ്ങള്‍ എന്നിവ ഞങ്ങൾ കൃത്യമായ ഇടവേളകളിൽ നിരീക്ഷിക്കും."
"We welcome you and thank you for having accepted our request to consider whether you can participate in our study. This sheet contains the details of the study the possible risks, discomfort and benefits for the participants are also given.","ഞങ്ങൾ നിങ്ങളെ സ്വാഗതം ചെയ്യുന്നു, ഒപ്പം ഞങ്ങളുടെ പഠനത്തിൽ പങ്കെടുക്കുന്നത് പരിഗണിക്കാനുള്ള ഞങ്ങളുടെ അഭ്യർത്ഥന സ്വീകരിച്ചതിന് നന്ദി പറയുകയും ചെയ്യുന്നു. ഈ ഷീറ്റിൽ പഠനത്തിന്‍റെ വിശദാംശങ്ങൾ അടങ്ങിയിരിക്കുന്നു പങ്കെടുക്കുന്നവർക്ക് ഉണ്ടായേക്കാവുന്ന വെല്ലുവിളികള്‍, അസ്വസ്ഥതകൾ, ആനുകൂല്യങ്ങൾ എന്നിവയും നൽകിയിരിക്കുന്നു."
</Informed Consent -Ped>,</Informed Consent -Ped>
Nervous,ആത്മവിശ്വാസക്കുറവ്
"DEPARTMENT OF RADIATION ONCOLOGY, UNIT 2","റേഡിയേഷൻ ഓങ്കോളജി ഡിപ്പാർട്മെന്റ്, യൂണിറ്റ് 2"
"Healthy blood donors are essential to provide a safe and adequate supply of blood. Although blood donation is a safe process, a very minimal number of donors are experiencing some kind of donor adverse reactions. However not much study has been done so far to find out the normal physiological changes in a blood donor at the time of donation. Hence by this study we are estimating these changes and trying to get some knowledge about the donor hemodynamics.","സുരക്ഷിതവും മതിയായതുമായ രക്ത വിതരണം നൽകാൻ ആരോഗ്യമുള്ള രക്തദാതാക്കൾ അത്യാവശ്യമാണ്. രക്തദാനം ഒരു സുരക്ഷിത പ്രക്രിയയാണെങ്കിലും, വളരെ കുറച്ച് ദാതാക്കളിൽ ചിലതരം പ്രതികൂല പ്രതികരണങ്ങൾ അനുഭവപ്പെടുന്നു. എന്നിരുന്നാലും, രക്തദാനം ചെയ്യുന്ന സമയത്ത് രക്തദാതാവിന്റെ സാധാരണ നിലയിലുണ്ടാകുന്ന ശാരീരിക മാറ്റങ്ങൾ കണ്ടെത്തുന്നതിന് ഇതുവരെ കൂടുതൽ പഠനങ്ങൾ നടന്നിട്ടില്ല. അതിനാൽ ഈ പഠനത്തിലൂടെ ഞങ്ങൾ ഈ മാറ്റങ്ങൾ കണക്കാക്കുകയും ദാതാവിന്റെ ഹെമോഡൈനാമിക്സിനെക്കുറിച്ച് കുറച്ച് അറിവ് നേടാൻ ശ്രമിക്കുകയും ചെയ്യുന്നു."
41. Vacation: 13,41. അവധിക്കാലം: 13
Donor re-contact,ദാതാവിന്റെ വീണ്ടും ബന്ധപ്പെടല്‍
(vi) I am aware of the Audio-visual recording of the Informed Consent. [ ],(vi) ഇൻഫോംഡ് കൺസനന്റിന്റെ ഓഡിയോ-വിഷ്വൽ റെക്കോർഡിംഗിനെക്കുറിച്ച് എനിക്ക് അറിയാം. [ ]
5 Comorbidities of the child,5 കുട്ടിയുടെ അനുബന്ധ അസുഖങ്ങൾ
Name of the Research subject,ഗവേഷണ വിഷയത്തിന്റെ പേര്
• You will be randomly assigned to either (i) the current recommended dose or (ii) an adapted dose of antivenom. The anti-venom will be administered as per standard practices,(i) നിലവിലെ ശുപാർശിത ഡോസ് അല്ലെങ്കിൽ (ii) ആന്റിവനോമിന്റെ അനുയോജ്യമായ ഡോസ് എന്നിവയില്‍ ഏതെങ്കിലും ഒരു രീതിക്ക് വേണ്ടി നിങ്ങള്‍ നിയോഗിക്കപ്പെടും. ആശുപത്രിയുടെ നിലവാരത്തിന് അനുയോജ്യമായ സമ്പ്രദായങ്ങൾ അനുസരിച്ച് പ്രതിവിഷം നൽകും
Witness,സാക്ഷി
4 Birth Order,4 ജനന ക്രമം
PATIENT INFORMATION SHEET,രോഗിയുടെ ഇൻഫോർമേഷൻ ഷീറ്റ്
Subject’s Name: Age: Years,പഠനത്തിൽ പങ്കെടുക്കുന്നയാളുടെ പേര്: പ്രായം: വർഷം
Hospital No.:_________________,ആശുപത്രി നമ്പർ:__________________
Instruments,ഉപകരണങ്ങൾ
All information and samples obtained for this study will be assigned a code number. No names or important numbers like hospital medical record number or any identity number will be kept on samples to link them easily to you.,"ഈ പഠനത്തിൽ ലഭിച്ച എല്ലാ വിവരങ്ങൾക്കും, സാമ്പിളുകൾക്കും ഒരു കോഡ് നമ്പർ നൽകപ്പെടും .നിങ്ങളെ എളുപ്പത്തിൽ തിരിച്ചറിയുവാൻ കഴിയുന്ന പേര്, പ്രധാനപ്പെട്ട നമ്പറുകൾ, മെഡിക്കൽ റെക്കോർഡ് നമ്പറുകൾ അല്ലെങ്കിൽ ഐഡന്റിറ്റി നമ്പറുകൾ തുടങ്ങിയവ സാമ്പിളുകൾക്ക് നൽകില്ല ."
Purpose of the Research,ഗവേഷണത്തിന്റെ ഉദ്ദേശ്യം
"As a donor you may be re-contacted in future, if needed.",ആവശ്യമെങ്കിൽ ഒരു ദാതാവെന്ന നിലയിൽ നിങ്ങളെ ഭാവിയിൽ വീണ്ടും ബന്ധപ്പെട്ടേക്കാം.
"If you agree, please initial in the boxes below.","നിങ്ങൾ അംഗീകരിക്കുന്നുവെങ്കിൽ, ദയവായി താഴെയുള്ള ബോക്സുകളിൽ ആരംഭിക്കുക."
This scale must not be used in any way to cause harm to an individual's professional career.,ഒരു വ്യക്തിയുടെ പ്രൊഫഷണൽ കരിയറിന് ദോഷം വരുത്തുന്നതിന് ഈ സ്കെയിൽ ഒരു തരത്തിലും ഉപയോഗിക്കരുത്.
The records of your involvement with this study will be kept confidential. All records will be kept in a private database that can only be accessed by the principal investigator. Any report that the researcher publishes will not include any information that will make it possible for the reader to identify.,"ഈ പഠനവുമായുള്ള നിങ്ങളുടെ പങ്കാളിത്തത്തിന്‍റെ രേഖകൾ രഹസ്യമായി സൂക്ഷിക്കും. എല്ലാ രേഖകളും ഒരു സ്വകാര്യ ഡാറ്റാബേസിൽ സൂക്ഷിക്കും, അത് മുഖ്യ അന്വേഷകന് മാത്രമേ ഉപയോഗിക്കാൻ കഴിയുകയുള്ളൂ . ഗവേഷകൻ പ്രസിദ്ധീകരിക്കുന്ന ഏത് റിപ്പോർട്ടിലും വായനക്കാരന് നിങ്ങളെ തിരിച്ചറിയാൻ കഴിയുന്ന വിവരങ്ങളൊന്നും ഉൾപ്പെടില്ല."
Signature of Investigator or authorized study person explaining consent,സമ്മതം വിശദീകരിക്കുന്ന അന്വേഷകന്റെയോ അംഗീകൃത പഠന വ്യക്തിയുടെയോ ഒപ്പ്
◦ Reprogrammed into iPSC lines or incorporated into other cells/cellular material,◦ iPSC ലൈനുകളില്‍ റീപ്രോഗ്രാം ചെയ്‌തിരിക്കുന്നു അല്ലെങ്കിൽ മറ്റ് സെല്ലുകളിൽ/സെല്ലുലാർ മെറ്റീരിയലിലേക്ക് സംയോജിപ്പിച്ചിരിക്കുന്നു
- Patients with various blood disorders,- രക്തസംബന്ധമായ വിവിധ രോഗമുള്ളവർ
◦ donate 30 ml of blood from a vein in your arm.,◦ നിങ്ങളുടെ കൈയിലെ വെയിനിൽ നിന്ന് 30 മില്ലി രക്തം ദാനം ചെയ്യുക.
I do not expect anything bad happening to you because of the medicines that we use in this study because they are regularly used in all patients coming for surgeries including children.,കുട്ടികൾ ഉൾപ്പെടെ ശസ്ത്രക്രിയകൾക്കായി വരുന്ന എല്ലാ രോഗികളിലും ഈ മരുന്നുകള്‍ പതിവായി ഉപയോഗിക്കുന്നതിനാൽ ഈ പഠനത്തിൽ ഞങ്ങൾ ഉപയോഗിക്കുന്ന മരുന്നുകൾ കാരണം നിങ്ങൾക്ക് എന്തെങ്കിലും ദോഷം സംഭവിക്കുമെന്ന് ഞാൻ പ്രതീക്ഷിക്കുന്നില്ല.
Name & Address of the Witness: ___________________________,സാക്ഷിയുടെ പേരും വിലാസവും:
4. Employment status,4. തൊഴിൽ നില
16. Major change in financial state: 38,16. സാമ്പത്തിക സ്ഥിതിയിലെ പ്രധാന മാറ്റം: 38
32. Change in residence: 20,32. താമസസ്ഥലം മാറ്റം: 20
0. No weight loss.,0. ശരീരഭാരം കുറയുന്നില്ല.
(i) I confirm that I have read and understood the information sheet for the above study and have had the opportunity to ask questions.,(i) മേൽപ്പറഞ്ഞ പഠനത്തിനായുള്ള ഇൻഫർമേഷൻ ഷീറ്റ് ഞാൻ വായിക്കുകയും മനസ്സിലാക്കുകയും ചെയ്തുവെന്നും ചോദ്യങ്ങൾ ചോദിക്കാൻ അവസരം ലഭിച്ചുവെന്നും ഞാൻ സ്ഥിരീകരിക്കുന്നു.
PATIENT INFORMATION,രോഗിയെ സംബന്ധിച്ച വിവരങ്ങള്‍
Independent Witness Statement,സ്വതന്ത്ര സാക്ഷി മൊഴി
6. No. of years of ethanol consumption,6. എഥനോൾ ഉപഭോഗത്തിന്റെ വർഷങ്ങളുടെ എണ്ണം
Patients/ caregiver,രോഗികൾ / പരിചരണം നൽകുന്നവർ
10. I drink when I’m sad.,10. സങ്കടം തോന്നുമ്പോള്‍ ഞാൻ കുടിക്കുന്നു.
Agree strongly - (5) (5) (5) (5) (5) (5) (5) (5) (5) (5),ശക്തമായി യോജിക്കുന്നു - (5) (5) (5) (5) (5) (5) (5) (5) (5) (5)
2. Difficulty eating without staff urging. Requests or requires laxatives or medication for bowels or medication for gastro-intestinal symptoms.,2. ജീവനക്കാരുടെ നിർബന്ധമില്ലാതെ ഭക്ഷണം കഴിക്കാനുള്ള ബുദ്ധിമുട്ട്. അഭ്യർത്ഥിക്കുന്നു അല്ലെങ്കിൽ കുടലിനുള്ള ലാക്‌സറ്റീവുകൾ അല്ലെങ്കിൽ മരുന്നുകൾ അല്ലെങ്കിൽ ഗ്യാസ്ട്രോ-ഇന്റസ്റ്റൈനൽ ലക്ഷണങ്ങൾക്കുള്ള മരുന്ന്.
patient information sheet for pediatrics,ശിശുരോഗ വിഭാഗത്തിലുള്ള രോഗിയുടെ വിവര ഷീറ്റ്
[Donor consent statement],[ദാതാവിന്റെ അനുമതി നല്‍കുന്ന പ്രസ്താവന]
30. Trouble with boss: 23,30. ബോസുമായുള്ള പ്രശ്‌നം: 23
Our aim is to,ഞങ്ങളുടെ ലക്ഷ്യം
Some important information about donation that you should know,"നിങ്ങൾ അറിഞ്ഞിരിക്കേണ്ട, രക്തദാനത്തെ സംബന്ധിച്ച ചില സുപ്രധാന വിവരങ്ങൾ"
You are being requested for your child’s participation in this study to find the effectiveness of cartilage cells from child’s own pelvis bone for the treatment of defect in the growing part (growth plate) of the limb bone.,അവയവ അസ്ഥിയുടെ വളരുന്ന ഭാഗത്തെ (ഗ്രോത്ത് പ്ലേറ്റ്) തകരാറുകൾ പരിഹരിക്കുന്നതിനായി കുട്ടിയുടെ സ്വന്തം പെൽവിസ് അസ്ഥിയിൽ നിന്ന് തരുണാസ്ഥി കോശങ്ങളുടെ ഫലപ്രാപ്തി കണ്ടെത്തുന്നതിന് ഈ പഠനത്തിൽ നിങ്ങളുടെ കുട്ടിയുടെ പങ്കാളിത്തത്തിനായി നിങ്ങളോട് അഭ്യർത്ഥിക്കുന്നു.
impartial witness statement,നിഷ്പക്ഷ സാക്ഷി മൊഴി
I give my permission/assent to participate in the medical portal (optional):,മെഡിക്കൽ പോർട്ടലിൽ പങ്കെടുക്കാൻ ഞാൻ എന്റെ അനുമതി/സമ്മതം നൽകുന്നു (ഓപ്ഷണൽ):
"During the recording, you can ask your doctor all the questions you feel the need to ask about the study, if there are aspects that are not clear to you.","റെക്കോർഡിംഗ് സമയത്ത്, നിങ്ങൾക്ക് വ്യക്തമല്ലാത്ത വശങ്ങളുണ്ടെങ്കിൽ, പഠനത്തെക്കുറിച്ച് ചോദിക്കേണ്ട ആവശ്യമുണ്ടെന്ന് തോന്നുന്ന എല്ലാ ചോദ്യങ്ങളും നിങ്ങൾക്ക് ഡോക്ടറോട് ചോദിക്കാൻ കഴിയും."
﻿INFORMED CONSENT,ഇൻഫോംഡ് കൺസെന്റ്
You will receive a copy of this form for your records.,നിങ്ങള്‍ക്ക് രേഖയായി സൂക്ഷിക്കുന്നതിന് ഈ ഫോമിന്റെ ഒരു പകർപ്പ് നിങ്ങൾക്ക് ലഭിക്കും.
Date: _____/_____/_______,തീയതി://
The association of anti-interferon-γ antibodies and IL-12 levels among immuno-competent patients with disseminated opportunistic infections,അവസരവാദ അണുബാധയുള്ള രോഗപ്രതിരോധ ശേഷിയുള്ള രോഗികളിൽ ആന്റി-ഇന്റർഫെറോൺ-വൈ ആന്റിബോഡികളുടെയും IL-12 ലെവലിന്റെയും ബന്ധം
- The study will gain the nursing personnel a better insight regarding the quality of life of patients with ethanol related liver disease and will help the nursing personnel to implement various strategies focusing on specific domains that will improve the quality of life of patients.,- പഠനം നഴ്സിംഗ് ഉദ്യോഗസ്ഥർക്ക് എഥനോൾ സംബന്ധമായ കരൾ രോഗമുള്ളവരുടെ ജീവിതനിലവാരം സംബന്ധിച്ച് മികച്ച ഉൾക്കാഴ്ച നല്‍കുകയും രോഗികളുടെ ജീവിതനിലവാരം ഉയർത്തുന്നതിന് നിർദ്ദിഷ്ട മേഖലകളെ കേന്ദ്രീകരിച്ച് വിവിധ തന്ത്രങ്ങൾ നടപ്പിലാക്കാൻ നഴ്‌സിംഗ് ഉദ്യോഗസ്ഥരെ സഹായിക്കുകയും ചെയ്യും.
"This study involves an interventional approach, randomly dividing eligible participants into two groups. One group will receive a preprocedural video demonstration about epidural analgesia before their procedure, while the other group will not receive the video. We will then assess the level of patient satisfaction, anxiety, and perceived efficacy in both groups using validated questionnaires and interviews.","ഈ പഠനത്തിൽ ഒരു ഇടപെടൽ സമീപനം ഉൾപ്പെടുന്നു, യോഗ്യരായ ആളുകളെ രണ്ട് ഗ്രൂപ്പുകളായി വിഭജിക്കുന്നു. ഒരു ഗ്രൂപ്പിന് അവരുടെ നടപടിക്രമത്തിന് മുമ്പ് എപ്പിഡ്യൂറൽ അനസ്‌തേഷ്യയെക്കുറിച്ചുള്ള ഒരു പ്രീപ്രൊസീജറൽ വീഡിയോ ഡെമോൺസ്‌ട്രേഷൻ കൊടുക്കും, അതേസമയം മറ്റൊരു ഗ്രൂപ്പിന് വീഡിയോ ലഭിക്കില്ല. സാധുതയുള്ള ചോദ്യാവലികളും അഭിമുഖങ്ങളും ഉപയോഗിച്ച് രണ്ട് ഗ്രൂപ്പുകളിലെയും രോഗിയുടെ സംതൃപ്തി, ഉത്കണ്ഠ, തിരിച്ചറിഞ്ഞ ഫലപ്രാപ്തി എന്നിവയുടെ നിലവാരം ഞങ്ങൾ പിന്നീട് വിലയിരുത്തും."
5. Kindly avoid bringing kids to the ward for IP patients.,5. ഐപി രോഗികൾക്കുള്ള വാർഡിലേക്ക് കുട്ടികളെ കൊണ്ടുവരുന്നത് ദയവായി ഒഴിവാക്കുക.
6. I am aware about the possible harms of participating in the study ⎕,6. പഠനത്തിൽ‌ പങ്കെടുക്കുന്നതിലൂടെ സംഭവിക്കാന്‍ സാധ്യതയുള്ള അപകടങ്ങളെപ്പറ്റി ഞാന്‍ ബോധവാനാണ്.
9. Kindly scan all the documents marked by your doctor in room 15/MRO counter before admission.,9. അഡ്മിഷന് മുമ്പ് മുറി 15/MRO കൗണ്ടറിൽ നിങ്ങളുടെ ഡോക്ടർ അടയാളപ്പെടുത്തിയ എല്ലാ രേഖകളും ദയവായി സ്കാൻ ചെയ്യുക.
0. Absent.,0. ശ്രദ്ധയില്ലായ്മ.
Study number-,പഠന നമ്പർ-
Name & Address of the Witness:,സാക്ഷിയുടെ പേരും മേൽവിലാസവും:
"If you decide to participate as a donor, you are free to withdraw your consent without effect to you or effect on your medical care.","ദാതാവെന്ന നിലയിൽ പങ്കെടുക്കാൻ നിങ്ങൾ തീരുമാനിക്കുകയാണെങ്കിൽ, നിങ്ങൾക്ക് എപ്പോൾ വേണമെങ്കിലും നിങ്ങളുടെ അനുമതി പിൻവലിക്കാനുള്ള സ്വാതന്ത്ര്യമുണ്ട് . അതൊരിക്കലും നിങ്ങളെയോ നിങ്ങളുടെ ആരോഗ്യപരിചരണത്തെയോ ബാധിക്കയില്ല"
ii) I understand that the extent of this audio-video recording is limited to discussion of contents of Informed Consent Form for Study CSCRGMPACT2.,"ii) ഈ ഓഡിയോ വീഡിയോ റെക്കോർഡിങ് ന്റെ വ്യാപ്‌തി, സമ്മതപത്രത്തിൽ പറഞ്ഞിരിക്കുന്ന ചർച്ചകളിലേക്ക് മാത്രമായി പരിമിതപ്പെടുത്തിയിട്ടുണ്ടെന്ന് ഞാൻ മനസ്സിലാക്കുന്നു . പഠനം CSCRGMPACT2."
Website:,വെബ്സൈറ്റ്:
What are the risks and discomforts during the study?,പഠന സമയത്ത് ഉണ്ടാകുന്ന അപകടങ്ങളും അസ്വസ്ഥതകളും എന്തൊക്കെയാണ്?
Can I withdraw from this study at any time during the study period?,പഠന കാലയളവിൽ എപ്പോൾ വേണമെങ്കിലും എനിക്ക് ഈ പഠനത്തിൽ നിന്ന് പിന്മാറാൻ കഴിയുമോ?
Will I be paid for taking part in this study?,ഈ പഠനത്തിൽ സഹകരിക്കുന്നതിന് എനിക്ക് പ്രതിഫലം ലഭിക്കുമോ?
(ASTEROIDS) Trial,(ആസ്റ്റിറോയിഡുകൾ) ട്രയൽ
"You may be eligible to take part as a donor for this study. This consent form gives you important information about this project. It describes the purpose of this study, the risks and possible benefits of participating.","ഈ പഠനത്തിനു വേണ്ടി, ഒരു ദാതാവായി നിങ്ങൾ പങ്കെടുക്കാൻ യോഗ്യരായിരിക്കാം. ഈ സമ്മതപത്രം, ഈ പ്രോജക്റ്റ് സംബന്ധിച്ച പ്രധാനപ്പെട്ട വിവരങ്ങൾ നിങ്ങൾക്ക് നൽകുന്നു. ഈ പഠനത്തിന്റെ ലക്ഷ്യം, അപകടസാധ്യതകൾ, പങ്കെടുക്കുന്നതിന്റെ നേട്ടങ്ങൾ എന്നിവ വിശദീകരിക്കുന്നു."
• Auditory Evaluation,• ഓഡിറ്ററി മൂല്യനിർണ്ണയം
You will have no extra cost for participating in this study. There also will not be any reimbursement for participating in this study.,ഈ പഠനത്തിൽ പങ്കെടുക്കുന്നത് മൂലം നിങ്ങൾക്ക് അധികച്ചെലവ് ഉണ്ടാകില്ല. കൂടാതെ ഈ പഠനത്തിൽ പങ്കെടുക്കുന്നതിന് പ്രതിഫലമൊന്നും ലഭിക്കുന്നതല്ല.
Relationship of Parent or Legally Acceptable Representative to subject ___,"രക്ഷാകർത്താവിന്റെയോ അല്ലെങ്കിൽ നിയമപരമായി പ്രതിനിധീകരിക്കുന്ന ആളുടെയോ, ഗവേഷണത്തിന് വിധേയനാകുന്ന ആളുമായുള്ള ബന്ധം________"
"The participation in the study will be strictly confidential and shall be known only to the investigators. The results of the study will be published in a medical journal, but you will not be identified by name in any publication or presentation of results.","പഠനത്തിലെ പങ്കാളിത്തം കർശനമായി രഹസ്യാത്മകത പാലിക്കും അന്വേഷകർക്ക് മാത്രമേ ഇതേക്കുറിച്ച് അറിവുണ്ടാകൂ. പഠന ഫലങ്ങൾ ഒരു മെഡിക്കൽ ജേണലിൽ പ്രസിദ്ധീകരിക്കും, പക്ഷേ ഏതെങ്കിലും പ്രസിദ്ധീകരണത്തിലോ ഫലങ്ങളുടെ അവതരണത്തിലോ നിങ്ങളെ പേര് ഉപയോഗിച്ച് തിരിച്ചറിയാൻ കഴിയില്ല."
What did we do?,ഞങ്ങൾ എന്താണ് ചെയ്തത്?
GLP‐1RA medicines compared to placebo:,പ്ലാസിബോയുമായി താരതമ്യപ്പെടുത്തുമ്പോൾ GLP-1RA മരുന്നുകൾ:
Consultant:,കൺസൾട്ടന്റ്:
"If you agree/permit(your child) to participate in this study, you will need to give consent to us to obtain the present details of your/your child’s condition and an extra blood sample.","ഈ പഠനത്തിൽ പങ്കെടുക്കാൻ നിങ്ങൾ സമ്മതിക്കുക / അനുവദിക്കുകയാണെങ്കിൽ, നിങ്ങളുടെ / നിങ്ങളുടെ കുട്ടിയുടെ അവസ്ഥയുടെ നിലവിലുള്ള വിശദാംശങ്ങളും ഒരു അധിക രക്ത സാമ്പിളും ലഭിക്കുന്നതിന് നിങ്ങൾ ഞങ്ങൾക്ക് സമ്മതം നൽകേണ്ടതുണ്ട്."
where blood is drawn. We will also do throat swabs which are a part of routine testing and might cause mild discomfort and gagging during the test. The other tests done also will have a minimal risk. As there is no intervention involved no compensation will be offered.,പതിവ് പരിശോധനനകളുടെ ഭാഗമായി ഞങ്ങൾ തൊണ്ടയിൽ സ്വാബ് ഉപയോഗിച്ചുള്ള ടെസ്റ്റുകൾ ചെയ്യും . അത് ചിലപ്പോൾ ചെറിയ അസ്വസ്ഥതക്കും ഓക്കാനത്തിനും കാരണമായേക്കാം. ബാക്കിയുള്ള ടെസ്റ്റുകൾക്കും ചെറിയ അപകടസാദ്ധ്യതയെ ഉള്ളൂ . കാര്യമായ ഇടപെടലുകൾ ആവശ്യമില്ലാത്തതിനാൽ നഷ്ടപരിഹാരം വാഗ്ദാനം ചെയ്യുന്നില്ല .
"There may be NO direct benefit to you from taking part in this study. However, this project will help in establishing the methods for gene therapy for patients with Hhaemophilia- A in the future.","ഈ പഠനത്തിൽ പങ്കെടുക്കുന്നതിൽ നിന്ന് നിങ്ങൾക്ക് നേരിട്ടുള്ള ആനുകൂല്യമുണ്ടായിരിക്കില്ല. എന്നിരുന്നാലും, ഭാവിയിൽ ഹീമോഫീലിയ രോഗികൾക്ക് ജനിതക ചികിത്സക്കുള്ള മാർഗ്ഗങ്ങൾ സ്ഥാപിക്കുന്നതിൽ ഈ പദ്ധതി സഹായിക്കും."
Study Investigator’s Name:,പഠന ഗവേഷകന്റെ പേര്:
What is the function of the various components?,വിവിധ ഘടകങ്ങളുടെ പ്രവർത്തനം എന്താണ്?
Consent form for video recording,വീഡിയോ റെക്കോർഡിംഗിനായുള്ള സമ്മത പത്രം.
What should you do after donating blood?,രക്തം ദാനം ചെയ്ത ശേഷം നിങ്ങൾ എന്തു ചെയ്യണം?
﻿Patient Information Sheet for admissions,പ്രവേശനത്തിനുള്ള രോഗിയുടെ ഇൻഫർമേഷൻ ഷീറ്റ്
What will happen if I develop any side effects due to the study drug?,പഠന മരുന്ന് കാരണം എനിക്ക് എന്തെങ്കിലും പാർശ്വഫലങ്ങൾ ഉണ്ടായാൽ എന്ത് സംഭവിക്കും?
The participation to this study is proposed to patients with primary retroperitoneal sarcoma amenable of surgical resection.,"ഈ പഠനം, പരീക്ഷണവിധേയമായി ശസ്ത്രക്രിയ വഴി അവയവങ്ങളിലെ കോശങ്ങൾ നീക്കം ചെയ്ത പ്രാഥമിക റെട്രോപെരിസമീൽ സാർക്കോമ രോഗികളെ ഉദ്ദേശിച്ചുള്ളതാണ്."
PART 2:,ഭാഗം 2:
Right to Refuse/Withdraw: Can you withdraw from this study after it starts?,നിരസിക്കാനുള്ള / പിൻവലിക്കാനുള്ള അവകാശം: ഈ പഠനം ആരംഭിച്ചതിനുശേഷം നിങ്ങൾക്ക് അതിൽ നിന്ന് പിന്മാറാമോ?
Scoring,സ്കോറിംഗ്
"If you have any questions or concerns, Please feel free to contact,","നിങ്ങൾക്ക് എന്തെങ്കിലും ചോദ്യങ്ങളോ ആശങ്കകളോ ഉണ്ടെങ്കിൽ, ദയവായി ബന്ധപ്പെടാൻ മടിക്കേണ്ടതില്ല,"
Can you withdraw from this study after it starts?,ഈ പഠനം ആരംഭിച്ചതിനുശേഷം നിങ്ങൾക്ക് അതിൽ നിന്ന് പിന്മാറാൻ കഴിയുമോ?
"If you agree to participate in this study, you will be allotted a specific study number. The name and other personal details of the study participants will be available only with the primary investigator, kept securely. The results of this study will be published in a medical journal but you will not be identified by name in any publication or presentation of results. However, your medical notes may be reviewed by people associated with the study.","ഈ പഠനത്തിൽ പങ്കെടുക്കാൻ നിങ്ങൾ സമ്മതിക്കുകയാണെങ്കിൽ, നിങ്ങൾക്ക് ഒരു നിർദ്ദിഷ്ട പഠന നമ്പർ അനുവദിക്കും. പഠനത്തിൽ പങ്കെടുക്കുന്നവരുടെ പേരും മറ്റ് വ്യക്തിഗത വിവരങ്ങളും പ്രാഥമിക അന്വേഷകന് മാത്രമേ ലഭ്യമായിരിക്കുകയുള്ളൂ. ഈ പഠനത്തിന്റെ ഫലങ്ങൾ ഒരു മെഡിക്കൽ ജേണലിൽ പ്രസിദ്ധീകരിക്കും, പക്ഷേ ഏതെങ്കിലും പ്രസിദ്ധീകരണത്തിലോ ഫലങ്ങളുടെ അവതരണത്തിലോ നിങ്ങളുടെ പേര് തിരിച്ചറിയാൻ കഴിയില്ല. എന്നിരുന്നാലും, നിങ്ങളുടെ മെഡിക്കൽ കുറിപ്പുകൾ പഠനവുമായി ബന്ധപ്പെട്ട ആളുകൾ അവലോകനം ചെയ്തേക്കാം."
11. Will my personal details be kept confidential?,11. എന്റെ സ്വകാര്യ വിവരങ്ങൾ രഹസ്യമായി സൂക്ഷിക്കുമോ?
Signatory’s Name:,ഒപ്പിട്ടയാളുടെ പേര്:
1. Probable weight loss associated with present illness.,1. നിലവിലെ രോഗവുമായി ബന്ധപ്പെട്ട ശരീരഭാരം കുറയാൻ സാധ്യതയുണ്ട്.
(v) I agree to take part in the above study. [ ],(v) മേൽപ്പറഞ്ഞ പഠനത്തിൽ പങ്കെടുക്കുന്നതിന് ഞാൻ സമ്മതിക്കുന്നു. [ ]
Introduction:,ആമുഖം:
"Mobilization refers to the process of increasing the number of stem cells available in the blood. Mobilization always involves medications called growth factors. Growth factors stimulate the bone marrow to produce extra stem cells that spill into the circulating blood. Once the stem cells are in the bloodstream, we will begin the process of collection.","രക്തത്തിൽ ലഭ്യമായ സ്റ്റെം സെല്ലുകളുടെ എണ്ണം വർദ്ധിപ്പിക്കുന്ന പ്രക്രിയയെ സമാഹരണം എന്നത് കൊണ്ട്സൂചിപ്പിക്കുന്നു. സമാഹരണത്തില്‍ എല്ലായ്പ്പോഴും വളർച്ചാ ഘടകങ്ങൾ എന്ന് വിളിക്കപ്പെടുന്ന മരുന്നുകൾ ഉൾപ്പെടുന്നു. വളർച്ചാ ഘടകങ്ങൾ അസ്ഥിമജ്ജയെ ഉത്തേജിപ്പിക്കുകയും രക്തചംക്രമണം ചെയ്യുന്ന അധിക സ്റ്റെം സെല്ലുകൾ ഉത്പാദിപ്പിക്കുകയും ചെയ്യുന്നു. സ്റ്റെം സെല്ലുകൾ രക്തപ്രവാഹത്തിൽ എത്തിക്കഴിഞ്ഞാൽ, ഞങ്ങൾ ശേഖരണ പ്രക്രിയ ആരംഭിക്കും."
Name of the witness:,സാക്ഷിയുടെ പേര്:
- Pregnant ladies,- ഗർഭിണികൾ
2. Preoccupation with health.,2. ആരോഗ്യത്തോടുള്ള ശ്രദ്ധ.
ii. History of medications,ii. മരുന്നുകളുടെ ചരിത്രം
Route map of this study,ഈ പഠനത്തിന്റെ റൂട്ട് മാപ്പ്
﻿FORMAT FOR INFORMED CONSENT FORM FOR SUBJECTS,പങ്കെടുക്കുന്നവർക്കുള്ള ഇൻഫോംഡ് കൺസെന്റ് ഫോമിനുള്ള ഫോർമാറ്റ്
NA – My child is not participating in the Patient Portal of the Registry,NA-രജിസ്ട്രിയുടെ പേഷ്യന്റ് പോർട്ടലിൽ എന്റെ കുട്ടി പങ്കെടുക്കുന്നില്ല
2. Presentation in medical conferences,2. മെഡിക്കൽ യോഗങ്ങളിലെ അവതരണം
(i) I confirm that I have read and understood the information sheet dated --/--/---- for the above study and have had the opportunity to ask questions. [ ],(i) മുകളില്‍ പറഞ്ഞിരിക്കുന്ന പഠനത്തെക്കുറിച്ചും അതിന്മേല്‍ ചോദ്യങ്ങള്‍ ഉന്നയിക്കുന്നതിനുള്ള അവസരത്തെക്കുറിച്ചും --/--/--- തീയതിയിലെ പത്രികയിലുള്ള വിവരങ്ങള്‍ ഞാന്‍ വായിക്കുകയും മനസ്സിലാക്കുകയും ചെയ്തിട്ടുണ്ടെന്ന് ഞാന്‍ ഉറപ്പുനല്‍കുന്നു.
2. What information will be collected and how will it be used?,"2. എന്ത് വിവരങ്ങൾ ശേഖരിക്കും, അത് എങ്ങനെ ഉപയോഗിക്കും?"
Confidentiality:,രഹസ്യാത്മകത:
Date of Birth / Age: ___________________________,ജനനത്തീയതി / പ്രായം:
"Your stored cells and the iPSC lines derived from them could be used in future studies, which are not foreseeable now. There are several possible research uses for tissues and cells donated for pluripotent stem cell research, including:","നിങ്ങളുടെ സംഭരിച്ച സെല്ലുകളും അവയിൽ നിന്ന് ഉരുത്തിരിഞ്ഞ iPSC ലൈനുകളും ഭാവിയിലെ പഠനങ്ങളിൽ ഉപയോഗിക്കാവുന്നതാണ്, അവ ഇപ്പോൾ പ്രവചിക്കാനാകുന്നില്ല. പ്ലൂറിപോട്ടന്റ് സ്റ്റെം സെൽ ഗവേഷണത്തിനായി സംഭാവന ചെയ്ത ടിഷ്യൂകൾക്കും കോശങ്ങൾക്കും വേണ്ടിയുള്ള നിരവധി റിസേര്‍ച്ച് ഉപയോഗങ്ങളുണ്ട്:"
PARTICIPANT INFORMATION SHEET- PREHABILITATION COHORT,പാർട്ടിസിപ്പന്റ് ഇൻഫർമേഷൻ ഷീറ്റ്-പ്രീഹാബിലിറ്റേഷൻ കോഹോർട്ട്
9. What are my rights and responsibilities as a donor?,9. ഒരു ഡോണർ എന്ന നിലയിൽ എന്റെ അവകാശങ്ങളും ഉത്തരവാദിത്തങ്ങളും എന്തൊക്കെയാണ്?
"The information and samples that we collect from this research project will be kept confidential. Your information will be coded to make it anonymous and kept confidential by all groups. Study documents will be kept in a locked cabinet and a password protected computer system. Only the researchers for this study, specific study sponsors and monitors will be able to see it.",ഈ ഗവേഷണ പ്രോജക്റ്റിൽ നിന്ന് ഞങ്ങൾ ശേഖരിക്കുന്ന വിവരങ്ങളും സാമ്പിളുകളും രഹസ്യമായി സൂക്ഷിക്കും. നിങ്ങളുടെ വിവരങ്ങൾ അജ്ഞാതമാക്കുന്നതിനും എല്ലാ ഗ്രൂപ്പുകളില്‍ നിന്നും രഹസ്യമായി സൂക്ഷിക്കുന്നതിനും കോഡ് ചെയ്യും. പഠന രേഖകൾ പൂട്ടിയ കാബിനറ്റിലും പാസ്‌വേഡ് പരിരക്ഷിത കമ്പ്യൂട്ടർ സിസ്റ്റത്തിലും സൂക്ഷിക്കും. ഈ പഠനത്തിനായുള്ള ഗവേഷകർക്കും നിർദ്ദിഷ്ട പഠന സ്പോൺസർമാർക്കും നിരീക്ഷകര്‍ക്കും മാത്രമേ ഇത് കാണാൻ കഴിയൂ.
Clinical outcomes of early transition to oral antibiotics in treatment of chronic bone and joint infections caused by multidrug resistant organisms,"മൾട്ടിഡ്രഗ് പ്രതിരോധശേഷിയുള്ള ജീവികൾ മൂലമുണ്ടാകുന്ന വിട്ടുമാറാത്ത അസ്ഥി, സന്ധി അണുബാധകളുടെ ചികിത്സയിൽ വായിലൂടെ നൽകുന്ന ആൻറിബയോട്ടിക്കുകളുടെ ആദ്യകാല പരിവർത്തനത്തിന്റെ ക്ലിനിക്കൽ ഫലങ്ങൾ"
If you are healthy and can donate blood become a regular voluntary blood donor.,"നിങ്ങൾ ആരോഗ്യവാനും, രക്തദാനം ചെയ്യാൻ കഴിയുന്ന ആളുമാണെങ്കിൽ സ്ഥിരമായി സ്വമേധയാ രക്തദാനം ചെയ്യുന്ന ഒരു വ്യക്തിയാവുക ."
"I have discussed to my satisfaction with the study coordinator and/or responsible physician(s) at this institution,",ഞാന്‍ എന്‍റെ സംതൃപ്തിയെ കുറിച്ച് ഈ സ്ഥാപനത്തിന്റെ പഠന കോ-ഓര്‍ഡിനേറ്റര്‍ അല്ലെങ്കില്‍ ഉത്തരവാദിത്വപ്പെട്ട ഡോക്ടറുമായി ചര്‍ച്ച നടത്തി.
Name............,പേര് ............
DEPT. OF TRANSFUSION MEDICINE,ട്രാൻസ്ഫ്യൂഷൻ മെഡിസിൻ വകുപ്പ്
"1. Heaviness in limbs, back or head. Backaches, headaches, muscle aches. Loss of energy and fatigability.","1. കൈകാലുകളിലോ പുറകിലോ തലയിലോ ഭാരം. നടുവേദന, തലവേദന, പേശി വേദന. ഊർജ്ജ നഷ്ടവും ക്ഷീണവും."
Introduction and aim of study:,പഠനത്തിന്റെ ആമുഖവും ലക്ഷ്യവും:
1.0. Introduction,1.0 ആമുഖം
Male,ആൺ
Study Investigator’s Name: _________________________,പഠന ഗവേഷകന്റെ പേര്: _________________________
Provided to researchers for testing the efficacy of gene editing constructs.,ജീൻ എഡിറ്റിംഗ് നിർമാണങ്ങളുടെ ഫലപ്രാപ്തിയെ പരിശോധിക്കുന്നതിനുള്ള ഗവേഷകർക്ക് നൽകുന്നു .
2. Marital status,2. വൈവാഹിക നില
Legal Representative or Tutor (if appropriate),നിയമാനുസൃത പ്രതിനിധി അല്ലെങ്കിൽ ട്യൂട്ടര്‍ (ഉചിതമെങ്കിൽ)
Unintetional weight loss,മനപൂർവ്വമല്ലാതെ ശരീരഭാരത്തില്‍ വരുന്ന കുറവ്
What are the risks involved?,എന്താണ് അപകടസാധ്യതകൾ?
Date and time:______,തീയതിയും സമയവും:______
4. Is there any harm to me because of this?,4. ഇതുമൂലം എനിക്ക് എന്തെങ്കിലും ദോഷം ഉണ്ടാകുമോ?
If you do all that,നിങ്ങൾ ഇതെല്ലാം ചെയ്താൽ
"14) GENITAL SYMPTOMS (symptoms such as loss of libido, menstrual disturbances)","14) ജനനേന്ദ്രിയ ലക്ഷണങ്ങൾ (ലിബിഡോ നഷ്ടപ്പെടൽ, ആർത്തവ ക്രമക്കേടുകൾ തുടങ്ങിയ ലക്ഷണങ്ങൾ)"
A randomized adaptive dose-finding clinical trial to determine the optimal initial dose and safety of lyophilized Indian poly-specific antivenom for the treatment of Snakebite with hemotoxic envenoming,"പാമ്പുകടിയേറ്റ് വിഷം രക്തത്തിൽ കലർന്ന അവസ്ഥയിൽ ; ചികിത്സിക്കുന്നതിനായി ലയോഫിലൈസ്ഡ് ഇന്ത്യൻ പോളി-സ്പെസിഫിക് ആന്റിവെനോമിന്റെ ഒപ്റ്റിമൽ പ്രാരംഭ ഡോസും സുരക്ഷയും നിർണ്ണയിക്കാൻ വേണ്ടിയുള്ള , ക്രമരഹിതവും അനുയോജ്യവുമായ ക്ലിനിക്കൽ ട്രയൽ"
Cough,ചുമ
Possible benefits of the study:,പഠനത്തിലൂടെ സാധ്യമായേക്കാവുന്ന നേട്ടങ്ങൾ:
Signature of the Participant (Put your signature in the line): _______________,പഠനത്തില്‍ പങ്കെടുക്കുന്നയാളുടെ ഒപ്പ് (നിങ്ങളുടെ ഒപ്പ് വരിയിൽ ഇടുക): _______________
"On giving consent to the study, you agree to share the following information with us and allow us to take the required samples during your child’s stay in the hospital","പഠനത്തിന് അനുമതി നൽകുമ്പോൾ, ഇനിപ്പറയുന്ന വിവരങ്ങൾ ഞങ്ങളുമായി പങ്കിടാൻ നിങ്ങൾ സമ്മതിക്കുകയും നിങ്ങളുടെ കുട്ടി ആശുപത്രിയിൽ കഴിയുമ്പോൾ ആവശ്യമായ സാമ്പിളുകൾ എടുക്കാൻ ഞങ്ങളെ അനുവദിക്കുകയും ചെയ്യുന്നു."
Evaluating Dry Eye Caused By Topical Antiglaucoma Drugs,ടോപ്പിക്കൽ ആന്റിഗ്ലോക്കോമ മരുന്നുകൾ മൂലമുണ്ടാകുന്ന ഡ്രൈ ഐ വിലയിരുത്തൽ
Date: ..............,തീയതി: ..............
What are the benefits to me for taking part in the study?,പഠനത്തിൽ പങ്കെടുക്കുന്നതിലൂടെ എനിക്ക് ലഭിക്കുന്ന നേട്ടങ്ങൾ എന്തൊക്കെയാണ്?
9. Reconciliation with spouse: 45,9. ഇണയുമായുള്ള അനുരഞ്ജനം: 45
"However, If the study outcome confirms the clinical utility, then serum citrullinated H3 levels(new blood test) can be used as an early predictor of complications in sepsis. This can help in use of antibiotics and management of severe infection in children.","എന്നിരുന്നാലും, പഠന ഫലം ക്ലിനിക്കൽ യൂട്ടിലിറ്റി സ്ഥിരീകരിക്കുന്നുവെങ്കിൽ, സെറസിസിലെ സങ്കീർണതകളുടെ ആദ്യകാല പ്രവചനമായി സെറം സിട്രുള്ളിനേറ്റഡ് എച്ച് 3 ലെവലുകൾ (പുതിയ രക്തപരിശോധന) ഉപയോഗിക്കാം. ആൻറിബയോട്ടിക്കുകൾ ഉപയോഗിക്കുന്നതിനും കുട്ടികളിൽ കടുത്ത അണുബാധ നിയന്ത്രിക്കുന്നതിനും ഇത് സഹായിക്കും."
﻿INFORMED CONSENT,ഇൻഫോംഡ് കൺസേനന്റ്
</Informed Sheet-Peed>,</Informed Sheet-Peed>
How does the study work?,പഠനത്തിന്റെ പ്രവര്‍ത്തന രീതി എങ്ങിനെയാണ്‌?
"If you take part, what will you have to do?","നിങ്ങൾ പങ്കെടുക്കുകയാണെങ്കിൽ, നിങ്ങൾ എന്തുചെയ്യണം?"
...I would feel the same way,... എനിക്കും അങ്ങനെ തന്നെ തോന്നും
3. Will you have to pay for the study?,3. പഠനത്തിന് പണം നൽകേണ്ടതുണ്ടോ?
(Subject),(സബ്ജെക്റ്റ്)
6. Is it okay if I do not participate in the study?,6. ഞാൻ പഠനത്തിൽ പങ്കെടുത്തില്ലെങ്കിൽ കുഴപ്പമുണ്ടോ?
(v) I agree to take part in the above study.,(v) മുകളിലുള്ള പറഞ്ഞ പഠനത്തിൽ പങ്കെടുക്കാൻ ഞാൻ സമ്മതിക്കുന്നു.
Study procedures to be followed:,പാലിക്കേണ്ട പഠന നടപടിക്രമങ്ങൾ:
8. Being Fired from work: 47,8. ജോലിയിൽ നിന്ന് പിരിച്ചുവിടൽ: 47
13. Who can be contacted in case of dissatisfaction or event of injury or any other complaints regarding participation in the study?,13. പഠനത്തിൽ പങ്കെടുക്കുന്നതുമായി ബന്ധപ്പെട്ടുള്ള അസംതൃപ്തിയോ പരിക്കേറ്റ സംഭവമോ അല്ലെങ്കിൽ മറ്റേതെങ്കിലും പരാതികളോ ഉണ്ടെങ്കില്‍ ആരുമായാണ് ബന്ധപ്പെടേണ്ടത്?
Urban,നഗര
What is blood made up of?,രക്തം എന്തുകൊണ്ടാണ് ഉണ്ടാക്കിയിരിക്കുന്നത്?
"We will do our best to keep your personal information private and confidential. However, your personal information may be disclosed if required by law.","സ്വകാര്യ വിവരങ്ങൾ സ്വകാര്യവും രഹസ്യാത്മകവുമായി നിലനിർത്താൻ ഞങ്ങൾ പരമാവധി ശ്രമിക്കും. എന്നിരുന്നാലും, നിയമപ്രകാരം ആവശ്യമെങ്കിൽ നിങ്ങളുടെ വ്യക്തിപരമായ വിവരങ്ങൾ വെളിപ്പെടുത്തിയേക്കാം."
If your total is 150-300:,നിങ്ങളുടെ ആകെ തുക 150-300 ആണെങ്കിൽ:
Degree,ഡിഗ്രി
- Cancer patients,- കാൻസർ രോഗികൾ
Age:,പ്രായം:
2. Signature of the Investigator Obtaining the Consent.,2. സമ്മതം കരസ്ഥമാക്കുന്ന അന്വേഷകന്റെ ഒപ്പ്.
If I take part in this study what will I have to do?,ഞാൻ ഈ പഠനത്തിൽ പങ്കെടുക്കുകയാണെങ്കിൽ ഞാൻ എന്താണ് ചെയ്യേണ്ടത്?
Follow up,തുടര്‍നടപടി
Daytime Telephone:,പകൽ സമയത്ത് ലഭ്യമായ ടെലിഫോൺ:
Contact phone number……………………………………………….,ബന്ധപ്പെടേണ്ട ഫോൺ നമ്പർ………………………………………….
"(ii) I understand that my participation in the study is voluntary, without any force or influence and that I am free to withdraw at anytime, without giving any reason, without my medical care or legal rights being affected. [ ]","(ii) പഠനത്തിൽ എൻ്റെ പങ്കാളിത്തം സ്വമേധയാ ഉള്ളതാണെന്നും, യാതൊരു ബലമോ സ്വാധീനമോ ഇല്ലാതെ, എപ്പോൾ വേണമെങ്കിലും, ഒരു കാരണവും പറയാതെ, എൻ്റെ വൈദ്യസഹായമോ നിയമപരമായ അവകാശങ്ങളോ ബാധിക്കാതെ തന്നെ പിൻവലിക്കാൻ എനിക്ക് സ്വാതന്ത്ര്യമുണ്ടെന്നും ഞാൻ മനസ്സിലാക്കുന്നു. [ ]"
24. Trouble with in-laws: 29,"24. അമ്മായിയമ്മ, അമ്മായിയച്ഛൻ എന്നിവരുമായുള്ള പ്രശ്‌നം: 29"
2. By using hand sanitizer and letting it dry on your hands.,2. ഹാൻഡ് സാനിറ്റൈസർ ഉപയോഗിച്ച് നിങ്ങളുടെ കൈകള്‍ വരണ്ടതാക്കുക .
"Thank you,","നന്ദി,"
Signature (or Thumb impression) of the Subject/Legally Acceptable,രോഗിയുടെ/നിയമപരമായി സ്വീകാര്യമായ വ്യക്തിയുടെ ഒപ്പ് (അല്ലെങ്കിൽ വിരലടയാളം).
"On evaluation of your own HLA, it has been found that you have matching HLA alleles at each of the loci tested – in other words you have inherited identical 50 % HLA alleles from your father and mother. Such individuals are said to have a “ homozygous ” HLA haplotype. Banking cells and their derivatives from such individuals, who are uncommon in the community is being called “ haplobanking ”. We thank you for having volunteered to be a blood donor for the generation of induced pluripotent stem cell ( iPSC ) lines. Our primary goal is to provide cells for patient transplant that have been derived from tissue-type ( HLA ) matched donors which will reduce the need for immunosuppression to prevent tissue rejection. It is possible that in future their cells can be used for treating many more people who share the same or partially matched HLA alleles. It is for this purpose that you are being requested to consider making a onetime donation of about 30 ml of blood. Please note that in the course of this work we may also decide that your cells could be valuable for alternative important research objectives for which they may also be used.","നിങ്ങളുടെ സ്വന്തം HLA യുടെ മൂല്യനിർണ്ണയത്തിൽ, പരിശോധിച്ച ഓരോ ലോക്കിയിലും നിങ്ങൾക്ക് യോജിക്കുന്ന HLA അല്ലീലുകൾ ഉണ്ടെന്ന് കണ്ടെത്തി - മറ്റൊരു വിധത്തിൽ പറഞ്ഞാൽ, നിങ്ങളുടെ അച്ഛനിൽ നിന്നും അമ്മയിൽ നിന്നും സമാനമായ 50% HLA അല്ലീലുകൾ നിങ്ങൾക്ക് പാരമ്പര്യമായി ലഭിച്ചു. അത്തരം വ്യക്തികൾക്ക്""ഹോമോസൈഗസ്"" HLA ഹാപ്ലോടൈപ്പ് ഉണ്ടെന്ന് പറയപ്പെടുന്നു. സമൂഹത്തിൽ അസാധാരണമായ അത്തരം വ്യക്തികളിൽ നിന്നുള്ള ബാങ്കിംഗ് സെല്ലുകളും അവയുടെ ഡെറിവേറ്റീവുകളും""ഹാപ്ലോബാങ്കിംഗ്"" എന്ന് വിളിക്കപ്പെടുന്നു. ഇൻഡ്യൂസ്‌ഡ് പ്ലൂറിപോട്ടന്റ് സ്റ്റെം സെൽ (iPSC) ലൈനുകളുടെ ഉൽപാദനത്തിനായി ഒരു ബ്ലഡ് ഡോണർ ആകാൻ സന്നദ്ധത അറിയിച്ചതിന് ഞങ്ങൾ നിങ്ങളോടു നന്ദി പറയുന്നു. ടിഷ്യു-ടൈപ്പ് (HLA ) യോജിക്കുന്ന ഡോണർമാരിൽ നിന്ന് കിട്ടിയ പേഷ്യന്റ് ട്രാൻസ്പ്ലാൻറിനുള്ള കോശങ്ങൾ നൽകുക എന്നതാണ് ഞങ്ങളുടെ പ്രാഥമിക ലക്ഷ്യം, ഇത് ടിഷ്യു റിജക്ഷൻ തടയുന്നതിനുള്ള ഇമ്മ്യുണോസപ്രഷന്റെ ആവശ്യകത കുറയ്ക്കും. ഇത് ഭാവിയിൽ അവരുടെ സെല്ലുകൾ സമാനമായോ ഭാഗികമായോ യോജിക്കുന്ന HLA അല്ലീലുകൾ പങ്കിടുന്ന കൂടുതൽ ആളുകളെ ചികിത്സിക്കുന്നതിനു ഉപയോഗിക്കാൻ സാധ്യതയുണ്ട്. ഈ ആവശ്യത്തിനാണ് 30 മില്ലി രക്തം ഒറ്റത്തവണ ദാനം ചെയ്യുന്നത് പരിഗണിക്കാൻ നിങ്ങളോട് ആവശ്യപ്പെടുന്നത്‌. ഇതിന്റെ പ്രവർത്തന വേളയിൽ, നിങ്ങളുടെ കോശങ്ങൾ മറ്റ് പ്രധാനപ്പെട്ട ഗവേഷണ ലക്ഷ്യങ്ങൾക്കു ഉപയോഗിക്കുന്നതിനും വിലപ്പെട്ടതാണെന്ന് ഞങ്ങൾ തീരുമാനിച്ചേക്കാമെന്നു ദയവായി ശ്രദ്ധിക്കുക."
Side effects: This research is hoping to make you better by lessening your side effects of cancer treatment with the knowledge that our team have. It does not pose any harm to the patients.,പാർശ്വഫലങ്ങൾ: ഞങ്ങളുടെ ടീമിന് ഉള്ള അറിവ് ഉപയോഗിച്ച് കാൻസർ ചികിത്സയിലെ നിങ്ങളുടെ പാർശ്വഫലങ്ങൾ കുറച്ചുകൊണ്ട് നിങ്ങളെ മെച്ചപ്പെടുത്താമെന്ന് ഈ ഗവേഷണം പ്രതീക്ഷിക്കുന്നു. ഇത് രോഗികൾക്ക് യാതൊരു ദോഷവും ചെയ്യുന്നില്ല.
Costs:,ചെലവുകള്‍:
"If you have any further questions, please contact","നിങ്ങൾക്ക് കൂടുതൽ എന്തെങ്കിലും ചോദ്യങ്ങളുണ്ടെങ്കിൽ, ദയവായി ബന്ധപ്പെടുക"
What more can you do to make blood available for those who need it?,രക്തം ആവശ്യമുള്ളവർക്ക് അത് ലഭ്യമാക്കുന്നതിൽ കൂടുതൽ എന്താണ് ഒരാൾക്ക് ജീവിതത്തിൽ ചെയ്യാൻ കഴിയുക
HELLO,ഹലോ
What is the objective of this study?,ഈ പഠനത്തിന്റെ ലക്ഷ്യം എന്താണ്?
How is this study going to benefit everyone?,ഈ പഠനം എല്ലാവർക്കും എങ്ങനെ പ്രയോജനപ്പെടും?
"In practice, your clinical data will be stored in an electronic database which includes patient and tumor-related characteristics, treatment variables and follow-up findings. Access to your CT scans/MRI performed before surgery and during the follow-up and tissue samples of your tumor, retrieved from the preoperative percutaneous biopsy and/or from the surgical specimen, will be available for study purposes.","പ്രായോഗികമായി, രോഗിയെ പറ്റിയുള്ള വിവരങ്ങള്‍, ട്യൂമർ സംബന്ധിച്ചുള്ള സ്വഭാവവിശേഷങ്ങള്‍, വിവിധ ചികിത്സാ രീതികള്‍, തുടർന്നുള്ള കണ്ടെത്തലുകൾ എന്നിവ ഉള്‍പ്പെടുന്ന നിങ്ങളുടെ ക്ലിനിക്കല്‍ ഡാറ്റ ഒരു ഇലക്ട്രോണിക് ഡാറ്റബേസില്‍ സംഭരിക്കുന്നു. അതുപോലെ സര്‍ജറിക്ക് മുന്‍പും അതിന് ശേഷം തുടര്‍ പരിശോധനയുടെ ഭാഗമായുള്ള സി.ടി /എം .ആര്‍ ഐ സ്കാനുകള്‍, സര്‍ജറിക്ക് മുന്‍പ് ശേഖരിച്ച (ബയോപ്സിയുടെ ഭാഗമായി അല്ലെങ്കില്‍ സര്‍ജിക്കല്‍ സ്പെസിമെന്‍) നിങ്ങളുടെ ട്യൂമറിന്റെ കോശ സാമ്പിള്‍ എന്നിവ പഠനത്തിന്‍റെ ആവശ്യത്തിന് ലഭ്യമായിരിക്കും."
"Your participation is voluntary. If you first agree to participate and then you change your mind, you are free to withdraw your consent and discontinue your direct participation. However, after donation, we may not be able to withdraw the tissue, cells isolated from the tissue, and/or other products made from the isolated cells because they might have been:","നിങ്ങളുടെ പങ്കാളിത്തം സ്വമേധയായാണ്. നിങ്ങൾ ആദ്യം പങ്കെടുക്കാൻ സമ്മതിച്ചതിനു ശേഷം നിങ്ങളുടെ മനസ്സുമാറുകയാണെങ്കിൽ നിങ്ങൾക്ക് നിങ്ങളുടെ സമ്മതം റദ്ദാക്കുകയും തുടർന്നുള്ള നേരിട്ടുള്ള പങ്കാളിത്തം അവസാനിപ്പിക്കാവുന്നതുമാണ് . എന്നിരുന്നാലും, ദാനം ചെയ്തതിനുശേഷം, സംയുക്തകോശം, സംയുക്തകോശങ്ങളിൽ നിന്ന് വേർതിരിച്ചെടുത്ത കോശങ്ങൾ അല്ലെങ്കിൽ ഒറ്റപ്പെട്ട കോശങ്ങളിൽ നിന്ന് നിർമ്മിച്ച മറ്റ് ഉൽപ്പന്നങ്ങൾ എന്നിവ പിൻവലിക്കാൻ സാധിച്ചെന്നു വരില്ല"
What happens if you decide not to take part in this study?,ഈ പഠനത്തിൽ പങ്കെടുക്കേണ്ടെന്ന് നിങ്ങൾ തീരുമാനിച്ചാൽ എന്ത് സംഭവിക്കും?
"One group will receive an erector spinae plane block(ESPB), another will recieve a Thoracolumar interfascial plane block(TLIP) and the last group will receive a Conventional method of morphine and local medications around the surgery site. According to your assigned group you will be administered the drug.","ഒരു ഗ്രൂപ്പിന് ഇറക്റ്റർ സ്പൈനി പ്ലെയിൻ ബ്ലോക്ക് (ESPB) ലഭിക്കും, മറ്റൊരു ഗ്രൂപ്പ് ഒരു തോറാകോളൂമർ ഇന്റർഫാസിയൽ പ്ലെയിൻ ബ്ലോക്ക് (TLIP) സ്വീകരിക്കും, അവസാന ഗ്രൂപ്പിന് ശസ്ത്രക്രിയ നടക്കുന്ന ഭാഗത്തിന് ചുറ്റുമായി പരമ്പരാഗത രീതിയിലുള്ള മോർഫിനും പ്രാദേശിക മരുന്നുകളും ലഭിക്കും. നിങ്ങളുടെ ഉള്‍പ്പെടുത്തിയിട്ടുള്ള ഗ്രൂപ്പ് അനുസരിച്ച് നിങ്ങൾക്ക് മരുന്ന് നൽകും."
Signature(or Thumb impression) of the Subject Date://,പങ്കെടുക്കുന്ന ആളുടെ ഒപ്പ് (അല്ലെങ്കിൽ തള്ളവിരലിന്റെ അടയാളം )://
"If you agree to participate in the study, the investigator will ask you to answer the questionnaire regarding quality of life and attitude towards ethanol consumption.","പഠനത്തിൽ പങ്കെടുക്കാൻ നിങ്ങൾ സമ്മതിക്കുകയാണെങ്കിൽ, നിങ്ങളുടെ ജീവിതനിലവാരം, എഥനോൾ ഉപഭോഗത്തോടുള്ള മനോഭാവം എന്നിവ സംബന്ധിച്ച ചോദ്യാവലിക്ക് ഉത്തരം നൽകാൻ അന്വേഷകൻ നിങ്ങളോട് ആവശ്യപ്പെടും."
You will not receive any payments for taking part in this study.,ഈ പഠനത്തിൽ പങ്കുചേരുന്നതിന് നിങ്ങൾക്ക് പ്രതിഫലമൊന്നും ലഭിക്കുന്നതല്ല .
1. I have read and understood details about participating in a research study.,1. ഗവേഷണ പഠനത്തിൽ പങ്കെടുക്കുന്നതിനെക്കുറിച്ചുള്ള വിശദാംശങ്ങൾ ഞാൻ വായിക്കുകയും മനസ്സിലാക്കുകയും ചെയ്തു.
Interpreter Statement I have interpreted the above information to the donor to the best of my ability in a way which I believe the patient has understood.,പരിഭാഷകന്റെ പ്രസ്താവന മേല്‍പ്പറഞ്ഞ വിവരങ്ങള്‍ ദാതാവിന് എന്‍റെ കഴിവിന്റെ പരമാവധി മികച്ച രീതിയില്‍ വിശദമായി ബോധ്യപ്പെടുത്തിയിട്ടുണ്ടെന്നും അത് ദാതാവിന് ശരിയായി മനസ്സിലായിട്ടുണ്ടെന്നും ഞാന്‍ വിശ്വസിക്കുന്നു.
"• Patient-reported outcomes (e.g. physical functioning, pain, fatigue, and depression)","• രോഗി റിപ്പോർട്ട് ചെയ്ത ഫലങ്ങൾ (ഉദാ. ശാരീരിക പ്രവർത്തനങ്ങൾ, വേദന, ക്ഷീണം, വിഷാദം)"
The results of this haplobank may be shown at meetings or published in journals to inform other doctors and health professionals. We will keep your identity private in any publication or presentation about the haplobank.,ഈ ഹാപ്ലോബാങ്കിന്റെ ഫലങ്ങൾ മീറ്റിംഗുകളിൽ കാണിക്കുകയോ മറ്റ് ഡോക്ടർമാരെയും ആരോഗ്യ വിദഗ്ധരെയും അറിയിക്കുന്നതിന് ജേണലുകളിൽ പ്രസിദ്ധീകരിക്കുകയോ ചെയ്യാം. ഹാപ്ലോബാങ്കിനെക്കുറിച്ചുള്ള ഏതെങ്കിലും പ്രസിദ്ധീകരണത്തിലോ അവതരണത്തിലോ ഞങ്ങൾ നിങ്ങളുടെ ഐഡന്റിറ്റി സ്വകാര്യമായി സൂക്ഷിക്കും.
Hospital No.:,ആശുപത്രി നമ്പർ :.
I have decided to be in the study even though I know that I don’t have to do it.,എനിക്ക് ഇത് ചെയ്യേണ്ടതില്ലെന്ന് എനിക്കറിയാമെങ്കിലും ഞാൻ പഠനത്തിൽ ഏർപ്പെടാൻ തീരുമാനിച്ചു.
Information sheet for renal transplant recipients,വൃക്കസംബന്ധമായ ട്രാൻസ്പ്ലാൻറ് സ്വീകർത്താക്കൾക്കുള്ള വിവര ഷീറ്റ്
Thank you for reading this.,ഇത് വായിച്ചതിന് നന്ദി.
"In this trial, we are attempting to study if the steroid dexamethasone (which was shown to improve survival in COVID-19) would also benefit patients admitted with scrub typhus pneumonitis. This will help us improve the management of patients with scrub typhus infection.","ഈ ട്രയലിൽ, സ്റ്റിറോയിഡ് ഡെക്സാമെതസോൺ (കോവിഡ്-19 ലെ അതിജീവനം മെച്ചപ്പെടുത്തുന്നതായി കാണിക്കുന്നു) സ്ക്രബ് ടൈഫസ് ന്യൂമോണിറ്റിസ് ബാധിച്ച രോഗികൾക്കും ഗുണം ചെയ്യുമോ എന്ന് പഠിക്കാൻ ഞങ്ങൾ ശ്രമിക്കുന്നു. സ്ക്രബ് ടൈഫസ് അണുബാധയുള്ള രോഗികളുടെ മാനേജ്മെന്റ് മെച്ചപ്പെടുത്താൻ ഇത് ഞങ്ങളെ സഹായിക്കും."
5.0. Ethical Conduct of the Study,5.0 പഠനത്തിന്റെ ധാർമ്മിക നയം
"The results of this study may be published in a medical journal but you will not be identified by name in any publication or presentation of results. However, your medical notes may be reviewed by people associated with the study, without your additional permission, should you decide to participate in this study.","ഈ പഠനത്തിന്റെ റിസൾട്ടുകൾ ഒരു മെഡിക്കൽ ജേണലിൽ പ്രസിദ്ധീകരിക്കാം, പക്ഷേ റിസൾട്ടുകളുടെ ഏതെങ്കിലും പ്രസിദ്ധീകരണത്തിലോ അവതരണത്തിലോ നിങ്ങളെ പേര് കൊണ്ട് തിരിച്ചറിയാൻ കഴിയില്ല. എന്നിരുന്നാലും, ഈ പഠനത്തിൽ പങ്കെടുക്കാൻ നിങ്ങൾ തീരുമാനിക്കുകയാണെങ്കിൽ, നിങ്ങളുടെ അധിക അനുമതിയില്ലാതെ, പഠനവുമായി ബന്ധപ്പെട്ട ആളുകൾ നിങ്ങളുടെ മെഡിക്കൽ നോട്ടുകൾ അവലോകനം ചെയ്തേക്കാം."
10,10
Subject’s Initials: __________________ Subject’s Name: _________________________________________,പങ്കെടുക്കുന്നയാളുടെ ഇനിഷ്യലുകൾ: പങ്കെടുക്കുന്നയാളുടെ പേര്ഃ
5. Income,5. വരുമാനം
Any person who,ഏതൊരു വ്യക്തിക്കും
Donors have the right to withdraw their participation at any time before iPSC ( Induced Pluripotent Stem Cells ) lines generation. Any resultant cell lines generated in the laboratory from the donor’s tissue or cells are no longer considered to be human tissue and can not be withdrawn.,"iPSC ( ഇൻഡ്യൂസ്ഡ് പ്ലൂറിപൊട്ടന്റ് സ്റ്റെം സെൽസ് ) ലൈനുകൾ സൃഷ്ടിക്കുന്നതിന് മുമ്പ് ഏത് സമയത്തും തങ്ങളുടെ പങ്കാളിത്തം പിൻവലിക്കാൻ ഡോണറിനു അവകാശമുണ്ട്. ഡോണറിന്‍റെ ടിഷ്യൂകളിൽ നിന്നോ കോശങ്ങളിൽ നിന്നോ ലബോറട്ടറിയിൽ ഉണ്ടാകുന്ന ഏതെങ്കിലും റിസൽറ്റന്റ് സെൽ ലൈനുകൾ ഇനി മനുഷ്യ കോശമായി കണക്കാക്കില്ല, അവ പിൻവലിക്കാൻ കഴിയില്ല."
"You may change your mind and take back your authorization to use and disclosure of your health information at any time. Even if you take back your authorization, we may still use and disclose the health information we have already obtained about you, as necessary, to maintain the integrity / reliability of the current research.","നിങ്ങൾക്ക് എപ്പോൾ വേണമെങ്കിലും നിങ്ങളുടെ ആരോഗ്യ വിവരങ്ങൾ ഉപയോഗിക്കാനും വെളിപ്പെടുത്താനുമുള്ള അംഗീകാരം തിരികെ എടുക്കാം. നിങ്ങളുടെ അംഗീകാരം നിങ്ങൾ തിരിച്ചെടുക്കുകയാണെങ്കിൽപ്പോലും, നിലവിലെ ഗവേഷണത്തിന്റെ സമഗ്രത / വിശ്വാസ്യത നിലനിർത്തുന്നതിന്, നിങ്ങളെക്കുറിച്ച് ഞങ്ങൾ ഇതിനകം നേടിയ ആരോഗ്യ വിവരങ്ങൾ ഞങ്ങൾ ഉപയോഗപ്പെടുത്തുകയും വെളിപ്പെടുത്തുകയും ചെയ്തേക്കും."
4. Hears accusatory or denunciatory voices and/or experiences threatening visual hallucinations.,4. കുറ്റപ്പെടുത്തുന്നതോ അപലപിക്കുന്നതോ ആയ ശബ്ദങ്ങൾ കേൾക്കുന്നു കൂടാതെ/അല്ലെങ്കിൽ വിഷ്വൽ ഹാലൂസിനേഷനുകളിലൂടെ ഭീഷണിപ്പെടുത്തുന്ന അനുഭവങ്ങൾ.
5. What is the risk of participating in this study?,5. ഈ പഠനത്തിൽ പങ്കെടുക്കുന്നതിലുള്ള അപകടസാധ്യത എന്താണ്?
No,ഇല്ല
"All information including your personal details, assessment by the doctor during and after the operation will be kept confidential and not be shared with anyone else.","നിങ്ങളുടെ വ്യക്തിഗത വിശദാംശങ്ങൾ, ഓപ്പറേഷൻ സമയത്തും അതിനുശേഷവുമുള്ള ഡോക്ടറുടെ വിലയിരുത്തൽ എന്നിവ ഉൾപ്പെടെയുള്ള എല്ലാ വിവരങ്ങളും രഹസ്യമായി സൂക്ഷിക്കുകയും മറ്റാരുമായും പങ്കിടാതിരിക്കുകയും ചെയ്യും."
The adults who take care of you:,നിങ്ങളെ പരിപാലിക്കുന്ന മുതിർന്നവർ:
9. I drink alcohol to escape from everyday problems.,9. ദൈനംദിന പ്രശ്നങ്ങളിൽ നിന്ന് രക്ഷപ്പെടാൻ ഞാൻ മദ്യം കുടിക്കുന്നു.
Declare that,പ്രഖ്യാപനം
Total PYMS Score.,ആകെ PYMS സ്കോർ.
Will you be subjected to invasive procedures under this study?,ഈ പഠനത്തിന് കീഴിൽ നിങ്ങൾ ആക്രമണാത്മക നടപടിക്രമങ്ങൾക്ക് വിധേയമാകുമോ?
Or,അല്ലെങ്കില്‍
Informed Consent form to participate in a research study,ഒരു ഗവേഷണ പഠനത്തിൽ പങ്കെടുക്കാനുള്ള ഇൻഫോംഡ് കൺസെന്റ് ഫോം
A randomized controlled trial comparing the efficacy of ultrasound guided continuous subfascial block with continuous lumbar epidural block for post-operative analgesia after total hip replacement.,ഇടുപ്പ് മുഴുവനായും മാറ്റി വച്ചവരിലെ സർജറിക്ക് ശേഷമുള്ള വേദനയെ ക്കുറിച്ചറിയുവാൻ വേണ്ടി നടത്തുന്ന നടത്തുന്ന നിയന്ത്രിത അൾട്രസൗണ്ട് ഗൈഡഡ് കണ്ടിന്യുവസ് സുബ്‌ഫേഷ്യൽ ബ്ലോക്ക് വിത്ത് കണ്ടിന്യുവസ് ലുമ്പാർ എപ്പിഡ്യൂറൽ ബ്ലോക്ക് പരിശോധനകളുടെ താരതമ്യം
"Once you read this form and had your questions answered, you will be asked to decide if you wish to participate. If you wish to participate in this study, you must sign this form. A copy will be given to you to keep as a record.","നിങ്ങൾ ഈ ഫോം വായിച്ച്, നിങ്ങളുടെ സംശയങ്ങൾ ദുരീകരിച്ചതിനു ശേഷം, പങ്കെടുക്കാൻ ആഗ്രഹിക്കുന്നോ എന്ന് തീരുമാനിക്കാൻ നിങ്ങളോട് ആവശ്യപ്പെടും. ഈ പഠനത്തിൽ പങ്കെടുക്കാൻ നിങ്ങൾ ആഗ്രഹിക്കുന്നുവെങ്കിൽ, നിങ്ങൾ ഈ ഫോമിൽ സൈൻ ചെയ്യണം. ഒരു രേഖയായി സൂക്ഷിക്കാൻ ഒരു പകർപ്പ് നിങ്ങൾക്ക് നൽകും."
Informed consent form for muscle biopsy of MDCUI V-1.0 dated,തീയതി എം‌ഡി‌യു‌ഐ വി -1.0 ന്റെ മസിൽ ബയോപ്സിക്കായി അറിയിച്ച സമ്മത ഫോം
Format for Informed Consent Form for Subjects,ഈ വിഷയത്തില്‍ സമ്മതം അറിയിക്കുന്നതിനുള്ള സമ്മത പത്രത്തിന്‍റെ മാതൃക
<FOP_REGISTRY_PROTOCOL_AMEND 3_ 05NOV2019_FINAL>,<FOP_REGISTRY_PROTOCOL_AMEND 3_ 05 നവംബർ 2019_FINAL>
• Able to give informed consent,• അറിവോടെയുള്ള സമ്മതം നൽകാൻ കഴിയും
Assent Statement,സമ്മത പ്രസ്താവന
Participant’s name:,പങ്കെടുക്കുന്നയാളുടെ പേര്:
Original Version Date:,യഥാർത്ഥ പതിപ്പ് തീയതി:
Up to 10std,പത്താംക്ലാസ് വരെ
Follow up: What happens after the study is over?,പിന്തുടര്‍ച്ച: പഠനം കഴിഞ്ഞാൽ എന്ത് സംഭവിക്കും?
◦ Injecting or transplanting the stem cells into animals for research-only purposes,◦ റിസേര്‍ച്ച് ആവശ്യങ്ങൾക്കായി മൃഗങ്ങളിൽ സ്റ്റെം സെല്ലുകൾ കുത്തിവയ്ക്കുകയോ ട്രാൻസ്പ്ലാന്റ് ചെയ്യുകയോ ചെയ്യുക
"Secondary objectives of this study are the estimation of the efficacy and safety of the surgical treatment, to evaluate the impact of multimodality therapy (including radiation therapy and chemotherapy), to identify clinical, radiological and pathological characteristics that may influence the oncological outcome or may be used as predictors of the oncological outcome and to utilize collected pathological material for research collaborations.","ഈ പഠനത്തിന്റെ രണ്ടാമത്തെ ലക്‌ഷ്യം, ശസ്ത്രക്രിയാ ചികിത്സയുടെ ഫലപ്രാപ്തിയും സുരക്ഷയും നിർണ്ണയിക്കുക വഴി മൾട്ടിമോഡാലിറ്റി തെറാപ്പി (റേഡിയേഷൻ തെറാപ്പി, കീമോതെറാപ്പി ഉൾപ്പെടെ) എന്നിവയുടെ പ്രത്യാഘാതങ്ങളെ വിലയിരുത്താൻ സഹായിക്കുകയെന്നതാണ് .അർബുദചികിത്സയെ സ്വാധീനിക്കുന്ന റേഡിയോളോജിക്കൽ, പാത്തോളജിക്കൽ സവിശേഷതകൾ തിരിച്ചറിയാനും, ചില സന്ദർഭങ്ങളിൽ അർബുദചികിൽസയുടെ വിജയസാധ്യതകൾ വിലയിരുത്താനും, ഗവേഷണ സഹകരണങ്ങൾകൊണ്ട് സാധിക്കും ."
"If you agree to join the study, we will use a portion of the cartilage that is being removed from your iliac crest. Cells will be taken out from the tissue in the laboratory, expanded and put back in the injured part of your bone.","പഠനത്തിൽ ചേരാൻ നിങ്ങൾ സമ്മതിക്കുകയാണെങ്കിൽ, നിങ്ങളുടെ ഇലിയാക് ക്രെസ്റ്റിൽ നിന്ന് നീക്കംചെയ്യുന്ന തരുണാസ്ഥിയുടെ ഒരു ഭാഗം ഞങ്ങൾ ഉപയോഗിക്കും. ലബോറട്ടറിയിലെ ടിഷ്യുയിൽ നിന്ന് കോശങ്ങൾ പുറത്തെടുക്കുകയും വികസിപ്പിക്കുകയും നിങ്ങളുടെ എല്ലിന്റെ പരിക്കേറ്റ ഭാഗത്ത് തിരികെ വയ്ക്കുകയും ചെയ്യും."
Positioning,സ്ഥാനനിർണ്ണയം
"37. Mortgage or loan under $15,000: 17","37. പണയം അല്ലെങ്കിൽ ലോൺ 15,000 ഡോളറിൽ താഴെ: 17"
Your child is invited to participate in this research as he/she is suspected to have this infection or is at risk of developing it,നിങ്ങളുടെ മകന്/മകള്‍ക്ക് ഈ അണുബാധയുണ്ടെന്ന് സംശയിക്കപ്പെടുകയോ അല്ലെങ്കിൽ അത് ബാധിക്കാനുള്ള സാധ്യതയോ ഉള്ളതിനാലാണ് ഈ ഗവേഷണത്തിൽ പങ്കെടുക്കാൻ നിങ്ങള്‍ ക്ഷണിക്കപ്പെട്ടത്.
Informed Consent form to participate in a research study,"ഒരു ഗവേഷണ പഠനത്തിൽ പങ്കെടുക്കുന്നതിനുള്ള, ഇൻഫോമ്ഡ് കൺസെന്റ് ഫോം"
0. No difficulty.,0. ബുദ്ധിമുട്ടില്ല.
"Although none of the studies compared one medicine directly with another, we used a statistical technique called network meta‐analysis that allowed us to compare one against another. The results were similar to those above.","പഠനങ്ങളൊന്നും ഒരു മരുന്നിനെ മറ്റൊന്നുമായി നേരിട്ട് താരതമ്യം ചെയ്തിട്ടില്ലെങ്കിലും, നെറ്റ്‌വർക്ക് മെറ്റാ അനാലിസിസ് എന്ന സ്റ്റാറ്റിസ്റ്റിക്കൽ ടെക്നിക് ഞങ്ങൾ ഉപയോഗിച്ചു, അത് മറ്റൊന്നുമായി താരതമ്യം ചെയ്യാൻ ഞങ്ങളെ അനുവദിച്ചു. ഫലങ്ങൾ മുകളിൽ പറഞ്ഞതിന് സമാനമായിരുന്നു."
“You” and “your” in this form generally refer to the affected individual.,"ഈ രൂപത്തിൽ ""നിങ്ങൾ"", ""നിങ്ങളുടെ"" എന്നിവ സാധാരണയായി ബാധിച്ച വ്യക്തിയെ സൂചിപ്പിക്കുന്നു."
Hypertension,രക്താതിമർദ്ദം
</INFORMATION SHEET DONORS - JAYASREE>,</INFORMATION SHEET DONORS-JAYASREE>
Date: ____________________________________,തീയതി: ____________________________________
Yes. Your personal details will be kept confidential. The results of the study will be published in a medical journal but you will not be identified by name in any publication or presentation of results.,"അതെ. നിങ്ങളുടെ സ്വകാര്യ വിശദാംശങ്ങൾ രഹസ്യമായി സൂക്ഷിക്കും. പഠന ഫലങ്ങൾ ഒരു മെഡിക്കൽ ജേണലിൽ പ്രസിദ്ധീകരിക്കും, പക്ഷേ ഏതെങ്കിലും പ്രസിദ്ധീകരണത്തിലോ ഫലങ്ങളുടെ അവതരണത്തിലോ നിങ്ങളുടെ വിശദാംശങ്ങള്‍ വെളിപ്പെടുത്തുകയില്ല."
Clintrials.gov ID:,Clintrials.gov ഐഡി:
"This treatment is a minor procedure compared to other standard treatments that can be offered in your condition like vaginal tapes, slings or sphincters. The current procedures have a complication that is coming to light as they are more and more being used e.g. tapes erode into either urinary passage or vagina. In the long term, their efficacy worsens except for the external sphincter which has mechanical problems.","യോനി ടേപ്പുകൾ, സ്ലിംഗുകൾ അല്ലെങ്കിൽ സ്പിൻ‌ക്റ്ററുകൾ പോലുള്ള നിങ്ങളുടെ അവസ്ഥയിൽ വാഗ്ദാനം ചെയ്യുന്ന മറ്റ് സ്റ്റാൻ‌ഡേർഡ് ചികിത്സകളുമായി താരതമ്യപ്പെടുത്തുമ്പോൾ ഈ ചികിത്സ വളരെ ചെറിയ നടപടിക്രമമാണ്. നിലവിലെ ചികിത്സാ ക്രമങ്ങള്‍ക്ക് സങ്കീർണതകളുണ്ട് , അവ കൂടുതൽ‌ ‌ കൂടുതൽ‌ ഉപയോഗിച്ചുകൊണ്ടിരിക്കുന്നതിനാല്‍ അതൊക്കെ വെളിച്ചത്ത് വരുന്നു . ഉദാ. മൂത്രനാളിയിലേക്കോ യോനിയിലേക്കോ തേഞ്ഞു പോകുന്ന ടേപ്പുകൾ . ദീർഘകാലാടിസ്ഥാനത്തിൽ, മെക്കാനിക്കൽ പ്രശ്‌നങ്ങളുള്ള ബാഹ്യ സ്പിൻ‌ക്റ്റർ ഒഴികെയുള്ള ചികിത്സാ ക്രമങ്ങളുടെ ഫലപ്രാപ്തി കൂടുതല്‍ മോശമായികൊണ്ടിരിക്കുന്നു ."
Interpreter Statement I have interpreted the above information to the donor to the best of my ability in a way which I believe the donor has understood.,വ്യാഖ്യാതാവിന്‍റെ പ്രസ്താവന മേൽപ്പറഞ്ഞ വിവരങ്ങൾ ഡോണറിന് മനസ്സിലായി എന്ന് വിശ്വസിക്കിത്തക്ക രീതിയിൽ എന്റെ കഴിവിന്റെ പരമാവധി ഞാൻ ഡോണറിന് വ്യാഖ്യാനിച്ചിട്ടുണ്ട്.
Your participation in this research is entirely voluntary. There is no obligation to consent to participate in the study. You will receive the same standard of care given to all patients in this hospital. You are allowed at any point to withdraw from this study. Your withdrawal will not affect in any way your further management and treatment.,ഈ ഗവേഷണത്തിലെ നിങ്ങളുടെ പങ്കാളിത്തം പൂർണ്ണമായും സ്വമേധയാ ഉള്ളതാണ്. പഠനത്തിൽ പങ്കെടുക്കാൻ സമ്മതം നൽകേണ്ട ധാര്‍മ്മികബാദ്ധ്യത നിങ്ങള്‍ക്കില്ല. ഈ ആശുപത്രിയിലെ എല്ലാ രോഗികൾക്കും നൽകുന്ന അതേ നിലവാരത്തിലുള്ള പരിചരണം നിങ്ങൾക്ക് ലഭിക്കും. ഈ പഠനത്തിൽ നിന്ന് പിന്മാറാൻ ഏത് സമയത്തും നിങ്ങള്‍ക്ക് അനുവാദമുണ്ട്. നിങ്ങളുടെ പിന്മാറ്റം നിങ്ങളുടെ തുടർന്നുള്ള മാനേജ്മെന്റിനെയും ചികിത്സയെയും ഒരു തരത്തിലും ബാധിക്കില്ല.
THAT'S ME!,അതാണ് ഞാന്‍!
34. Change in recreational activities: 19,34. വിനോദ പ്രവർത്തനങ്ങളിലെ മാറ്റം: 19
(Subject),(വിഷയം)
Consent,സമ്മതം
We are expecting that you will receive better pain relief and less pain medications during and after the surgery. The cost of the medications which you will be recieving in your back is comparatively less than the pain medications you receive in the ward.,ശസ്ത്രക്രിയയ്ക്കിടയിലും ശേഷവും നിങ്ങൾക്ക് വേദനയില്‍ നിന്ന് മികച്ച ആശ്വസം ലഭിക്കുമെന്നും വേദനയ്ക്ക് കുറച്ച് മരുന്നുകളെ കഴിക്കേണ്ടി വരൂവെന്നും ഞങ്ങൾ പ്രതീക്ഷിക്കുന്നു. വാർഡിൽ നിങ്ങൾക്ക് ലഭിക്കുന്ന വേദന മരുന്നുകളുടെ വിലയേക്കാള്‍ താരതമ്യേന കുറവാണ് നിങ്ങള്‍ക്ക് മുതുകിലൂടെ ലഭിക്കുന്ന മരുന്നുകളുടെ വില.
"These medications will then travel along nerves to provide pain relief over specific and certain regions. These methods will provide better pain relief during your surgery which will also stay for a longer duration after your surgery, until you are comfortable.",ഈ മരുന്നുകൾ ചില പ്രത്യേക പ്രദേശങ്ങളിൽ വേദനയ്ക്ക് ആശ്വാസം നൽകുന്നതിനായി നാഡികളിലൂടെ സഞ്ചരിക്കും. ഈ രീതികൾ നിങ്ങളുടെ സർജറി സമയത്ത് വേദനയ്ക്ക് മികച്ച ആശ്വാസം നൽകും. ഇത് നിങ്ങളുടെ ശസ്ത്രക്രിയയ്ക്ക് ശേഷവും നിങ്ങൾക്ക് സുഖകരമാകുന്നതു വരെയുള്ള കൂടുതൽ നേരം നിലനിൽക്കും.
- Patients with bleeding disorders,- രക്തസ്രാവം ക്രമം തെറ്റിയ രോഗികൾ
Background,പശ്ചാത്തലം
"Standard anaesthesia drugs and monitoring techniques will be done during your surgery. If you are willing to participate in this study, you will receive pain medication into the muscles of your back before the start of surgery. For this, you will be randomly assigned to one of the three groups.","നിങ്ങളുടെ ശസ്ത്രക്രിയയ്ക്കിടെ സ്റ്റാൻഡേർഡ് അനസ്തേഷ്യ മരുന്നുകളും നിരീക്ഷണ സാങ്കേതിക വിദ്യകളും നടപ്പാക്കും. ഈ പഠനത്തിൽ പങ്കെടുക്കാൻ നിങ്ങൾ തയ്യാറാണെങ്കിൽ, ശസ്ത്രക്രിയ ആരംഭിക്കുന്നതിന് മുമ്പ് നിങ്ങളുടെ മുതുകിലെ പേശികളിലേക്ക് വേദന മരുന്ന് ലഭിക്കും. ഇതിനായി, നിങ്ങളെ മൂന്ന് ഗ്രൂപ്പുകളിലൊന്നിലേക്ക് ക്രമരഹിതമായി ഉള്‍പ്പെടുത്തും."
◦ testing of cells in diseased animal model for safety and efficacy studies.,◦ സുരക്ഷയ്ക്കും കാര്യക്ഷമതയ്ക്കും വേണ്ടി രോഗബാധിതമായ മൃഗങ്ങളുടെ മാതൃകയിലുള്ള കോശങ്ങളുടെ പരിശോധന.
"People and organizations that may inspect and/or copy your research records to conduct this research, assure the quality of the data and to analyze the data include:",ആളുകളോ സ്ഥാപനങ്ങളോ ഗവേഷണത്തിന്റെ ഭാഗമായും രേഖകളുടെ ഗുണനിലവാരം പരിശോധിക്കുന്നതിനും നിങ്ങളുടെ ഗവേഷണ രേഖകള്‍ പരിശോധിക്കുകയോ പകര്‍പ്പെടുക്കുകയോ ചെയ്തേക്കും:
Investigator’s Name: _____________________________________,അന്വേഷകന്റെ പേര്: _____________________________________
"DEPARTMENT OF RADIATION ONCOLOGY, UNIT 2","റേഡിയേഷൻ ഓങ്കോളജി വകുപ്പ്, യൂണിറ്റ് 2"
Assent form for the medical portal,മെഡിക്കൽ പോർട്ടലിനുള്ള സമ്മത പത്രം
I give my permission/assent for my medical portal data to be linked to my FOP Biobank Biospecimen data (optional):,എന്റെ മെഡിക്കൽ പോർട്ടൽ ഡാറ്റയെ എന്റെ FOP ബയോബാങ്ക് ബയോസ്‌പെസിമെൻ ഡാറ്റയുമായി ലിങ്ക് ചെയ്യുന്നതിന് ഞാൻ എന്റെ അനുമതി/സമ്മതം നൽകുന്നു (ഓപ്ഷണൽ):
Representative: ___________________________ Date://,പ്രതിനിധി: തീയതി://
"(vi) I understand that my blood samples will be stored in the hospital, and further tests may be done on the same in the future . I agree to the same","(vi) ഭാവിയിൽ കൂടുതൽ പരിശോധനകൾ നടത്തുന്നതിന് എന്റെ രക്തസാമ്പിളുകൾ ആശുപത്രിയിൽ സൂക്ഷിക്കുമെന്ന് ഞാൻ മനസ്സിലാക്കുന്നു, ഞാന്‍ ഇത് സമ്മതിക്കുന്നു"
(vi) I am aware of the Audio-visual recording of the Informed Consent. [ ],(vi) അറിവോടെയുള്ള സമ്മതത്തിന്‍റെ ഓഡിയോ-വിഷ്വൽ റെക്കോർഡിംഗിനെക്കുറിച്ച് എനിക്ക് അറിയാം. [ ]
6. Attenders should be close relatives.,6. കൂടെയുള്ളവർ അടുത്ത ബന്ധുക്കളായിരിക്കണം.
What about Expenses and payments?,"ചിലവ്കളെയും , പണം നൽകുന്നതിനെക്കുറിച്ചും പറയാമോ ?"
Additional references,അഡിഷണൽ റഫറൻസുകൾ
"6. … is outgoing, sociable","6. … ഔട്ട്‌ഗോയിംഗ്, സോഷ്യബിൾ ആയ"
Signature…………………………….,ഒപ്പ്…………………………….
Female,പെൺ
[A statement from an interpreter should be included if it is possible that any of your donors or their representatives are unable to communicate in English.],[നിങ്ങളുടെ ദാതാക്കൾക്കോ അവരെ പ്രതിനിധികരിക്കുന്ന ആളുകള്‍ക്കോ ​​ഇംഗ്ലീഷിൽ ആശയവിനിമയം നടത്താൻ കഴിയുന്നില്ലെങ്കിൽ ഒരു പരിഭാഷകന്റെ പ്രസ്താവന ഉള്‍പ്പെടുത്തേണ്ടതാണ്.]
introduction & background,ആമുഖവും പശ്ചാത്തലവും
We do not expect any injury to happen to you during the study.,പഠനസമയത്ത് നിങ്ങൾക്ക് എന്തെങ്കിലും പരിക്കുകൾ സംഭവിക്കുമെന്ന് ഞങ്ങൾ പ്രതീക്ഷിക്കുന്നില്ല.
Risks: Will participation in the study put you at a higher risk for Adverse effects?,അപകടസാധ്യതകൾ: പഠനത്തിലെ പങ്കാളിത്തം മൂലം നിങ്ങള്‍ മാരകമായ പ്രതികൂല പ്രതികരണങ്ങള്‍ക്ക് ഇരയാകുമോ?
audio video recording,ഓഡിയോ വീഡിയോ റെക്കോർഡിംഗ്
Relationship:,പങ്കെടുക്കുന്ന ആളുമായുള്ള ബന്ധം:
What am I being asked to do?,എന്നോട് എന്താണ് ചെയ്യാൻ ആവശ്യപ്പെടുന്നത്?
1. Improve your overall health,1. മൊത്തത്തിലുള്ള ആരോഗ്യം മെച്ചപ്പെടുത്തുക
Does any study related injury happen or expected?,പഠനവുമായി ബന്ധപ്പെട്ട എന്തെങ്കിലും പരിക്ക് സംഭവിക്കുകയോ അല്ലെങ്കിൽ അതിനുള്ള സാധ്യതയോ പ്രതീക്ഷിക്കുന്നുണ്ടോ?
STEP 3: Intervention,സ്റ്റെപ് 3: ഇടപെടൽ
What are the possible risks of taking part?,പങ്കെടുക്കുന്നതിന്റെ അപകടസാധ്യതകൾ എന്തൊക്കെയാണ്?
Study Number:,പഠന നമ്പര്‍:
Participant / LAR,പങ്കാളി / LAR
Increased losses,വർദ്ധിച്ച നഷ്ടം
Right to refuse and withdraw: Your choice and your right to participate in this study will be respected. You do not have to participate in this research if you do not wish to.,നിരസിക്കാനും പിൻവലിക്കാനുമുള്ള അവകാശം: നിങ്ങളുടെ തിരഞ്ഞെടുപ്പും ഈ പഠനത്തിൽ പങ്കെടുക്കാനുള്ള നിങ്ങളുടെ അവകാശവും മാനിക്കപ്പെടും. നിങ്ങൾക്ക് താൽപ്പര്യമില്ലെങ്കിൽ ഈ ഗവേഷണത്തിൽ പങ്കെടുക്കേണ്ടതില്ല.
"If there is anything in this form you do not understand, please ask questions. Please take your time. You do not have to take part in this if you do not want to","ഈ സമ്മതപത്രത്തിൽ എന്തെങ്കിലും നിങ്ങൾക്ക് മനസിലാകുന്നില്ല എന്നുണ്ടെങ്കിൽ, ദയവായി ചോദിക്കുക. ആവശ്യത്തിന് സമയമെടുത്ത് ചിന്തിക്കുക . നിങ്ങൾ ആഗ്രഹിക്കുന്നില്ലെങ്കിൽ നിങ്ങൾ ഇതിൽ പങ്കെടുക്കേണ്ടതില്ല."
Investigator’s name:,അന്വേഷകന്റെ പേര്:
"We wanted to know if DPP4i, GLP‐1RA and SGLT2i medicines are effective treatments for cardiovascular disease in people with established cardiovascular disease, both with and without diabetes. We also wanted to know whether these medicines cause unwanted effects.","DPP4i, GLP-1RA, SGLT2i എന്നീ മരുന്നുകൾ പ്രമേഹം ഉള്ളതും അല്ലാത്തതുമായ ദീർഘകാലമായി ഹൃദ്രോഗമുള്ള ആളുകളിൽ ഹൃദയ സംബന്ധമായ അസുഖങ്ങൾക്ക് ഫലപ്രദമായ ചികിത്സകളാണോ എന്ന് അറിയാൻ ഞങ്ങൾ ആഗ്രഹിച്ചു. ഈ മരുന്നുകൾ അനാവശ്യ ഫലങ്ങൾ ഉണ്ടാക്കുന്നുണ്ടോ എന്നറിയാനും ഞങ്ങൾ ആഗ്രഹിച്ചു."
Signature:,കയ്യൊപ്പ്:
and to jump from hand to hand to say Hi,ഹായ് പറയുവാൻ വേണ്ടി കൈകളിൽ നിന്ന് കൈകളിലേക്ക് ചാടുന്നു
7) WORK AND ACTIVITIES,7) ജോലിയും പ്രവർത്തനങ്ങളും
WBC's destroy any foreign material including harmful germs.,ദോഷകരമായ അണുക്കൾ ഉൾപ്പെടെയുള്ള ഏതൊരു വിദേശ വസ്തുവിനെയും WBC നശിപ്പിക്കുന്നു.
The Medical Portal data collection elements will include the following items (see Appendix 4).,മെഡിക്കൽ പോർട്ടൽ ഡാറ്റാ ശേഖരണ ഘടകങ്ങളിൽ ഇനിപ്പറയുന്ന ഇനങ്ങൾ ഉൾപ്പെടുന്നു (അനുബന്ധം 4 കാണുക).
25. Outstanding personal achievement: 28,25. മികച്ച വ്യക്തിഗത നേട്ടം: 28
Pediatric Orthopedics Unit,പീഡിയാട്രിക് ഓർത്തോപെഡിക്സ് യൂണിറ്റ്
Subject’s Initial: ________________,പങ്കെടുക്കുന്നയാളുടെ ഇനിഷ്യൽ:
This would lead to the creation of a high quality dataset available for comparisons with previously published data and for future studies. Findings from studies done over this database may help further understanding of RPS and ultimately may help to guide appropriate treatment for patients afflicted by this challenging disease.,"ഇത് മുമ്പ് പ്രസിദ്ധീകരിച്ച ഡാറ്റയും ഭാവി പഠനവും തമ്മിലുള്ള താരതമ്യത്തിന് ലഭ്യമായ ഉയർന്ന ഗുണമേന്മയുള്ള ഡാറ്റാസെറ്റുകളുടെ രൂപീകരണത്തിന് വഴിയൊരുക്കും. ഈ ഡേറ്റാബേസിൽ നടത്തുന്ന പഠനങ്ങളിൽ നിന്നുള്ള കണ്ടെത്തലുകൾ ആർ.പി.ഐയെ കുറിച്ചുള്ള കൂടുതൽ മനസ്സിലാക്കാൻ സഹായിക്കും, അത് ആത്യന്തികമായി ഈ വെല്ലുവിളിയായ രോഗത്തിനാല്‍ പീഡിതരായ രോഗികൾക്ക് അനുയോജ്യമായ ചികിത്സ നൽകാൻ സഹായിച്ചേക്കാം."
Why am I being asked to take part as a donor?,എന്തുകൊണ്ടാണ് എന്നോട് ഒരു ദാതാവായി പങ്കെടുക്കാൻ ആവശ്യപ്പെടുന്നു?
"◦ patients, society and medical research benefit from sharing cells and information among clinicians, researchers and institutions. The iPSCs derived from your donation may be made available to clinicians and researchers at hospitals, universities, private companies and other institutions nationally and internationally for the development of new drugs and treatments. It is likely that these therapies will be developed by commercial companies and the iPSCs derived from your donation may be used in these commercial products. Any new therapies developed from your cells may be used to treat a wide range of patients in different countries.","◦ കോശങ്ങളും വിവരങ്ങളും ക്ലിനിക്കുകൾ, ഗവേഷകർ, സ്ഥാപനങ്ങൾ എന്നിവർക്കിടയിൽ പങ്കിടുന്നതിലൂടെ രോഗികൾക്കും സമൂഹത്തിനും മെഡിക്കൽ ഗവേഷണത്തിനും പ്രയോജനം ലഭിക്കുന്നു. നിങ്ങളുടെ സംഭാവനയിൽ നിന്ന് ഉണ്ടായ iPSC-കൾ പുതിയ മരുന്നുകളും ചികിത്സകളും വികസിപ്പിക്കുന്നതിനായി ദേശീയ അന്തർദേശീയ തലത്തിലുള്ള ആശുപത്രികൾ, സർവ്വകലാശാലകൾ, സ്വകാര്യ കമ്പനികൾ, മറ്റ് സ്ഥാപനങ്ങൾ എന്നിവിടങ്ങളിലെ ഡോക്ടർമാർക്കും ഗവേഷകർക്കും ലഭ്യമാക്കിയേക്കാം. ഈ ചികിത്സകൾ വാണിജ്യ കമ്പനികൾ വികസിപ്പിച്ചെടുക്കാനും നിങ്ങളുടെ സംഭാവനയിൽ നിന്ന് ഉണ്ടായ iPSC-കൾ ഈ വാണിജ്യ ഉൽപ്പന്നങ്ങളിൽ ഉപയോഗിക്കാനും സാധ്യതയുണ്ട്. നിങ്ങളുടെ കോശങ്ങളിൽ നിന്ന് വികസിപ്പിച്ചെടുത്ത ഏതെങ്കിലും പുതിയ ചികിത്സാരീതികൾ വിവിധ രാജ്യങ്ങളിലെ വിവിധ രോഗികളെ ചികിത്സിക്കാൻ ഉപയോഗിച്ചേക്കാം."
(vi) I agree to take part in the above study voluntarily and without any influence/force of anyone. [ ],(vi) മേൽപ്പറഞ്ഞ പഠനത്തിൽ സ്വമേധയാ ആരുടെയും സ്വാധീനമോ ശക്തിയോ ഇല്ലാതെ പങ്കെടുക്കാൻ ഞാൻ സമ്മതിക്കുന്നു. [ ]
- is willing to donate,- ദാനം ചെയ്യാൻ സന്നദ്ധനായ
12. Coding of samples or data,12. സാമ്പിളുകളുടെ അല്ലെങ്കില്‍ ഡാറ്റയുടെ കോഡിംഗ്.
Only consenting patients will participate to this study.,സമ്മതം നൽകുന്ന രോഗികളെ മാത്രമേ ഈ പഠനത്തിൽ പങ്കെടുപ്പിക്കുകയുള്ളു.
• Concomitant Medications and Vaccinations/Immunizations,• ഒത്തൊരുമിച്ചുള്ള മരുന്നുകളും വാക്സിനേഷനുകളും/പ്രതിരോധ കുത്തിവയ്പ്പുകളും
Placing the Epidural Catheter,എപ്പിഡ്യൂറൽ കത്തീറ്റർ വെക്കുന്നത്
No. You will not be paid.,ഇല്ല. നിങ്ങൾക്ക് പണം നൽകില്ല.
Address:,വിലാസം:
Benefits:-,നേട്ടങ്ങൾ: -
Nutritional Status Assessment,പോഷക നില വിലയിരുത്തൽ
There is no increased harm in the study as it involves only obtaining some information. You will receive the standard treatment as per the protocol in the hospital.,ചില വിവരങ്ങൾ നേടുന്നതിൽ മാത്രം ഉൾപ്പെടുന്നതിനാൽ പഠനത്തിൽ വർധിച്ച ദോഷങ്ങളൊന്നുമില്ല. ആശുപത്രിയിലെ പ്രോട്ടോക്കോൾ അനുസരിച്ച് നിങ്ങൾക്ക് സാധാരണ ചികിത്സ ലഭിക്കും.
"Benefits: The study may benefit you in terms of offering focused screening of issues, training you to cope with the disease and its treatment and keep you informed of most aspects of disease and its effects. If the study is found to be useful, then the implementation of this model will improve the quality of life of other head and neck cancer patients. If associated risk factors are found, they can be modified for a better outcome in everyone.","പ്രയോജനങ്ങൾ: പ്രശ്നങ്ങളുടെ കേന്ദ്രീകൃത പരിശോധന വാഗ്ദാനം ചെയ്യുന്നതിലും രോഗത്തെയും അതിന്റെ ചികിത്സയെയും നേരിടാൻ നിങ്ങളെ പരിശീലിപ്പിക്കുന്നതിലും രോഗത്തിന്റെ മിക്ക വശങ്ങളെയും അതിന്റെ ഫലങ്ങളെയും കുറിച്ച് നിങ്ങളെ അറിയിക്കുന്നതിലും പഠനം നിങ്ങൾക്ക് ഗുണം ചെയ്തേക്കാം. പഠനം ഉപയോഗപ്രദമാണെന്ന് കണ്ടെത്തിയാൽ, ഈ മാതൃക നടപ്പിലാക്കുന്നത് മറ്റ് ഹെഡ് ആൻഡ് നെക്ക് കാൻസർ രോഗികളുടെ ജീവിതനിലവാരം മെച്ചപ്പെടുത്തും. ബന്ധപ്പെട്ട അപകടസാധ്യത ഘടകങ്ങൾ കണ്ടെത്തിയാൽ, എല്ലാവർക്കും മികച്ച ഫലത്തിനായി അവ പരിഷ്ക്കരിക്കാം."
"(ii) I understand that my participation in the study is voluntary. I can withdraw at any time, without any reason, without my medical care or legal rights being affected. [ ]","(ii) പഠനത്തിലെ എന്റെ പങ്കാളിത്തം സ്വമേധയാ ഉള്ളതാണെന്ന് ഞാൻ മനസ്സിലാക്കുന്നു. എനിക്ക് എപ്പോൾ വേണമെങ്കിലും, ഒരു കാരണവുമില്ലാതെ, എന്റെ വൈദ്യസഹായമോ നിയമപരമായ അവകാശങ്ങളോ ബാധിക്കാതെ തന്നെ ഒഴിവാവാം. [ ]"
Consent withdrawal,സമ്മതം പിൻവലിക്കൽ
‐ SGLT2i medicines are likely to reduce the risk of hospitalisation for heart failure and GLP‐1RA medicines may reduce fatal and non‐fatal stroke.,"‐ SGLT2i മരുന്നുകൾ ഹൃദയസ്തംഭനം മൂലം ആശുപത്രിയിൽ പ്രവേശിപ്പിക്കാനുള്ള സാധ്യത കുറയ്ക്കും, GLP-1RA മരുന്നുകൾ മാരകവും മാരകമല്ലാത്തതുമായ സ്ട്രോക്ക് കുറയ്ക്കും."
- Malaria,- മലേറിയ
Study Number: ____________,പഠന നമ്പര്‍:
"7. On discharge, there may be telephonic follow up of your child’s health condition.",7. ഡിസ്ചാർജ് ചെയ്തതിന് ശേഷവും നിങ്ങളുടെ കുട്ടിയുടെ ആരോഗ്യസ്ഥിതിയെക്കുറിച്ച് ടെലിഫോണിലൂടെ തുടർ അന്വേഷണങ്ങൾ ഉണ്ടായേക്കും.
40. Change in eating habits: 15,40. ഭക്ഷണ ശീലങ്ങളിലെ മാറ്റം: 15
7) Are there risks involved in taking part in the study?,7) പഠനത്തിൽ പങ്കെടുക്കുന്നതിൽ അപകടസാധ്യതകളുണ്ടോ?
There are no risks involved in taking part in this study. All the examination procedures and investigations to be done are completely non-invasive and pain free with no radiation hazard for control population.,"ഈ പഠനത്തിൽ പങ്കെടുക്കുന്നതിൽ അപകടസാധ്യതകളൊന്നുമില്ല. എല്ലാ പരീക്ഷാ നടപടിക്രമങ്ങളും അന്വേഷണങ്ങളും പൂർണ്ണമായും രോഗം പടർന്നു പിടിക്കാൻ സാധ്യതയില്ലാത്തതും , വേദനയില്ലാത്തതുമാണ്, കൂടാതെ ജനസംഖ്യയെ നിയന്ത്രിക്കുന്നതിന് വേണ്ടിയുള്ള റേഡിയേഷൻ അപകടസാധ്യതയും ഇല്ല ."
Information to the participants:,പങ്കെടുക്കുന്നവർക്കുള്ള വിവരങ്ങൾ:
In our study we will compare the effects of two different methods for postoperative pain relief in hip replacement surgeries,ഞങ്ങളുടെ പഠനത്തില്‍ ഇടുപ്പ് സന്ധി മാറ്റിവെക്കല്‍ ശസ്ത്രക്രിയക്ക് ശേഷം രോഗിയുടെ വേദന ഇല്ലാതാക്കുന്നതിന് രണ്ടു രീതികള്‍ ഞങ്ങള്‍ താരതമ്യം ചെയ്യും.
I have read and fully informed myself of the contents of this Consent Form before signing it.,ഈ സമ്മത ഫോം ഒപ്പിടുന്നതിന് മുമ്പ് ഞാൻ അത് വായിക്കുകയും പൂർണ്ണമായി അറിയിക്കുകയും ചെയ്തിട്ടുണ്ട്.
"We would like to assure you, that the amount of blood taken will be minimal and will not cause any major discomfort to your child. All the laboratory sample collection will be performed by experienced health care workers only.",എടുക്കുന്ന രക്തത്തിന്റെ അളവ് വളരെ കുറവായിരിക്കുമെന്നും അത് നിങ്ങളുടെ കുട്ടിക്ക് വലിയ അസ്വസ്ഥതകൾ ഉണ്ടാക്കില്ലെന്നും ഞങ്ങൾ നിങ്ങൾക്ക് ഉറപ്പ് നൽകുന്നു. എല്ലാ ലബോറട്ടറി സാമ്പിൾ ശേഖരണവും പരിചയസമ്പന്നരായ ആരോഗ്യ പരിപാലന പ്രവർത്തകർ മാത്രമായിരിക്കും നടത്തുന്നത്.
You will be told about any new information that may affect whether you want to continue to take part in the Registry.,നിങ്ങൾ രജിസ്ട്രിയിൽ തുടർന്നും പങ്കെടുക്കാൻ ആഗ്രഹിക്കുന്നുണ്ടോ എന്നതിനെ ബാധിക്കുന്ന ഏതെങ്കിലും പുതിയ വിവരങ്ങളെ കുറിച്ച് നിങ്ങളോട് പറയും.
"• You will be asked to provide some personal information such as age and job, some questions relating to the bite and undergo a medical examination.","പ്രായം, ജോലി എന്നിങ്ങനെയുള്ള ചില വ്യക്തിഗത വിവരങ്ങൾ, പാമ്പു കടിയുമായി ബന്ധപ്പെട്ട ചില ചോദ്യങ്ങൾ എന്നിവ ചോദിക്കുകയും, മെഡിക്കൽ പരിശോധനയ്ക്ക് വിധേയമാകാന്‍ നിങ്ങളോട് ആവശ്യപ്പെടുകയും ചെയ്യും."
Subject’s Initials: __________________,സബ്ജക്റ്റിന്‍റെ ഇനിഷ്യലുകൾ: __________________
There is no need to pay extra apart from your routine payment as per institutional rules and regulations. Additional tests done as a part of research will be done free of cost.,സ്ഥാപന നിയമങ്ങളും ചട്ടങ്ങളും അനുസരിച്ച് നിങ്ങൾ പതിവായി കൊടുക്കുന്ന പണത്തിനു പുറമെ അധികമായി നൽകേണ്ട ആവശ്യമില്ല. ഗവേഷണത്തിന്റെ ഭാഗമായി ചെയ്യുന്ന അധിക പരിശോധനകൾ സൌജന്യമായി നടത്തും.
(Click here for Audio Visual guidelines),(ഓഡിയോ വിഷ്വൽ ഗൈഡ്ലൈനുകൾക്കായി ഇവിടെ ക്ലിക്ക് ചെയ്യുക)
- Platelets,- പ്ലേറ്റ്ലറ്റ്സ്
iii. Comorbidities history,iii. അസുഖത്തോടൊപ്പം ഉള്ള മറ്റ് രോഗങ്ങളുടെ ചരിത്രം
Date: _____/_____/______,തീയതി: _____ / _____ / ______
Scientific evidence supports preparing newly diagnosed cancer patients to make their health better before starting cancer treatments. This is done by understanding your current health and by predicting the effects of cancer treatment that can negatively affect your health.,കാൻസർ ചികിത്സകൾ ആരംഭിക്കുന്നതിന് മുമ്പ് പുതുതായി രോഗനിർണയം നടത്തിയ കാൻസർ രോഗികളെ അവരുടെ ആരോഗ്യം മെച്ചപ്പെടുത്തുന്നതിന് തയ്യാറാക്കുന്നതിനെ ശാസ്ത്രീയ തെളിവുകൾ പിന്തുണയ്ക്കുന്നു. നിങ്ങളുടെ നിലവിലെ ആരോഗ്യം മനസിലാക്കുന്നതിലൂടെയും നിങ്ങളുടെ ആരോഗ്യത്തെ പ്രതികൂലമായി ബാധിക്കുന്ന കാൻസർ ചികിത്സയുടെ ഫലങ്ങൾ പ്രവചിക്കുന്നതിലൂടെയുമാണ് ഇത് ചെയ്യുന്നത്.
"What about privacy, authorization for use of Personal Health Information and confidentiality?",സ്വകാര്യതയെക്കുറിച്ചും വ്യക്തിഗത ആരോഗ്യ വിവരങ്ങളുടെ ഉപയോഗത്തിനുള്ള അംഗീകാരത്തെക്കുറിച്ചും രഹസ്യസ്വഭാവത്തെക്കുറിച്ചുമുള്ള നിലപാട് എന്താണ്?
5. Other investigations:,5. മറ്റ് അന്വേഷണങ്ങൾ:
You are eligible to participate in this study as you are diagnosed with a neurological condition and planned for surgery under general anaesthesia . Dexmedetomidine infusion is given to decrease the incidence of post operative delirium and provide stable haemodynamics.,നിങ്ങൾക്ക് ഒരു ന്യൂറോളജിക്കൽ അവസ്ഥ ഉണ്ടെന്ന് കണ്ടെത്തുകയും ജനറൽ അനസ്തേഷ്യയിൽ ശസ്ത്രക്രിയയ്ക്ക് ആസൂത്രണം ചെയ്യുകയും ചെയ്യുന്നതിനാൽ ഈ പഠനത്തിൽ പങ്കെടുക്കാൻ നിങ്ങൾക്ക് അർഹതയുണ്ട്. പോസ്റ്റ് ഓപ്പറേറ്റീവ് ഡിലൈറിയം കുറയ്ക്കുന്നതിനും സ്ഥിരമായ ഹീമോഡൈനാമിക്സ് നൽകുന്നതിനുമാണ് ഡെക്സ്മെഡെറ്റോമിഡിൻ ഇൻഫ്യൂഷൻ നൽകുന്നത്.
Informed Consent Form for Subjects,പങ്കെടുക്കുന്നയാളുകൾക്കുള്ള ഇൻഫോംഡ് കൺസെന്റ് ഫോം
What are the possible benefits of taking part?,പങ്കെടുക്കുന്നതിന്റെ സാധ്യമായ നേട്ടങ്ങൾ എന്തൊക്കെയാണ്?
Donor ID:,ഡോണര്‍ ഐഡി:
Some other investigations maybe performed during your childs stay in the hospital to carefully monitor your lung and cardiac function. These tests are non-invasive and will not hurt your child.,"നിങ്ങളുടെ കുട്ടി ആശുപത്രിയില്‍ ആയിരിക്കുമ്പോള്‍ കുട്ടിയുടെ ശ്വാസകോശ, ഹൃദയ പ്രവര്‍ത്തനങ്ങള്‍ നിരീക്ഷിക്കുന്നതിനായി മറ്റു ചില പരിശോധനകള്‍ നടത്തപ്പെടും. ഈ പരിശോധനകള്‍ കുട്ടിയെ ഒരു വിധത്തിലും ശല്യപ്പെടുത്തുന്നവയല്ല."
What will happen after the study is over?,പഠനം കഴിഞ്ഞാൽ എന്ത് സംഭവിക്കും?
"I understand that if a stem cell line is made, that it will be stored in a stem cell bank and that it may be used in research, development of drugs and treatments.","ഒരു സ്റ്റെം സെൽ ലൈൻ ഉണ്ടാക്കി കഴിഞ്ഞാൽ, അത് ഒരു സ്റ്റെം സെൽ ബാങ്കിൽ സ്റ്റോര്‍ ചെയ്യുമെന്നും അത് ഗവേഷണത്തിലും മരുന്നുകളുടെയും ചികിത്സയിലെയും വികസനത്തിലും ഉപയോഗിക്കുമെന്നും ഞാൻ മനസ്സിലാക്കുന്നു."
2. Definite (according to patient) weight loss.,2. കൃത്യമായ (രോഗി അനുസരിച്ച്) ശരീരഭാരം കുറയ്ക്കൽ.
Representative:,പ്രതിനിധി
1 Height of the Child (cms),1 കുട്ടിയുടെ ഉയരം (സെ.)
Signature or thumb impression of the Witness: Date://,സാക്ഷിയുടെ ഒപ്പ് അല്ലെങ്കിൽ വിരലടയാളം: തീയതി://
2. Obvious retardation during the interview.,2. അഭിമുഖത്തിനിടെ പ്രകടമായ മന്ദത.
Will I have to pay for the check up?,പരിശോധനക്കായി ഞാൻ പണം നൽകേണ്ടിവരുമോ?
"I understand that I can withdraw my consent without giving any reason, until my cells have been used in to make iPSC lines without my medical care or legal rights being affected.","എന്റെ മെഡിക്കൽ പരിചരണമോ നിയമപരമായ അവകാശങ്ങളോ ബാധിക്കാതെ iPSC ലൈനുകൾ നിർമ്മിക്കാൻ എന്റെ കോശങ്ങള്‍ ഉപയോഗിക്കുന്നതുവരെ, ഒരു കാരണവും പറയാതെ തന്നെ എന്റെ സമ്മതം പിൻവലിക്കാനാകുമെന്ന് ഞാൻ മനസ്സിലാക്കുന്നു."
Or contact the Principal Investigator:,അല്ലെങ്കിൽ പ്രധാന അന്വേഷകനെ ബന്ധപ്പെടുക:
Each participant enrolled in this study will be assessed for dry eye’s and for meibomian gland dysfunction. Helps the patient to understand the disease and to motivate them for regular follow up. Patients with severe disease will be appropriately treated with lubricants.,"ഈ പഠനത്തിൽ പങ്കെടുത്ത ഓരോ വ്യക്തിയുടെയും കണ്ണിന്റെ വരൾച്ചയും മെബോമിയൻ ഗ്രന്ഥിയുടെ പ്രവർത്തന വൈകല്യവും വിലയിരുത്തപ്പെടും. രോഗിയെ, രോഗത്തെ കുറിച്ച് മനസ്സിലാക്കാനും പതിവായി പരിശോധനകൾ നടത്തുന്നതിന് അവരെ പ്രേരിപ്പിക്കാനും സഹായിക്കുന്നു. ഗുരുതരമായ രോഗമുള്ള രോഗികൾക്ക് ലൂബ്രിക്കന്റുകൾ ഉപയോഗിച്ച് ഉചിതമായ ചികിത്സ നൽകും."
The results of this study will be described in a report which may be published as a paper or presented in a conference. At no time will any identifying characteristics of any of the participants be used. Your privacy will be maintained – your records will be accessed only by the investigators of the study and by your treating physicians.,ഈ പഠനത്തിന്റെ റിസൾട്ടുകൾ ഒരു പേപ്പറായി പ്രസിദ്ധീകരിക്കുകയോ ഒരു കോൺഫറൻസിൽ അവതരിപ്പിക്കുകയോ ചെയ്തേക്കാവുന്ന ഒരു റിപ്പോർട്ടിൽ വിവരിക്കും. ഒരു സമയത്തും പങ്കെടുക്കുന്നവർ തിരിച്ചറിയപ്പെടുന്ന സവിശേഷതകളൊന്നും ഉപയോഗിക്കില്ല. നിങ്ങളുടെ സ്വകാര്യത നിലനിർത്തപ്പെടും-നിങ്ങളുടെ രേഖകൾ പഠനത്തിന്റെ അന്വേഷകർക്കും നിങ്ങളുടെ ചികിത്സിക്കുന്ന ഡോക്ടർമാർക്കും മാത്രമേ ആക്സസ് ചെയ്യാൻ കഴിയൂ.
3. Educational status,3. വിദ്യാഭ്യാസ നില
There is no potential conflict of interest to disclose.,വെളിപ്പെടുത്താൻ താൽപ്പര്യ വൈരുദ്ധ്യമൊന്നുമില്ല.
Coding of samples or data,സാമ്പിളുകളുടെയോ ഡാറ്റയുടെയോ കോഡിംഗ്
Date of Birth/Age: ___________________________,ജനന തീയതി/പ്രായം:
Platelets help blood clot so as to stop bleeding from wounds,മുറിവുകളിൽ നിന്ന് രക്തസ്രാവം നിലയ്ക്കാൻ രക്തം കട്ടപിടിക്കുന്നതിനുള്ള പ്ലേറ്റ്ലറ്റുകൾ രക്തത്തെ സഹായിക്കുന്നു(Wrong)
"Your donation amounts to 350-450ml, not more than 10% of your total blood volume","നിങ്ങളുടെ രക്തദാനം 350-450 മില്ലി ലിറ്റർ ആണ്,ഇത് നിങ്ങളുടെ മൊത്തം രക്തത്തിന്റെ 10% ൽ കൂടുതൽ അല്ല."
Date of Birth/Age: ___________________________,ജനനത്തീയതി/പ്രായം:
"I understand and agree that materials and information from my donated samples and any stem cell lines made may be stored indefinitely for clinical, quality control purposes and made available to researchers around the world.","ഞാൻ ഡൊണേറ്റ് ചെയ്ത സാമ്പിളുകളിൽ നിന്നുള്ള മെറ്റീരിയലുകളും വിവരങ്ങളും, നിർമ്മിക്കപ്പെട്ട ഏതെങ്കിലും സ്റ്റെം സെൽ ലൈനുകളും ക്ലിനിക്കൽ, ഗുണനിലവാര നിയന്ത്രണ ആവശ്യങ്ങൾക്കായി അനിശ്ചിതമായി സംഭരിക്കപ്പെടുമെന്നും ലോകമെമ്പാടുമുള്ള ഗവേഷകർക്ക് ലഭ്യമാക്കുമെന്നും ഞാൻ മനസ്സിലാക്കുകയും അംഗീകരിക്കുകയും ചെയ്യുന്നു."
Who has reviewed this study?,ആരാണ് ഈ പഠനം അവലോകനം ചെയ്തത്?
3. What is the work plan in this study?,3. ഈ പഠനത്തിലെ വർക്ക് പ്ലാൻ എന്താണ്?
2. Greater than 2 lb weight loss in week.,2. ആഴ്ചയിൽ 2 lb-ൽ കൂടുതൽ ഭാരം കുറയുന്നു.
"Coronavirus disease (COVID-19) is an infectious disease caused by a newly discovered coronavirus SARS CoV2. You may be aware, that this virus has spread to many countries and has caused a global health crisis. The clinical manifestations in children have been reported to be mild but is evolving. We still do not know the full impact of this infection in children. Therefore, it is very important that we collect as much information as possible from children seen in our hospital in a systematic manner.","കൊറോണ വൈറസ് രോഗം (കോവിഡ്-19) പുതുതായി കണ്ടെത്തിയ കൊറോണ വൈറസ് സാര്‍സ് കോവ്2 മൂലമുണ്ടാകുന്ന ഒരു പകർച്ചവ്യാധിയാണ്. ഈ വൈറസ് പല രാജ്യങ്ങളിലേക്കും വ്യാപിക്കുകയും ആഗോള ആരോഗ്യ പ്രതിസന്ധിക്ക് കാരണമാവുകയും ചെയ്തിട്ടുണ്ടെന്ന് നിങ്ങൾക്കറിയാം. കുട്ടികളില്‍ രോഗലക്ഷണം നേരിയ തോതിലാണ് പ്രകടിപ്പിക്കുന്നത് എന്ന് ക്ലിനിക്കലായി റിപ്പോർട്ടുചെയ്‌തിട്ടുണ്ടെങ്കിലും അത് ഗുരുതരമായികൊണ്ടിരിക്കുന്നു. കുട്ടികളിൽ ഈ അണുബാധ ഉളവാക്കുന്ന ആഘാതം എത്രയെന്ന് ഞങ്ങള്‍ക്കിപ്പോഴും അറിയില്ല. അതിനാൽ, ഞങ്ങളുടെ ആശുപത്രിയിൽ പ്രവേശിപ്പിക്കപ്പെടുന്ന കുട്ടികളിൽ നിന്ന് കഴിയുന്നത്ര വിവരങ്ങൾ ചിട്ടയായ രീതിയിൽ ശേഖരിക്കേണ്ടത് വളരെ പ്രധാനമാണ്."
FOP Registry:,FOP രജിസ്ട്രി:
‐ do not reduce the risk of heart attack and probably do not reduce the risk of stroke;,"‐ ഹൃദയാഘാത സാധ്യത കുറയ്ക്കരുത്, പക്ഷാഘാത സാധ്യത കുറയ്ക്കരുത്;"
(iv) I agree for the use of stored blood/ cells and other biological samples of my child to be used for further studies. I understand that this may not be helpful in the treatment of my child but may be helpful to patients in the future. [ ],"(iv) എന്റെ കുട്ടിയുടെ സംഭരിച്ച രക്തം / കോശങ്ങൾ, മറ്റ് ജൈവ സാമ്പിളുകൾ എന്നിവ കൂടുതൽ പഠനത്തിനായി ഉപയോഗിക്കാൻ ഞാൻ സമ്മതിക്കുന്നു. ഇത് എന്റെ കുട്ടിയുടെ ചികിത്സയ്ക്ക് സഹായകരമാകില്ലെന്നും പക്ഷെ ഭാവിയിൽ രോഗികൾക്ക് സഹായകരമായേക്കും എന്ന് ഞാൻ മനസ്സിലാക്കുന്നു."
"The research will involve close monitoring of progression of disease in your child, interpreting investigations which maybe routine or specific to diagnose, assess severity, response to treatment and immunity of COVID-19 infection.","ഈ ഗവേഷണത്തില്‍ കുട്ടികളിലെ രോഗ പുരോഗതി സൂക്ഷ്മമായി വിലയിരുത്തുക, സാധാരണമായതോ പ്രത്യേകമായിട്ടുള്ളതോ ആയ രീതിയില്‍ രോഗ നിര്‍ണയത്തിന് വേണ്ടി നിരീക്ഷണങ്ങളെ വിലയിരുത്തുക, തീവ്രത വിലയിരുത്തുക, COVID-19 അണുബാധക്ക് ചികിത്സയോടുള്ള പ്രതികരണവും പ്രതിരോധവും കണക്കാക്കുക എന്നിവ കൂടി ഉള്‍പ്പെടുന്നു."
INCIDENCE OF PRE ANESTHETIC HYPERTENSION IN NORMOTENSIVES,നോർമോട്ടൻസിവുകളിൽ പ്രീ അനസ്തെറ്റിക് ഹൈപ്പർടെൻഷന്‍റെ സംഭവങ്ങൾ
Date: _____/_____/______,തീയതി://
Signature of the Investigator: ________________________,പരിശോധിച്ച ആളുടെ ഒപ്പ്: ________________________
What is the purpose of the study?,എന്താണ് പഠനത്തിന്‍റെ ഉദ്ദേശ്യം?
Patient information sheet dated: 08/01/2019,രോഗിയുടെ വിവര ഷീറ്റ് dated: 08/01/2019
2. Moderate.,2. മിതമായി
Will your personal details be kept confidential?,നിങ്ങളുടെ സ്വകാര്യ വിവരങ്ങൾ രഹസ്യമായി സൂക്ഷിക്കുമോ?
g. I permit Dr./Mr. ___ to take my photograph/video graph,g. ഞാൻ ഡോ./ ശ്രീ ___ എന്റെ ഫോട്ടോ / വീഡിയോ ഗ്രാഫ് എടുക്കാൻ സമ്മതം നൽകുന്നു
Signature (or Thumb impression) of the Subject/Legally Acceptable,സബ്‍ജക്റ്റിന്‍റെ/നിയമപരമായി സ്വീകാര്യമായ ഒപ്പ് (അല്ലെങ്കിൽ തള്ളവിരലിന്‍റെ മുദ്ര).
What will happen if child develops any study related injury?,കുട്ടിക്ക് പഠനവുമായി ബന്ധപ്പെട്ട എന്തെങ്കിലും പരിക്ക് പറ്റിയാൽ എന്ത് സംഭവിക്കും?
DONOR CONSENT FORM,ഡോണർ കൺസെന്റ് ഫോം
Participants Name:,പങ്കെടുക്കുന്നവരുടെ പേര്:
"14. When I’m offered a free drink, I accept even if I don’t feel like taking it.","14. എനിക്ക് സൌജന്യമായി മദ്യം വാഗ്ദാനം ചെയ്യുമ്പോൾ, അത് കഴിക്കാൻ എനിക്ക് തോന്നുന്നില്ലെങ്കിലും ഞാൻ സ്വീകരിക്കുന്നു."
This study aims to further medical knowledge and may improve intraoperative haemodynamics and lower the incidence of post operative delirium and agitation and which will help in the surgery and recovery with early hospital discharge.,"ഈ പഠനം കൂടുതൽ വൈദ്യപരിജ്ഞാനം ലക്ഷ്യമിടുന്നു, കൂടാതെ ശസ്ത്രക്രിയക്ക് ഇടയിലുള്ള രക്ത ചംക്രമണം മെച്ചപ്പെടുത്തുകയും ശസ്ത്രക്രിയക്ക് ശേഷമുള്ള അ സ്വസ്ഥത , പ്രക്ഷോഭം എന്നിവ കുറയ്ക്കുകയും ചെയ്യാം, ശസ്ത്രക്രിയക്ക് ശേഷം പെട്ടെന്ന് തന്നെ സാധരണ ജീവിതത്തിലേക്ക് മടങ്ങി വരാനും ആശുപത്രി യിൽ നിന്നും വിടുതൽ ലഭിക്കാനും സഹായിക്കും"
Patient Signature,രോഗിയുടെ ഒപ്പ്
Informed Consent form to participate in research study.,ഗവേഷണ പഠനത്തിൽ പങ്കെടുക്കുന്നതിനുള്ള ഇൻഫോംഡ് കൺസന്റ് ഫോം (സമ്മതപത്രം).
Many different kinds of people need blood including,വിവിധ തരത്തിലുള്ള ആളുകൾക്ക് രക്തം ആവശ്യമുണ്ട്
"I have read the information above, had the opportunity to ask questions and agree to give my blood and data / allow access to my medical record for use in this study as described above.","മുകളിലുള്ള വിവരങ്ങൾ ഞാൻ വായിച്ചിട്ടുണ്ട്, ചോദ്യങ്ങൾ ചോദിക്കാന്‍ എനിക്ക് അവസരം ലഭിക്കുകയും എന്റെ രക്തവും ഡാറ്റയും നൽകാന്‍ സമ്മതം നല്‍കുകയും ചെയ്തിട്ടുണ്ട് / മുകളിൽ വിവരിച്ചതുപോലെ ഈ പഠനത്തിൽ ഉപയോഗിക്കുന്നതിന് എന്റെ മെഡിക്കൽ റെക്കോർഡിലേക്ക് പ്രവേശനം അനുവദിക്കുക."
Disagree strongly - (1) (1) (1) (1) (1) (1) (1) (1) (1) (1),ശക്തമായി വിയോജിക്കുന്നു - (1) (1) (1) (1) (1) (1) (1) (1) (1) (1)
will keep you safe,നിങ്ങളെ സംരക്ഷിക്കും
Step-1: Is the BMI below the cut-off value in the table overleaf?,ഘട്ടം -1: പട്ടിക ഓവർ‌ലീഫിലെ കട്ട്-ഓഫ് മൂല്യത്തിന് താഴെയാണോ ശരീര ഭാര സൂചിക?
Procedure: Cartilage harvest / Cartilage transplantation,നടപടിക്രമം: തരുണാസ്ഥി വിളവെടുപ്പ് / തരുണാസ്ഥി മാറ്റിവയ്ക്കൽ
"You are being asked to participate in a research study and the participation is entirely voluntary. This consent form gives detailed information about the research study and the investigator will answer any questions that you may have. Once you have understood this study you will be asked to sign this consent form, if you agree participate.","ഒരു ഗവേഷണ പഠനത്തിൽ പങ്കെടുക്കാൻ നിങ്ങളോട് ആവശ്യപ്പെടുന്നു, നിങ്ങളുടെ പങ്കാളിത്തം പൂർണ്ണമായും സ്വമേധയാ ഉള്ളതാണ്. ഈ സമ്മത പത്രിക ഗവേഷണ പഠനത്തെക്കുറിച്ചുള്ള വിശദമായ വിവരങ്ങൾ നൽകുന്നു, കൂടാതെ നിങ്ങൾക്ക് ഉണ്ടായേക്കാവുന്ന ഏത് ചോദ്യത്തിനും അന്വേഷകൻ ഉത്തരം നൽകും. ഈ പഠനത്തെപ്പറ്റി നിങ്ങൾ മനസ്സിലാക്കി കഴിഞ്ഞ് ഇതില്‍ പങ്കെടുക്കാൻ നിങ്ങൾ സമ്മതിക്കുകയാണെങ്കിൽ, ഈ സമ്മതപത്രത്തിൽ ഒപ്പിടാൻ നിങ്ങളോട് ആവശ്യപ്പെടും."
(i) I confirm that I have read and understood the information sheet for the above study and have had the opportunity to ask questions.,(i) മുകളിലുള്ള പഠനത്തിനുള്ള വിവര ഷീറ്റ് ഞാൻ വായിക്കുകയും മനസിലാക്കുകയും ചെയ്തുവെന്നും ചോദ്യങ്ങൾ ചോദിക്കാനുള്ള അവസരം ലഭിച്ചിട്ടുണ്ടെന്നും ഞാൻ സ്ഥിരീകരിക്കുന്നു.
"Following the completion of the epidural process, the surgery will proceed as planned.","എപ്പിഡ്യൂറൽ പ്രക്രിയ പൂർത്തിയാക്കിയ ശേഷം, ആസൂത്രണം ചെയ്തതുപോലെ ശസ്ത്രക്രിയ തുടരും."
Participation in this study is entirely voluntary. Participants may choose not to take part or may leave the study at any time. This decision will not affect their further treatment at this hospital.,ഈ പഠനത്തിലെ പങ്കാളിത്തം പൂർണ്ണമായും സ്വമേധയാ ഉള്ളതാണ്. പങ്കെടുക്കുന്നവർക്ക് പങ്കെടുക്കേണ്ടെന്ന് തീരുമാനിക്കാം അല്ലെങ്കിൽ എപ്പോൾ വേണമെങ്കിലും പഠനം ഉപേക്ഷിക്കാം. ഈ തീരുമാനം ഈ ആശുപത്രിയിലെ അവരുടെ തുടർ ചികിത്സയെ ബാധിക്കില്ല.
"If you decide to be in the study, I will not tell anyone else how you respond or act as part of the study. Even if your parents or teachers ask, I will not tell them about what you say or do in the study.","നിങ്ങൾ പഠനത്തിൽ ഏർപ്പെടാൻ തീരുമാനിക്കുകയാണെങ്കിൽ, നിങ്ങൾ എങ്ങനെ പ്രതികരിക്കുന്നു അല്ലെങ്കിൽ പഠനത്തിന്റെ ഭാഗമായി പ്രവർത്തിക്കുന്നുവെന്ന് ഞാൻ മറ്റാരെയും അറിയിക്കുകയില്ല. നിങ്ങളുടെ മാതാപിതാക്കളോ അധ്യാപകരോ ചോദിച്ചാല്‍ പോലും, പഠനത്തിൽ നിങ്ങൾ പറയുന്നതിനെക്കുറിച്ചോ ചെയ്യുന്നതിനെക്കുറിച്ചോ ഞാൻ അവരെ അറിയിക്കുകയില്ല."
Consent withdrawal,പിൻവലിക്കുന്നതിന് വേണ്ടിയുള്ള സമ്മതം.
-Make blood donation a habit,- രക്തദാനം ഒരു ശീലമാക്കുക
Dr. ----,ഡോ. ----
c) Signature of the Investigator Obtaining the,സി) അന്വേഷകന്റെ ഒപ്പ്
2. … is generally trusting,2. … പൊതുവെ എല്ലാരേയും വിശ്വസിക്കുന്ന
Informed Consent: Understanding Your Participation in the FOP Registry,വിവരങ്ങള്‍ വ്യക്തമാക്കിയുള്ള സമ്മതം: FOP രജിസ്ട്രിയിലെ നിങ്ങളുടെ പങ്കാളിത്തം മനസ്സിലാക്കുന്നു
(vi) I am aware of the Audio-visual recording of the Informed Consent. [ ],(vi) സമ്മതം അറിയിക്കുന്നതിന്റെ ഓഡിയോ-വിഷ്വൽ റെക്കോർഡിംഗിനെക്കുറിച്ച് എനിക്ക് ബോധ്യമുണ്ട്. []
"2. Start necessary rehabilitation treatments for your existing side effects, for you to be healthy once again and have a better quality of life.",2. നിങ്ങൾ വീണ്ടും ആരോഗ്യവാന്മാരാകാനും മെച്ചപ്പെട്ട ജീവിതനിലവാരം നേടാനും നിങ്ങളുടെ നിലവിലുള്ള പാർശ്വഫലങ്ങൾക്ക് ആവശ്യമായ റീഹാബിലിറ്റേഷൻ ചികിത്സകൾ ആരംഭിക്കുക.
"Ans. In this study, cartilage pieces from child’s own pelvis bone near waist is taken out. Cells are grown in the laboratory and transplanted in the growth plate of the involved bone after removal of the damaged part. As the transplanted cells are from child’s own body, they proliferate and transform into growth plate and restore the bone growth. This method reduces the number of additional surgeries done to lengthen the bone or correct the bending as child’s own bone starts to regrow.","ഉത്തരം. ഈ പഠനത്തിൽ, കുട്ടിയുടെ അരക്കെട്ടിനടുത്തുള്ള പെൽവിസ് അസ്ഥിയിൽ നിന്നുള്ള തരുണാസ്ഥി കഷണങ്ങൾ പുറത്തെടുക്കുന്നു. കോശങ്ങൾ ലബോറട്ടറിയിൽ വളർത്തുകയും കേടുവന്ന ഭാഗം നീക്കം ചെയ്തതിനുശേഷം ബന്ധപ്പെട്ട അസ്ഥിയുടെ വളർച്ച പ്ലേറ്റിൽ വെച്ച് പിടിപ്പിക്കുകയും ചെയ്യുന്നു. പറിച്ചുനട്ട കോശങ്ങൾ‌ കുട്ടിയുടെ സ്വന്തം ശരീരത്തിൽ‌ നിന്നുമുള്ളതിനാൽ‌, അവ വ്യാപിക്കുകയും വളർച്ചാ പ്ലേറ്റായി മാറുകയും അസ്ഥികളുടെ വളർച്ച പുന:സ്ഥാപിക്കപെടുകയും ചെയ്യുന്നു. കുട്ടിയുടെ സ്വന്തം അസ്ഥി വീണ്ടും വളരാൻ തുടങ്ങുമ്പോൾ അസ്ഥി നീളം കൂട്ടുന്നതിനോ വളയുന്നത് ശരിയാക്കുന്നതിനോ ചെയ്യുന്ന അധിക ശസ്ത്രക്രിയകളുടെ എണ്ണം ഈ രീതി കുറയ്ക്കുന്നു."
«PiLocations»,"""പൈലോക്കേഷനുകൾ"""
Just like when you get a scrape on your knee and its heals,നിങ്ങളുടെ കാൽമുട്ടിന്‍റെ തൊലി പോവുകയും അത് സുഖപ്പെടുകയും ചെയ്യുന്നതുപോലെ
"Ans. This treatment is only one stage and consent withdrawal, once the surgery and cell transplant are done, is not possible. Your participation in this study, however, is entirely voluntary and you are also free to refuse or later on withdraw permission to participate in this study.","ഉത്തരം. ഈ ചികിത്സയില്‍ ഒരു ഘട്ടം മാത്രമാണ് ഉള്ളത്, അതുകൊണ്ട് ശസ്ത്രക്രിയയും സെൽ ട്രാൻസ്പ്ലാൻറും ചെയ്തുകഴിഞ്ഞാൽ സമ്മതം പിൻവലിക്കൽ സാധ്യമല്ല. എന്നിരുന്നാലും, ഈ പഠനത്തിലെ നിങ്ങളുടെ പങ്കാളിത്തം പൂർണ്ണമായും സ്വമേധയാ ഉള്ളതാണ്, മാത്രമല്ല ഈ പഠനത്തിൽ പങ്കെടുക്കാനുള്ള അനുമതി നിരസിക്കാനോ പിന്നീട് പിൻവലിക്കാനോ നിങ്ങൾക്ക് സ്വാതന്ത്ര്യമുണ്ട്."
﻿Comparison of Cerebral Blood Flow During Recovery Between Total Intravenous Anaesthesia Versus Balanced Anaesthesia Technique in Patients Undergoing Elective Supratentorial Craniotomy: A Randomized Control Trial,"ഇലക്‌റ്റിവ് സുപ്രാറ്റൻറ്റോറിയൽ ക്രാനിയോടോമിക്ക് വിധേയരാകുന്ന രോഗികളിൽ ടോട്ടല്‍ ഇൻട്രാവീനസ് അനസ്തേഷ്യ, ബാലൻസ്‌ഡ് അനസ്‌തേഷ്യ ടെക്‌നിക് എന്നിവ പ്രയോഗിക്കുമ്പോള്‍ വീണ്ടെടുക്കൽ സമയത്തുള്ള സെറിബ്രൽ ബ്ലഡ് ഫ്ലോ-കളുടെ താരതമ്യം: ഒരു ക്രമരഹിത നിയന്ത്രിത പരീക്ഷണം"
Address of the Subject:,പങ്കെടുക്കുന്നയാളിന്റെ വിലാസം:
Compensation: Will you have to pay for the treatment/Will I be paid for my participation?,പ്രതിഫലം: ചികിത്സയ്ക്കായി നിങ്ങൾ പണം നൽകേണ്ടിവരുമോ / എന്റെ പങ്കാളിത്തത്തിന് എനിക്ക് പ്രതിഫലം ലഭിക്കുമോ?
"Will my participating in this study, my personal details will be kept confidentially?","ഞാൻ ഈ പഠനത്തിൽ പങ്കെടുക്കുമ്പോൾ, എന്‍റെ വ്യക്തി വിവരങ്ങൾ രഹസ്യമായി സൂക്ഷിക്കുമോ?"
Subject’s Name: _________________________________________,സബ്‍ജക്റ്റിന്‍റെ പേര്: _________________________________________
Cell phone:,സെൽ ഫോൺ:
9. … gets nervous easily,9. … എളുപ്പത്തിൽ പരിഭ്രാന്തരാകുന്ന
8) Will I benefit from the study?,8) പഠനത്തിൽ നിന്ന് എനിക്ക് എന്തെങ്കിലും പ്രയോജനം ലഭിക്കുമോ?
(v) I agree to take part in the above study. [ ],(v) മേൽപ്പറഞ്ഞ പഠനത്തിൽ പങ്കെടുക്കാൻ ഞാൻ സമ്മതിക്കുന്നു. [ ]
consent form for photography and video recording,"ഫോട്ടോഗ്രഫി, വീഡിയോ റെക്കോർഡിംഗ് എന്നിവയ്ക്കുള്ള സമ്മതപത്രം"
I can understand you feel...,നിങ്ങളുടെ തോന്നലുകള്‍ എനിക്ക് മനസിലാക്കാൻ കഴിയും ...
(v) I agree to take part in the above study.,(v) മേൽപ്പറഞ്ഞ പഠനത്തിൽ പങ്കെടുക്കാൻ ഞാൻ സമ്മതിക്കുന്നു.
Name of the Signatory: ________,ഒപ്പിട്ടയാളുടെ പേര്: ________
• Additional signs and symptoms by body systems,• ശരീര വ്യവസ്ഥകൾ മുഖേനയുള്ള അധിക അടയാളങ്ങളും ലക്ഷണങ്ങളും
Analyzing the Impact of Preprocedural Video Demonstration for Patients Undergoing Epidural Analgesia.,എപ്പിഡ്യൂറൽ അനസ്‌തേഷ്യയ്ക്ക് വിധേയരായ രോഗികൾക്ക് പ്രീപ്രോസീജറൽ വീഡിയോ ഡെമോൺസ്‌ട്രേഷൻ്റെ സ്വാധീനം വിശകലനം ചെയ്യുന്നു.
"In giving peripheral blood sample, you are at risk for the following","പെരിഫറൽ രക്ത സാമ്പിൾ നൽകുമ്പോൾ, നിങ്ങൾക്ക് താഴെപ്പറയുന്ന അപകടസാധ്യതയുണ്ട്"
- Syphilis,- സിഫിലിസ്
Variable,വ്യതിയാനം
I understand that stem cell lines may be used for commercial purposes.,സ്റ്റെം സെൽ ലൈനുകൾ വാണിജ്യ ആവശ്യങ്ങൾക്കായി ഉപയോഗിച്ചേക്കുമെന്ന് ഞാൻ മനസ്സിലാക്കുന്നു.
Subject’s Initials: __________________ Subject’s Name: _________________________________________,രോഗിയുടെ( പങ്കെടുക്കുന്ന ആളുടെ) ഇനിഷ്യൽ: __________________ രോഗിയുടെ( പങ്കെടുക്കുന്ന ആളുടെ) പേര്: __________________________________________
"4. Stopped working because of present illness. Rate 4 if patient engages in no activities except routine chores, or if patient fails to perform routine chores unassisted.",4. ഇപ്പോഴത്തെ അസുഖം കാരണം ജോലി നിർത്തി. രോഗി പതിവ് ജോലികൾ ഒഴികെയുള്ള പ്രവർത്തനങ്ങളിൽ ഏർപ്പെടുന്നില്ലെങ്കിലോ അല്ലെങ്കിൽ സഹായമില്ലാതെ പതിവ് ജോലികൾ ചെയ്യാൻ രോഗി പരാജയപ്പെടുകയോ ചെയ്താൽ 4 ആയി റേറ്റ് ചെയ്യുക.
Donor re-contact,ദാതാക്കളെ വീണ്ടും ബന്ധപ്പെടണം
Are there any benefits to taking part in this study?,ഈ പഠനത്തിൽ പങ്കെടുക്കുന്നതിലൂടെ എന്തെങ്കിലും നേട്ടങ്ങളുണ്ടോ?
Date of Birth / Age: ___________________________,ജനനത്തീയതി / പ്രായം: ___________________________
PATIENT CONSENT SHEET,രോഗിയുടെ സമ്മതപത്രം
4. Side effects,4. പാർശ്വഫലങ്ങൾ
"Neuroticism: 4R, 9","ന്യൂറോട്ടിസിസം: 4R, 9"
(v) I agree to take part in the above study. [ ],(v) മുകളിൽ പറഞ്ഞ പഠനത്തിൽ പങ്കെടുക്കാൻ ഞാൻ സമ്മതിക്കുന്നു.
12. I consume less when I have to pay for every drink.,12. മദ്യത്തിന് പണം നൽകേണ്ടിവരുമ്പോൾ ഞാൻ കുറച്ച് മാത്രമേ കഴിക്കൂ.
"gastro-intestinal – dry mouth, wind, indigestion, diarrhea, cramps, belching","ഗ്യാസ്ട്രോ-ഇന്റസ്റ്റൈനൽ - വരണ്ട വായ, കാറ്റ്, ദഹനക്കേട്, വയറിളക്കം, മലബന്ധം, ബെൽച്ചിംഗ്"
Sometimes adults get worried when they read the news or see me on TV.,"എന്നെപ്പറ്റിയുള്ള വാര്‍ത്തകള്‍ വായിക്കുമ്പോഴോ, എന്നെ ടിവിയില്‍ കാണുമ്പോഴോ മുതിര്‍ന്ന ആളുകള്‍ ആകുല ചിത്തരാകും."
Ph Number:,പിഎച്ച് നമ്പർ:
"◦ sign the consent form, a copy will be given to you to keep as record.","◦ കൺസെന്റ് ഫോമിൽ ഒപ്പിടുക, റെക്കോർഡായി സൂക്ഷിക്കാൻ നിങ്ങൾക്ക് ഒരു കോപ്പി നൽകും."
d. The details of the process has been made clear to me in my mother tongue ___ by ___,d. പ്രക്രിയയുടെ വിശദാംശങ്ങൾ എന്റെ മാതൃഭാഷയിൽ ___ ___ വ്യക്തമാക്കി
Study participation involves collection of blood specimen which is routinely done as a part of pre transplant workup. Venepuncture site injury is routinely not seen as blood will be collected by a trained phlebotomist using standard operating procedures thereby no potential risks.,പ്രീ ട്രാസ്പ്ളാന്റ്ന്റെ ഭാഗമായുള്ള പരിപൂർണ്ണ പരിശോധനയിൽ ക്ര്യത്യമായ ഇടവേളകളിൽ രക്തപരിശോധന നടത്തുന്നത് പഠനത്തിന്റെ ഭാഗമാണ് .പരിശീലനം ലഭിച്ച ഫ്ളെബോടോമിസ്റ്റ് സ്റ്റാൻഡേർഡ് ഓപ്പറേറ്റിംഗ് നടപടിക്രമങ്ങൾ ഉപയോഗിച്ച് രക്തം ശേഖരിക്കുന്നതിനാൽ വെനിപങ്ചർ സൈറ്റിന്റെ പരിക്ക് സാധാരണയായി കാണാറില്ല.
- Get adequate rest.,- ആവശ്യത്തിന് വിശ്രമം എടുക്കുക.(??)
You will not receive any payments for taking part in this study.,ഈ പഠനത്തിൽ പങ്കെടുക്കുന്നതിന് നിങ്ങൾക്ക് പ്രതിഫലമൊന്നും ലഭിക്കുകയില്ല.
(i) I confirm that I have read and understood the information sheet dated ____________ for the above study and have had the opportunity to ask questions. [ ],(i) മേൽപ്പറഞ്ഞ പഠനത്തിനായി ____________ തീയതിയിലുള്ള ഇന്‍ഫോര്‍മേഷന്‍ ഷീറ്റ് ഞാൻ വായിക്കുകയും മനസ്സിലാക്കുകയും ചെയ്തിട്ടുണ്ടെന്നും ചോദ്യങ്ങൾ ചോദിക്കാനുള്ള അവസരം ലഭിച്ചുവെന്നും ഞാൻ സ്ഥിരീകരിക്കുന്നു. [ ]
‐ may not increase the risk of worsening kidney function or bone fracture and probably do not increase the risk of low blood sugar;,"‐ വൃക്കകളുടെ പ്രവർത്തനം വഷളാക്കുകയോ അസ്ഥി ഒടിവുകൾ ഉണ്ടാകുകയോ ചെയ്യാനുള്ള സാധ്യത വർധിപ്പിച്ചേക്കില്ല, ഒരുപക്ഷേ രക്തത്തിലെ പഞ്ചസാരയുടെ അളവ് കുറയാനുള്ള സാധ്യത വർദ്ധിപ്പിക്കരുത്;"
"Data collected will be kept confidential at all times. When publishing results of this study, individual patient identity will not be revealed. You will not give up any of your legal rights by signing this form","ശേഖരിച്ച ഡാറ്റ എല്ലായ്‌പ്പോഴും രഹസ്യമായി സൂക്ഷിക്കും. ഈ പഠനത്തിന്റെ ഫലങ്ങൾ പ്രസിദ്ധീകരിക്കുമ്പോൾ, രോഗിയുടെ വ്യക്തിഗത വിവരങ്ങള്‍ വെളിപ്പെടുത്തില്ല. ഈ ഫോമിൽ ഒപ്പിട്ടുകൊണ്ട് നിങ്ങളുടെ നിയമപരമായ അവകാശങ്ങളൊന്നും നിങ്ങൾ ഉപേക്ഷിക്കേണ്ടതില്ല"
Please tick boxes,ബോക്സുകളിൽ ടിക്ക് ചെയ്യുക
"In order for you to donate stem cells, you need to go through mobilization and collection.","നിങ്ങൾ സ്റ്റെം സെല്ലുകൾ ദാനം ചെയ്യുന്നതിന്, നിങ്ങൾ സമാഹരണം, ശേഖരണം എന്നീ പ്രക്രിയയിലൂടെ കടന്നു പോകേണ്ടതുണ്ട്."
Will I be paid for taking part in this study?,ഈ പഠനത്തിൽ പങ്കെടുക്കുന്നതിന് എനിക്ക് പ്രതിഫലം ലഭിക്കുമോ?
Date:__________,തീയതി: __________
Blood cannot be manufactured,രക്തം നിർമ്മിക്കാനാവില്ല.
7. Frequency of ethanol consumption,7. എഥനോൾ ഉപഭോഗത്തിന്റെ ആവൃത്തി
"If the injection of cells is found to be successful, the shortcomings of other procedures are not expected with this treatment. Furthermore, similar studies (Injection of cells for the treatment of urinary incontinence) have been carried out in other countries on three separate groups of women and that it was found to be harmless and beneficial to some extent.","കോശങ്ങളുടെ കുത്തിവയ്പ്പ് വിജയകരമാണെന്ന് കണ്ടെത്തിയാൽ, മറ്റ് ചികിത്സാരീതികളിലുള്ള പോരായ്മകൾ ഈ ചികിത്സയില്‍ ഉണ്ടാകും എന്ന് പ്രതീക്ഷിക്കുന്നില്ല. കൂടാതെ, സമാനമായ പഠനങ്ങൾ (മൂത്രം പോകുന്നതിലെ നിയന്ത്രണമില്ലായ്ക ചികിത്സിക്കുന്നതിനുള്ള കോശങ്ങളുടെ കുത്തിവയ്പ്പ്) മറ്റ് മൂന്ന് രാജ്യങ്ങളിൽ സ്ത്രീകളുടെ മൂന്ന് വ്യത്യസ്ത ഗ്രൂപ്പുകളിൽ നടത്തിയിട്ടുണ്ട്, ഇത് ഒരു പരിധിവരെ നിരുപദ്രവകരവും പ്രയോജനകരവുമാണെന്ന് കണ്ടെത്തി ."
Nil,ഇല്ല
Information sheet,വിവര ഷീറ്റ്
<Page-1>,<പേജ് -1>
If your total is over 300:,നിങ്ങളുടെ ആകെ തുക 300-ൽ കൂടുതലാണെങ്കിൽ:
Relation to participant:,പങ്കെടുക്കുന്ന വ്യക്തിയുമായുള്ള ബന്ധം:
Forseeable risks or inconveniences:-,പ്രതീക്ഷിക്കാവുന്ന അപകടങ്ങളും അസൌകര്യങ്ങളും: -
"The costs involved in collection of your blood, processing and other activities involved will be borne by us. You do have to pay any amount for participation in this project.","നിങ്ങളുടെ രക്തം ശേഖരിക്കൽ, സംസ്കരണം, മറ്റ് പ്രവർത്തനങ്ങൾ എന്നിവ ഉൾപ്പെടുന്ന ചെലവുകൾ ഞങ്ങൾ വഹിക്കും. ഈ പ്രോജക്റ്റിൽ പങ്കെടുക്കുന്നതിന് നിങ്ങൾ എന്തെങ്കിലും ഒരു തുക നല്‍കേണ്ടതുണ്ട്."
Pediatric Orthopedic Unit,പീഡിയാട്രിക് ഓർത്തോപെഡിക് യൂണിറ്റ്
You are free to withdraw from the study at any time .Your child’s treatment in this hospital will not be affected in any way by that decision.,നിങ്ങൾക്ക് എപ്പോൾ വേണമെങ്കിലും പഠനത്തിൽ നിന്ന് പിന്മാറാൻ സ്വാതന്ത്ര്യമുണ്ട് .ഈ ആശുപത്രിയിലെ നിങ്ങളുടെ കുട്ടിയുടെ ചികിത്സയെ ആ തീരുമാനം ഒരു തരത്തിലും ബാധിക്കില്ല.
What happens if I refuse?,ഞാൻ നിരസിച്ചാൽ എന്ത് സംഭവിക്കും?
Sharing of result:,ഫലത്തിന്റെ പങ്കിടൽ:
"This study is to find out if the addition of steroids (a drug commonly used to decrease inflammation and/or reduce an immune response) to standard treatment for patients with severe scrub typhus pneumonitis (infection of the airspaces of the lung), would improve patient outcomes.",കടുത്ത സ്ക്രബ് ടൈഫസ് ന്യൂമോണിറ്റിസ് (ശ്വാസകോശത്തിലെ എയർസ്പേസുകളിലെ അണുബാധ) ഉള്ള രോഗികൾക്ക് സാധാരണ ചികിത്സയ്ക്കായി സ്റ്റിറോയിഡുകൾ (വീക്കം കുറയ്ക്കുന്നതിനും കൂടാതെ/അല്ലെങ്കിൽ ഇമ്മ്യൂൺ റെസ്പോൺസ് കുറയ്ക്കുന്നതിനും സാധാരണയായി ഉപയോഗിക്കുന്ന ഒരു മരുന്ന്) ഉൾപ്പെടുത്തുന്നത് രോഗിയുടെ ഔട്ട്‌കം മെച്ചപ്പെടുത്തുമോ എന്ന് കണ്ടെത്തുന്നതിനാണ് ഈ പഠനം.
Date: _____/_____/_______,തീയതി: _____/______/_________
Print Name …………………………,പേര് അച്ചടിക്കുക …………………………
Will I be informed of this study’s results and findings?,ഈ പഠനത്തിന്‍റെ ഫലങ്ങളും കണ്ടെത്തലുകളും എന്നെ അറിയിക്കുമോ?
Date: ...........,തീയതി: ...........
What happens to the results?,പഠന ഫലങ്ങൾക്ക് എന്ത് സംഭവിക്കും?
I have been permitted to clear all my doubts and ask questions about need of video recording.,എന്റെ എല്ലാ സംശയങ്ങളും ദൂരീകരിക്കാനും വീഡിയോ റെക്കോർഡിംഗിന്റെ ആവശ്യകതയെക്കുറിച്ചുള്ള ചോദ്യങ്ങൾ ചോദിക്കാനും എനിക്ക് അനുവാദമുണ്ട്.
"﻿ Hello! Welcome and thank you for choosing us for your care. In this video, let's talk about epidural anesthesia – a remarkable technique designed to provide you with effective pain relief during labor or surgery. Our goal is to make your experience as comfortable and stress-free as possible.","ഹലോ! സ്വാഗതം, നിങ്ങളുടെ പരിചരണത്തിനായി ഞങ്ങളെ തിരഞ്ഞെടുത്തതിന് നന്ദി. ഈ വീഡിയോയിൽ, എപ്പിഡ്യൂറൽ അനസ്തേഷ്യയെക്കുറിച്ച് സംസാരിക്കാം - പ്രസവസമയത്ത് അല്ലെങ്കിൽ ശസ്ത്രക്രിയയ്ക്കിടെ നിങ്ങൾക്ക് ഉണ്ടാകുന്ന വേദനയ്ക്ക് ഫലപ്രദമായ രീതിയിൽ ആശ്വാസം നൽകാൻ രൂപകൽപ്പന ചെയ്ത ഒരു ശ്രദ്ധേയമായ സമ്പ്രദായമാണിത്. നിങ്ങളുടെ അനുഭവം കഴിയുന്നത്ര സുഖകരവും സമ്മർദ്ദരഹിതവുമാക്കുക എന്നതാണ് ഞങ്ങളുടെ ലക്ഷ്യം."
22. What if I have questions about the haplobank?,22. ഹാപ്ലോബാങ്കിനെക്കുറിച്ച് എനിക്ക് ചോദ്യങ്ങളുണ്ടെങ്കിൽ എന്തുചെയ്യും?
"legally responsible for the care and maintenance of that person), or the parent or guardian of a child.","ആ വ്യക്തിയുടെ പരിപാലനത്തിനും പരിപാലനത്തിനും നിയമപരമായ ഉത്തരവാദിത്തം), അല്ലെങ്കിൽ ഒരു കുട്ടിയുടെ രക്ഷിതാവോ രക്ഷിതാവോ."
4. What will happen if we accept to participate in this study?,4. ഈ പഠനത്തിൽ പങ്കെടുക്കാൻ ഞങ്ങൾ സമ്മതിച്ചാൽ എന്ത് സംഭവിക്കും?
Site Address:,സൈറ്റ് വിലാസം:
The Patient Portal data collection elements will include the following items (see Appendix 3).,പേഷ്യന്റ് പോർട്ടൽ ഡാറ്റ ശേഖരണ ഘടകങ്ങളിൽ ഇനിപ്പറയുന്ന ഇനങ്ങൾ ഉൾപ്പെടുന്നു (അനുബന്ധം 3 കാണുക).
Signature Impartial Witness,നിഷ്പക്ഷ സാക്ഷിയുടെ ഒപ്പ്
What is required to take part in this study?,ഈ പഠനത്തിൽ പങ്കെടുക്കുന്നതിന് വേണ്ട കാര്യങ്ങൾ എന്താണ്?
Full Name ( In Capital Letters ) ………….. ………………,മുഴുവൻ പേര് (വലിയ അക്ഷരങ്ങളിൽ) ………….. ……………………
Neither agree nor disagree - (3) (3) (3) (3) (3) (3) (3) (3) (3) (3),യോജിക്കുകയോ വിയോജിക്കുകയോ ചെയ്യുന്നില്ല - (3) (3) (3) (3) (3) (3) (3) (3) (3) (3)
Signature or thumb impression of the Witness:,സാക്ഷിയുടെ ഒപ്പ് അല്ലെങ്കിൽ വിരലടയാളം:
BYE BYE...,ബൈ ബൈ ...
"4. Group therapy, education and doubt clearing sessions for you and your care-giver so that you may find similar patients undergoing cancer treatment like you, to find encouragement and motivation.","4. ഗ്രൂപ്പ് തെറാപ്പി, വിദ്യാഭ്യാസം, നിങ്ങൾക്കും നിങ്ങളുടെ പരിചരണ ദാതാക്കൾക്കുമായി സംശയ നിവാരണ സെഷനുകൾ, അതുവഴി നിങ്ങളെപ്പോലെ കാൻസർ ചികിത്സയ്ക്ക് വിധേയരാകുന്ന സമാന രോഗികളെ കണ്ടെത്താനും പ്രോത്സാഹനവും പ്രചോദനവും കണ്ടെത്താനും കഴിയും."
Background :,പശ്ചാത്തലം :
2. Wishes he/she were dead or any thoughts of possible death to self.,2. അവൻ/അവൾ മരിച്ചിരുന്നെങ്കിൽ അല്ലെങ്കിൽ സ്വയം മരിക്കാൻ സാധ്യതയുള്ള ഏതെങ്കിലും ചിന്തകൾ.
2. Divorce: 73,2. വിവാഹമോചനം: 73
Patients will receive a copy of the information form and a copy of the consent form.,രോഗികൾക്ക് ഇൻഫർമേഷൻ ഫോമിൻറെ ഒരു കോപ്പിയും സമ്മതപത്രത്തിന്‍റെ ഒരു പകർപ്പും ലഭിക്കും.
A PROSPECTIVE OBSERVATIONAL STUDY,ഒരു പ്രോസ്പെക്റ്റീവ് ഒബ്സെർവേഷണൽ സ്റ്റഡി
1. Clinical Diagnosis,1. ചികിത്സാ സംബന്ധിയായ രോഗ നിർണ്ണയം
Life Stress Self Assessment,ലൈഫ് സ്ട്രെസ് സെൽഫ് അസ്സസ്മെന്റ് (ജീവിത സമ്മർദ്ദം സ്വയം വിലയിരുത്തൽ)
"DNA is your genetic material, the material from which your genes are made. Your genes are inherited from your parents and passed on to your children. Your DNA, any residual blood sample and any other derivatives ( such as the iPSC line ) will be stored in a freezer in the research lab. Your DNA will be labeled with a code number that links the sample to you, but not labeled with your name. Your sample and any derivative material ( e. g., processed blood sample, iPSC line, DNA ) will be preserved and may be used in the future for research and therapeutic purposes beyond the generation of iPSC lines and the preparation of therapeutic cells. This may include whole-genome sequencing and other genetic information originating from the sample and any derivative material. Your sample and any derivative material also can be used for technologies yet to be developed.","DNA നിങ്ങളുടെ ജെനെറ്റിക് മെറ്റീരിയൽ ആണ്, നിങ്ങളുടെ ജീനുകൾ നിർമ്മിക്കപ്പെട്ട മെറ്റീരിയൽ. നിങ്ങളുടെ ജീനുകൾ നിങ്ങളുടെ മാതാപിതാക്കളിൽ നിന്ന് പാരമ്പര്യമായി നിങ്ങളുടെ കുട്ടികളിലേക്ക് കൈമാറുന്നു. നിങ്ങളുടെ DNA, ബാക്കിയുള്ള ഏതെങ്കിലും രക്ത സാമ്പിൾ, മറ്റേതെങ്കിലും ഡെറിവേറ്റീവുകൾ (iPSC ലൈൻ പോലുള്ളവ) എന്നിവ റിസേര്‍ച്ച് ലാബിലെ ഫ്രീസറിൽ സൂക്ഷിക്കും. സാമ്പിളിനെ നിങ്ങളുമായി ബന്ധിപ്പിക്കുന്ന ഒരു കോഡ് നമ്പർ ഉപയോഗിച്ച് നിങ്ങളുടെ DNA ലേബൽ ചെയ്യും, എന്നാൽ നിങ്ങളുടെ പേരിനൊപ്പം ലേബൽ ചെയ്യില്ല. നിങ്ങളുടെ സാമ്പിളും ഏതെങ്കിലും ഡെറിവേറ്റീവ് മെറ്റീരിയലും (ഉദാ. പ്രോസസ് ചെയ്ത രക്ത സാമ്പിൾ, iPSC ലൈൻ, ഡിഎൻഎ) സംരക്ഷിക്കപ്പെടും, ഭാവിയിൽ iPSC ലൈനുകൾ സൃഷ്ടിക്കുന്നതിനും ചികിത്സാ കോശങ്ങൾ തയ്യാറാക്കുന്നതിനുമപ്പുറം ഗവേഷണത്തിനും ചികിത്സാ ആവശ്യങ്ങൾക്കുമായി ഉപയോഗിച്ചേക്കാം. ഇതിൽ മുഴുവൻ-ജീനോം സീക്വൻസിംഗും സാമ്പിളിൽ നിന്നും ഏതെങ്കിലും ഡെറിവേറ്റീവ് മെറ്റീരിയലിൽ നിന്നും ഉത്ഭവിക്കുന്ന മറ്റ് ജനിതക വിവരങ്ങളും ഉൾപ്പെട്ടേക്കാം. ഇനിയും വികസിപ്പിച്ചിട്ടില്ലാത്ത സാങ്കേതികവിദ്യകൾക്കായി നിങ്ങളുടെ സാമ്പിളും ഏതെങ്കിലും ഡെറിവേറ്റീവ് മെറ്റീരിയലും ഉപയോഗിക്കാവുന്നതാണ്."
1 Diagnosis of the Child,1 കുട്ടിയുടെ രോഗനിർണയം
date.................,തീയതി .................
7. Will you have to pay for the study surgery?,7. പഠന ശസ്ത്രക്രിയയ്ക്ക് നിങ്ങൾ പണം നൽകേണ്ടിവരുമോ?
"If you decide to participate in the study, the anti-snake venom will be provided to you free of charge. The hospital bed and investigation related expenses will also be supported. However no additional monetary compensation will be provided.","പഠനത്തിൽ പങ്കെടുക്കാൻ നിങ്ങൾ തീരുമാനിക്കുകയാണെങ്കിൽ, പാമ്പ് വിരുദ്ധ വിഷം നിങ്ങൾക്ക് സൌജന്യമായി നൽകും. ആശുപത്രി കിടക്കയുടെയും പഠനവുമായി ബന്ധപ്പെട്ട ചെലവുകളുടെയും കാര്യത്തില്‍ സഹായം ലഭിക്കും. എന്നിരുന്നാലും ഇതിന് പുറമെ മറ്റ് പ്രതിഫലം ഒന്നും തന്നെ നല്‍കുന്നതല്ല ."
21. Who is funding this research haplobank?,21. ആരാണ് ഈ റിസേര്‍ച്ച് ഹാപ്ലോബാങ്കിന് ധനസഹായം നൽകുന്നത്?
(iv) I agree not to restrict the use of any data or results that arise from this study provided such a use is only for scientific purpose(s). [ ],"(iv) ഇത്തരം പഠനങ്ങളില്‍ നിന്ന് ഉരുത്തിരിയുന്ന ഫലങ്ങളോ, ഡാറ്റയോ ശാസ്ത്രീയമായാ ഉപയോഗങ്ങൾക്ക് മാത്രമായി പരിമിതപ്പെടുത്തേണ്ടതില്ലെന്ന് ഞാൻ സമ്മതിക്കുന്നു ."
sweating,വിയർക്കുന്നത്
"Ans. No new risk or extra discomfort due to only this method is anticipated except for infection or allergy. The cells will be grown in strict precautions and will be released only after checking for infection. Possible problems after surgery may be a failure to restart the growth gain and reappearance of the growth plate fusion. Other risks or complications pertained to any other surgeries such as anesthesia problems, wound infections also apply here.","ഉത്തരം. അണുബാധയോ അലർജിയോ ഒഴികെ ഈ രീതി കാരണം പുതിയ അപകടമോ അധിക അസ്വസ്ഥതയോ പ്രതീക്ഷിക്കുന്നില്ല. കോശങ്ങൾ കർശനമായ മുൻകരുതലുകൾ ഉപയോഗിച്ച് വളർത്തുകയും അണുബാധ പരിശോധിച്ചതിന് ശേഷം മാത്രമേ പുറത്തുവിടുകയും ചെയ്യുകയുള്ളൂ. ശസ്‌ത്രക്രിയക്ക് ശേഷം വളർച്ചാ പ്ലേറ്റ് സംയോജനത്തിന്റെ വളര്‍ച്ച നടക്കാതിരിക്കുക എന്നിങ്ങനെയുള്ള പ്രശ്നങ്ങള്‍ ഉണ്ടാകാന്‍ സാധ്യതയുണ്ട്. അനസ്തേഷ്യ പ്രശ്നങ്ങൾ, മുറിവിലുള്ള അണുബാധകൾ എന്നിവ പോലുള്ള മറ്റ് ശസ്ത്രക്രിയകളിലുള്ള മറ്റ് അപകടസാധ്യതകളും സങ്കീർണതകളും ഇവിടെയും ബാധകമാണ്."
The background to this project is the evolving science about pluripotent stem cells that can differentiate and become different types of cells and could be used for the treatment of a wide variety of diseases in future. These cells can be generated from adult cells by certain cellular modifications in the laboratory. Such cells are called iPSCs.,"ഈ പ്രോജക്റ്റിന്റെ പശ്ചാത്തലം പ്ലൂറിപോട്ടന്റ് സ്റ്റെം സെല്ലുകളെക്കുറിച്ചു വികസിച്ചുകൊണ്ടിരിക്കുന്ന ശാസ്ത്രമാണ്, അത് വ്യത്യസ്ത തരം കോശങ്ങളായി മാറുകയും ഭാവിയിൽ വൈവിധ്യമാർന്ന രോഗങ്ങളുടെ ചികിത്സയ്ക്കായി ഉപയോഗിക്കുകയും ചെയ്യും. ലബോറട്ടറിയിലെ ചില സെല്ലുലാർ പരിഷ്കാരങ്ങൾ വഴി മുതിർന്ന കോശങ്ങളിൽ നിന്ന് ഈ കോശങ്ങൾ സൃഷ്ടിക്കാൻ കഴിയും. അത്തരം സെല്ലുകളെ iPSC എന്ന് വിളിക്കുന്നു."
"Head, Centre for Stem Cell Research","ഹെഡ്, സെന്റർ ഫോർ സ്റ്റെം സെൽ റിസർച്ച്"
What is this study about?,ഈ പഠനം എന്തിനെക്കുറിച്ചാണ്?
Participation/donation in this haplobank is voluntary. If you decide not to take part or if you change your mind this should not have any direct adverse financial or other consequences for you. Your current and future medical care will not be affected by your decision.,ഹാപ്ലോബാങ്കിലെ പങ്കാളിത്തം/സംഭാവന സ്വമേധയാ ഉള്ളതാണ്. നിങ്ങൾ പങ്കെടുക്കേണ്ടതില്ലെന്ന് തീരുമാനിക്കുകയോ നിങ്ങളുടെ മനസ്സ് മാറ്റുകയോ ചെയ്താൽ ഇത് നിങ്ങൾക്ക് നേരിട്ട് പ്രതികൂലമായി സാമ്പത്തികമായോ മറ്റ് പ്രത്യാഘാതങ്ങളോ ഉണ്ടാക്കരുത്. നിങ്ങളുടെ ഇപ്പോഴത്തെയും ഭാവിയിലെയും വൈദ്യ പരിചരണത്തെ നിങ്ങളുടെ തീരുമാനം ബാധിക്കില്ല.
4. Patient reports virtually only these feeling states in his/her spontaneous verbal and non-verbal communication.,4. രോഗി അവൻ്റെ/അവളുടെ സ്വതസിദ്ധമായ വാക്കാലുള്ളതും അല്ലാത്തതുമായ ആശയവിനിമയത്തിൽ ഫലത്തിൽ ഈ വികാരാവസ്ഥകൾ മാത്രമേ റിപ്പോർട്ട് ചെയ്യുന്നുള്ളൂ.
"If you agree to participate in this, you will need to give consent for us to do test (sHLA-G measurement) in your blood sample taken during pre transplant workup. No extra sample needed.","ഇതിൽ പങ്കെടുക്കാൻ നിങ്ങൾ സമ്മതിക്കുകയാണെങ്കിൽ, പ്രീ ട്രാൻസ്പ്ലാൻറ്ന്റെ ഭാഗമായുള്ള പരിപൂർണ്ണ പരിശോധന സമയത്ത് എടുത്ത നിങ്ങളുടെ രക്ത സാമ്പിളിൽ പരിശോധന (എസ്എച്ച്എൽ‌എ-ജി അളക്കൽ) നടത്താൻ നിങ്ങൾ സമ്മതം നൽകേണ്ടതുണ്ട്. അധിക സാമ്പിൾ ആവശ്യമില്ല."
"After the study gets over, we will be analyzing the various significances and outcomes of the study, in such a way we will be able to improve the donor care.","പഠനം അവസാനിച്ചുകഴിഞ്ഞാൽ, പഠനത്തിന്റെ വിവിധ പ്രാധാന്യങ്ങളും ഫലങ്ങളും ഞങ്ങൾ വിശകലനം ചെയ്യും, അത്തരത്തിൽ ദാതാക്കളുടെ പരിചരണം മെച്ചപ്പെടുത്താൻ ഞങ്ങൾക്ക് കഴിയും."
‐ We need further studies to find out if these medicines also have a positive effect on cardiovascular health in people without diabetes or if the effects seen in people with diabetes are due only to these medicines’ ability to control blood sugar.,"‐ പ്രമേഹമില്ലാത്തവരിൽ ഈ മരുന്നുകൾ ഹൃദയാരോഗ്യത്തെ നല്ല രീതിയിൽ സ്വാധീനിക്കുന്നുണ്ടോ അതോ പ്രമേഹമുള്ളവരിൽ കാണുന്ന ഗുണങ്ങൾ, രക്തത്തിലെ പഞ്ചസാര നിയന്ത്രിക്കാനുള്ള ഈ മരുന്നുകളുടെ കഴിവ് കൊണ്ടാണോ എന്നറിയാൻ കൂടുതൽ പഠനങ്ങൾ ആവശ്യമാണ്."
Name of the Investigator:_____________,അന്വേഷകന്റെ പേര്: _____________
"The purpose of haplobanking is to create a bank of cells from individuals with homozygous HLA haplotypes through a single donation of a small quantity of their blood. iPSC lines derived from such cells could be used to treat people with different diseases in future by producing suitable cell types. The iPSCs derived from your donation may be used in a broad range of ethically approved research including the research, development of possible treatments for various diseases and conditions. They can provide a supply of other cell types for the treatment. In the future, this may include transplanting cells or tissues made from iPSCs into other patients to treat life threatening or debilitating diseases by using cell based therapy. This development work may include:","ഹോമോസൈഗസ് HLA ഹാപ്ലോടൈപ്പുകളുള്ള വ്യക്തികളിൽ നിന്ന് അവരുടെ ചെറിയ അളവിലുള്ള രക്തത്തിന്റെ ഒരൊറ്റ ദാനത്തിലൂടെ കോശങ്ങളുടെ ഒരു ബാങ്ക് സൃഷ്ടിക്കുക എന്നതാണ് ഹാപ്ലോബാങ്കിംഗിന്റെ ലക്ഷ്യം. അത്തരം കോശങ്ങളിൽ നിന്ന് ഉണ്ടാക്കിയ iPSC ലൈനുകൾ ഭാവിയിൽ വിവിധ രോഗങ്ങളുള്ള ആളുകൾക്ക് അനുയോജ്യമായ വിവിധ കോശങ്ങൾ ഉൽപ്പാദിപ്പിച്ച് ചികിത്സിക്കാൻ ഉപയോഗിക്കാം. നിങ്ങളുടെ ഡൊണേഷനിൽ നിന്ന് ഉണ്ടായ iPSC-കൾ വിവിധ രോഗങ്ങൾക്കും അവസ്ഥകൾക്കും വേണ്ടിയുള്ള ഗവേഷണം, സാധ്യമായ ചികിത്സകളുടെ വികസനം എന്നിവയുൾപ്പെടെയുള്ള ധാർമ്മികമായി അംഗീകൃത ഗവേഷണത്തിന്റെ വിപുലമായ ശ്രേണിയിൽ ഉപയോഗിച്ചേക്കാം. ചികിത്സയ്ക്കായി മറ്റ് കോശങ്ങളുടെ വിതരണം അവർക്ക് നൽകാൻ കഴിയും. ഭാവിയിൽ, കോശങ്ങളെ അടിസ്ഥാനമാക്കിയുള്ള തെറാപ്പി ഉപയോഗിച്ച് ജീവൻ അപകടപ്പെടുത്തുന്നതോ ദുർബലപ്പെടുത്തുന്നതോ ആയ രോഗങ്ങൾ ചികിത്സിക്കുന്നതിനായി iPSC-കളിൽ നിന്ന് നിർമ്മിച്ച കോശങ്ങളോ ടിഷ്യുകളോ മറ്റ് രോഗികളിലേക്ക് ട്രാൻസ്‌പ്ലാന്റ് ചെയ്യുന്നത് ഇതിൽ ഉൾപ്പെട്ടേക്കാം. ഈ വികസന പ്രവർത്തനത്തിൽ താഴെപ്പറയുന്നവ ഉൾപ്പെടാം:"
﻿INFORMED CONSENT FORM FOR SUBJECTS,സബ്‍ജക്റ്റുകള്‍ക്കായുള്ള ഇൻഫോമ്ഡ് കൺസെന്റ് ഫോം
"Your participation in this study is voluntary. You may decide not to be in this study, or to be in the study now and then changing your mind later. You may leave the study at any time without affecting your care.",ഈ പഠനത്തിൽ നിങ്ങളുടെ പങ്കാളിത്തം സ്വമേധയാ ഉള്ളതാണ്. ഇപ്പോള്‍ ഈ പഠനത്തിൽ ചേരാനോ ചേരാതിരിക്കാനോ നിങ്ങള്‍ തീരുമാനിക്കുകയും പിന്നീട് മനസുമാറുകയും ചെയ്തേക്കാം. നിങ്ങള്‍ക്ക് ലഭിക്കുന്ന ചികിത്സയെ ബാധിക്കാതെ തന്നെ നിങ്ങൾക്ക് എപ്പോൾ വേണമെങ്കിലും പഠനം ഉപേക്ഷിക്കാം.
Decreased intake and/or,കഴിക്കുന്നതിലുള്ള കുറവ് കൂടാതെ / അല്ലെങ്കിൽ
"Regular voluntary blood donation makes our blood supply safer and also helps to ensure availability of safe blood when it is needed. Society as a whole benefits from this, and you and your dear ones, as a part of society also benefit!!","പതിവായി സ്വമേധയാ രക്തദാനം ചെയ്യുന്നത് നിങ്ങളുടെ രക്തചംക്രമണം കൂടുതൽ സുരക്ഷിതമാക്കുകയും, സുരക്ഷിതമായ രക്തം ആവശമുള്ളപ്പോൾ ലഭ്യമാക്കുകയും ചെയ്യുന്നു . ഇതിന്റെ ഗുണം ലഭിക്കുന്നത് സമൂഹത്തിനാണ്, നിങ്ങളും നിങ്ങളുടെ പ്രിയപ്പെട്ടവരുമടങ്ങുന്ന സമൂഹത്തിന് ഇതിന്റെ ഗുണം ലഭിക്കുന്നു ."
"8) RETARDATION (slowness of thought and speech, impaired ability to concentrate, decreased motor activity)","8) മന്ദത (ചിന്തയുടെയും സംസാരത്തിൻ്റെയും മന്ദത, ശ്രദ്ധ കേന്ദ്രീകരിക്കാനുള്ള കഴിവില്ലായ്മ, മോട്ടോർ പ്രവർത്തനം കുറയുന്നു)"
Amendment 3 Date:,ഭേദഗതി 3 തീയതി:
Preparation in the Operating Room,ഓപ്പറേഷൻ റൂമിലെ തയ്യാറെടുപ്പ്
Signature of the Investigator: ________________________,അന്വേഷകന്റെ ഒപ്പ്:
7. Any compensation will be provided for this study related injury?,7. ഈ പഠനവുമായി ബന്ധപ്പെട്ടുണ്ടാകുന്ന പരിക്കിന് എന്തെങ്കിലും നഷ്ടപരിഹാരം നൽകുമോ?
3. Kindly refrain from wearing valuable ornaments during admission.,3. പ്രവേശന സമയത്ത് വിലപിടിപ്പുള്ള ആഭരണങ്ങൾ ധരിക്കുന്നത് ഒഴിവാക്കുക.
"I am a VIRUS, cousins with the Flu and the Common Cold","ഞാനൊരു വൈറസ് ആണ്, പനിയും ജലദോഷവും വരുത്തുന്ന വൈറസ് കുടുംബത്തിലെ ഒരംഗം."
What happens to the results?,റിസൾട്ടുകൾക്ക്എന്തു സംഭവിക്കും?
What will happen if I take part?,ഞാൻ പങ്കെടുത്താൽ എന്ത് സംഭവിക്കും?
I give my permission/assent for my medical portal data to be linked to my FOP Biobank Biospecimen data (required):,എന്റെ മെഡിക്കൽ പോർട്ടൽ ഡാറ്റയെ എന്റെ FOP ബയോബാങ്ക് ബയോസ്‌പെസിമെൻ ഡാറ്റയുമായി ലിങ്ക് ചെയ്യുന്നതിന് ഞാൻ എന്റെ അനുമതി/സമ്മതം നൽകുന്നു (ആവശ്യമാണ്):
Sponsor:,സ്പോൺസർ:
4. Complete stupor.,4. പൂർണ്ണ മയക്കം.
"◦ Venipuncture ( blood samples ) risks include bruising, bleeding or infection at the site of where the blood was taken. These are generally controlled with simple methods.","◦ വെനിപഞ്ചർ (രക്ത സാമ്പിളുകൾ) അപകടസാധ്യതകളിൽ രക്തം എടുത്ത സ്ഥലത്ത് ചതവ്, രക്തസ്രാവം അല്ലെങ്കിൽ അണുബാധ എന്നിവ ഉൾപ്പെടുന്നു. സാധാരണയായി ഇവ ലളിതമായ രീതികളിലൂടെ നിയന്ത്രിക്കപ്പെടുന്നു."
Versions,പതിപ്പുകൾ
DEPARTMENT OF PAEDIATRIC ORTHOPEDICS,പീഡിയാട്രിക് ഓർത്തോപീഡിക് വിഭാഗം
Instructions: for each item select the one “cue” which best characterizes the patient. Be sure to record the answers in the appropriate spaces (positions 0 through 4).,"നിർദ്ദേശങ്ങൾ: ഓരോ ഇനത്തിനും രോഗിയെ മികച്ച രീതിയിൽ ചിത്രീകരിക്കുന്ന ഒരു""സൂചന"" തിരഞ്ഞെടുക്കുക. ഉത്തരങ്ങൾ ഉചിതമായ ഇടങ്ങളിൽ രേഖപ്പെടുത്തുന്നത് ഉറപ്പാക്കുക (സ്ഥാനങ്ങൾ 0 മുതൽ 4 വരെ)."
(vii) I am aware that there may be an Audio-visual recording of the Informed Consent. [ ],(vii) സമ്മതം അറിയിച്ചതിന്‍റെ ഓഡിയോ-വിഷ്വൽ റെക്കോർഡിംഗ് ഉണ്ടായേക്കാം എന്ന് എനിക്കറിയാം.
Subject’s Initials: __________________ Subject’s Name: _________________________________________,പഠനവിധേയമാകുന്ന ആളുടെ ഇനിഷ്യൽസ് : __________________ പഠനവിധേയമാകുന്ന ആളുടെ പേര് : _________________________________________
• A patient (or their parent or legal guardian) willing and able to provide electronic informed consent.,"• ഒരു രോഗി (അല്ലെങ്കിൽ അവരുടെ രക്ഷിതാവ് അല്ലെങ്കിൽ നിയമപരമായ രക്ഷിതാവ്) അനുകൂലമാണ് , ഇലക്ട്രോണിക് സമ്മതം നൽകാൻ കഴിവുള്ളയാളുമാണ്."
What are the potential risks of participating in this study?,ഈ പഠനത്തിൽ പങ്കെടുക്കുന്നതിന്റെ അപകടസാധ്യതകൾ എന്തൊക്കെയാണ്?
What happens to the results?,ഫലങ്ങൾക്ക് എന്ത് സംഭവിക്കും?
3.0. Registry Design and Data Collection,3.0 രജിസ്ട്രി ഡിസൈനും ഡാറ്റ ശേഖരണവും
6 Father`s education,6 പിതാവിന്റെ വിദ്യാഭ്യാസം
Step-3: Has the child had a reduced intake (includeing feeds) for at least the past week?,ഘട്ടം -3: കുറഞ്ഞത് കഴിഞ്ഞ ഒരാഴ്ചയായി കുട്ടി ആഹാരം കഴിക്കുന്നത് കുറവാണോ (ഫീഡുകൾ ഉൾപ്പെടെ)?
"(Form n. 2: ""Informed Consent for the Treatment"").","(ഫോം നമ്പര്‍ 2: ""ചികിത്സക്കായി ബോധ്യപ്പെട്ട് നല്‍കിയ സമ്മതം"")."
(iv) I agree not to restrict the use of any data or results that arise from this study provided such a use is only for scientific purpose(s). [ ],(iv) ഈ പഠനത്തിൽ നിന്ന് ഉണ്ടാകുന്ന ഏതൊരു ഡാറ്റയുടെയോ റിസള്‍ട്ടുകളുടെയോ ഉപയോഗം ശാസ്ത്രീയമായ ഉദ്ദേശ്യങ്ങൾക്ക് മാത്രമാണെങ്കില്‍ അത്തരം ഉപയോഗം പരിമിതപ്പെടുത്തേണ്ടതില്ലെന്ന് ഞാൻ സമ്മതിക്കുന്നു. [ ]
"I, voluntarily agree to participate in one time",ഒരു തവണ പങ്കെടുക്കാൻ ഞാൻ സ്വമേധയാ സമ്മതിക്കുന്നു.
20. Will I be paid for taking part in this haplobank?,20. ഈ ഹാപ്ലോബാങ്കിൽ പങ്കെടുത്തതിന് എനിക്ക് പ്രതിഫലം ലഭിക്കുമോ?
Protocolnumber:,പ്രോട്ടോക്കോൾനമ്പർ:
"What about privacy, authorization for use of Personal Health Information and confidentiality?","സ്വകാര്യതയെക്കുറിച്ചും, സ്വകാര്യ ആരോഗ്യ വിവരങ്ങൾ ഉപയോഗിക്കുന്നതിനുള്ള അനുമതിയെക്കുറിച്ചും വ്യക്തമാക്കാമോ?"
e. I know that at any time in the future I can withdraw the consent of my child.,e. ഭാവിയിൽ ഏത് സമയത്തും എന്റെ കുട്ടിയുടെ സമ്മതം പിൻവലിക്കാമെന്ന് എനിക്കറിയാം.
"1. Thoughts and feelings of incapacity, fatigue or weakness related to activities, work or hobbies.","1. പ്രവർത്തനങ്ങൾ, ജോലി അല്ലെങ്കിൽ ഹോബികൾ എന്നിവയുമായി ബന്ധപ്പെട്ട കഴിവില്ലായ്മ, ക്ഷീണം അല്ലെങ്കിൽ ബലഹീനത എന്നിവയെക്കുറിച്ചുള്ള ചിന്തകളും വികാരങ്ങളും."
13. Taking blood for haplobanking and genetic analysis,13. ഹാപ്ലോബാങ്കിംഗിനും ജെനറ്റിക് അനാലിസിസിനും വേണ്ടി രക്തം എടുക്കൽ.
Signature /Thumb Impression : Minor participant,സിഗ്നേച്ചർ / വിരലടയാളം: പ്രായപൂര്‍ത്തി വരാത്തയാള്‍
"If you decide to be in the study, I will not tell anyone else how you respond or act as part of the study. Even if your parents or teachers ask, I will not tell them about what you say or do in the study.","നിങ്ങൾ പഠനത്തിൽ ഏർപ്പെടാൻ തീരുമാനിക്കുകയാണെങ്കിൽ, നിങ്ങൾ എങ്ങനെ പ്രതികരിക്കുന്നു അല്ലെങ്കിൽ പഠനത്തിന്റെ ഭാഗമായി പ്രവർത്തിക്കുന്നുവെന്ന് ഞാൻ മറ്റാരോടും വെളിപ്പെടുത്തുകയില്ല. നിങ്ങളുടെ മാതാപിതാക്കളോ അധ്യാപകരോ ചോദിച്ചാല്‍ പോലും, പഠനത്തിൽ നിങ്ങൾ പറയുന്നതിനെക്കുറിച്ചോ ചെയ്യുന്നതിനെക്കുറിച്ചോ ഞാൻ അവരോട് വെളിപ്പെടുത്തുകയില്ല."
3. I drink to be more talkative.,3. കൂടുതൽ സംസാരിക്കുന്നതിന് വേണ്ടിയാണ് ഞാൻ കുടിക്കുന്നത്.
There are no additional risks as a consequence of participating in this study. The risks of anaesthesia and surgery are similar to what it is in those who are not in the study and have been explained to you by your doctors.,ഈ പഠനത്തിൽ പങ്കെടുക്കുന്നതിന്റെ ഫലമായി അധിക അപകടസാധ്യതകളൊന്നുമില്ല. അനസ്തേഷ്യയുടെയും ശസ്ത്രക്രിയയുടെയും അപകടസാധ്യതകൾ ഡോക്ടര്‍ നിങ്ങളോട് വിശദീകരിച്ചതുപോലെ ഈ പഠനത്തില്‍ ഇല്ലാത്ത രോഗികളിലും നിങ്ങളിലും സമാനമാണ്.
TTls include,TTls ഉൾപ്പെടുന്നു
Witness (if appropriate)..........,സാക്ഷി (ഉചിതമെങ്കിൽ) ..........
"Patients’ participation in this study is entirely voluntary and each participant is free to decide to withdraw permission to participate in this study at any point. If one does so, this will not affect the usual treatment at this hospital in any way. In addition, if one experience any serious side effects or the condition worsens, the study injections will be stopped, and they may be given additional treatment.","ഈ പഠനത്തിൽ രോഗികളുടെ പങ്കാളിത്തം പൂർണ്ണമായും സ്വമേധയാ ഉള്ളതാണ്, ഏത് ഘട്ടത്തിലും ഈ പഠനത്തിൽ പങ്കെടുക്കാനുള്ള അനുമതി പിൻവലിക്കാൻ ഓരോ പങ്കാളിക്കും സ്വാതന്ത്ര്യമുണ്ട്. ഒരാൾ അങ്ങനെ ചെയ്യുകയാണെങ്കിൽ, ഇത് ഈ ആശുപത്രിയിലെ സാധാരണ ചികിത്സയെ ഒരു തരത്തിലും ബാധിക്കുകയില്ല. കൂടാതെ, ഒരാൾക്ക് ഗുരുതരമായ പാർശ്വഫലങ്ങൾ അനുഭവപ്പെടുകയോ അല്ലെങ്കിൽ അവസ്ഥ വഷളാവുകയോ ചെയ്താൽ, പഠന കുത്തിവയ്പ്പുകൾ നിർത്തി വെക്കും, അവർക്ക് അധിക ചികിത്സ നൽകപ്പെടും."
Why am I being asked to take part as a donor?,എന്തുകൊണ്ട് ഒരു ദാതാവായി പങ്കെടുക്കാൻ എന്നോട് ആവശ്യപ്പെടുന്നു?
"The test results will be kept safe in the hospital’s patient information databases, which are password protected and accessible to only the members of the research team, who are medical professionals.","പരിശോധനാ ഫലങ്ങൾ ആശുപത്രിയിലെ രോഗികളുടെ വിവര ഡാറ്റാബേസുകളിൽ സുരക്ഷിതമായി സൂക്ഷിക്കും, അവ പാസ്‌വേഡ് പരിരക്ഷിതവും, അവ ഉപയോഗിക്കുന്നതിനുള്ള അനുമതി മെഡിക്കൽ പ്രൊഫഷണലുകളായ ഗവേഷണ ടീമിലെ അംഗങ്ങൾക്ക് മാത്രമായി പരിമിതപ്പെടുത്തിയിരിക്കുകയും ചെയ്തിരിക്കുന്നു."
Name & Address of the Witness: ______________________________,സാക്ഷിയുടെ പേരും വിലാസവും: ______________________________
Printed name of participant_______________________________,പങ്കെടുക്കുന്നയാളുടെ അച്ചടിച്ച പേര് _________________________________
Will I receive any monetary benefits?,എനിക്ക് എന്തെങ്കിലും സാമ്പത്തിക ആനുകൂല്യങ്ങൾ ലഭിക്കുമോ?
1. Feels life is not worth living.,1. ജീവിതം ജീവിക്കാൻ യോഗ്യമല്ലെന്ന് തോന്നുന്നു.
"Your participation in this study is voluntary and you may withdraw from participating in the research even inside the operation theatre, before anaesthesia. All of your rights will be respected. Your decision regarding participation in this study will not affect your further treatment in this hospital.","ഈ പഠനത്തിലെ നിങ്ങളുടെ പങ്കാളിത്തം സ്വമേധയാ ഉള്ളതാണ്, അനസ്തേഷ്യയ്ക്ക് മുമ്പായി ഓപ്പറേഷൻ തിയേറ്ററിനുള്ളിൽ വെച്ച് പോലും ഗവേഷണത്തിൽ പങ്കെടുക്കുന്നതിൽ നിന്ന് നിങ്ങൾക്ക് പിന്മാറാം. നിങ്ങളുടെ എല്ലാ അവകാശങ്ങളും മാനിക്കപ്പെടും. ഈ പഠനത്തിലെ പങ്കാളിത്തം സംബന്ധിച്ച നിങ്ങളുടെ തീരുമാനം ഈ ആശുപത്രിയിലെ നിങ്ങളുടെ തുടർ ചികിത്സയെ ബാധിക്കുകയില്ല."
"(iv) I understand that my consent is voluntary, that I am not required to sign this consent and that I may in fact refuse to sign it, thereby prohibiting my personal images to be obtained. I also understand that in compliance with regulations I would thereby be unable to participate in the clinical trial referenced above.","(iv) എന്റെ സമ്മതം സ്വമേധയാ ഉള്ളതാണെന്നും, എനിക്ക്, ഈ സമ്മതപത്രത്തിൽ ഒപ്പിടണമെന്ന കാര്യത്തിൽ നിർബന്ധമില്ലെന്നും എനിക്ക് വേണമെങ്കിൽ ഇത് നിരസിക്കുക വഴി എന്റെ സ്വകാര്യ ചിത്രങ്ങൾ ലഭ്യമായേക്കാവുന്നത് തടയാം എന്നും ഞാൻ മനസ്സിലാക്കുന്നു .ചട്ടങ്ങൾക്ക് അനുസൃതമായി മുകളിൽ സൂചിപ്പിച്ച ക്ലിനിക്കൽ ട്രയലിൽ പങ്കെടുക്കാൻ എനിക്ക് കഴിയില്ലെന്നും ഞാൻ മനസ്സിലാക്കുന്നു."
5. Drinking alcohol helps me overcome my shyness.,5. മദ്യപാനം എന്റെ ലജ്ജയെ മറികടക്കാൻ സഹായിക്കുന്നു.
Introduction,ആമുഖം
"People and organizations that may inspect and/or copy your research records to conduct this research, assure the quality of the data and to analyze the data include:","നിങ്ങളുടെ വിവരങ്ങൾ ഉപയോഗിച്ചു ഗവേഷണം നടത്തുന്ന ആളുകളും സംഘടനകളും, പരിശോധിക്കേണ്ട ഡാറ്റയുടെ ഗുണനിലവാരം ഉറപ്പു തരുന്നു ."
YES/NO,ഉണ്ട്/ഇല്ല
I confirm that I have read and understood the information sheet about this project. I have had the chance to consider the information and to discuss any concerns with individuals who are independent of this project.,"ഈ പ്രോജക്റ്റ് സംബന്ധിച്ച ഇന്‍ഫര്‍മേഷന്‍ ഷീറ്റ് വായിക്കുകയും മനസ്സിലാക്കുകയും ചെയ്തുവെന്ന് ഞാൻ സ്ഥിരീകരിക്കുന്നു. ഇന്‍ഫര്‍മേഷന്‍ പരിഗണിക്കാനും, ഈ പ്രോജക്റ്റിൽ ഉള്‍പ്പെടാത്ത വ്യക്തികളുമായി ഏത് ആശങ്കകളും ചർച്ച ചെയ്യാനും എനിക്ക് അവസരം ലഭിച്ചു."
- Not at risk of sexually transmitted infections,ലൈംഗിക പകർച്ചവ്യാധികൾ പകരാൻ സാദ്ധ്യതയില്ലാത്ത
3.1. Inclusion Criteria,3.1 ഉൾപ്പെടുത്തൽ മാനദണ്ഡം
9. Kindly scan all the documents marked by your doctor in room 15/MRO counter before admission.,9. പ്രവേശനത്തിന് മുമ്പ് മുറി 15/MRO കൗണ്ടറിൽ നിങ്ങളുടെ ഡോക്ടർ അടയാളപ്പെടുത്തിയ എല്ലാ ഡോക്യൂമെന്റുകളും ദയവായി സ്കാൻ ചെയ്യുക.
1. What is physeal/growth plate bar?,1. എന്താണ് ഫിസൽ / ഗ്രോത്ത് പ്ലേറ്റ് ബാർ?
‐ are likely to increase the risk of pancreatitis.,#NAME?
3 B.M.I,3 ശരീര ഭാര സൂചിക
Comparison of the effect of intraoperative infusion of Dexmedetomidine on emergence agitation and delirium in children undergoing craniotomy with total intravenous anaesthesia (TIVA) with propofol – A randomized controlled clinical trial.,"ഡെക്സമെഡെറ്റോമിഡിൻ എന്ന മരുന്നിന്റെ താരതമ്യ പഠനം , ശസ്ത്രക്രിയ വഴി തലയോട്ടിയിലെ അസ്ഥി മുറിച്ചു മാറ്റുമ്പോൾ ഞരമ്പുകളിലൂടെ നൽകുന്ന (TIVA) പ്രൊപോഫോളോടുകൂടി അനസ്തേഷ്യ കുട്ടികളിൽ ഉണ്ടാകുന്ന അസ്വസ്ഥതയുടെ ക്രമമല്ലാത്ത നിയന്ത്രിത ക്ലിനിക്കൽ ട്രയൽ"
Representative: _________________,പ്രതിനിധി:
Do I need to give consent in order to participate?,പങ്കെടുക്കുന്നതിനായി ഞാൻ സമ്മതം നൽകേണ്ടതുണ്ടോ?
Signatory’s Name: _________________________________,ഒപ്പിട്ടയാളുടെ പേര്:
Once your hands are dry you can get back to playing!!,നിങ്ങളുടെ കൈകൾ ഉണങ്ങിയാൽ നിങ്ങൾക്ക് വീണ്ടും നിങ്ങളുടെ പ്രവര്‍ത്തി തുടരാന്‍ കഴിയും!!
The results of this study will be described in a report which may be published as a paper or presented in a conference. At no time will any identifying characteristics of any of the participants be used. A unique study number will be used to maintain privacy and confidentiality. Your records will be accessed only by the investigators of the study and by your treating physicians.,"ഈ പഠനത്തിന്റെ ഫലങ്ങൾ ഒരു റിപ്പോർട്ടിൽ വിവരിക്കും, അത് ഒരു പേപ്പറായി പ്രസിദ്ധീകരിക്കുകയോ ഒരു കോൺഫറൻസിൽ അവതരിപ്പിക്കുകയോ ചെയ്യാം. ഒരു സമയത്തും പങ്കെടുക്കുന്നവരിൽ ആരുടെയും തിരിച്ചറിയുന്ന അടയാളങ്ങൾ ഒന്നും തന്നെ ഉപയോഗിക്കില്ല. സ്വകാര്യതയും രഹസ്യസ്വഭാവവും നിലനിർത്താൻ ഒരു അദ്വിതീയ പഠന നമ്പർ ഉപയോഗിക്കും. നിങ്ങളുടെ രേഖകൾ പഠനത്തിന്റെ അന്വേഷകർക്കും നിങ്ങളുടെ ചികിത്സിക്കുന്ന ഫിസിഷ്യൻമാർക്കും മാത്രമേ ആക്‌സസ് ചെയ്യാനാകൂ."
2. Clinical history leading to the visit to the hospital,2. ക്ലിനിക്കൽ ചരിത്രം ആശുപത്രി സന്ദർശനത്തിലേക്ക് നയിക്കുന്നു
Version Date:,പതിപ്പ് തീയതി:
Signature of the Investigator:,നിരീക്ഷകന്‍റെ ഒപ്പ്:
"4. … is relaxed, handles stress well",4. … വിശ്രമിക്കുന്ന അതെ സമയം സമ്മർദ്ദം നന്നായി കൈകാര്യം ചെയ്യുന്ന
Transfusion Transmissible infections (TTIS),ട്രാൻസ്ഫ്യൂഷൻ ട്രാൻസ്മിസിബിൾ ഇൻഫെക്ഷൻസ് (ടിടിഐഎസ്)
Clinical variables,ക്ലിനിക്കൽ വേരിയബിളുകൾ
Child’s Name: _________________________________________,കുട്ടിയുടെ പേര്: _________________________________________
Signing below means that you have read this form and that you are willing to be in this study:,ചുവടെ ഒപ്പിടുക എന്നതിനർത്ഥം നിങ്ങൾ ഈ ഫോം വായിച്ചിട്ടുണ്ടെന്നും ഈ പഠനത്തിൽ പങ്കെടുക്കാൻ നിങ്ങൾ തയ്യാറാണെന്നും അർത്ഥമാക്കുന്നു:
Your parents have agreed to join the study and it is upto you to decide whether to participate or not. This will not in any way change the course of your treatment or cost your parents.,"നിങ്ങളുടെ മാതാപിതാക്കൾ പഠനത്തിൽ ചേരാൻ സമ്മതിച്ചിട്ടുണ്ട്, പങ്കെടുക്കണോ വേണ്ടയോ എന്ന് തീരുമാനിക്കേണ്ടത് നിങ്ങളാണ്. ഇത് ഒരു തരത്തിലും നിങ്ങളുടെ ചികിത്സയുടെ ഗതിയെ മാറ്റുകയോ മാതാപിതാക്കൾക്ക് ബാധ്യത ഉണ്ടാക്കുകയോ ചെയ്യില്ല."
Population Adults,മുതിർന്ന ആളുകൾ
Audio-video consent form for Culture expanded satellite cells/myoblasts for the treatment of urinary incontinence in female patients with urethral sphincter insufficiency. English V-1.0 dated 20/11/2021.,യൂറിത്രൽ സ്ഫിൻക്റ്റർ അപര്യാപ്തതയുള്ള സ്ത്രീ രോഗികളിൽ മൂത്രാശയ അജിതേന്ദ്രിയത്വം ചികിത്സിക്കുന്നതിനുള്ള സംസ്ക്കാരം വികസിപ്പിച്ച ഉപഗ്രഹ കോശങ്ങൾ/മയോബ്ലാസ്റ്റുകൾക്കുള്ള ഓഡിയോ-വീഡിയോ സമ്മതപത്രം. ഇംഗ്ലീഷ് V-1.0 തീയതി 20/11/2021.
Study Investigator’s Name: _________________________,പഠന അന്വേഷകന്റെ പേര്: _________________________
"Take as much time as you need, and please feel free to ask the study doctor or the study staff if you have any doubts regarding the study. We will make sure that all your questions are being answered. Participation in this study is voluntary and its your decision to feel free to choose.","നിങ്ങൾക്ക് ആവശ്യമുള്ളത്ര സമയമെടുക്കുക, പഠനവുമായി ബന്ധപ്പെട്ട് നിങ്ങൾക്ക് എന്തെങ്കിലും സംശയമുണ്ടെങ്കിൽ സ്റ്റഡി ഡോക്ടറോട് അല്ലെങ്കിൽ സ്റ്റഡി സ്റ്റാഫിനോട് ചോദിക്കാൻ മടിക്കേണ്ടതില്ല. നിങ്ങളുടെ എല്ലാ ചോദ്യങ്ങൾക്കും ഉത്തരം ലഭിക്കുന്നുണ്ടെന്ന് ഞങ്ങൾ ഉറപ്പാക്കും. ഈ പഠനത്തിലെ പങ്കാളിത്തം സ്വമേധയാ ഉള്ളതാണ്, അത് തെരഞ്ഞെടുക്കുന്നത് നിങ്ങളുടെ തീരുമാനമാണ്."
(iv) Iagreenottorestricttheuseofanydataorresultsthatarisefromthisstudy provided such a use is only for scientific purpose(s). [ ],"(iv) iagreenottorestricttheuseofanydataorresultsthatarisefromthisstudy ഈ പഠനത്തിൽ നിന്ന് ലഭ്യമാവുന്ന ഏതെങ്കിലും ഡാറ്റയുടെയോ റിസൾട്ടുകളുടെയോ ഉപയോഗം, അത്തരം ഉപയോഗം ശാസ്ത്രീയമായ ഉദ്ദേശ്യങ്ങൾക്ക് മാത്രമുള്ളതാണ് എങ്കിൽ പരിമിതപ്പെടുത്തില്ലെന്ന് ഞാൻ സമ്മതിക്കുന്നു."
Date of Birth (dd/mm/yy) :,ജനനത്തീയതി (dd / mm / yy):
Date,തീയതി
1. I confirm that I have read and understood the information sheet for the above ⎕,1. മുകളിലുള്ള വിവര ഷീറ്റ് ഞാൻ വായിക്കുകയും മനസ്സിലാക്കുകയും ചെയ്തിട്ടുണ്ടെന്ന് ഞാൻ സ്ഥിരീകരിക്കുന്നു
8. What are my Data Privacy Rights?,8. എന്റെ ഡാറ്റ സ്വകാര്യതാ അവകാശങ്ങൾ എന്തൊക്കെയാണ്?
I ___ Father/mother/guardian of ___,ഞാൻ ___ അച്ഛൻ / അമ്മ / രക്ഷാധികാരി___
The only discomfort that you may feel is from the needle stick in your arm. You may also experience a small bruise at the site of the needle puncture.,സൂചി കയ്യിൽ കുത്തുമ്പോൾ ഉണ്ടാകുന്ന അവസ്ഥത മാത്രമാണ് നിങ്ങൾക്ക് അനുഭവപ്പെടുന്ന ഒരേയൊരു ബുദ്ധിമുട്ട് . ചിലപ്പോൾ സൂചി കുത്തിയ സ്ഥലത്ത് ചെറിയ രീതിയിൽ ഒരു തടിപ്പ്‌ അനുഭവപ്പെട്ടേക്കാം .
Study Protocol,പഠന പ്രോട്ടോക്കോൾ
36. Change in social activities: 18,36. സാമൂഹിക പ്രവർത്തനങ്ങളിലെ മാറ്റം: 18
What are the potential Benefits of participating in this study?,ഈ പഠനത്തിൽ പങ്കെടുക്കുന്നതിന്റെ പ്രധാനപ്പെട്ട പ്രയോജനങ്ങൾ എന്തൊക്കെയാണ്?
"We need to collect health information about you in order to conduct this haplobank project. This includes information about you from medical records and from the procedures, interviews and tests that are part of this research. Routine clinical laboratory tests including diagnostic tests will be performed as part of this haplobank and will appear in your medical record. We will do our best to keep your personal information private and confidential. However, we can not guarantee absolute confidentiality. Your personal information may be disclosed if required by law.","ഹാപ്ലോബാങ്ക് പ്രോജക്റ്റ് നടത്തുന്നതിന് ഞങ്ങൾക്കു നിങ്ങളെക്കുറിച്ചുള്ള ആരോഗ്യ വിവരങ്ങൾ ശേഖരിക്കേണ്ടതുണ്ട്. മെഡിക്കൽ റെക്കോർഡുകളിൽ നിന്നും ഈ ഗവേഷണത്തിന്റെ ഭാഗമായ നടപടിക്രമങ്ങൾ, അഭിമുഖങ്ങൾ, ടെസ്റ്റുകൾ എന്നിവയിൽ നിന്നും നിങ്ങളെക്കുറിച്ചുള്ള വിവരങ്ങൾ ഇതിൽ ഉൾപ്പെടുന്നു. ഡയഗ്നോസ്റ്റിക് ടെസ്റ്റുകൾ ഉൾപ്പെടെയുള്ള പതിവ് ക്ലിനിക്കൽ ലബോറട്ടറി പരിശോധനകൾ ഈ ഹാപ്ലോബാങ്കിന്റെ ഭാഗമായി നടത്തുകയും നിങ്ങളുടെ മെഡിക്കൽ റെക്കോർഡിൽ പ്രത്യക്ഷപ്പെടുകയും ചെയ്യും. നിങ്ങളുടെ സ്വകാര്യ വിവരങ്ങൾ സ്വകാര്യമായും രഹസ്യമായും സൂക്ഷിക്കാൻ ഞങ്ങൾ പരമാവധി ശ്രമിക്കും. എന്നിരുന്നാലും, ഞങ്ങൾക്ക് പൂർണ്ണമായ രഹസ്യാത്മകത ഉറപ്പുനൽകാൻ കഴിയില്ല. നിയമപരമായി ആവശ്യമെങ്കിൽ നിങ്ങളുടെ സ്വകാര്യ വിവരങ്ങൾ വെളിപ്പെടുത്തിയേക്കാം."
"After being informed about both the procedure and its pros and cons, participation in the study is purely voluntary, and you can withdraw anytime should you wish to do so. If you do so, this will not affect your usual treatment at this hospital in any way.","നടപടിക്രമത്തെക്കുറിച്ചും അതിന്റെ ഗുണദോഷങ്ങളെക്കുറിച്ചും അറിയിച്ച ശേഷം, പഠനത്തിൽ പങ്കെടുകാണാമോ വേണ്ടയോ എന്നുള്ളത് നിങ്ങൾക്ക് തീരുമാനിക്കാം. നിങ്ങൾക്ക് എപ്പോൾ വേണമെങ്കിലും ഒഴിവാകാം. നിങ്ങൾ അങ്ങനെ ചെയ്താൽ, ഈ ആശുപത്രിയിൽ നിങ്ങളുടെ സാധാരണ ചികിത്സയെ ഇത് ഒരു തരത്തിലും ബാധിക്കില്ല."
You will not get any personal benefits directly from the study. The aim of this study is to improve the knowledge about the disease and its outcomes. We hope that this information will help in optimizing treatment of multidrug resistant chronic bone and joint infections in future.,"പഠനത്തിൽ നിന്ന് നേരിട്ട് നിങ്ങൾക്ക് വ്യക്തിഗത ആനുകൂല്യങ്ങളൊന്നും ലഭിക്കില്ല. രോഗത്തെക്കുറിച്ചും അതിന്റെ അനന്തരഫലങ്ങളെക്കുറിച്ചും അറിവ് മെച്ചപ്പെടുത്തുക എന്നതാണ് ഈ പഠനത്തിന്റെ ലക്ഷ്യം. ഭാവിയിൽ മൾട്ടിഡ്രഗ് റെസിസ്റ്റന്റ് വിട്ടുമാറാത്ത അസ്ഥി, സന്ധി അണുബാധകളുടെ ചികിത്സ ഒപ്റ്റിമൈസ് ചെയ്യാൻ ഈ വിവരങ്ങൾ സഹായിക്കുമെന്ന് ഞങ്ങൾ പ്രതീക്ഷിക്കുന്നു."
Appendix 2: FOP Registry Assent Form,അനുബന്ധം 2: FOP രജിസ്ട്രി സമ്മത പത്രം
«IcfPhoneNumber»,"""ഐസിഎഫ്ഫോൺ നമ്പർ"""
2. Statement of Assent for Linking Patient Portal Data to Medical Portal Data,2. രോഗിയുടെ പോർട്ടൽ ഡാറ്റ മെഡിക്കൽ പോർട്ടൽ ഡാറ്റയുമായി ലിങ്ക് ചെയ്യുന്നതിനുള്ള സമ്മതപത്രം
Poor weight gain (if<2yrs),ശരീരഭാരം ഉയരുന്നതിലെ മോശം അവസ്ഥ (2 വയസ്സില്‍ താഴെ എങ്കിൽ)
﻿PATIENT INFORMATION SHEET,രോഗിയുടെ ഇൻഫർമേഷൻ ഷീറ്റ്
Telephone:,ടെലിഫോണ്:
Procedure and protocol:-,നടപടിക്രമവും പെരുമാറ്റച്ചട്ടവും: -
◦ Provided to researchers for derivation of the stem cell line,◦ സ്റ്റെം സെൽ ലൈൻ നിർമിക്കുന്നതിനായി ഗവേഷകർക്ക് നൽകിയിരിക്കുന്നു
The results of the study will be analyzed and the information will be made available for early identification of rejection by using this special test.,പഠനത്തിന്റെ ഫലങ്ങൾ വിശകലനം ചെയ്യുകയും ഈ പ്രത്യേക പരിശോധന ഉപയോഗിച്ച് അവയവ നിരസിക്കൽ മുൻ‌കൂട്ടി തിരിച്ചറിയുന്നതിനായി വിവരങ്ങൾ ലഭ്യമാക്കുകയും ചെയ്യും.
Have you heard about me?,നിങ്ങൾ എന്നെപ്പറ്റി കേട്ടിട്ടുണ്ടോ?
Name of the Study Investigator,പഠന അന്വേഷകന്റെ പേര്
"If you have any questions or concerns about your participation in this research study or wish to discuss anything related to the study, please feel free to contact me:","ഈ ഗവേഷണ പഠനത്തിലെ നിങ്ങളുടെ പങ്കാളിത്തത്തെക്കുറിച്ച് നിങ്ങൾക്ക് എന്തെങ്കിലും ചോദ്യങ്ങളോ,ആശങ്കകളോ ഉണ്ടെങ്കിൽ അല്ലെങ്കിൽ പഠനവുമായി ബന്ധപ്പെട്ട എന്തെങ്കിലും ചർച്ച ചെയ്യാൻ ആഗ്രഹിക്കുന്നുവെങ്കിൽ, ദയവായി എന്നെ ബന്ധപ്പെടാൻ മടിക്കേണ്ടതില്ല:"
Can you save lives too?,നിങ്ങൾക്കും ഒരു ജീവൻ രക്ഷിക്കാൻ കഴിയുമോ?
Autologous cultured chondrocytes from iliac crest in the treatment of physeal bars in children,ഇലിയക് ക്രസ്റ്റിൽ നിന്നുവളർത്തിയെടുത്ത കോശങ്ങൾ ഉപയോഗിച്ച് കൊണ്ട് കുട്ടികളിലെ ഫൈസീൽ ബാറിനുള്ള ചികിത്സ
Statements of the donor,ഡോണറിന്റെ പ്രസ്താവനകൾ
Date: .............,തീയതി: ..........
Signature/Thumb impression:,ഒപ്പ് / വിരലടയാളം:
Consent form to take part in a clinical trial,ക്ലിനിക്കൽ ട്രയലിൽ പങ്കെടുക്കുന്നതിനുള്ള സമ്മത ഫോം
What is required to take part in this study?,ഈ പഠനത്തിൽ പങ്കെടുക്കാൻ എന്താണ് വേണ്ടത്?
Demographic variables,ജനസംഖ്യാപരമായ വ്യതിയാനങ്ങള്‍
"Before you decide whether or not you wish to take part, you should read the information provided below carefully and, if you wish, discuss it with your relatives. Take time to ask questions – do not feel rushed or under pressure to make a quick decision. You should clearly understand the risks and benefits of taking part in this study so that you can make a decision that is right for you. This process is known as ‘Informed Consent’.","നിങ്ങൾ പങ്കെടുക്കണോ വേണ്ടയോ എന്ന് തീരുമാനിക്കുന്നതിന് മുമ്പ്, ചുവടെ നൽകിയിരിക്കുന്ന വിവരങ്ങൾ ശ്രദ്ധാപൂർവ്വം വായിക്കുകയും നിങ്ങൾക്ക് താൽപ്പര്യമുണ്ടെങ്കിൽ അത് നിങ്ങളുടെ ബന്ധുക്കളുമായി ചർച്ച ചെയ്യുകയും വേണം. ചോദ്യങ്ങൾ ചോദിക്കാൻ സമയമെടുക്കുക-പെട്ടെന്ന് തീരുമാനമെടുക്കാൻ തിരക്കുകൂട്ടുകയോ സമ്മർദ്ദത്തിലാവുകയോ ചെയ്യരുത്. ഈ പഠനത്തിൽ പങ്കെടുക്കുന്നതിന്റെ അപകടസാധ്യതകളും നേട്ടങ്ങളും നിങ്ങൾ വ്യക്തമായി മനസ്സിലാക്കണം, അതുവഴി നിങ്ങൾക്ക് അനുയോജ്യമായ ഒരു തീരുമാനമെടുക്കാൻ കഴിയും. ഈ പ്രക്രിയയെ 'അറിയിച്ചതിനു ശേഷമുള്ള സമ്മതം' എന്നാണ് വിളിക്കുന്നത്."
- Avoid alcohol intake till the next meal.,അടുത്ത തവണ ഭക്ഷണം കഴിക്കുന്നത് വരെ ആൽക്കഹോൾ ഉപയോഗിക്കുന്നത് ഒഴിവാക്കുക .
1. … is reserved,1. … മിതഭാഷിയായ
6. Your child’s clinical course in the hospital will be closely followed and documented in the database,6. ആശുപത്രിയിലെ നിങ്ങളുടെ കുട്ടിയുടെ ക്ലിനിക്കൽ കോഴ്‌സ് സൂക്ഷ്മമായി പിന്തുടരുകയും ഡാറ്റാബേസിൽ രേഖപ്പെടുത്തുകയും ചെയ്യും
6)Will you have to pay for additional blood tests?,6) അധിക രക്തപരിശോധനയ്ക്ക് നിങ്ങൾ പണം നൽകേണ്ടിവരുമോ?
"After your consent, a small piece of muscle tissue will be taken by biopsy (as explained earlier) and it will be sent for processing in the laboratory. In the laboratory, the cells will be isolated from this biopsy. After the cells have been multiplied using a culture medium, they will be injected into the urethral sphincter muscles (details have been given above). The safety of this procedure will be studied. Also, the amount and degree of leakage will be compared to the pre-procedure level to look for any improvement.","നിങ്ങളുടെ സമ്മതത്തിനുശേഷം, പേശി ടിഷ്യുവിന്റെ ഒരു ചെറിയ ഭാഗം ബയോപ്സി എടുക്കും (നേരത്തെ വിശദീകരിച്ചതുപോലെ) ഇത് ലബോറട്ടറിയിൽ പ്രോസസ്സിംഗിനായി അയയ്ക്കും. ലബോറട്ടറിയിൽ, കോശങ്ങൾ ഈ ബയോപ്സിയിൽ നിന്ന് വേർതിരിക്കപ്പെടും. ഒരു കൾച്ചർ മീഡിയം ഉപയോഗിച്ച് കോശങ്ങളെ ഇരട്ടിപ്പിച്ച ശേഷം, അവ മൂത്രനാളി സ്പിൻ‌ക്റ്റർ പേശികളിലേക്ക് കുത്തിവയ്ക്കപ്പെടും (വിശദാംശങ്ങൾ മുകളിൽ നൽകിയിരിക്കുന്നു). ഇത്തരം പ്രക്രിയയുടെ സുരക്ഷയെക്കുറിച്ച് കൂടുതലായി ഈ പഠനത്തില്‍ നിരീക്ഷിക്കും. കൂടാതെ, ചോർച്ചയുടെ അളവും ഏതെങ്കിലും പുരോഗതി അറിയുന്നതിനായി ഈ പ്രക്രിയ ചെയ്യുന്നതിന് മുന്‍പുള്ള ചോര്‍ച്ചയുടെ അളവുമായി താരതമ്യം ചെയ്യും ."
Contact Details:,ബന്ധപ്പെടേണ്ട വിവരങ്ങള്‍:
Registry Investigator Signature,രജിസ്ട്രി ഇൻവെസ്റ്റിഗേറ്റർ ഒപ്പ്
- Do not work or put yourself in situations where there is a risk of falling from a height eg. construction workers.,"ഉയരങ്ങളിൽ നിന്ന് വീഴാൻ സാധ്യതയുള്ളതായ ജോലി ചെയുന്നത്, അല്ലെങ്കിൽ അങ്ങിനെയുള്ള സാഹചര്യങ്ങളിൽ ഒഴിവാക്കുക . ഉദാഹരണത്തിന്, കെട്ടിട നിർമ്മാണതൊഴിലാളികൾ ."
Informed Consent form for cystoscopic implantation of MDCUI-V 1.0 dated,തീയതി എം‌ഡി‌സി‌യു‌ഐ-വി 1.0 ന്റെ സിസ്റ്റോസ്കോപ്പിക് ഇംപ്ലാന്റേഷനായി അറിയിച്ച സമ്മത പത്രം.
(iv) I agree not to restrict the use of any data or results that arise from this study provided such a use is only for scientific purpose(s). [ ],"(iv) ഈ പഠനത്തിൽ നിന്ന് ഉണ്ടാകുന്ന ഏതെങ്കിലും ഡാറ്റയുടെയോ റിസൾട്ടുകളുടെയോ ഉപയോഗം പരിമിതപ്പെടുത്തരുതെന്ന് ഞാൻ സമ്മതിക്കുന്നു, അത്തരം ഉപയോഗം ശാസ്ത്രീയമായ ഉദ്ദേശ്യങ്ങൾക്ക് മാത്രമാണ്. [ ]"
The results of this study will be described in a report which may be published as a paper or presented in a conference. At no time will any identifying characteristics of any of the participants be used. A unique study number will be used to maintain privacy and confidentiality. Your records will be accessed only by the investigators of the study and by your treating physicians.,"ഈ പഠനത്തിന്റെ ഫലങ്ങൾ ഒരു റിപ്പോർട്ടിൽ വിവരിക്കും, അത് ഒരു പേപ്പറായി പ്രസിദ്ധീകരിച്ചേക്കാം അല്ലെങ്കിൽ ഒരു കോൺഫറൻസിൽ അവതരിപ്പിക്കപ്പെട്ടേക്കും. പങ്കെടുക്കുന്നവരിൽ ഒരാളുടെയും തിരിച്ചറിയൽ സവിശേഷതകൾ ഒരു സമയത്തും ഉപയോഗിക്കില്ല. സ്വകാര്യതയും രഹസ്യാത്മകതയും നിലനിർത്തുന്നതിന് ഒരു അനന്യമായ പഠന നമ്പർ ഉപയോഗിക്കും. പഠനത്തിന്റെ അന്വേഷകര്‍ക്കും ചികിത്സിക്കുന്ന ഡോക്ടർമാര്‍ക്കും മാത്രമേ നിങ്ങളുടെ രേഖകൾ കാണുവാനുള്ള അനുമതി ഉണ്ടായിരിക്കുകയുള്ളൂ ."
Signatory’s Name: ___________________________ Signature:,ഒപ്പിട്ടയാളുടെ പേര്:
"donation of 30 ml of blood for the haplobanking project. I will make myself available for blood donation, for the purpose of haplobanking, iPSC generation or their products in cell based therapy.","ഹാപ്ലോബാങ്കിംഗ് പദ്ധതിക്കായി 30 മില്ലി രക്ത ദാനം. ഹാപ്ലോബാങ്കിംഗ്, സെൽ അധിഷ്ഠിത തെറാപ്പിയിൽ iPSC ജനറേഷൻ അല്ലെങ്കിൽ അവരുടെ ഉൽപ്പന്നങ്ങൾ എന്നിവയ്ക്കായി ബ്ലഡ്ഡ് ഡൊണേഷൻ നടത്താന്‍ ഞാൻ തയ്യാറാണ്."
"• Improve the collective understanding of FOP natural history and its functional, emotional, and psychological impact over time;",• FOP സ്വാഭാവിക ചരിത്രത്തെക്കുറിച്ചുള്ള കൂട്ടായ ധാരണയും കാലക്രമേണ അതിന്റെ പ്രവർത്തനപരവും വൈകാരികവും മാനസികവുമായ സ്വാധീനം മെച്ചപ്പെടുത്തുക;
"You have been requested to participate in the study because you are admitted with scrub typhus pneumonitis. Either the patient or the family will be requested to read the information sheet. If you decide to be part of the study, a member of staff will explain further details to you.","നിങ്ങൾക്ക് സ്ക്രബ് ടൈഫസ് ന്യൂമോണിറ്റിസ് ഉള്ളതിനാലാണ് പഠനത്തിൽ പങ്കെടുക്കാൻ നിങ്ങളോട് അഭ്യർത്ഥിച്ചിട്ടുള്ളത്. ഒന്നുകിൽ രോഗിയോടോ അല്ലെങ്കിൽ കുടുംബത്തോടോ ഇൻഫർമേഷൻ ഷീറ്റ് വായിക്കാൻ അഭ്യർത്ഥിക്കും. നിങ്ങൾ പഠനത്തിന്റെ ഭാഗമാകാൻ തീരുമാനിക്കുകയാണെങ്കിൽ, ഒരു സ്റ്റാഫ് അംഗം നിങ്ങളോട് കൂടുതൽ വിശദാംശങ്ങൾ വിശദീകരിക്കും."
"which may cause a small amount of pain, bleeding, and/or bruising at the place in the arm","രക്ത ശേഖരണം ചെറിയ അളവിലുള്ള വേദന, രക്തസ്രാവം കൂടാതെ ചിലപ്പോൾ കൈയിലെ പരിക്ക് എന്നിവയ്ക്ക് കാരണമായേക്കാം"
What are the risks involved?,ഉൾപ്പെട്ടിരിക്കുന്ന അപകടസാധ്യതകൾ എന്തെല്ലാമാണ്?
"3. Communicates feeling states non-verbally, i.e. through facial expression, posture, voice and tendency to weep.","3. വികാരാവസ്ഥകൾ നേരിട്ട് പറയാതെ, അതായത് മുഖഭാവം, ഭാവം, ശബ്ദം, കരയാനുള്ള പ്രവണത എന്നിവയിലൂടെ ആശയവിനിമയം നടത്തുന്നു."
Will this study cost me anything extra?,ഈ പഠനത്തിന് എനിക്ക് എന്തെങ്കിലും അധിക ചിലവ് വരുമോ?
11. When alcohol is free its ‘stupid not to take advantage’.,11. മദ്യം സൌജന്യമാകുമ്പോള്‍ അത് മുതലെടുക്കാതിരിക്കുന്നത് വിഡ്ഢിത്തമാണ്.
"(ii) I understand that my participation in the study is voluntary and that I am free to withdraw at any time, without my medical care or legal rights being affected.",(ii) പഠനത്തിൽ എന്റെ പങ്കാളിത്തം സ്വമേധയാ ഉള്ളതാണെന്നും എന്റെ വൈദ്യസഹായത്തെയോ നിയമപരമായ അവകാശങ്ങളെയോ ബാധിക്കാതെ എപ്പോൾ വേണമെങ്കിലും പിൻവാങ്ങാൻ എനിക്ക് സ്വാതന്ത്ര്യമുണ്ടെന്നും ഞാൻ മനസ്സിലാക്കുന്നു.
You will be insured against any expected or unexpected injury during this trial.,ഈ പരീക്ഷണത്തിനിടയില്‍ സംഭവിച്ചേക്കാവുന്ന പ്രതീക്ഷിതമോ അപ്രതീക്ഷിതമോ ആയ ഏത് തരം പരിക്കുകള്‍ക്കും നിങ്ങള്‍ ഇൻഷ്വർ ചെയ്യപ്പെടും .
(i) I confirm that I have read and understood the information sheet dated ____________ for the above study and have had the opportunity to ask questions. [ ],(i) മേൽപ്പറഞ്ഞ പഠനത്തിനായുള്ള ____________ തീയതിയിലെ ഇൻഫർമേഷൻ ഷീറ്റ് ഞാൻ വായിക്കുകയും മനസ്സിലാക്കുകയും ചെയ്തുവെന്നും ചോദ്യങ്ങൾ ചോദിക്കാൻ അവസരം ലഭിച്ചുവെന്നും ഞാൻ സ്ഥിരീകരിക്കുന്നു. []
The participants may or may not be benefitted by their participation at present.,പങ്കെടുക്കുന്നവർക്ക് നിലവിൽ അവരുടെ പങ്കാളിത്തം കൊണ്ട് പ്രയോജനം ലഭിക്കുകയോ ലഭിക്കാതിരിക്കുകയോ ചെയ്യാം.
16) LOSS OF WEIGHT (RATE EITHER a OR b),16) ഭാരക്കുറവ് ( എ അല്ലെങ്കിൽ ബി എന്ന് റേറ്റ് ചെയുക )
"I understand that cell lines or discoveries made using them may be valuable, but that I will not get any financial gain, research result, health benefit or any other immediate benefit from this.","സെൽ ലൈനുകളോ അവ ഉപയോഗിച്ച് നടത്തിയ കണ്ടെത്തലുകളോ വിലപ്പെട്ടതായിരിക്കാം, എന്നാൽ എനിക്ക് സാമ്പത്തിക നേട്ടമോ ഗവേഷണ ഫലമോ ആരോഗ്യ ആനുകൂല്യമോ മറ്റ് പെട്ടെന്നുള്ള നേട്ടമോ ഇതിൽ നിന്ന് ലഭിക്കില്ലെന്ന് ഞാൻ മനസ്സിലാക്കുന്നു."
‐ probably do not reduce the risk of heart attack;,‐ ഒരുപക്ഷേ ഹൃദയാഘാത സാധ്യത കുറയ്ക്കുന്നില്ല;
I provide my permission to have my Medical portal data linked to my FOP Biobank data:,എന്റെ മെഡിക്കൽ പോർട്ടൽ ഡാറ്റ എന്റെ FOP ബയോബാങ്ക് ഡാറ്റയുമായി ലിങ്ക് ചെയ്യാൻ ഞാൻ എന്റെ അനുമതി നൽകുന്നു:
• Medical and dental care,"• മെഡിക്കൽ, ഡെന്റൽ കെയർ"
Surgery,ശസ്ത്രക്രിയ
"As a participant, you may benefit from increased knowledge and understanding of the epidural analgesia procedure through the video demonstration. Additionally, your participation will contribute to the advancement of medical knowledge and potentially improve the experience of future patients undergoing similar procedures.","ഇതിൽ പങ്കെടുക്കുന്ന ഒരാൾ എന്ന നിലയിൽ, വീഡിയോ പ്രദർശനത്തിലൂടെ എപ്പിഡ്യൂറൽ അനസ്‌തേഷ്യയുടെ നടപടിക്രമത്തെക്കുറിച്ചു കൂടുതൽ അറിവും ധാരണയും നിങ്ങൾക്ക് ലഭിക്കും. കൂടാതെ, നിങ്ങളുടെ പങ്കാളിത്തം മെഡിക്കൽ വിജ്ഞാനത്തിന്റെ പുരോഗതിക്ക് സംഭാവന നൽകുകയും ഭാവിയിൽ സമാനമായ നടപടിക്രമങ്ങൾക്ക് വിധേയമാകുന്ന രോഗികളുടെ അനുഭവം മെച്ചപ്പെടുത്തുകയും ചെയ്യും."
(vi) I agree to take part in the above study voluntarily and without any influence/force of anyone. [ ],(vi) സ്വമേധയാ ആരുടെയും സ്വാധീനം/പ്രേരണ കൂടാതെ മേൽപ്പറഞ്ഞ പഠനത്തിൽ പങ്കെടുക്കാൻ ഞാൻ സമ്മതിക്കുന്നു. [ ]
Printed name of the witness_________,സാക്ഷിയുടെ അച്ചടിച്ച പേര്_________
19. Consent withdrawal,19. കൺസെന്റ് വിത്‌ഡ്രോവൽ
Impact of soluble HLA G on acute renal allograft rejection,"വൃക്കസംബന്ധമായ തീഷ്ണ അലോഗ്രാഫ്റ്റ് തിരസ്കരണത്തിൽ, ലയിക്കുന്ന എച്ച്എൽ‌എ ജി യുടെ സ്വാധീനം"
Participant Information sheet,പങ്കാളിത്ത വിവര ഷീറ്റ്
Subject’s Name: _________________________________________,സബ്ജക്റ്റിന്‍റെ പേര്: _________________________________________
There are no risks for you.,നിങ്ങൾക്ക് അപകടസാധ്യതകളൊന്നുമില്ല.
Participant Information sheet,പങ്കാളിയുടെ വിവര ഷീറ്റ്
Signature /Thumb impression ………………………,ഒപ്പ് / വിരലടയാളം ………………………
Appendix 4: FOP Registry Medical Portal CRFs,അനുബന്ധം 4: FOP രജിസ്ട്രി മെഡിക്കൽ പോർട്ടൽ CRF-കൾ
"You will not have to pay for any treatment procedure related to the trial. Surgery cost, hospital stay and all the expenses related to isolation, culture & characterization along with the laboratory costs would be borne by the investigators. But, you will have to pay for any additional investigation performed related to your disease and that investigation is not required for the study.","പരീക്ഷണവുമായി ബന്ധപ്പെട്ട ഒരു ചികിത്സാ നടപടിക്രമത്തിനും നിങ്ങൾ പണം നൽകേണ്ടതില്ല. ശസ്ത്രക്രിയാ ചെലവ്, ആശുപത്രി താമസം, ഒറ്റപ്പെടൽ, സംസ്കാര സ്വഭാവ രീതികള്‍ എന്നിവയുമായി ബന്ധപ്പെട്ട എല്ലാ ചെലവുകളും ലബോറട്ടറി ചെലവുകളും അന്വേഷണ ഉദ്യോഗസ്ഥർ വഹിക്കും. പക്ഷേ, നിങ്ങളുടെ രോഗവുമായി ബന്ധപ്പെട്ട് ഏതെങ്കിലും അധിക അന്വേഷണം ആവശ്യമായി വരികയും അത് പഠനത്തിന് ആവശ്യമില്ലാത്തതുമായ സാഹചര്യത്തില്‍ അത്തരം അന്വേഷണത്തിന് നിങ്ങൾ പണം നൽകേണ്ടിവരും."
• Symptoms of possible FOP disease flare-ups,• സാധ്യമായ FOP രോഗത്തിന്റെ ലക്ഷണങ്ങൾ
signature of research subject or legally acceptable representative,ഗവേഷണത്തിന് വിധേയനാകുന്ന ആളുടെ ഒപ്പ് അല്ലെങ്കിൽ നിയമപരമായി സ്വീകാര്യമായ പ്രതിനിധിയുടെ
Thank you!,നന്ദി!
"In between donations, you should eat iron rich food like dates, jaggery, green vegetables, dhal and red meat. This will help your marrow to produce red cells.","രക്തദാനം ചെയ്യുന്ന ഇടവേളകളിൽ ഇരുമ്പ് അധികമായി അടങ്ങിയ ഈന്തപ്പഴം, പനംചക്കര, പച്ചക്കറികൾ, പരിപ്പ്,മാട്ടിറച്ചി തുടങ്ങിയവ നിങ്ങൾ ഭക്ഷണത്തിൽ ഉൾപ്പെടുത്തണം, ഇത് നിങ്ങളുടെ മജ്ജക്ക് കൂടുതൽ ചുവപ്പ് രക്താണുക്കളെ സൃഷ്ടിക്കാൻ സഹായിക്കും ."
"[ A witness statement should be included if it is possible that the donor or their representative is illiterate, blind or may be able to indicate his or her consent but be unable to sign – but is not mentally incapacitated. The witness should ideally be chosen by the donor and not linked to the research team. ]","[ ഡോണര്‍ അല്ലെങ്കില്‍ അവരുടെ പ്രതിനിധി മാനസിക വൈകല്യം ഇല്ലാത്ത നിരക്ഷരനോ അന്ധനോ ആണെങ്കിൽ ഒരു സാക്ഷി മൊഴിയിലൂടെ അവന്റെ അല്ലെങ്കിൽ അവളുടെ സമ്മതം സൂചിപ്പിക്കാൻ കഴിയുകയും എന്നാൽ ഒപ്പിടാൻ കഴിയുകയില്ല. സാക്ഷിയെ ഡോണര്‍ തിരഞ്ഞെടുക്കണം, റിസേര്‍ച്ച് ടീമുമായി ബന്ധപ്പെടരുത്. ]"
5)What will happen if you develop any study related injury?,5) പഠനവുമായി ബന്ധപ്പെട്ട് എന്തെങ്കിലും പരിക്ക് ഉണ്ടായാൽ എന്ത് സംഭവിക്കും?
(iv) I agree not to restrict the use of any data or results that arise from this study provided such a use is only for scientific purpose(s). [ ],"(iv) ഈ പഠനത്തിൽ നിന്ന് ഉണ്ടാകുന്ന ഏതൊരു ഡാറ്റയുടെയും റിസള്‍ട്ടുകളുടെയും ഉപയോഗം പരിമിതപ്പെടുത്തില്ലെന്ന് ഞാൻ സമ്മതിക്കുന്നു, അത്തരം ഉപയോഗം ശാസ്ത്രീയമായ ഉദ്ദേശ്യങ്ങൾക്ക് മാത്രമാണ്. [ ]"
Name:......................,പേര് ............
6. Personal injury or illness: 53,6. നമുക്ക് ഉണ്ടാകുന്ന പരിക്ക് അല്ലെങ്കിൽ അസുഖം: 53
"Human satellite cells are a special type of cell present in and give rise to the muscle. The main function of the satellite cell is to repair the damaged muscle. Generally, in our normal muscle, the satellite cells are in the resting (dormant) stage and if there is any injury to the muscle, the satellite cells get activated from the rest and undergo cell division. The activated and dividing cells are called myoblasts. The myoblasts undergo further differentiation and form myotubes, which get fused with the damaged muscle and repair the defect. In this study, we are attempting to use the satellite/myoblast cells to repair the damaged urinary sphincter muscle for controlling urine leakage.","മനുഷ്യ സാറ്റലൈറ്റ് കോശങ്ങള്‍ ഒരു പ്രത്യേക തരം കോശങ്ങളാണ്, അവ പേശികളുടെ വളര്‍ച്ചക്ക് കാരണമാകുന്നു കേടായ പേശികള്‍ നന്നാക്കുക എന്നതാണ് സാറ്റലൈറ്റ് സെല്ലിന്റെ പ്രധാന പ്രവർത്തനം. സാധാരണയായി, നമ്മുടെ സാധാരണ പേശികളിൽ, സാറ്റലൈറ്റ് സെല്ലുകൾ വിശ്രമിക്കുന്ന (സജീവമല്ലാത്ത) ഘട്ടത്തിലാണ്, പേശികൾക്ക് എന്തെങ്കിലും പരിക്കുണ്ടെങ്കിൽ, ഉപഗ്രഹ സെല്ലുകൾ ബാക്കിയുള്ളവയിൽ നിന്ന് സജീവമാവുകയും സെൽ വിഭജനത്തിന് വിധേയമാവുകയും ചെയ്യുന്നു. സജീവമാക്കിയതും വിഭജിക്കുന്നതുമായ സെല്ലുകളെ മയോബ്ലാസ്റ്റുകൾ എന്ന് വിളിക്കുന്നു. മയോബ്ലാസ്റ്റുകൾ കൂടുതൽ വിഘടനത്തിന് വിധേയമാവുകയും മയോട്യൂബുകൾ രൂപപ്പെടുകയും ചെയ്യുന്നു, ഇത് കേടായ പേശികളുമായി സംയോജിക്കുകയും തകരാറുകൾ പരിഹരിക്കുകയും ചെയ്യുന്നു. ഈ പഠനത്തിൽ, മൂത്ര ചോർച്ച നിയന്ത്രിക്കുന്നതിന് കേടായ മൂത്ര സ്പിൻ‌ക്റ്റർ പേശി നന്നാക്കാൻ സാറ്റലൈറ്റ് / മയോബ്ലാസ്റ്റ് സെല്ലുകൾ ഉപയോഗിക്കാൻ ഞങ്ങൾ ശ്രമിക്കുന്നു ."
Scientific evidence supports preparing newly diagnosed cancer patients to make their health better before starting cancer treatments. This is done by understanding the persons current health and by predicting the effects of cancer treatment that can negatively affect his health.,കാൻസർ ചികിത്സകൾ ആരംഭിക്കുന്നതിന് മുമ്പ് പുതുതായി രോഗനിർണയം നടത്തിയ കാൻസർ രോഗികളെ അവരുടെ ആരോഗ്യം മെച്ചപ്പെടുത്തുന്നതിന് തയ്യാറാക്കുന്നതിനെ ശാസ്ത്രീയ തെളിവുകൾ പിന്തുണയ്ക്കുന്നു. വ്യക്തിയുടെ നിലവിലെ ആരോഗ്യം മനസിലാക്കുന്നതിലൂടെയും ആ വ്യക്തിയുടെ ആരോഗ്യത്തെ പ്രതികൂലമായി ബാധിക്കുന്ന കാൻസർ ചികിത്സയുടെ ഫലങ്ങൾ പ്രവചിക്കുന്നതിലൂടെയുമാണ് ഇത് ചെയ്യുന്നത്.
Will your personal details be kept confidential?,നിങ്ങളുടെ സ്വകാര്യ വിശദാംശങ്ങൾ രഹസ്യമായി സൂക്ഷിക്കുമോ?
-Motivate others to donate,- മറ്റുള്ളവരെ രക്തം ദാനം ചെയ്യാൻ പ്രേരിപ്പിക്കുക
"When you register for donation, the blood bank medical officer will check whether you are fit enough before donation. however, if you have any doubt regarding whether you can donate, you can clarify with the social worker or doctor in the blood bank.","നിങ്ങൾ രക്തദാനത്തിനായി രജിസ്റ്റർ ചെയ്യുമ്പോൾ, മെഡിക്കൽ ഓഫീസർ നിങ്ങൾ രക്തദാനം ചെയ്യുന്നതിന് യോഗ്യരാണോ എന്ന് പരിശോധിക്കും. എന്നിരുന്നാലും, നിങ്ങൾക്ക് സംഭാവന ചെയ്യാൻ കഴിയുമോ എന്ന കാര്യത്തിൽ എന്തെങ്കിലും സംശയമുണ്ടെങ്കിൽ, നിങ്ങൾക്ക് രക്തബാങ്കിലെ സാമൂഹ്യ പ്രവർത്തകനോടോ ഡോക്ടറോടോ സംശയദൂരീകരണം നടത്താവുന്നതാണ് ."
Assess and Cleaning,പരിശോധിക്കലും വൃത്തിയാക്കലും
"Drawing blood involves a small puncture in your skin. Risks associated with this procedure are minimal, but blood drawing may cause bruising, pain, or infection at the site. Rarely, inflammation or irritation of the vein may occur. If you have any questions about any of the possible risks, you should talk to your study doctor or your regular doctor.","രക്തം വലിച്ചെടുക്കുന്നതിന് ചർമ്മത്തിൽ ഒരു ചെറിയ ദ്വാരം ഉണ്ടാക്കപ്പെടുന്നു. ഈ പ്രക്രിയയുമായി ബന്ധപ്പെട്ട അപകടസാധ്യതകൾ വളരെ കുറവാണ്, പക്ഷേ രക്തം വലിച്ചെടുക്കുന്ന ഇടത്ത് ചതവ്, വേദന അല്ലെങ്കിൽ അണുബാധ എന്നിവക്ക് കാരണമായേക്കാം. അപൂർവ്വമായി, സിരയുടെ വീക്കം അല്ലെങ്കിൽ പ്രകോപനം ഉണ്ടാകാം. സാധ്യമായ ഏതെങ്കിലും അപകടസാധ്യതകളെക്കുറിച്ച് നിങ്ങൾക്ക് എന്തെങ്കിലും ചോദ്യങ്ങളുണ്ടെങ്കിൽ, നിങ്ങളുടെ പഠന ഡോക്ടറുമായോ അല്ലെങ്കിൽ നിങ്ങളുടെ സ്ഥിരം ഡോക്ടറുമായോ സംസാരിക്കാവുന്നതാണ്‌."
(i) I confirm that I have read and understood the information sheet dated ____________ for the above study and have had the opportunity to ask questions. [ ],(i) മേൽപ്പറഞ്ഞ പഠനത്തിനായി ____________ തീയതിയിലുള്ള ഇൻഫോർമേഷൻ ഷീറ്റ് ഞാൻ വായിക്കുകയും മനസ്സിലാക്കുകയും ചെയ്തിട്ടുണ്ടെന്നും ചോദ്യങ്ങൾ ചോദിക്കാനുള്ള അവസരമുണ്ടെന്നും ഞാൻ സ്ഥിരീകരിക്കുന്നു. [ ]
Subject name-,വിഷയത്തിന്റെ പേര്-
<Page-4>,<പേജ്-4>
I have read and agree to abide by the requirements of this Registry as described in the protocol.,പ്രോട്ടോക്കോളിൽ വിവരിച്ചിരിക്കുന്നതുപോലെ ഈ രജിസ്ട്രിയുടെ ആവശ്യകതകൾ ഞാൻ വായിക്കുകയും അംഗീകരിക്കുകയും ചെയ്യുന്നു.
5. … has few artistic interests,5. … കുറച്ച് കലാപരമായ താൽപ്പര്യങ്ങളുള്ള
Key messages,പ്രധാന സന്ദേശങ്ങൾ
<Informed consent>,<Informed consent>
"Remember, blood is transfused to a patient only when it is a life saving necessity. So when you donate blood, you do not merely help someone, YOU SAVE LIVES!!!","ഓർമ്മിക്കുക, ഒരു ജീവൻ രക്ഷിക്കേണ്ട സന്ദർഭം ആവശ്യം വരുമ്പോൾ മാത്രമേ രക്തം രോഗിയിലേക്ക് സന്നിവേശിപ്പിക്കുകയുള്ളൂ . നിങ്ങൾ രക്തം സംഭാവന ചെയ്യുമ്പോൾ, നിങ്ങൾ കേവലം ഒരാളെ സഹായിക്കുക മാത്രമല്ല, നിങ്ങൾ ജീവനെ രക്ഷിക്കുക കൂടിയാണ് ചെയ്യുന്നത്!!!"
This will also help to avoid the side effects that come with administering pain medications in the ward.,വാർഡിൽ വേദന മരുന്ന് നൽകുമ്പോൾ ഉണ്ടാകുന്ന പാർശ്വഫലങ്ങൾ ഒഴിവാക്കാനും ഇത് സഹായിക്കും.
• The right to be informed (how the data will be used),• അറിയുവാനുള്ള അവകാശം (ഡാറ്റ എങ്ങനെ ഉപയോഗിക്കും)
◦ Stored without personal identifying information,◦ വ്യക്തിഗത തിരിച്ചറിയൽ വിവരങ്ങൾ ഇല്ലാതെ സൂക്ഷിച്ചിരിക്കുന്നു.
Signature(or Thumb impression) of the Subject ___________________________ Date://,പങ്കെടുക്കുന്നയാളുടെ ഒപ്പ് (അല്ലെങ്കിൽ വിരലടയാളം) തീയതി://
2 Weight of the Child (Kilograms),2 കുട്ടിയുടെ ഭാരം (കിലോഗ്രാം)
4. I drink to feel more self-confident.,4. കൂടുതൽ ആത്മവിശ്വാസം തോന്നിക്കുന്നതിന് വേണ്ടിയാണ് ഞാൻ കുടിക്കുന്നത്.
Representative: Date://,പ്രതിനിധി: തീയതി://
16. iPSCs saved/stored for future or unrelated research,16. iPSC-കൾ ഭാവിയിലെയോ ബന്ധമില്ലാത്തതോ ആയ റിസേര്‍ച്ചിനായി സംരക്ഷിച്ചിരിക്കുന്നു/സംഭരിച്ചിരിക്കുന്നു.
"Dipeptidyl peptidase‐4 inhibitors, glucagon‐like peptide 1 receptor agonists and sodium‐glucose co‐transporter‐2 inhibitors for people with cardiovascular disease: a network meta‐analysis","ഡിപെപ്റ്റിഡൈൽ പെപ്റ്റിഡേസ്-4 ഇൻഹിബിറ്ററുകൾ, ഗ്ലൂക്കോൺ പോലെയുള്ള പെപ്റ്റൈഡ് 1 റിസപ്റ്റർ അഗോണിസ്റ്റുകൾ, ഹൃദയ സംബന്ധമായ അസുഖമുള്ളവർക്കുള്ള സോഡിയം-ഗ്ലൂക്കോസ് കോ-ട്രാൻസ്പോർട്ടർ-2 ഇൻഹിബിറ്ററുകൾ: ഒരു നെറ്റ്‌വർക്ക് മെറ്റാ അനാലിസിസ്"
Rural,ഗ്രാമീണ
"There will be no cost for the steroid therapy that you will receive as part of this study. The laboratory tests which will be additionally performed as part of this study will also be provided at no cost to you. By participating in this study, you will be providing information to the study doctors that will show the effects of steroids on scrub typhus pneumonitis. There may or may not be any additional direct medical benefit to you from participating in this study. However, we hope the information learned from this study will benefit other patients with scrub typhus pneumonitis in the future.","ഈ പഠനത്തിന്റെ ഭാഗമായി നിങ്ങൾക്ക് ലഭിക്കുന്ന സ്റ്റിറോയിഡ് തെറാപ്പിക്ക് ഒരു ചെലവും ഉണ്ടാകില്ല. ഈ പഠനത്തിന്റെ ഭാഗമായി അധികമായി നടത്തുന്ന ലബോറട്ടറി പരിശോധനകളും നിങ്ങൾക്ക് സൌജന്യമായി നൽകും. ഈ പഠനത്തിൽ പങ്കെടുക്കുന്നതിലൂടെ, സ്ക്രബ് ടൈഫസ് ന്യൂമോണിറ്റിസിൽ സ്റ്റിറോയിഡുകളുടെ എഫക്റ്റുകൾ കാണിക്കുന്ന വിവരങ്ങൾ നിങ്ങൾ സ്റ്റഡി ഡോക്ടർമാർക്ക് നൽകും. ഈ പഠനത്തിൽ പങ്കെടുക്കുന്നതിൽ നിന്ന് നിങ്ങൾക്ക് കൂടുതൽ നേരിട്ടുള്ള മെഡിക്കൽ പ്രയോജനം ഉണ്ടാകാം അല്ലെങ്കിൽ ഉണ്ടാകില്ല. എന്നിരുന്നാലും, ഈ പഠനത്തിൽ നിന്ന് പഠിച്ച വിവരങ്ങൾ ഭാവിയിൽ സ്ക്രബ് ടൈഫസ് ന്യൂമോണിറ്റിസ് ഉള്ള മറ്റ് രോഗികൾക്ക് ഗുണം ചെയ്യുമെന്ന് ഞങ്ങൾ പ്രതീക്ഷിക്കുന്നു."
"We will do our best to keep your personal information private and confidential. However, your personal information may be disclosed if required by law.","നിങ്ങളുടെ സ്വകാര്യ വിവരങ്ങൾ സ്വകാര്യമായും രഹസ്യമായും സൂക്ഷിക്കാൻ ഞങ്ങൾ പരമാവധി ശ്രമിക്കും. എന്നിരുന്നാലും, നിയമപരമായി ആവശ്യപ്പെടുകയാണെങ്കില്‍ നിങ്ങളുടെ സ്വകാര്യ വിവരങ്ങൾ വെളിപ്പെടുത്തിയേക്കാം."
"Participants may experience more comfortable treatment options in the future. This can lead to improved patient experiences and potentially reduced medical costs. In essence, the end of the study provides patient-friendly approaches to treating bladder tumors of ≤3 cm in size and ≤ 3 in numbers.",പങ്കെടുക്കുന്നവർക്ക് ഭാവിയിൽ കൂടുതൽ സുഖപ്രദമായ ചികിത്സാ ഓപ്ഷനുകൾ കിട്ടിയേക്കാം. ഇത് രോഗിയുടെ അനുഭവങ്ങൾ മെച്ചപ്പെടുത്തുന്നതിനും ചികിത്സാ ചെലവുകൾ കുറയ്ക്കുന്നതിനും ഇടയാക്കും. ചുരുക്കിപ്പറഞ്ഞാൽ പഠനത്തിന്റെ അവസാനം ≤3 സെൻ്റീമീറ്റർ വലിപ്പവും ≤ 3 എണ്ണത്തിലുമുള്ള ബ്ലാഡർ ട്യൂമറുകൾ (മൂത്രാശയ മുഴകൾ) ചികിത്സിക്കുന്നതിനുള്ള രോഗി-സൗഹൃദ സമീപനങ്ങൾ നൽകുന്നു.
"This study does not aim to change the current practice in the treatment of RPS patients but to create a platform of high quality prospectively collected data for outcome comparison and future studies. In particular, enrolling in the present study will not affect or influence your current treatment.","ആർപിഎസ് രോഗികളുടെ ചികിത്സയിൽ നിലവിലുള്ള രീതി മാറ്റാൻ ഈ പഠനം ലക്ഷ്യമിട്ടിട്ടില്ല. എന്നാല്‍ ഭാവിയിലെ പഠനത്തിന് താരതമ്യം നടത്തുന്നതിന് ഉയര്‍ന്ന നിലവാരമുള്ള ഡാറ്റ നിര്‍മ്മിക്കുന്നതിനാണ് ഇത്. ഒരു പ്രത്യേകിച്ച്, ഇപ്പോഴത്തെ പഠനത്തിൽ എൻറോൾ ചെയ്യുന്നത് നിങ്ങളുടെ നിലവിലെ ചികിത്സയെ ബാധിക്കുകയോ സ്വാധീനിക്കുകയോ ചെയ്യുകയില്ല."
"For the epidural procedure, you will be asked to sit on the table with your legs on the side, resting on a stool. This positioning is designed to distribute your weight evenly and reduce strain on the lower back. It is essential to make yourself comfortable, as this position facilitates corrections during the epidural process. Arching your back is encouraged, and you may be given a pillow to hold your head down, aiding in increased arching. One person will hold you from the front to make you comfortable, this action opens up the spaces between the vertebrae, facilitating the insertion of the epidural needle. Mild sedation will be given so that you will feel a bit sleepy.","എപ്പിഡ്യൂറൽ നടപടിക്രമത്തിനായി നിങ്ങളോട്, ഒരു സ്റ്റൂളിൽ ഇരുന്ന് കാലുകൾ താഴേക്ക് തൂക്കിയിടാൻ നിങ്ങളോട് ആവശ്യപ്പെടും. നിങ്ങളുടെ ഭാരം തുല്യമായി വിതരണം ചെയ്യുന്നതിനും താഴത്തെ ഇടുപ്പ്വശത്ത് പേശീ വലിവ് കുറയ്ക്കുന്നതിനുമാണ് ഈ പൊസിഷനിംഗ് രൂപകൽപ്പന ചെയ്തിരിക്കുന്നത്. എപ്പിഡ്യൂറൽ പ്രക്രിയയിൽ ഈ പൊസിഷൻ മാറ്റേണ്ടി വരുന്നത് സുഗമമാക്കുന്നതിന് നിങ്ങൾ നിങ്ങൾക്ക്സുഖകരമായ രീതിയിൽ ഇരിക്കേണ്ടതാണ്. നിങ്ങളോട് പുറകിലേക്ക് വളയാൻ പറയുന്നു, നിങ്ങളുടെ തല വച്ച് കിടക്കാൻ നിങ്ങൾക്ക് ഒരു തലയിണ നൽകും, ഇത് നല്ല പോലെ വളയുന്നതിനു സഹായിക്കുന്നു. നിങ്ങൾക്ക് അസൗകര്യം ഉണ്ടാകാതിരിക്കാൻ ഒരാൾ നിങ്ങളെ മുന്നിൽ നിന്ന് പിടിക്കും, ഈ പ്രവർത്തനം കശേരുക്കൾക്കിടയിലുള്ള കൂടുതൽ സ്ഥലം കിട്ടും, ഇത് എപ്പിഡ്യൂറൽ സൂചി കുത്തുന്നത് സുഗമമാക്കുന്നു. മയങ്ങുന്നതിനുള്ള മരുന്ന് നൽകും, അതിനാൽ നിങ്ങൾക്ക് അൽപ്പം ഉറക്കം വരും."
Informed Consent Form,സമ്മതം അറിയിച്ച ഫോം
Plain language summary,ലളിതമായ ഭാഷാ സംഗ്രഹം
• FOP bone growth,• FOP അസ്ഥി വളർച്ച
There are no additional expenses or payments.,അധിക ചെലവുകളോ പേയ്‌മെന്റുകളോ ഇല്ല.
Your participation in this study is entirely voluntary and you are free to withdraw from the study at any time. Your treatment in this hospital will not be affected in any way by that decision.,"ഈ പഠനത്തിലെ നിങ്ങളുടെ പങ്കാളിത്തം പൂർണ്ണമായും സ്വമേധയാ ഉള്ളതാണ്, നിങ്ങൾക്ക് എപ്പോൾ വേണമെങ്കിലും പഠനത്തിൽ നിന്ന് പിന്മാറാൻ സ്വാതന്ത്ര്യമുണ്ട്. ഈ തീരുമാനം ഈ ആശുപത്രിയിലെ നിങ്ങളുടെ ചികിത്സയെ ഒരു തരത്തിലും ബാധിക്കുകയില്ല."
14. Addition of family member: 39,14. കുടുംബത്തിൽ അംഗങ്ങൾ കൂടുന്നത്: 39
Patient ID Number:,രോഗിയുടെ ഐഡി നമ്പർ:
Participant’s Phone Number :,പങ്കെടുക്കുന്നയാളുടെ ഫോൺ നമ്പർ:
"If you agree to participate, information about your age, sex, marital history, Relevant history of presenting complaints like duration of disease, duration on treatment, your medical history like diabetes and high blood pressure would be obtained.","പങ്കെടുക്കാൻ നിങ്ങൾ സമ്മതിക്കുന്ന പക്ഷം നിങ്ങളുടെ പ്രായം, ലിംഗഭേദം, വൈവാഹിക ചരിത്രം, രോഗത്തിൻറെ കാലാവധി, ചികിത്സയുടെ കാലാവധി, പ്രമേഹം, ഉയർന്ന രക്തസമ്മർദ്ദം കൂടാതെ നിങ്ങളുടെ രോഗ ചരിത്രം എന്നിവയെ സംബന്ധിക്കുന്ന വിവരങ്ങള്‍ കരസ്ഥമാക്കുന്നതാണ്."
Signature:,ഒപ്പ്:
ASSENT FORM,ഉടമ്പടി പത്രം
Life Event: LCU,ലൈഫ് ഇവൻ്റ്: LCU
"• ER Visits, Hospitalizations and Surgeries","• ER സന്ദർശനങ്ങൾ, ആശുപത്രിവാസങ്ങൾ, ശസ്ത്രക്രിയകൾ"
What are the possible benefits of taking part?,ഗവേഷണത്തില്‍ പങ്കെടുക്കുന്നതിലൂടെ സാധ്യമായ നേട്ടങ്ങൾ എന്തൊക്കെയാണ്?
"Your participation in this study is entirely voluntary and you are also free to decide to withdraw permission to participate in this study. If you do so, this will not affect your usual treatment at this hospital in any way.","ഈ പഠനത്തിൽ നിങ്ങളുടെ പങ്കാളിത്തം പൂർണ്ണമായും സ്വമേധയാ ഉള്ളതാണ്, കൂടാതെ ഈ പഠനത്തിൽ പങ്കെടുക്കാനുള്ള അനുമതി പിൻവലിക്കാൻ തീരുമാനിക്കാനും നിങ്ങൾക്ക് സ്വാതന്ത്ര്യമുണ്ട്. നിങ്ങൾ അങ്ങനെ ചെയ്താൽ, ഇത് ഈ ആശുപത്രിയിലെ നിങ്ങളുടെ സാധാരണ ചികിത്സയെ ഒരു തരത്തിലും ബാധിക്കില്ല."
1. By washing your hands with soap and water while singing a song.,1. ഒരു ഗാനം ആലപിച്ചുകൊണ്ടിരിക്കെ സോപ്പും വെള്ളവും ഉപയോഗിച്ച് കൈ കഴുകുക .
"• For the remaining duration of your hospital stay you will be monitored closely like all other snake-bite patients. We will monitor you for signs of complications including blood test to assess kidney function. If complications develop, you will be offered treatment for the same according to standard protocols","നിങ്ങളുടെ ആശുപത്രിവാസത്തിന്റെ ശേഷിക്കുന്ന കാലയളവിൽ മറ്റ് എല്ലാ പാമ്പുകടിയേറ്റ രോഗികളെയും പോലെ നിങ്ങളെ സൂക്ഷ്മമായി നിരീക്ഷിക്കും. വൃക്കയുടെ പ്രവര്‍ത്തനം വിലയിരുത്തുന്നതിന് വേണ്ടി രക്തപരിശോധന ഉള്‍പ്പെടെയുള്ള സങ്കീര്‍ണമായ ലക്ഷണങ്ങള്‍ ഞങ്ങള്‍ നിരീക്ഷിക്കും. സങ്കീർണതകൾ പുരോഗമിക്കുന്നതനുസരിച്ച്, ആശുപത്രി നിലവാരത്തിന്റെ കീഴ്വഴക്കം അനുസരിച്ച് നിങ്ങൾക്ക് അതിനുള്ള ചികിത്സ വാഗ്ദാനം ചെയ്യും"
Big Five Inventory-10 (BFI-10),ബിഗ് ഫൈവ് ഇൻവെൻ്റന്ററി-10 (BFI-10)
The important benefit is the control of the pain which will help you in getting out of bed and start physiotherapy (exercise). It will also help us to get a better understanding about the efficacy of techniques and so help other patients who undergo hip replacement.,കിടക്കയിൽ നിന്ന് ഇറങ്ങാനും ഫിസിയോതെറാപ്പി (വ്യായാമം) ആരംഭിക്കാനും സഹായിക്കുന്ന വേദനയുടെ നിയന്ത്രണമാണ് പ്രധാന നേട്ടം. ടെക്നിക്കുകളുടെ ഫലപ്രാപ്തിയെക്കുറിച്ച് നന്നായി മനസ്സിലാക്കുന്നതിനും ഇടുപ്പ് സന്ധി മാറ്റിസ്ഥാപിക്കുന്ന മറ്റ് രോഗികളെ സഹായിക്കുന്നതിനും ഇത് ഉപകരിക്കും.
- The results will project the attitude of patients with ethanol related liver disease regarding ethanol consumption and facilitate the nursing personnel to plan for psychosocial measures to quit consumption of ethanol thereby promoting the quality of life.,- ഈ ഫലങ്ങൾ എഥനോൾ സംബന്ധമായ കരൾ രോഗമുള്ള രോഗികളുടെ മനോഭാവത്തെ എടുത്തുകാട്ടുകയും നഴ്സിംഗ് ഉദ്യോഗസ്ഥർക്ക് എഥനോൾ ഉപഭോഗം ഉപേക്ഷിക്കുന്നതിനുള്ള മാനസിക സാമൂഹിക നടപടികൾ ആസൂത്രണം ചെയ്യാൻ സഹായിക്കുകയും അതുവഴി ജീവിതനിലവാരം ഉയർത്തുകയും ചെയ്യും.
5. I agree not to restrict the use of any data or results that arise from this study provided such a use is only for scientific purpose(s) ⎕,5. ഈ പഠനത്തില്‍ നിന്ന് ലഭ്യമാകുന്ന ഫലങ്ങളോ വിവരങ്ങളോ ശാസ്ത്രീയമായ ആവശ്യങ്ങള്‍ക്ക് ലഭ്യമാക്കുന്നതിനെ തടയുകയില്ലെന്ന് ഞാന്‍ സമ്മതിച്ചിരിക്കുന്നു.
"‐ do not reduce the risk of death from cardiovascular disease or from any cause, or risk of heart attack or stroke;",‐ ഹൃദയ സംബന്ധമായ അസുഖങ്ങൾ മൂലമോ ഏതെങ്കിലും കാരണത്താൽ മരണസാധ്യതയോ ഹൃദയാഘാതം അല്ലെങ്കിൽ ഹൃദയാഘാതമോ ഉണ്ടാകാനുള്ള സാധ്യത കുറയ്ക്കരുത്;
2. What are induced pluripotent stem cells ( iPSCs ) and how can they be used?,"2. ഇൻഡ്യുസ്ഡ് പ്ലൂറിപോട്ടന്റ് സ്റ്റെം സെല്ലുകൾ (iPSC) എന്താണ്, അവ എങ്ങനെ ഉപയോഗിക്കാം?"
"(ii) I understand that my participation in the study is voluntary and that I am free to withdraw at any time, without giving any reason, without my medical care or legal rights being affected. [ ]","(ii) ഈ പഠനത്തിലുള്ള എന്‍റെ പങ്കാളിത്തം സ്വമേധയായുള്ളതാണെന്നും, അത് എപ്പോള്‍ വേണമെങ്കിലും ഒരു കാരണവും കാണിക്കാതെ, എന്‍റെ ആരോഗ്യ സുരക്ഷയെയും, നിയമപരമായ അവകാശങ്ങളെയും ബാധിക്കാത്ത രീതിയില്‍ സ്വതന്ത്രമായി പിന്‍വലിക്കാമെന്നും ഞാന്‍ മനസ്സിലാക്കുന്നു ."
1. The admission charges explained by the doctor are only an estimate and the final bill may vary.,"1. ഡോക്ടർ വിശദീകരിക്കുന്ന അഡ്മിഷൻ ചാർജുകൾ ഒരു എസ്റ്റിമേറ്റ് മാത്രമാണ്, അന്തിമ ബില്ലിൽ വ്യത്യാസമുണ്ടാകാം."
"If you agree to participate in this, you will need to give consent for us to obtain the present details of your child’s condition and an extra blood sample.","ഇതിൽ പങ്കെടുക്കാൻ നിങ്ങൾ സമ്മതിക്കുകയാണെങ്കിൽ, നിങ്ങളുടെ കുട്ടിയുടെ ഇപ്പോഴത്തെ അവസ്ഥയെക്കുറിച്ചുള്ള വിശദാംശങ്ങളും കൂടാതെ ഒരു അധിക രക്ത സാമ്പിളും നൽകേണ്ടതുണ്ട്."
Will there be any costs to me?,എനിക്ക് എന്തെങ്കിലും ചിലവ് ഉണ്ടാകുമോ?
10. Will there be any costs to me?,10 എനിക്ക് എന്തെങ്കിലും ചിലവുകൾ ഉണ്ടാകുമോ?
2nd,രണ്ടാമത്തേത്
"• Pulmonary Function Test, ECG and Laboratory Evaluations","• പൾമണറി ഫംഗ്‌ഷൻ ടെസ്റ്റ്, ഇസിജി, ലബോറട്ടറി വിലയിരുത്തലുകൾ"
- Avoid strenuous work or exercise.,- കഠിനാധ്വാനമോ വ്യായാമമോ ഒഴിവാക്കുക.
Agree a little - (4) (4) (4) (4) (4) (4) (4) (4) (4) (4),കുറച്ച് യോജിക്കുന്നു - (4) (4) (4) (4) (4) (4) (4) (4) (4) (4)
1. These feeling states indicated only on questioning.,1. ഈ വികാരാവസ്ഥകൾ ചോദ്യം ചോദിക്കുമ്പോൾ മാത്രം സൂചിപ്പിച്ചിരിക്കുന്നു.
"I, Mr./Mrs. ___ Father/Mother/Legal Representative of ___ hereby give consent to take the My/My Child’s photographs/video recording for","ഞാൻ, ശ്രീ / ശ്രീമതി. ___ അച്ഛൻ / അമ്മ / ___ ന്റെ നിയമപ്രകാരമുളള പ്രതിനിധി ആയതിനാൽ എന്റെയോ / എന്റെ കുട്ടിയുടെ ഫോട്ടോഗ്രാഫുകൾ / വീഡിയോ റെക്കോർഡിംഗ് എടുക്കാൻ സമ്മതം നൽകുന്നു"
Will your personal details be kept confidential?,നിങ്ങളുടെ സ്വകാര്യ വിവരങ്ങള്‍ രഹസ്യമായി സൂക്ഷിക്കുമോ?
Total score:,ആകെ സ്കോർ:
Will I be paid for the study?,പഠനത്തിന്‍റെ ഭാഗമായാല്‍ എനിക്ക് പണം ലഭിക്കുമോ?
Please take your time to review this consent form and discuss any questions you may have with the study staff. This consent form may contain words that you do not understand. Please ask the study staff to explain any words or information that you do not clearly understand.,ഈ കൺസെന്റ് ഫോം അവലോകനം ചെയ്യാനും നിങ്ങൾക്ക് ഉണ്ടായേക്കാവുന്ന ചോദ്യങ്ങൾ സ്റ്റഡി സ്റ്റാഫുമായി ചർച്ച ചെയ്യാനും ദയവായി നിങ്ങൾക്കാവശ്യമുള്ള സമയം എടുക്കുക. ഈ കൺസെന്റ് ഫോമിൽ നിങ്ങൾക്ക് മനസ്സിലാകാത്ത വാക്കുകൾ അടങ്ങിയിരിക്കാം. നിങ്ങൾക്ക് വ്യക്തമായി മനസ്സിലാകാത്ത ഏതെങ്കിലും വാക്കുകളോ വിവരങ്ങളോ വിശദീകരിക്കാൻ ദയവായി സ്റ്റഡി സ്റ്റാഫിനോട് ആവശ്യപ്പെടുക.
"With this information, we can improve all types of cancer patient’s healthcare results, the quality of life after the cancer treatment, burden of treatment on family and also can decrease the length of hospital stay needed, thus reducing the financial burden.","ഈ വിവരങ്ങൾ ഉപയോഗിച്ച്, നമുക്ക് എല്ലാത്തരം കാൻസർ രോഗികളുടെയും ആരോഗ്യ സംരക്ഷണ ഫലങ്ങൾ മെച്ചപ്പെടുത്താൻ കഴിയും, കാൻസർ ചികിത്സയ്ക്ക് ശേഷമുള്ള ജീവിതനിലവാരം, കുടുംബത്തിന് മേലുള്ള ചികിത്സാ ഭാരം, കൂടാതെ ആവശ്യമായ ആശുപത്രി താമസത്തിന്റെ ദൈർഘ്യം കുറയ്ക്കാനും കഴിയും, അങ്ങനെ സാമ്പത്തിക ഭാരം കുറയ്ക്കുന്നു."
What are the limitations of the evidence?,തെളിവുകളുടെ പരിമിതികൾ എന്തൊക്കെയാണ്?
10) Will your personal details be kept confidential?,10) നിങ്ങളുടെ സ്വകാര്യ വിവരങ്ങൾ രഹസ്യമായി സൂക്ഷിക്കുമോ?
5. Are there any benefits of taking part in this haplobank?,5. ഹാപ്ലോബാങ്കിൽ പങ്കെടുക്കുന്നത് കൊണ്ട് എന്തെങ്കിലും നേട്ടങ്ങളുണ്ടോ?
Will my taking part be kept confidential?,എന്റെ പങ്കാളിത്തം രഹസ്യമായി സൂക്ഷിക്കുമോ?
Will there be any costs to me?,ഞാൻ എന്തെങ്കിലും ചിലവ് വഹിക്കേണ്ടതുണ്ടോ?
1. Age,1. പ്രായം
Sad,വിഷാദം
19. Change in frequency of arguments with spouse: 35,19. ഇണയുമായുള്ള തർക്കങ്ങളുടെ എണ്ണത്തിൽ വരുന്ന മാറ്റം: 35
"If at any time you experience any problems, you will be expected to report this to the doctor. The standard treatment of growth plate defect needs follow-up till maturity.","ഏതു സമയത്തായാലും നിങ്ങള്‍ക്ക് എന്തെങ്കിലും പ്രശ്‌നങ്ങൾ അനുഭവപ്പെട്ടാല്‍, നിങ്ങൾ ഉടനെ ഡോക്ടറെ അറിയിക്കേണ്ടതാണ്. ഗ്രോത്ത് പ്ലേറ്റ് വൈകല്യത്തിന്റെ ചികിത്സയില്‍ അസ്ഥി വളര്‍ച്ച പക്വത എത്തുന്നതുവരെ വരെ ഫോളോ-അപ്പ് ആവശ്യമാണ്."
‐ may reduce the risk of worsening kidney function but may have no impact on pancreatitis;,"‐ വൃക്കകളുടെ പ്രവർത്തനം വഷളാകാനുള്ള സാധ്യത കുറയ്ക്കാം, പക്ഷേ പാൻക്രിയാറ്റിസിനെ ബാധിക്കില്ല;"
(i) I confirm that I have read and understood the information sheet dated ____________ for the above study and have had the opportunity to ask questions. [ ],"(i) മേൽപ്പറഞ്ഞ പഠനത്തിനുള്ള ____________ തീയതിയിലെ ഇന്‍ഫര്‍മേഷന്‍ ഷീറ്റ് ഞാൻ വായിക്കുകയും മനസ്സിലാക്കുകയും ചെയ്തിട്ടുണ്ടെന്നും, എനിക്ക് ചോദ്യങ്ങൾ ചോദിക്കാനുള്ള അവസരം ലഭിച്ചിട്ടുണ്ടെന്നും ഞാൻ സ്ഥിരീകരിക്കുന്നു. [ ]"
signature of investigator taking consent,സമ്മതമെടുക്കുന്ന അന്വേഷകന്റെ ഒപ്പ്
"a. By the treating doctor, I have been explained regarding the nature and needs of the process.","a. ചികിത്സിക്കുന്ന ഡോക്ടർ, പ്രക്രിയയുടെ സ്വഭാവത്തെയും ആവശ്യകതയേയും സംബന്ധിച്ചു എനിക്ക് വിശദീകരിച്ചു തന്നു ."
"7. Female Relative is compulsory for the night. In case of no female relative, inform ward staff and your doctor much earlier to arrange helper for the night.","7. രാത്രിയിൽ സ്ത്രീ ബന്ധു നിർബന്ധമാണ്. സ്ത്രീ ബന്ധുക്കൾ ഇല്ലെങ്കിൽ, രാത്രിയിൽ സഹായിയെ ക്രമീകരിക്കാൻ വാർഡ് ജീവനക്കാരെയും നിങ്ങളുടെ ഡോക്ടറെയും വളരെ നേരത്തെ അറിയിക്കുക."
"(ii) I understand that my participation in the study is voluntary, without any force or influence and that I am free to withdraw at anytime, without giving any reason, without my medical care or legal rights being affected. [ ]","(ii) പഠനത്തിൽ എന്റെ പങ്കാളിത്തം സ്വമേധയാ ഉള്ളതാണെന്നും ഒരു ബലപ്രയോഗമോ സ്വാധീനമോ ഇല്ലാത്തതാണെന്നും എന്റെ വൈദ്യസഹായത്തെയോ നിയമപരമായ അവകാശങ്ങളെയോ ബാധിക്കാതെ, ഒരു കാരണവും നൽകാതെ എപ്പോൾ വേണമെങ്കിലും പിൻവാങ്ങാൻ എനിക്ക് സ്വാതന്ത്ര്യമുണ്ടെന്നും ഞാൻ മനസ്സിലാക്കുന്നു. [ ]"
(Please tick boxes),(ദയവായി ബോക്സുകളിൽ ടിക്ക് ചെയ്യുക)
5. What are the benefits of participating?,5. പങ്കെടുക്കുന്നതിന്റെ പ്രയോജനങ്ങൾ എന്തൊക്കെയാണ്?
If illiterate:,നിരക്ഷരനാണെങ്കിൽ:
﻿Adjuvant corticoSTEROIDs in Scrub pneumonitis,സ്ക്രബ് ന്യൂമോണിറ്റിസിലെ അനുബന്ധ കോർട്ടികോസ്റ്റീറോയിഡുകൾ
- HIV,- എച്ച്ഐവി
Can you withdraw from this study after it starts?,ഈ പഠനം ആരംഭിച്ചതിനുശേഷം നിങ്ങൾക്ക് അതിൽ നിന്ന് പിന്മാറാന്‍ കഴിയുമോ?
2 Sex,2 ലിംഗം
You will be more alert and comfortable and will be able to resume your daily activities as early as possible. You may or may not receive any direct benefit from being in this study. Information learned from this study may help other people with your condition in the future.,"നിങ്ങൾ കൂടുതൽ ഉണര്‍വോടെയും സുഖപ്രദമായും ഇരിക്കും, നിങ്ങളുടെ ദൈനംദിന പ്രവർത്തനങ്ങൾ കഴിയുന്നത്ര വേഗത്തിൽ പുനരാരംഭിക്കാൻ കഴിയും. ഈ പഠനത്തിൽ പങ്കെടുക്കുന്നതിലൂടെ നിങ്ങൾക്ക് നേരിട്ട് എന്തെങ്കിലും പ്രയോജനം ലഭിക്കുകയോ ലഭിക്കാതിരിക്കുകയോ ചെയ്യാം. ഈ പഠനത്തിൽ നിന്ന് മനസ്സിലാക്കിയ വിവരങ്ങൾ ഭാവിയിൽ നിങ്ങളുടെ അതേ രോഗവസ്ഥ നേരിടുന്ന മറ്റുള്ളവരെ സഹായിച്ചേക്കാം."
Dept. Of transfusion medicine,ട്രാൻസ്ഫ്യൂഷൻ മെഡിസിൻ വകുപ്പ്
2. I drink to ease relations with the opposite sex.,2. എതിർലിംഗത്തിലുള്ളവരുമായുള്ള ബന്ധം സുഗമമാക്കുന്നതിനാണ് ഞാൻ കുടിക്കുന്നത്.
Culture expanded satellite cells/myoblasts for the treatment of urinary incontinence in female patients with urethral sphincter insufficiency.,സ്ത്രീകളിലെ മൂത്രം പോകുന്നതിലെ നിയന്ത്രണമില്ലായ്ക ചികിത്സിക്കുന്നതിനായി സംസ്കരിച്ച സാറ്റലൈറ്റ് സെല്ലുകൾ / മയോബ്ലാസ്റ്റുകൾ വികസിപ്പിച്ചുകൊണ്ടുള്ള ചികിത്സ .
No additional blood tests are done as part of study.,പഠനത്തിന്റെ ഭാഗമായി അധിക രക്തപരിശോധനകളൊന്നും നടത്തുന്നില്ല.
E-Mail ID :,ഇ-മെയിൽ ഐഡി :
Printed name of parent or legal guardian_______________,മാതാപിതാക്കളുടെയോ നിയമപ്രകാരമുള്ള രക്ഷിതാവിന്റെയോ അച്ചടിച്ച പേര്_______________
Agreement,കരാർ
18. Conflict of interest,18. കോൺഫ്ലിക്ട് ഓഫ് ഇന്റെറെസ്ട്
Study Number: ____________,പഠനത്തിന്റെ നമ്പർ: ____________
"Ans- We does not expect any injury to happen to you but if you do develop any side effects or problems due to the study, these will be treated at no cost to you. We are unable to provide any monetary compensation, however.","ഉത്തരം- നിങ്ങൾക്ക് എന്തെങ്കിലും പരിക്ക് സംഭവിക്കുമെന്ന് ഞങ്ങൾ പ്രതീക്ഷിക്കുന്നില്ല, പക്ഷേ പഠനം മൂലം എന്തെങ്കിലും പാർശ്വഫലങ്ങളോ പ്രശ്നങ്ങളോ ഉണ്ടായാൽ, ഇവ നിങ്ങൾക്ക് യാതൊരുവിധ ചിലവും കൂടാതെ ചികിത്സിക്കപ്പെടും. എന്നാല്‍, സാമ്പത്തികമായ ഒരു നഷ്ടപരിഹാരവും നൽകാൻ ഞങ്ങൾക്ക് കഴിയില്ല."
"Therefore, we are conducting a pilot study to address the important factors associated with anti-cytokine autoantibodies.","അതിനാൽ, സൈറ്റോകൈൻ വിരുദ്ധ ഓട്ടോആന്റിബോഡികളുമായി ബന്ധപ്പെട്ട പ്രധാന ഘടകങ്ങളെ അഭിസംബോധന ചെയ്യുന്നതിനായി ഞങ്ങൾ ഒരു മാർഗദർശ്ശന പഠനം നടത്തുന്നു."
Blood is composed of,രക്തം ഉണ്ടാക്കിയിരിക്കുന്നത്
"I understand that my donation will be anonymized, but traceable and that full anonymity can not be guaranteed.","എന്റെ ഡൊണേഷന്‍ അജ്ഞാതമാക്കപ്പെടുമെന്നും, പക്ഷേ കണ്ടെത്താനാകുമെന്നും പൂർണ്ണമായ അജ്ഞാതത്വം ഉറപ്പുനൽകാൻ കഴിയില്ലെന്നും ഞാൻ മനസ്സിലാക്കുന്നു."
But I am going to explain myself...,പക്ഷെ ഞാൻ തന്നെ എന്നെപ്പറ്റി വിശദീകരിക്കാൻ പോകുന്നു ...
‐ probably reduce the risk of worsening kidney function;,- ഒരുപക്ഷേ വൃക്കകളുടെ പ്രവർത്തനം മോശമാകാനുള്ള സാധ്യത കുറയ്ക്കും;
You have been selected to take part in a research study. Please read the information regarding the study given below about its risks and benefits before you decide if you would like to take part in it.,ഒരു ഗവേഷണ പഠനത്തിൽ പങ്കെടുക്കാൻ നിങ്ങളെ തിരഞ്ഞെടുത്തു. നിങ്ങൾ അതിൽ പങ്കെടുക്കാൻ ആഗ്രഹിക്കുന്നുണ്ടോ എന്ന് തീരുമാനിക്കുന്നതിന് മുമ്പ് പഠനത്തിന്‍റെ അപകടസാധ്യതകളെയും നേട്ടങ്ങളെയും കുറിച്ച് ചുവടെ നൽകിയിരിക്കുന്ന വിവരങ്ങൾ വായിക്കുക.
"No, you don’t. The choice is yours. No one will get angry or upset if you don’t want to do this. And you can change your mind anytime if you decide you don’t want to be in the study anymore.","ഇല്ല, പഠനത്തിലെ പങ്കാളിത്തം നിര്‍ബന്ധമല്ല. തീരുമാനം നിങ്ങളുടെതാണ്. നിങ്ങൾക്ക് ഇത് ചെയ്യാൻ താൽപ്പര്യമില്ലെങ്കിൽ ആരും കോപിക്കുകയോ അസ്വസ്ഥരാകുകയോ ഇല്ല. പഠനത്തില്‍ പങ്കെടുക്കുന്നതിനിടെ നിങ്ങൾ തീരുമാനിക്കുകയാണെങ്കിൽ എപ്പോൾ വേണമെങ്കിലും നിങ്ങള്‍ക്ക് പഠനത്തില്‍ നിന്ന് പിന്മാറാന്‍ കഴിയും."
What is the benefit from the study?,പഠനത്തിന്റെ പ്രയോജനം എന്താണ്?
There is no potential conflict of interest to disclose for this haplobank.,ഈ ഹാപ്ലോബാങ്കിനായി വെളിപ്പെടുത്താൻ താൽപ്പര്യ വൈരുദ്ധ്യങ്ങളൊന്നും തന്നെ ഇല്ല.
Signature of person obtaining consent_________,സമ്മതം നേടുന്ന വ്യക്തിയുടെ ഒപ്പ്_________
Witness Signature (if appropriate),സാക്ഷിയുടെ ഒപ്പ് (ഉചിതമെങ്കിൽ)
Study Doctor,സ്റ്റഡി ഡോക്ടർ
Study Design:,പഠന മാതൃക:
"If you are willing to participate in this study, there will no change in the routine general anaesthesia that will be given to other patients with similar complaints coming for this surgery. Throughout the surgery you will be monitored carefully. After the surgery, we will observe for the time you take to wake up from anaesthesia, whether you have pain, and the quality of your recovery will be assessed. And this will be compared between the patients who undergo the procedure in the supine versus the prone position to see if there is any significant advantage of one position over the other.","ഈ പഠനത്തിൽ പങ്കെടുക്കാൻ നിങ്ങൾ തയ്യാറാണെങ്കിൽ, ഈ ശസ്ത്രക്രിയയ്ക്കായി വരുന്ന സമാന രോഗമുള്ള മറ്റ് രോഗികൾക്ക് നൽകുന്ന പതിവ് ജനറൽ അനസ്തേഷ്യ തന്നെയായിരിക്കും നിങ്ങള്‍ക്കും നല്‍കപ്പെടുക, അതില്‍ ഒരു മാറ്റവും ഉണ്ടാകുന്നതല്ല. ശസ്ത്രക്രിയയിലുടനീളം നിങ്ങളെ ശ്രദ്ധാപൂർവ്വം നിരീക്ഷിക്കും. ശസ്ത്രക്രിയയ്ക്കുശേഷം, അനസ്തേഷ്യയിൽ നിന്ന് എഴുന്നേൽക്കാൻ നിങ്ങൾ എടുക്കുന്ന സമയം, നിങ്ങൾക്ക് വേദനയുണ്ടോ എന്നീ കാര്യങ്ങള്‍ ഞങ്ങൾ നിരീക്ഷിക്കും, നിങ്ങളുടെ രോഗമുക്തിയുടെ വേഗതയും നിലവാരവും വിലയിരുത്തപ്പെടും. ഒരു സ്ഥാനത്ത് മറ്റൊന്നിനേക്കാൾ കാര്യമായ നേട്ടമുണ്ടോയെന്നറിയാൻ മലര്‍ന്ന്/കമിഴ്ന്ന് ഉള്ള നടപടിക്രമങ്ങൾക്ക് വിധേയരായ രോഗികൾ തമ്മിൽ ഇത് താരതമ്യം ചെയ്യും."
"If you agree to participate in this study, you will need to give consent to us to obtain the present details of your condition and an extra blood sample.","ഇതിൽ പങ്കെടുക്കാൻ നിങ്ങൾ സമ്മതിക്കുകയാണെങ്കിൽ, നിങ്ങളുടെ കുട്ടിയുടെ ഇപ്പോഴത്തെ അവസ്ഥയെക്കുറിച്ചുള്ള വിശദാംശങ്ങളും കൂടാതെ ഒരു അധിക രക്ത സാമ്പിളും നൽകേണ്ടതുണ്ട്."
- Hepatitis C,#NAME?
"Although steroids can increase the risk of getting new infections, we believe that there this risk is balanced with possible benefit and the fact that the dose used is quite small. Such small doses have been safely used in other infections like COVID-19 and septic shock. You will be watched carefully for any side effects of steroids and will be managed appropriately if you develop any. And if there is a definite indication for steroids, the patient’s assignment is revealed to the treating team and steroids may be continued or started. If any adverse effect of steroid is suspected, patient’s assignment is revealed, and treatment is modified accordingly. We will try to decrease the chances of any side effects occurring, but if something unexpected happens, compensation will be provided as per our trial insurance.","സ്റ്റിറോയിഡുകൾക്ക് പുതിയ അണുബാധകൾ ഉണ്ടാകാനുള്ള സാധ്യത വർദ്ധിപ്പിക്കാൻ കഴിയുമെങ്കിലും, ഈ അപകടസാധ്യത സാധ്യമായ നേട്ടവുമായി സന്തുലിതമാക്കപ്പെടുമെന്നും ഉപയോഗിക്കുന്ന ഡോസ് വളരെ ചെറുതാണെന്നും ഞങ്ങൾ വിശ്വസിക്കുന്നു. കോവിഡ്-19, സെപ്റ്റിക് ഷോക്ക് തുടങ്ങിയ മറ്റ് അണുബാധകളിൽ അത്തരം ചെറിയ ഡോസുകൾ സുരക്ഷിതമായി ഉപയോഗിച്ചിട്ടുണ്ട്. സ്റ്റിറോയിഡുകളുടെ ഏതെങ്കിലും പാർശ്വഫലങ്ങൾക്കായി നിങ്ങളെ ശ്രദ്ധാപൂർവ്വം നിരീക്ഷിക്കുകയും നിങ്ങൾക്ക് എന്തെങ്കിലും ഉണ്ടാവുകയാണെങ്കിൽ ഉചിതമായി കൈകാര്യം ചെയ്യുകയും ചെയ്യും. സ്റ്റിറോയിഡുകൾക്ക് കൃത്യമായ സൂചനയുണ്ടെങ്കിൽ, രോഗിയുടെ നിയമനം ചികിത്സിക്കുന്ന ടീമിന് വെളിപ്പെടുത്തുകയും സ്റ്റിറോയിഡുകൾ തുടരുകയോ ആരംഭിക്കുകയോ ചെയ്യാം. സ്റ്റിറോയിഡിന്റെ ഏതെങ്കിലും പ്രതികൂല പ്രഭാവം സംശയിക്കുന്നുവെങ്കിൽ, രോഗിയുടെ നിയമനം വെളിപ്പെടുത്തുകയും അതിനനുസരിച്ച് ചികിത്സ പരിഷ്ക്കരിക്കുകയും ചെയ്യുന്നു. ഏതെങ്കിലും പാർശ്വഫലങ്ങൾ സംഭവിക്കാനുള്ള സാധ്യത കുറയ്ക്കാൻ ഞങ്ങൾ ശ്രമിക്കും, എന്നാൽ അപ്രതീക്ഷിതമായ എന്തെങ്കിലും സംഭവിക്കുകയാണെങ്കിൽ, ഞങ്ങളുടെ ട്രയൽ ഇൻഷുറൻസ് അനുസരിച്ച് നഷ്ടപരിഹാരം നൽകും."
Your research and hospital records will be kept confidential. This study will not affect any other treatment being provided to you. There will be no risk to your health by participating in this study. There will be no additional charges for this study.,"നിങ്ങളുടെ ഗവേഷണ, ആശുപത്രി രേഖകൾ രഹസ്യമായി സൂക്ഷിക്കും. ഈ പഠനം നിങ്ങൾക്ക് നൽകുന്ന മറ്റ് ചികിത്സകളെ ബാധിക്കില്ല. ഈ പഠനത്തിൽ പങ്കെടുക്കുന്നതിലൂടെ നിങ്ങളുടെ ആരോഗ്യത്തിന് ഒരു അപകടവും ഉണ്ടാകില്ല. ഈ പഠനത്തിന് അധിക നിരക്കുകൾ ഈടാക്കില്ല."
4 Centile measurement/Z score,4 സെന്റൈൽ അളവ് / ഇസഡ് നില
"The results of this study may be published in a medical journal but you will not be identified by name in any publication or presentation of results. However, your medical notes may be reviewed by people associated with the study, without your additional permission, should you decide to participate in this study.","ഈ പഠനത്തിന്റെ ഫലങ്ങൾ ഒരു മെഡിക്കൽ ജേണലിൽ പ്രസിദ്ധീകരിച്ചേക്കാം, എന്നാൽ ഏതെങ്കിലും പ്രസിദ്ധീകരണത്തിലോ ഫലങ്ങളുടെ അവതരണത്തിലോ നിങ്ങളെ പേരുകൊണ്ട് തിരിച്ചറിയാൻ കഴിയില്ല. എന്നിരുന്നാലും, ഈ പഠനത്തിൽ പങ്കെടുക്കാൻ നിങ്ങൾ തീരുമാനിക്കുകയാണെങ്കിൽ, നിങ്ങളുടെ അധിക അനുമതിയില്ലാതെ പഠനവുമായി ബന്ധപ്പെട്ട ആളുകൾ നിങ്ങളുടെ മെഡിക്കൽ കുറിപ്പുകൾ അവലോകനം ചെയ്‌തേക്കാം."
What did we find?,ഞങ്ങൾ എന്താണ് കണ്ടെത്തിയത്?
Name and Address of the Witness,സാക്ഷിയുടെ പേരും വിലാസവും
Upto 10 std,പത്താംക്ലാസ് വരെ
"I agree that any tissue and blood donated may be disposed of, if unsuitable, in accordance with all relevant ethical and regulatory guidelines.","ഡൊണേറ്റ് ചെയ്യുന്ന ഏതെങ്കിലും ടിഷ്യൂവും രക്തവും അനുയോജ്യമല്ലെങ്കിൽ, പ്രസക്തമായ എല്ലാ ധാർമ്മികവും നിയന്ത്രണപരവുമായ മാർഗ്ഗനിർദ്ദേശങ്ങൾക്കനുസൃതമായി നീക്കം ചെയ്യാമെന്ന് ഞാൻ സമ്മതിക്കുന്നു."
"We are seeking your permission to enroll you as a donor for this study. In this project, we propose to generate large doses of hematopoietic stem cells by culturing them in lab. We are planning to test several culture conditions to grow them in the lab. If successful, our methodology will have a significant impact in the field of gene therapy.","ഈ പഠനത്തിനായി ഒരു ദാതാവായി നിങ്ങളെ ചേർക്കുന്നതിന് ഞങ്ങൾ നിങ്ങളുടെ അനുവാദം തേടുകയാണ്. ഈ പ്രോജക്റ്റിൽ, വലിയ അളവിൽ ഹെമറ്റോപോയ്‌റ്റിക് മൂല കോശങ്ങൾ ലാബിൽ വളർത്തിയെടുക്കാനാണ് ശ്രമിക്കുന്നത് . വിവിധ തരത്തിൽ ഉള്ള കൾച്ചർ കണ്ടിഷൻസ് പരീക്ഷിക്കാൻ ഞങ്ങൾ ഉദ്ദേശിക്കുന്നു . ഈ പരീക്ഷണങ്ങൾ വിജയിക്കുകയാണെങ്കിൽ, ഞങ്ങളുടെ ശാസ്ത്രരീതികൾക്ക് ജനിതക ചികിത്സയിൽ ഗണ്യമായ മാറ്റങ്ങൾ കൊണ്ട് വരാൻ സാധിക്കും ."
"This is a prospective observational study aimed to collect standardized clinical data and radiological and pathological material from primary RPS patients treated with surgery at reference centers. This study would allow physician to analyse a great amount of prospectively-maintained high-quality data collected with a common, shared, language. Moreover, the collection of radiological and pathological material opens the way for future research collaborations.","റഫറൻസ് സെന്ററുകളിലെ ശസ്ത്രക്രിയാ ചികിത്സയ്ക്കായി പ്രവേശിപ്പിക്കപ്പെട്ട രോഗികളിൽ നിന്നും ഗുണനിലവാരമുള്ള ക്ലിനിക്കൽ ഡാറ്റ, റേഡിയോളജിക്കൽ ഡാറ്റ, പാത്തോളജിക്കൽ ഘടകങ്ങൾ തുടങ്ങിയ ശേഖരിക്കുന്നതിനുള്ള, ദീർഘവീക്ഷണം ലക്ഷ്യം വച്ചുകൊണ്ടുള്ള പഠനമാണിത് . ദീർഘവീക്ഷണത്തോടെ ശേഖരിച്ച, ഉയർന്ന നിലവാരമുള്ള,പൊതുവായ ഭാഷയിൽ ഉള്ള ധാരാളം ഡാറ്റ വിശകലനം ചെയ്യാൻ ഈ പഠനം ഡോക്ടർമാരെ സഹായിക്കുന്നു . ഇതിനെല്ലാം പുറമെ റേഡിയോളജിക്കൽ ഡാറ്റ, പാത്തോളജിക്കൽ ഘടകങ്ങൾ തുടങ്ങിയവയുടെ ശേഖരണം ഭാവിയിലുള്ള ഗവേഷണ സഹകരണങ്ങൾക്ക് വഴി നൽകുന്നു ."
15. Major business readjustment: 39,15. ബിസിനസിലെ പ്രധാന മാറ്റങ്ങൾ: 39
28. Change in living conditions: 25,28. ജീവിത സാഹചര്യങ്ങളിലെ മാറ്റം: 25
"If you agree to take part in this study, you will be divided into one of the two groups based on computer generated randomization. As per the group allocated, you will receive either dexmedetomidine or saline as the infusion during surgery. Post operative assessment for delirium will be done . Your haemodynamics (Heart rate and blood pressure), anaesthetic requirements and recovery profile will be monitored. Standard Anaesthesia will be used .","ഈ പഠനത്തിൽ‌ പങ്കെടുക്കാൻ‌ നിങ്ങൾ‌ സമ്മതിക്കുകയാണെങ്കിൽ‌, കമ്പ്യൂട്ടർ‌ ജനറേറ്റുചെയ്‌ത റാൻ‌ഡമൈസേഷനെ അടിസ്ഥാനമാക്കി നിങ്ങളെ രണ്ട് ഗ്രൂപ്പുകളായി വിഭജിക്കും. അനുവദിച്ച ഗ്രൂപ്പ് അനുസരിച്ച്, ശസ്ത്രക്രിയയ്ക്കിടെ നിങ്ങൾക്ക് ഡെക്സ്മെഡെറ്റോമിഡിൻ അല്ലെങ്കിൽ സലൈൻ നൽകും . ശസ്ത്രക്രിയക്ക് ശേഷമുള്ള അസ്വസ്ഥതയുടെ വിലയിരുത്തൽ നടത്തും. നിങ്ങളുടെ രക്തചംക്രമണം (ഹൃദയമിടിപ്പ്, രക്തസമ്മർദ്ദം), അനസ്തെറ്റിക് ആവശ്യകതകൾ, വീണ്ടെടുക്കൽ പ്രൊഫൈൽ എന്നിവ നിരീക്ഷിക്കും. സ്റ്റാൻഡേർഡ് അനസ്തേഷ്യ ഉപയോഗിക്കും."
Curious,ജിജ്ഞാസ
What is the benefit expected from this study?,ഈ പഠനത്തിൽ നിന്ന് എന്ത് നേട്ടമാണ് പ്രതീക്ഷിക്കുന്നത്?
"Participants of this study, after signing a consent for this research, will undergo a short assessment to evaluate your health and any existing problems apart from your cancer, before you start cancer treatment.","ഈ പഠനത്തിൽ പങ്കെടുക്കുന്നവർ, ഈ ഗവേഷണത്തിനായി ഒരു സമ്മതം ഒപ്പിട്ട ശേഷം, നിങ്ങൾ കാൻസർ ചികിത്സ ആരംഭിക്കുന്നതിന് മുമ്പ്, നിങ്ങളുടെ ആരോഗ്യവും നിങ്ങളുടെ കാൻസറിന് പുറമെ നിലവിലുള്ള പ്രശ്നങ്ങളും വിലയിരുത്തുന്നതിന് ഒരു ഹ്രസ്വ വിലയിരുത്തലിന് വിധേയരാകും."
Data of this study will influence the guidelines for the management of the patients with proximal ureteric calculus of size 5-15 mm in the institution and elsewhere.,സ്ഥാപനത്തിലും മറ്റിടങ്ങളിലും 5-15 മില്ലിമീറ്റർ വലിപ്പമുള്ള പ്രോക്സിമൽ യൂറിറ്ററിക് കാൽക്കുലസ് ഉള്ള രോഗികളുടെ പരിചരിക്കാനുള്ള ഗൈഡ് ലൈൻസിനായി ഈ പഠനത്തിന്റെ ഡാറ്റ ഉപയോഗിക്കും.
I understand that my identity will not be revealed in any information released to third parties or published.,മൂന്നാമതൊരു കക്ഷിക്ക് വിട്ടുകൊടുത്തതോ പ്രസിദ്ധീകരിച്ചതോ ആയ വിവരങ്ങളിൽ എന്റെ വ്യക്തിത്വം വെളിപ്പെടില്ലെന്ന് ഞാൻ മനസ്സിലാക്കുന്നു.
"20. Mortgage for loan or major purchase over $ 15,000: 31","20. $ 15,000 ൽ കൂടുതൽ വായ്പയ്‌ക്കോ പ്രധാനപെട്ട വാങ്ങലിനോ ഉള്ള പണയം"
"If at any time you experience any problems during this study, you will be expected to report this to the doctor.","ഈ പഠന സമയത്ത് നിങ്ങൾക്ക് എപ്പോഴെങ്കിലും എന്തെങ്കിലും പ്രശ്നങ്ങൾ അനുഭവപ്പെടുകയാണെങ്കിൽ, നിങ്ങൾ ഇത് ഡോക്ടറെ അറിയിക്കുമെന്ന് കരുതുന്നു ."
1. Publications in book or journal (state if required ___),"1. പുസ്തകത്തിലോ ജേണലിലോ ഉള്ള പ്രസിദ്ധീകരണങ്ങൾ ( ___ സംസ്ഥാനം,ആവശ്യമെങ്കിൽ മാത്രം )"
Print Name of Participant/Legally Acceptable Representative,പങ്കെടുക്കുന്നയാളുടെ/നിയമപരമായി സ്വീകാര്യമായ പ്രതിനിധിയുടെ പേര് പ്രിന്റ് ചെയ്യുക
2. Onset of illness,2. രോഗത്തിന്റെ ആരംഭം
- is not sick,- രോഗിയല്ലാത്ത
The results of the study will be analyzed and the information will be made available for future prognostication of severe infection by using this special test.,പഠനത്തിന്റെ ഫലങ്ങൾ വിശകലനം ചെയ്യുകയും ഈ പ്രത്യേക പരിശോധന ഉപയോഗിച്ച് കടുത്ത അണുബാധ തിരിച്ചറിയാൻ വിവരങ്ങൾ ലഭ്യമാക്കുകയും ചെയ്യും.
"(ii) I understand that my participation in the study is voluntary and that I am free to withdraw at any time, without giving any reason, without my medical care or legal rights being affected.","(ii) പഠനത്തിലെ എന്റെ പങ്കാളിത്തം സ്വമേധയാ ഉള്ളതാണെന്നും ഒരു കാരണവും നൽകാതെ, എന്റെ വൈദ്യ പരിചരണത്തെയോ നിയമപരമായ അവകാശങ്ങളെയോ ബാധിക്കാതെ എപ്പോൾ വേണമെങ്കിലും പിൻവലിക്കാൻ എനിക്ക് സ്വാതന്ത്ര്യമുണ്ടെന്നും ഞാൻ മനസ്സിലാക്കുന്നു."
"• The results of clinical tests and therapy performed as part of this research may be included in your medical record. The information from this study, if published in scientific journals or presented at scientific meetings, will not reveal your identity.","• ഈ ഗവേഷണത്തിന്റെ ഭാഗമായി നടത്തിയ ക്ലിനിക്കൽ ടെസ്റ്റുകളുടെയും തെറാപ്പിയുടെയും ഫലങ്ങൾ നിങ്ങളുടെ മെഡിക്കൽ റെക്കോർഡിൽ ഉൾപ്പെടുത്തിയേക്കാം. ഈ പഠനത്തിൽ നിന്നുള്ള വിവരങ്ങൾ, ശാസ്ത്ര ജേണലുകളിൽ പ്രസിദ്ധീകരിക്കുകയോ ശാസ്ത്ര യോഗങ്ങളിൽ അവതരിപ്പിക്കുകയോ ചെയ്താൽ, നിങ്ങളുടെ വ്യക്തിത്വം വെളിപ്പെടുത്തില്ല."
(vi) I agree for storage of blood sample and its uses for future research,(vi) രക്തസാമ്പിൾ സംഭരിക്കുന്നതിനും ഭാവി ഗവേഷണത്തിനായി അത് ഉപയോഗിക്കുന്നതിനും ഞാൻ സമ്മതിക്കുന്നു
Signature of Investigator_________,അന്വേഷകന്റെ ഒപ്പ്_________
17. Death of a close friend: 37,17. അടുത്ത സുഹൃത്തിൻ്റെ മരണം: 37
"cardio-vascular – palpitations, headaches respiratory – hyperventilation, sighing","കാർഡിയോ-വാസ്കുലർ - ഹൃദയമിടിപ്പ്, തലവേദന ശ്വസനം - ഹൈപ്പർവെൻറിലേഷൻ, നെടുവീർപ്പ്"
Study Investigator’s Name: _________________________,സ്റ്റഡി ഇന്‍വെസ്റ്റിഗേറ്ററുടെ പേര്: ___________________________
while the doctors work to find a vaccine that will allow me to say hi without getting you sick.,നിങ്ങൾക്ക് അസുഖം വരുത്താതെ എനിക്ക് നിങ്ങളോട് ഹായ് പറയാൻ അനുവദിക്കുന്ന ഒരു വാക്സിൻ കണ്ടെത്താൻ ഡോക്ടർമാർ പ്രവർത്തിച്ചുകൊണ്ടിരിക്കുമ്പോള്‍.
Subject’s Initials: __________________,സബ്‍ജക്റ്റിന്‍റെ ഇനിഷ്യലുകൾ: __________________
You will not receive any payments for taking part in this haplobank project.,ഹാപ്ലോബാങ്ക് പ്രോജക്റ്റിൽ പങ്കെടുത്തതിന് നിങ്ങൾക്ക് പേയ്‌മെന്റുകളൊന്നും ലഭിക്കില്ല.
"I have witnessed the accurate reading of the consent form to the potential participant, and the individual has had the opportunity to ask questions. I confirm that the individual has given consent freely.","സാധ്യതയുള്ള പങ്കാളിക്ക് സമ്മതപത്രം കൃത്യമായി വായിച്ച്‌ കൊടുക്കുന്നതിന് ഞാൻ സാക്ഷ്യം വഹിച്ചിട്ടുണ്ട്, കൂടാതെ ചോദ്യങ്ങൾ ചോദിക്കാൻ വ്യക്തിക്ക് അവസരം ലഭിച്ചു. വ്യക്തി സ്വതന്ത്രമായി സമ്മതം നൽകിയിട്ടുണ്ടെന്ന് ഞാൻ സ്ഥിരീകരിക്കുന്നു."
‐ do not reduce the risk of hospitalisation due to heart failure;,‐ ഹൃദയസ്തംഭനം മൂലം ആശുപത്രിയിൽ പ്രവേശിപ്പിക്കപ്പെടാനുള്ള സാധ്യത കുറയ്ക്കരുത്;
A Brief Version of the Big Five Personality Inventory.,ബിഗ് ഫൈവ് പേഴ്സണാലിറ്റി ഇൻവെന്ററിയുടെ ഒരു സംക്ഷിപ്ത പതിപ്പ്.
"I attest that the research subject named above had enough time to consider this information, had an opportunity to ask questions, and voluntarily agreed to be in this study. I have explained the research to the subject and answered all of his/her questions.","മുകളിൽ വിവരിച്ച ഗവേഷണത്തിന് വിധേയനാകുന്ന ആൾക്ക്, ഈ വിവരങ്ങൾ പരിഗണിക്കാൻ മതിയായ സമയമുണ്ടായിരുന്നെന്നും ചോദ്യങ്ങൾ ചോദിക്കാൻ അവസരമുണ്ടായിരുന്നെന്നും ഈ പഠനത്തിൽ പങ്കെടുക്കാൻ സ്വമേധയാ സമ്മതിച്ചതായും ഞാൻ സാക്ഷ്യപ്പെടുത്തുന്നു. ഞാൻ ഈ വിഷയത്തെക്കുറിച്ച് ഗവേഷണം വിശദീകരിച്ച് അവന്റെ / അവളുടെ എല്ലാ ചോദ്യങ്ങൾക്കും ഉത്തരം നൽകി."
Confused,ആശയക്കുഴപ്പം
3. Interview difficult.,3. അഭിമുഖം ബുദ്ധിമുട്ടാണ്.
1. Greater than 1 lb weight loss in week.,1. ആഴ്ചയിൽ 1 lb-ൽ കൂടുതൽ ഭാരം കുറയുന്നു.
1. Statement of Informed Consent for the FOP Registry,1. FOP രജിസ്ട്രിക്കുള്ള വിവരമുള്ള സമ്മതത്തിന്റെ പ്രസ്താവന
Signatory’s Name: _____________________________,ഒപ്പിട്ടയാളുടെ പേര്: _____________________________
"Benefits: If the study is found to be useful, then the quality of life of other head and neck cancer patients can be improved early. If associated risk factors are found, they can be modified for a better outcome in everyone.","പ്രയോജനങ്ങൾ: പഠനം ഉപയോഗപ്രദമാണെന്ന് കണ്ടെത്തിയാൽ, മറ്റ് ഹെഡ് ആൻഡ് നെക്ക് കാൻസർ രോഗികളുടെ ജീവിതനിലവാരം നേരത്തെ മെച്ചപ്പെടുത്താൻ കഴിയും. ബന്ധപ്പെട്ട റിസ്ക് ഫാക്ടറുകൾ കണ്ടെത്തിയാൽ, എല്ലാവർക്കും മികച്ച ഫലത്തിനായി അവ പരിഷ്ക്കരിക്കാം."
b) Signature/Thumb Impression of the Witness,ബി) സാക്ഷിയുടെ ഒപ്പ് / സാക്ഷിയുടെ വിരലടയാളം
"No, you will not face any extra cost of treatment under this study.","ഇല്ല, ഈ പഠനത്തിന് കീഴിൽ നിങ്ങൾക്ക് ചികിത്സയുടെ അധിക ചെലവുകളൊന്നും നേരിടേണ്ടിവരില്ല."
What will happen if you develop any study-related injury?,നിങ്ങൾക്ക് പഠനവുമായി ബന്ധപ്പെട്ട എന്തെങ്കിലും മുറിവ് ഉണ്ടായാൽ എന്ത് സംഭവിക്കും?
"31. Change in work hours, conditions: 20","31. ജോലി സമയം മാറ്റം, വ്യവസ്ഥകൾ: 20"
2. Any clear-cut symptom rates 2.,2. ഏതെങ്കിലും വ്യക്തമായ രോഗലക്ഷണ 2 എന്ന് റേറ്റ് ചെയ്യുക.
Date of Birth/Age:,ജനന തീയതി / പ്രായം:
Participant’s Name:,പങ്കെടുക്കുന്നയാളുടെ പേര്:
[Statement of person seeking consent],[സമ്മതം തേടുന്ന വ്യക്തിയുടെ പ്രസ്താവന]
5- Strongly agree,5- ശക്തമായി സമ്മതിക്കുന്നു
Subject’s Initial: ________________,പങ്കെടുക്കുന്നയാളുടെ ഇനിഷ്യൽ: _________
"I agree that genetic analysis may be performed on my donated samples and any subsequent stem cell lines which are derived. Whole genome sequencing data and other genetic information originating from my donated samples and derived cell lines may be collected, stored and also made available to others.",ഞാൻ ഡൊണേറ്റ് ചെയ്ത സാമ്പിളുകളിലും തുടർന്നുള്ള സ്റ്റെം സെൽ ലൈനുകളിലും ജനറ്റിക് അനാലിസിസ് നടത്താമെന്ന് ഞാൻ സമ്മതിക്കുന്നു. ഞാൻ ഡൊണേറ്റ് ചെയ്ത സാമ്പിളുകളിൽ നിന്നും ഡിറൈവ് ചെയ്ത സെൽ ലൈനുകളിൽ നിന്നും ഉണ്ടാകുന്ന മുഴുവൻ ജീനോം സീക്വൻസിംഗ് ഡാറ്റയും മറ്റ് ജനറ്റിക് ഇന്‍ഫര്‍മേഷനും ശേഖരിക്കുകയും സംഭരിക്കുകയും മറ്റുള്ളവർക്ക് ലഭ്യമാക്കുകയും ചെയ്യാം.
(vi) I agree for my child to take part in the above study. [ ],(vi) മുകളില്‍ പറഞ്ഞിട്ടുള്ള പഠനത്തിൽ എന്‍റെ കുട്ടിയെ പങ്കെടുപ്പിക്കുന്നതിന് അനുവാദം നല്കാന്‍ ഞാന്‍ സമ്മതിച്ചിരിക്കുന്നു .
"The effects of DPP‐4 inhibitors, GLP‐1 receptor agonists and SGLT‐2 inhibitors for people with cardiovascular disease","ഹൃദയ സംബന്ധമായ അസുഖമുള്ള ആളുകളിൽ DPP-4 ഇൻഹിബിറ്ററുകൾ, GLP-1 റിസപ്റ്റർ അഗോണിസ്റ്റുകൾ, SGLT-2 ഇൻഹിബിറ്ററുകൾ എന്നിവയുണ്ടാക്കുന്ന ഫലങ്ങൾ"
2. Waking during the night – any getting out of bed rates 2 (except for purposes of voiding).,2. രാത്രിയിൽ ഉണർന്നിരിക്കുക - കിടക്കയിൽ നിന്ന് എഴുന്നേൽക്കുന്നതിനുള്ള നിരക്ക് 2 (ഒന്നുമില്ലാതെ വെറുതെ ).
Witness’s Name: ____________________________________,സാക്ഷിയുടെ പേര്: ____________________________________
0. No difficulty falling asleep.,0. ഉറങ്ങാൻ ബുദ്ധിമുട്ടില്ല.
1. Signature/Thumb Impression of the Participant (Minor),1. പങ്കാളിയുടെ ഒപ്പ് / വിരലടയാളം (പ്രായപൂര്‍ത്തി വരാത്തയാള്‍)
Name & Address of the Witness: ______________________________,സാക്ഷിയുടെ പേരും വിലാസവും:
(i) I confirm that I have read and understood the information sheet dated for the above study and have had the opportunity to ask questions. [ ],(i) മേൽപ്പറഞ്ഞ പഠനത്തിനായുള്ള ഇൻഫോർമേഷൻ ഷീറ്റ് ഞാൻ വായിക്കുകയും മനസ്സിലാക്കുകയും ചെയ്തിട്ടുണ്ടെന്നും ചോദ്യങ്ങൾ ചോദിക്കാനുള്ള അവസരമുണ്ടെന്നും ഞാൻ സ്ഥിരീകരിക്കുന്നു. [ ]
"Yet, with each donation you can save 3 lives","എന്നിരുന്നാലും, ഓരോ രക്തദാനത്തിലൂടെയും നിങ്ങൾക്ക് 3 ജീവൻ രക്ഷിക്കാനാകും"
I give my permission/assent to allow my doctor to see my information that has been entered into the FOP Patient Portal of the Registry (optional):,രജിസ്ട്രിയുടെ FOP പേഷ്യന്റ് പോർട്ടലിൽ (ഓപ്ഷണൽ) നൽകിയിട്ടുള്ള എന്റെ വിവരങ്ങൾ കാണാൻ ഡോക്ടറെ അനുവദിക്കുന്നതിന് ഞാൻ എന്റെ അനുമതി/സമ്മതം നൽകുന്നു:
1. Mild.,1. ചെറുതായി
"Extraversion: 1R, 5","എക്സ്ട്രാവേർഷൻ: 1R, 5"
"I understand that I may be re-contacted in the future if information of direct importance to my health, my family’s health or public health becomes available.","എന്റെ ആരോഗ്യത്തിനോ കുടുംബത്തിന്റെ ആരോഗ്യത്തിനോ പൊതുജനാരോഗ്യത്തിനോ നേരിട്ട് പ്രാധാന്യമുള്ള വിവരങ്ങൾ ലഭ്യമാണെങ്കിൽ, ഭാവിയിൽ എന്നെ വീണ്ടും ബന്ധപ്പെടാൻ കഴിയുമെന്ന് ഞാൻ മനസ്സിലാക്കുന്നു."
- Plasma - the liquid part of blood in which the cells are carried,പ്ലാസ്മ-കോശങ്ങൾ ഉൾക്കൊള്ളുന്ന രക്തത്തിന്റെ ദ്രാവക ഭാഗം.
"Patient satisfaction and comfort are crucial aspects of providing quality healthcare. The use of preprocedural video demonstrations has been shown to improve patient understanding, reduce anxiety, and enhance their experience during medical procedures. We want to investigate the potential benefits of using preprocedural video demonstrations for patients undergoing epidural analgesia. The video will aim to educate and inform patients about the procedure, which may reduce anxiety and improve patient satisfaction.","മികച്ച രീതിയിലുള്ള ആരോഗ്യ സംരക്ഷണം നൽകുന്നതിനുള്ള നിർണായക വശങ്ങളാണ് രോഗിയുടെ സംതൃപ്തിയും, ആശ്വാസവും. പ്രീപ്രൊസീജറൽ വീഡിയോ ഡെമോൺസ്‌ട്രേഷനുകളുടെ ഉപയോഗം രോഗിയുടെ ധാരണ മെച്ചപ്പെടുത്തുന്നതിനും ഉത്കണ്ഠ കുറയ്ക്കുന്നതിനും മെഡിക്കൽ നടപടിക്രമങ്ങളിൽ അവരുടെ അനുഭവം വർദ്ധിപ്പിക്കുന്നതിനും സഹായിക്കുന്നു. എപ്പിഡ്യൂറൽ അനസ്‌തേഷ്യയ്ക്ക് വിധേയരായ രോഗികൾക്ക് പ്രീപ്രോസീജറൽ വീഡിയോ ഡെമോൺസ്‌ട്രേഷൻ ഉപയോഗിക്കുന്നതിൻ്റെ സാധ്യതകളെക്കുറിച്ച് അന്വേഷിക്കാൻ ഞങ്ങൾ ആഗ്രഹിക്കുന്നു. ഈ പ്രക്രിയയെക്കുറിച്ച് രോഗികളെ ബോധവൽക്കരിക്കാനും അറിയിക്കാനും വീഡിയോ ലക്ഷ്യമിടുന്നു, ഇത് ഉത്കണ്ഠ കുറയ്ക്കുകയും രോഗിയുടെ സംതൃപ്തി മെച്ചപ്പെടുത്തുകയും ചെയ്യും."
No extra risk is associated with the study other than the risk associated with surgery .,ശസ്ത്രക്രിയയുമായി ബന്ധപ്പെട്ട അപകടസാധ്യതയല്ലാതെ അധിക അപകടസാധ്യതകളൊന്നും പഠനവുമായി ബന്ധപ്പെട്ട് ഇല്ല.
3. And if any such other samples which may be required will be explained to you before you consent for the study,3. പഠനത്തിന് സമ്മതം നൽകുന്നതിനുമുമ്പ് മറ്റേതെങ്കിലും സാമ്പിളുകൾ ആവശ്യമാണെങ്കില്‍ അത് നിങ്ങളോട് വിശദീകരിക്കും
"[A witness statement should be included if it is possible that the donor or their representative is illiterate, blind or may be able to indicate his or her consent but be unable to sign – but is not mentally incapacitated. The witness should ideally be chosen by the donor and not linked to the research team.]","[ദാതാവോ അവരുടെ പ്രതിനിധിയോ നിരക്ഷരനോ അന്ധനോ അല്ലെങ്കിൽ അവന്റെ അല്ലെങ്കിൽ അവളുടെ സമ്മതം സൂചിപ്പിക്കാൻ കഴിയുമെങ്കിലും ഒപ്പിടാൻ കഴിയുന്നില്ലെങ്കിൽ സാക്ഷി മൊഴി ഉൾപ്പെടുത്തണം-പക്ഷേ മാനസികമായി കഴിവ് കുറഞ്ഞവര്‍ ആകരുത്. ദാതാവാണ് സാക്ഷിയെ തിരഞ്ഞെടുക്കേണ്ടത്, സാക്ഷി ഗവേഷണ സംഘവുമായി ബന്ധപ്പെട്ടവര്‍ ആകരുത്.]"
6. I drink alcohol when I need to relax.,6. വിശ്രമം ആവശ്യമായി വരുമ്പോൾ ഞാൻ മദ്യം കുടിക്കുന്നു.
0. Normal speech and thought.,0. സാധാരണ സംസാരവും ചിന്തയും.
Do I have to be in the study?,ഞാൻ പഠനത്തിൽ പങ്കെടുക്കണം എന്നത് നിര്‍ബന്ധമാണോ?
7. I agree to take part/ to enrol the relative whom I represent in the above study ⎕,7. മേൽപ്പറഞ്ഞ പഠനത്തിൽ ഞാൻ പ്രതിനിധീകരിക്കുന്ന എന്‍റെ ബന്ധുവിനെ പങ്കെടുപ്പിക്കാൻ ഞാന്‍ സമ്മതം നല്‍കിയിരിക്കുന്നു.
Participant,പങ്കാളി
2. I have had the opportunity to ask questions and clarify my doubts about the study ⎕,2. പഠനത്തെ കുറിച്ചുള്ള സംശയങ്ങള്‍ ഉന്നയിക്കാനും അതില്‍ വ്യക്തത വരുത്താനും എനിക്ക് അവസരം ലഭിച്ചിട്ടുണ്ട്.
Date of Birth/Age: ___________________________,ജനനത്തീയതി/പ്രായം: ___________________________
What if there is a problem?,ഒരു പ്രശ്നമുണ്ടെങ്കിൽ എന്തുചെയ്യും?
3 Education of the Child,3 കുട്ടിയുടെ വിദ്യാഭ്യാസം
What did we want to find out?,ഞങ്ങൾ എന്താണ് കണ്ടെത്താൻ ആഗ്രഹിച്ചത്?
Registry Investigator Printed Name,രജിസ്ട്രി ഇൻവെസ്റ്റിഗേറ്റർ അച്ചടിച്ച പേര്
Informed Consent form to participate in a research study,ഒരു ഗവേഷണ പഠനത്തിൽ പങ്കെടുക്കുന്നതിനുള്ള വിവരമുള്ള കൺസെന്റ് ഫോം.
Informed consent form,സമ്മതം അറിയിച്ച ഫോം
What happens after the study is over?,പഠനം കഴിഞ്ഞാൽ എന്ത് സംഭവിക്കും?
"Biting species identification plays a key role in the appropriate management of snakebite victims. It helps avoid unnecessary antivenom in patients bitten by non-venomous snakes or by species whose venoms are not neutralized by available products. If validated, this test can be a very useful tool in clinical care of snakebite victims and for snake bite research . You may not have any personal benefit from participation in the study","പാമ്പുകടിയേറ്റ് ഇരകളെ ഉചിതമായ രീതിയിൽ കൈകാര്യം ചെയ്യുന്നതിൽ കടിച്ച പാമ്പിന്റെ വര്‍ഗ്ഗത്തെ തിരിച്ചറിയുന്നത് ഒരു പ്രധാന പങ്ക് വഹിക്കുന്നു. വിഷമില്ലാത്ത പാമ്പുകൾ കടിച്ച രോഗികളിൽ അല്ലെങ്കിൽ ലഭ്യമായ പ്രതിവിഷം കൊണ്ട് വിഷം നിർവീര്യമാക്കാനാവാത്ത വര്‍ഗ്ഗങ്ങളുടെ കടിയേറ്റ സംഭവങ്ങളില്‍ അനാവശ്യമായ പ്രതിവിഷം ഒഴിവാക്കാൻ ഇത് സഹായിക്കുന്നു. ഈ പരിശോധന സാധൂകരിക്കപ്പെട്ടാൽ, പാമ്പുകടിയേറ്റവരുടെ ക്ലിനിക്കൽ പരിചരണത്തിനും പാമ്പുകടിയേറ്റ സംഭവങ്ങളിലെ ഗവേഷണത്തിനും ഈ പരിശോധന വളരെ ഉപയോഗപ്രദമാണ്. പഠനത്തിലെ പങ്കാളിത്തത്തിൽ നിന്ന് നിങ്ങൾക്ക് വ്യക്തിപരമായ നേട്ടമൊന്നും ലഭിച്ചേക്കില്ല"
I permit Dr. ______________________ to take my video graph,എന്റെ വീഡിയോ ഗ്രാഫ് എടുക്കാൻ ഞാൻ ഡോ. ______________________ക്ക് അനുമതി നൽകുന്നു
Name.....,പേര് .....
"2. Moving about, can’t sit still.","2. നീങ്ങുന്നു, ഇരിക്കാൻ കഴിയുന്നില്ല."
It has proved to provide good pain relief according to many studies. The study is designed in a way that we will be administering the medications in between two different muscles of the back which provide pain relief to two diiferent areas around the back.,പല പഠനങ്ങളും അനുസരിച്ച് ഇത് വേദനയ്ക്ക് നല്ല ആശ്വാസം നൽകുമെന്ന് തെളിയിച്ചിട്ടുണ്ട്. പുറകിലെ രണ്ട് വ്യത്യസ്ത ഭാഗങ്ങളിൽ വേദനയ്ക്ക് ആശ്വാസം നൽകുന്ന തരത്തില്‍ രണ്ട് വ്യത്യസ്ത പേശികൾക്കിടയിൽ മരുന്നുകൾ നൽകുന്ന രീതിയിലാണ് ഞങ്ങൾ പഠനം രൂപകൽപ്പന ചെയ്തിരിക്കുന്നത്.
7. Confidentiality,7. രഹസ്യസ്വഭാവം
COHORT,കോഹോർട്
Background: What is anti-snake Venom and what does it do?,"പശ്ചാത്തലം: എന്താണ് പ്രതിവിഷം, അത് എന്താണ് ചെയ്യുന്നത്?"
5 Living Locality,5 താമസിക്കുന്ന പ്രദേശം
Signature (or Thumb impression) of the Subject/Legally Acceptable,പങ്കെടുക്കുന്നയാളുടെ/നിയമപരമായി സ്വീകാര്യമായയാളുടെ ഒപ്പ് (അല്ലെങ്കിൽ വിരലടയാളം)
Informed Consent form to participate in a research study,ഒരു ഗവേഷണ പഠനത്തിൽ പങ്കെടുക്കാൻ അനുമതി നല്‍കികൊണ്ടുള്ള സമ്മത പത്രം.
Disagree a little - (2) (2) (2) (2) (2) (2) (2) (2) (2) (2),അല്പം വിയോജിക്കുന്നു - (2) (2) (2) (2) (2) (2) (2) (2) (2) (2)
"Your participation in this research is entirely voluntary. There will be no differential treatment if you refuse to participate in the study. There is no obligation to consent to participate in the study. You will receive the same standard of care given to all patients in this hospital, irrespective of participation. You may choose to withdraw from the study at any time. There are no penalties for withdrawing from the study.",ഈ ഗവേഷണത്തിൽ നിങ്ങളുടെ പങ്കാളിത്തം പൂർണ്ണമായും സ്വമേധയാ ഉള്ളതാണ്. നിങ്ങൾ പഠനത്തിൽ പങ്കെടുക്കാൻ വിസമ്മതിച്ചാൽ വ്യത്യസ്തമായ ചികിത്സ ഉണ്ടാകില്ല. പഠനത്തിൽ പങ്കെടുക്കാൻ സമ്മതം നൽകേണ്ട ബാധ്യതയില്ല. പങ്കാളിത്തം പരിഗണിക്കാതെ ഈ ആശുപത്രിയിലെ എല്ലാ രോഗികൾക്കും നൽകുന്ന അതേ നിലവാരത്തിലുള്ള പരിചരണം നിങ്ങൾക്ക് ലഭിക്കും. നിങ്ങൾക്ക് എപ്പോൾ വേണമെങ്കിലും പഠനത്തിൽ നിന്ന് പിന്മാറാൻ കഴിയും. പഠനത്തിൽ നിന്ന് പിന്മാറുന്നതിന് പിഴകളൊന്നും അടേക്കണ്ടതില്ല.
Side effects: This research is hoping to make you better by lessening your side effects of cancer treatment with the knowledge that our team have. It does not pose any harm to the patients.,പാർശ്വഫലങ്ങൾ: ഞങ്ങളുടെ ടീമിന് ഉള്ള അറിവ് ഉപയോഗിച്ച് കാൻസർ ചികിത്സയുടെ നിങ്ങളുടെ പാർശ്വഫലങ്ങൾ കുറച്ചുകൊണ്ട് നിങ്ങളെ മെച്ചപ്പെടുത്തുമെന്ന് ഈ ഗവേഷണം പ്രതീക്ഷിക്കുന്നു. ഇത് രോഗികൾക്ക് യാതൊരു ദോഷവും ചെയ്യുന്നില്ല.
"Administration of pain medication in between the muscles of the back can cause local itching, nausea and vomiting, slow breathing rate, allergies. It can also cause partial pain relief and not complete(patchy). But the amount of drug given during this surgery is very safe and it should not produce the above mentioned side effects.","മുതുകിലെ പേശികൾക്കിടയിൽ വേദന മരുന്ന് നൽകുന്നത് ആ ഭാഗത്തെ ചൊറിച്ചിൽ, ഓക്കാനം, ഛർദ്ദി, മന്ദഗതിയിലുള്ള ശ്വസന നിരക്ക്, അലർജി എന്നിവയ്ക്ക് കാരണമാകാം. പൂർണ്ണമായി അല്ലാതെ, (അവിടവിടെ നിലനില്‍ക്കുന്ന) ഭാഗികമായി മാത്രമുള്ള വേദന ശമിപ്പിക്കലിനും ഇത് ഇടയാക്കിയേക്കാം. എന്നാൽ ഈ സർജറി സമയത്ത് നൽകുന്ന മരുന്നിന്‍റെ അളവ് വളരെ സുരക്ഷിതമാണ്, അത് മുകളിൽ സൂചിപ്പിച്ച പാർശ്വഫലങ്ങൾ ഉണ്ടാക്കാത്തതാണ്."
Why have I been invited to participate in the study?,എന്തുകൊണ്ടാണ് എന്നെ പഠനത്തിൽ പങ്കെടുക്കാൻ ക്ഷണിച്ചത്?
(Subject),(പങ്കെടുക്കുന്നയാൾ)
Informed consent for pediatric patients,ശിശുരോഗ രോഗികൾക്ക് അറിയിച്ച സമ്മതം
4- Agree,4- സമ്മതിക്കുന്നു
Rating Clinician-rated,റേറ്റിംഗ് ക്ലിനിഷ്യൻ-റേറ്റിംഗ്
What are my rights and responsibilities as a donor?,ദാതാവെന്ന നിലയിൽ എന്റെ അവകാശങ്ങളും ഉത്തരവാദിത്തങ്ങളും എന്തൊക്കെയാണ്?
Typhoid study information sheet,ടൈഫോയ്ഡ് പഠന വിവര ഷീറ്റ്
Protocol Number:,പ്രോട്ടോക്കോൾ നമ്പർ:
"Normal side effects after head and neck cancer radiation treatment are lockjaw, swallowing difficulties, weight loss, decreased physical strength, swelling in face and neck, emotional difficulties, concerns about appearance, dental problems etc.","ഹെഡ് ആൻഡ് നെക്ക് കാൻസർ റേഡിയേഷൻ ചികിത്സയ്ക്ക് ശേഷമുള്ള സാധാരണ പാർശ്വഫലങ്ങൾ ലോക്ക്ജോ, വിഴുങ്ങാനുള്ള ബുദ്ധിമുട്ടുകൾ, ശരീരഭാരം കുറയൽ, ശാരീരിക ശക്തി കുറയൽ, മുഖത്തും കഴുത്തിലും വീക്കം, വൈകാരിക ബുദ്ധിമുട്ടുകൾ, രൂപത്തെക്കുറിച്ചുള്ള ആശങ്കകൾ, ദന്ത പ്രശ്നങ്ങൾ മുതലായവയാണ്."
7. What if I change my mind later and want to discontinue my participation?,7. ഞാൻ പിന്നീട് മനസ്സ് മാറ്റുകയും എന്റെ പങ്കാളിത്തം നിർത്താൻ ആഗ്രഹിക്കുകയും ചെയ്താലോ?
"There will be NO direct benefit to you from taking part in this haplobank. The development of this haplobank may help in treating various diseases. However, information on the research in general may be published in public scientific journals and at scientific meetings.","ഹാപ്ലോബാങ്കിൽ പങ്കെടുക്കുന്നതിൽ നിന്ന് നിങ്ങൾക്ക് നേരിട്ട് യാതൊരു പ്രയോജനവും ഉണ്ടാകില്ല. ഈ ഹാപ്ലോബാങ്കിന്റെ വികസനം വിവിധ രോഗങ്ങളെ ചികിത്സിക്കാൻ സഹായിച്ചേക്കാം. എന്നിരുന്നാലും, പൊതു ശാസ്ത്ര ജേണലുകളിലും ശാസ്ത്ര യോഗങ്ങളിലും ഗവേഷണത്തെക്കുറിച്ചുള്ള പൊതുവായ വിവരങ്ങൾ പ്രസിദ്ധീകരിച്ചേക്കാം."
I agree to take part in the above study and understand that I am under no obligation to do so.,മേൽപ്പറഞ്ഞ പഠനത്തിൽ പങ്കെടുക്കാമെന്നു ഞാൻ സമ്മതിക്കുകയും അത് ഏതെങ്കിലും കടമയുടെ പുറത്തല്ലെന്നു മനസ്സിലാക്കുകയും ചെയ്യുന്നു.
- Donors have the right to withdraw their participation at any time.,- എപ്പോൾ വേണമെങ്കിലും പങ്കാളിത്തം പിൻവലിക്കാൻ ദാതാക്കൾക്ക് എല്ലാ അവകാശവും ഉണ്ട്.
Date of Birth/Age: ___________________________,ജനനത്തീയതി/വയസ്: ___________________________
"4. I understand that the officials and researchers involved in the study, will not need my permission to look at my health records both now and later, even if I withdraw from the study . But I understand that my name or personal details will remain confidential.","4. പഠനത്തിൽ ഉൾപ്പെട്ട ഉദ്യോഗസ്ഥർക്കും ഗവേഷകർക്കും, ഞാൻ പഠനത്തിൽ നിന്ന് പിന്മാറിയാലും, എന്റെ ആരോഗ്യ രേഖകൾ പരിശോധിക്കാൻ എന്റെ അനുമതി ആവശ്യമില്ലെന്ന് ഞാൻ മനസ്സിലാക്കുന്നു. പക്ഷേ എന്റെ പേരോ വ്യക്തിഗത വിവരങ്ങളോ രഹസ്യമായി തുടരുമെന്ന് ഞാൻ മനസ്സിലാക്കുന്നു."
No. There will be no risks or discomforts for you,ഇല്ല. നിങ്ങൾക്ക് ദോഷങ്ങളോ അസ്വസ്ഥതകളോ ഉണ്ടാകില്ല
"You do not have to be in this study. No one will be upset with you if you decide not to participate in this study. Even if you start the study, you can stop later if you want. You may ask questions about the study at any time.","നിങ്ങൾ ഈ പഠനത്തിൽ ഉണ്ടായിരിക്കേണ്ടതില്ല. ഈ പഠനത്തിൽ പങ്കെടുക്കേണ്ടെന്ന് നിങ്ങൾ തീരുമാനിക്കുകയാണെങ്കിൽ ആരും നിങ്ങളോട് അസ്വസ്ഥരാകില്ല. നിങ്ങൾ പഠനം ആരംഭിച്ചാലും, നിങ്ങൾക്ക് വേണമെങ്കിൽ പിന്നീട് നിർത്താം. നിങ്ങൾക്ക് എപ്പോൾ വേണമെങ്കിലും പഠനത്തെക്കുറിച്ച് ചോദ്യങ്ങൾ ചോദിക്കാം."
Informed Consent Form to participate in the Research Study,ഗവേഷണ പഠനത്തിൽ പങ്കെടുക്കാൻ അറിയിച്ച സമ്മത ഫോം
"If you agree to enter the study, please sign the attached consent form.","പഠനത്തിൽ പ്രവേശിക്കാൻ നിങ്ങൾ സമ്മതിക്കുകയാണെങ്കിൽ, അറ്റാച്ച് ചെയ്ത സമ്മത പത്രത്തിൽ ഒപ്പിടുക."
How does the study work?,പഠനം എങ്ങനെ പ്രവർത്തിക്കുന്നു?
Print name of impartial witness AND Thumb print of participant Signature of impartial witness,നിഷ്പക്ഷ സാക്ഷിയുടെ പേരും പങ്കെടുക്കുന്നയാളുടെ വിരലടയാളവും നിഷ്പക്ഷ സാക്ഷിയുടെ ഒപ്പും പ്രിന്റ് ചെയ്യുക
"I want to tell you about a study we are doing in which we will be using your own cells to correct the bend in your bone or shortening of your bone. Due to the defect that you have now, your bone will start to bend and the leg/forearm will become unequal if not treated.","ഞങ്ങൾ ചെയ്യുന്ന ഒരു പഠനത്തെക്കുറിച്ച് ഞാൻ നിങ്ങളോട് പറയാൻ ആഗ്രഹിക്കുന്നു, അതിൽ നിങ്ങളുടെ അസ്ഥിയിലെ വളവ് ശരിയാക്കാനോ നിങ്ങളുടെ അസ്ഥി ചെറുതാക്കാനോ ഞങ്ങൾ നിങ്ങളുടെ സ്വന്തം സെല്ലുകൾ ഉപയോഗിക്കും. നിങ്ങൾക്ക് ഇപ്പോൾ ഉള്ള തകരാറുമൂലം, നിങ്ങളുടെ അസ്ഥി വളയാൻ തുടങ്ങും, ചികിത്സിച്ചില്ലെങ്കിൽ കാലിന്‍റെ അല്ലെങ്കില്‍ കൈത്തണ്ടയുടെ വളര്‍ച്ച സമതുലിതമല്ലാത്ത രീതിയില്‍ ആകും."
4. Laboratory samples,4. ലബോറട്ടറി സാമ്പിളുകൾ
All information and samples obtained for this haplobank will be assigned a code number. No names or important numbers like hospital medical record number or any identity number will be kept on samples.,ഹാപ്ലോബാങ്കിനായി ലഭിച്ച എല്ലാ വിവരങ്ങള്‍ക്കും സാമ്പിളുകള്‍ക്കും ഒരു കോഡ് നമ്പർ നൽകും. ഹോസ്പിറ്റൽ മെഡിക്കൽ റെക്കോർഡ് നമ്പർ അല്ലെങ്കിൽ ഏതെങ്കിലും ഐഡന്റിറ്റി നമ്പർ പോലുള്ള പേരുകളോ പ്രധാനപ്പെട്ട നമ്പറുകളോ സാമ്പിളുകളിൽ സൂക്ഷിക്കില്ല.
"Prior to processing and storing your cells in the bank, buccal swab sample or blood will be subjected to HLA typing to determine your HLA haplotype.","ബാങ്കിൽ നിങ്ങളുടെ സെല്ലുകൾ പ്രോസസ്സ് ചെയ്യുന്നതിനും സംഭരിക്കുന്നതിനും മുമ്പ്, നിങ്ങളുടെ HLA ഹാപ്ലോടൈപ്പ് നിർണ്ണയിക്കാൻ ബക്കൽ സ്വാബ് സാമ്പിൾ അല്ലെങ്കിൽ ബ്ലഡ് HLA ടൈപ്പിംഗിന് വിധേയമാക്കും."
Please initial box (Subject/ Legal Guardian),പ്രാരംഭ ബോക്സ് (വിഷയം / നിയമപരമായ രക്ഷാധികാരി)
"Validation of the Haffkine dot-ELISA in detecting and identifying venoms of the Common Krait (Bungarus caeruleus), Indian cobra (Naja naja), Russell’s viper (Daboia russelii) and Saw-scaled viper (Echis carinatus) in serum from patients with snakebite envenoming.","പാമ്പുകടിയേറ്റ രോഗികളിൽ സ്രവങ്ങളിൽ നിന്ന് വെള്ളിക്കെട്ടൻ (ബംഗാറസ് കൈരുലിയസ്), ഇന്ത്യൻ മൂർഖൻ (നജാ നജ), റസ്സലിന്റെ അണലി (ഡാബോയ റസ്സെല്ലി), സീ-സ്കെയിൽഡ് അണലി (എച്ചിസ് കരിനാറ്റസ്) എന്നിവയുടെ വിഷങ്ങൾ കണ്ടെത്തുന്നതിനും തിരിച്ചറിയുന്നതിനും ഹാഫ്കൈൻ ഡോട്ട്-എലിസയുടെ നിർണ്ണയം ."
"Please take as much time as you need to read it carefully, if there is anything in this donor information sheet and consent form you do not understand, we request you to ask questions prior to signing the consent form. Please take your time to make your decision about participation in this program. You do not have to take part in this if you do not want to.","ഇത് ശ്രദ്ധാപൂർവ്വം വായിക്കാൻ നിങ്ങൾ വേണ്ടത്ര സമയമെടുക്കുക, ഈ ഇൻഫോർമേഷൻ ഷീറ്റിലും കൺസെന്റ് ഫോമിലും നിങ്ങൾക്ക് മനസ്സിലാകാത്ത എന്തെങ്കിലും ഉണ്ടെങ്കിൽ, കൺസെന്റ് ഫോമിൽ ഒപ്പിടുന്നതിന് മുമ്പ് ചോദ്യങ്ങൾ ചോദിക്കാൻ ഞങ്ങൾ നിങ്ങളോട് അഭ്യർത്ഥിക്കുന്നു. ഈ പ്രോഗ്രാമിലെ പങ്കാളിത്തം സംബന്ധിച്ച് നിങ്ങളുടെ തീരുമാനമെടുക്കാൻ ദയവായി നിങ്ങളുടെ വേണ്ടത്ര സമയമെടുക്കുക. നിങ്ങൾക്ക് താൽപ്പര്യമില്ലെങ്കിൽ ഇതിൽ പങ്കെടുക്കേണ്ട ആവശ്യമില്ല."
What happens when your child takes part in this study?,നിങ്ങളുടെ കുട്ടി ഈ പഠനത്തിൽ പങ്കെടുക്കുമ്പോൾ എന്തു സംഭവിക്കും?
"If you have any questions, please contact","നിങ്ങൾക്ക് എന്തെങ്കിലും ചോദ്യങ്ങളുണ്ടെങ്കിൽ, ബന്ധപ്പെടുക"
People from agencies and organizations that perform independent accreditation and/or oversight of research.,ഗവേഷണത്തിന് സ്വതന്ത്ര അംഗീകാരം അല്ലെങ്കിൽ / അല്ലെങ്കിൽ മേൽനോട്ടം നടത്തുന്ന ഏജൻസികളിൽ നിന്നും സംഘടനകളിൽ നിന്നുമുള്ള ആളുകൾ.
SGLT2i medicines compared to placebo:,പ്ലേസിബോയുമായി താരതമ്യപ്പെടുത്തുമ്പോൾ SGLT2i മരുന്നുകൾ:
"If you take part in this study, we think that you might have lesser restlessness, pain and discomfort after your surgery.","നിങ്ങൾ ഈ പഠനത്തിൽ പങ്കെടുക്കുകയാണെങ്കിൽ, നിങ്ങളുടെ ശസ്ത്രക്രിയയ്ക്കുശേഷം നിങ്ങൾക്ക് അസ്വസ്ഥത, വേദന, ശാരീരിക ക്ലേശം എന്നിവ കുറവായിരിക്കുമെന്ന് ഞങ്ങൾ കരുതുന്നു."
It is important you read this information and discuss it with the study coordinator and/or responsible physician(s) before signing the consent form,സമ്മതപത്രത്തില്‍ ഒപ്പുവെക്കുന്നതിന് മുന്‍പ് നിങ്ങൾ ഈ വിവരങ്ങൾ വായിക്കുകയും അത് കോ-ഓര്‍ഡിനേറ്ററോടൊപ്പം അല്ലെങ്കിൽ ഉത്തരവാദിത്വപ്പെട്ട ഡോക്ടറുമായി ചർച്ച ചെയ്യുക എന്നുള്ളത് വളരെ പ്രധാനമാണ്.
"After the study details are explained to you, you will be allowed adequate time to consider the information and ask questions before deciding whether to participate in the study. If you wish to participate, we will ask you to sign a consent form, after which the following procedures will be required:","പഠന വിശദാംശങ്ങൾ നിങ്ങൾക്ക് വിശദീകരിച്ച ശേഷം, പഠനത്തിൽ പങ്കെടുക്കണോ എന്ന് തീരുമാനിക്കുന്നതിന് മുമ്പ് വിവരങ്ങൾ പരിഗണിക്കുന്നതിനും ചോദ്യങ്ങൾ ചോദിക്കുന്നതിനും നിങ്ങൾക്ക് മതിയായ സമയം അനുവദിക്കും. നിങ്ങൾ‌ പങ്കെടുക്കാൻ‌ താൽ‌പ്പര്യപ്പെടുന്നെങ്കിൽ‌, ഞങ്ങൾ‌ നിങ്ങളോട് ഒരു സമ്മതപത്രത്തിൽ‌ ഒപ്പിടാൻ‌ ആവശ്യപ്പെടും, അതിനുശേഷം ഇനിപ്പറയുന്ന നടപടിക്രമങ്ങൾ‌ ആവശ്യമാണ്:"
3. 4. Data Collection Frequency,3. 4. ഡാറ്റ ശേഖരണ ഇടവേള
Will you have to pay for the study?,പഠനത്തിന് പണം നൽകേണ്ടി വരുമോ?
18. Changing to a different line of work: 36,18. വ്യത്യസ്‌ത ജോലിയിലേക്കുള്ള മാറ്റം: 36
"In many studies in other settings, steroids have been shown to be of benefit in the early stages of ARDS (inflammation of the lung due to many factors including infection in the lung or other organs), in severe COVID-19 pneumonitis and in community acquired pneumonia (infection of the airspaces of the lung). It is unclear if the addition of steroids to standard treatment would benefit patients with scrub typhus pneumonitis.","മറ്റ് ക്രമീകരണങ്ങളിലുള്ള പല പഠനങ്ങളിലും, ARDS ന്റെ ആദ്യഘട്ടങ്ങളിൽ (ശ്വാസകോശത്തിലോ മറ്റ് അവയവങ്ങളിലോ ഉള്ള അണുബാധ ഉൾപ്പെടെ നിരവധി ഘടകങ്ങൾ കാരണമുള്ള ശ്വാസകോശത്തിന്റെ വീക്കം), കടുത്ത കോവിഡ്-19 ന്യുമോണിറ്റിസ്, കമ്മ്യൂണിറ്റി അക്വയേഡ് ന്യൂമോണിയ (ശ്വാസകോശത്തിലെ എയർസ്‌പേസിലെ അണുബാധ) എന്നിവയിൽ സ്റ്റിറോയിഡുകൾ പ്രയോജനകരമാണെന്ന് തെളിയിക്കപ്പെട്ടിട്ടുണ്ട്. സാധാരണ ചികിത്സയിൽ സ്റ്റിറോയിഡുകൾ ഉൾപ്പെടുത്തുന്നത് സ്ക്രബ് ടൈഫസ് ന്യൂമോണിറ്റിസ് രോഗികൾക്ക് ഗുണം ചെയ്യുമോ എന്ന് വ്യക്തമല്ല."
2. Severe.,2. കഠിനമായി
- Kidney and liver transplant patients,"- വൃക്ക, കരൾ തുടങ്ങിയ അവയവമാറ്റ ശസ്ത്രക്രിയക്ക് വിധേയരായവർ"
"1. Self reproach, feels he/she has let people down.","1. സ്വയം നിന്ദിക്കുക, അവൻ/അവൾ ആളുകളെ നിരാശപ്പെടുത്തിയതായി തോന്നുന്നു."
"Immunohematology,","ഇമ്മ്യൂണോഹെമറ്റോളജി,"
Study Number,പഠന നമ്പർ
◦ altering some of the DNA in these cells.,◦ ഈ കോശങ്ങളിലെ DNA യിൽ ചില മാറ്റങ്ങൾ വരുത്തുന്നു.
If you take part in this study what will you have to do?,നിങ്ങൾ ഈ പഠനത്തിൽ പങ്കെടുക്കുകയാണെങ്കിൽ നിങ്ങൾ എന്താണ് ചെയ്യേണ്ടത്?
(v) I agree to take part in the above study. [ ],(v) മേൽപ്പറഞ്ഞ പഠനത്തിൽ പങ്കെടുക്കാൻ ഞാൻ സമ്മതിക്കുന്നു. []
‐ reduce the risk of hospitalisation due to heart failure;,- ഹൃദയസ്തംഭനം മൂലം ആശുപത്രിയിൽ പ്രവേശിക്കാനുള്ള സാധ്യത കുറയ്ക്കുക;
"Your participation is voluntary. If you first agree to participate and then you change your mind, you are free to withdraw your consent and discontinue your direct participation. However, after donation, we may not be able to withdraw the tissue, cells isolated from the tissue, and/or other products made from the isolated cells because they might have been stored without personal identifying information for conducting research.","നിങ്ങളുടെ പങ്കാളിത്തം സ്വമേധയാ ഉള്ളതാണ്. പങ്കെടുക്കാൻ നിങ്ങൾ ആദ്യം സമ്മതിക്കുകയും പിന്നീട് നിങ്ങളുടെ മനസ്സ് മാറ്റുകയും ചെയ്താൽ, നിങ്ങളുടെ സമ്മതം പിൻവലിക്കാനും നേരിട്ടുള്ള പങ്കാളിത്തം നിർത്തി വെക്കാനും നിങ്ങൾക്ക് സ്വാതന്ത്ര്യമുണ്ട്. എന്നിരുന്നാലും, സംഭാവനയ്ക്ക് ശേഷം, ടിഷ്യു, ടിഷ്യുയിൽ നിന്ന് വേർതിരിച്ച സെല്ലുകൾ, കൂടാതെ / അല്ലെങ്കിൽ ഒറ്റപ്പെട്ട സെല്ലുകളിൽ നിന്ന് നിർമ്മിച്ച മറ്റ് ഉൽപ്പന്നങ്ങൾ എന്നിവ പിൻവലിക്കാൻ ഞങ്ങൾക്ക് കഴിഞ്ഞേക്കില്ല, കാരണം അവ ഗവേഷണം നടത്താന്‍ സൂക്ഷിച്ചിരിക്കുന്നത് വ്യക്തിഗത വിവരങ്ങള്‍ രേഖപ്പെടുത്താതെ ആയിരിക്കും."
How up‐to‐date is this evidence?,ഈ തെളിവ് എത്രത്തോളം കാലികമാണ്?
What happens when the study is over?,പഠനം കഴിയുമ്പോൾ എന്തുസംഭവിക്കും?
What happens if I refuse?,ഞാൻ പഠനത്തിലെ എന്‍റെ പങ്കാളിത്തം നിരസിച്ചാൽ എന്ത് സംഭവിക്കും?
0. Fidgetiness.,0. ചഞ്ചലത.
Right to decline consent,സമ്മതം നിരസിക്കാനുള്ള അവകാശം
◦ important techniques and uses that we can not predict at this time.,◦ നമുക്ക് ഇപ്പോൾ പ്രവചിക്കാൻ കഴിയാത്ത പ്രധാന സാങ്കേതിക വിദ്യകളും ഉപയോഗങ്ങളും.
"How? Donate blood voluntarily without expecting any form of remuneration, like money, gifts, free hospital services etc.","എങ്ങനെ? പണം, സമ്മാനങ്ങൾ, സൌജന്യ ആശുപത്രി സേവനങ്ങൾ മുതലായവ പോലുള്ള ഏതെങ്കിലും തരത്തിലുള്ള പ്രതിഫലം പ്രതീക്ഷിക്കാതെ സ്വയം രക്തദാനത്തിന് തയ്യാറാവുക."
Study participation involves collection of blood specimen which is routinely done as a part of clinical management thereby no potential risks.,"ക്ലിനിക്കൽ മാനേജ്മെന്റിന്റെ ഭാഗമായി പതിവായി ചെയ്യുന്ന രക്ത മാതൃകകളുടെ ശേഖരണം പഠന പങ്കാളിത്തത്തിൽ ഉൾപ്പെടുന്നു, അതുവഴി അപകടസാധ്യതകളൊന്നുമില്ല."
"Your physician will obtain your signature after explaining this consent in detail and answering any questions you may have. Your signature gives your physician permission to enter clinical data about you and your conditions on an annual basis. Your data in the medical portal will be linked to your corresponding data in the patient portal if you choose to participate in the patient portal, and if you give permission to establish this link.","ഈ സമ്മതം വിശദമായി വിശദീകരിച്ച് നിങ്ങൾക്ക് ഉണ്ടായേക്കാവുന്ന ചോദ്യങ്ങൾക്ക് ഉത്തരം നൽകിയതിന് ശേഷം നിങ്ങളുടെ ഡോക്ടർ നിങ്ങളുടെ ഒപ്പ് വാങ്ങും. നിങ്ങളെയും നിങ്ങളുടെ അവസ്ഥകളെയും കുറിച്ചുള്ള ക്ലിനിക്കൽ ഡാറ്റ വാർഷികാടിസ്ഥാനത്തിൽ നൽകുന്നതിന് നിങ്ങളുടെ ഒപ്പ് നിങ്ങളുടെ ഡോക്ടർക്ക് അനുമതി നൽകുന്നു. രോഗിയുടെ പോർട്ടലിൽ പങ്കെടുക്കാൻ നിങ്ങൾ തിരഞ്ഞെടുക്കുകയാണെങ്കിൽ, നിങ്ങൾ അനുമതി നൽകുകയാണെങ്കിൽ, മെഡിക്കൽ പോർട്ടലിലെ നിങ്ങളുടെ ഡാറ്റ രോഗിയുടെ പോർട്ടലിലെ നിങ്ങളുടെ അനുബന്ധ ഡാറ്റയുമായി ലിങ്ക് ചെയ്യപ്പെടും."
"When I come to visit, I bring...","ഞാൻ സന്ദർശിക്കാൻ വരുമ്പോൾ, ഞാൻ കൊണ്ടുവരുന്നു ..."
Or,അല്ലെങ്കിൽ
Signature of the Investigator: Date://,ഗവേഷകന്റെ ഒപ്പ്: തീയതി://
1. Statement of Assent for the FOP Registry Participation,1. FOP രജിസ്ട്രി പങ്കാളിത്തത്തിനായുള്ള സമ്മതപത്രം
ITEMS,ഇനങ്ങള്‍
(Study Doctor),(പഠന ഡോക്ടർ)
17. Donor re-contact,17. ഡോണർ റീ കോണ്ടാക്ട്
"INFORMED CONSENT FORM FOR THE MEDICAL PORTAL FOR ADULT PATIENTS, PARENTS, OR GUARDIANS",പ്രായപൂർത്തിയായ രോഗികൾക്കോ രക്ഷിതാക്കൾക്കോ രക്ഷിതാക്കൾക്കോ വേണ്ടിയുള്ള മെഡിക്കൽ പോർട്ടലിനുള്ള വിവരമുള്ള സമ്മത ഫോം
<INFORMATION SHEET DONORS - JAYASREE>,<INFORMATION SHEET DONORS-JAYASREE>
• We will discharge you from hospital once the snake-bite effects have improved.,പാമ്പുകടിയേറ്റതില്‍ നിന്ന് സുഖംപ്രാപിച്ചു കഴിഞ്ഞാല്‍ ഞങ്ങൾ നിങ്ങളെ ആശുപത്രിയിൽ നിന്ന് ഡിസ്ചാർജ് ചെയ്യും.
2 Date of admission,2 പ്രവേശന തീയതി
You will be provided with a signed copy of this Consent Form,ഈ സമ്മത ഫോമിന്റെ ഒപ്പിട്ട പകർപ്പ് നിങ്ങൾക്ക് നൽകും
statement of consent,സമ്മതപത്രം
Contact Person (Principal Investigator),ബന്ധപ്പെടുന്ന വ്യക്തി (പ്രിൻസിപ്പൽ ഇൻവെസ്റ്റിഗേറ്റർ)
The disease.,രോഗം.
1) declare I have been thoroughly informed about the present study. I have read the patient information form on,1) ഇപ്പോഴത്തെ പഠനത്തെക്കുറിച്ച് എന്നെ നല്ലതുപോലെ ബോധ്യപ്പെടുത്തിയിട്ടുണ്ട് എന്ന് ഞാന്‍ പ്രഖ്യാപിക്കുന്നു. രോഗിയുടെ വിവരങ്ങള്‍ രേഖപ്പെടുത്തിയ ഫോം ഞാന്‍ വായിച്ചിട്ടുണ്ട്.
Study Number:,പഠന നമ്പർ:
(Subject),സബ്ജക്ട് (പങ്കെടുക്കുന്ന ആൾ )
A randomized adaptive dose-finding clinical trial to determine the optimal initial dose and safety of lyophilized Indian poly-specific antivenom for the treatment of snakebite with hemotoxic envenoming,"പാമ്പുകടിയേറ്റ് വിഷം രക്തത്തിൽ കലർന്ന അവസ്ഥയിൽ ; ചികിത്സിക്കുന്നതിനായി ലയോഫിലൈസ്ഡ് ഇന്ത്യൻ പോളി-സ്പെസിഫിക് ആന്റിവെനോമിന്റെ ഒപ്റ്റിമൽ പ്രാരംഭ ഡോസും സുരക്ഷയും നിർണ്ണയിക്കാൻ വേണ്ടിയുള്ള , ക്രമരഹിതവും അനുയോജ്യവുമായ ക്ലിനിക്കൽ ട്രയൽ"
Higher Secondary,ഹയർ സെക്കൻഡറി
The patient is free to cancel his consent at any moment.,ഏത് സമയത്തും രോഗിക്ക് രോഗിയുടെ സമ്മതം റദ്ദാക്കാവുന്നതാണ്.
Associate Professor,അസോസിയേറ്റ് പ്രഫസർ
"However, If the study outcome validates the clinical utility, then serum citrullinated H3 levels can be used as an early predictor of complications in sepsis. This can warrant rationale use of antibiotics, desolation and escalation of treatment.","എന്നിരുന്നാലും, പഠന ഫലം ക്ലിനിക്കൽ യൂട്ടിലിറ്റിയെ സാധൂകരിക്കുന്നുവെങ്കിൽ, സെറം സിട്രുള്ളിനേറ്റഡ് എച്ച് 3 ലെവലുകൾ സെപ്സിസിലെ സങ്കീർണതകളുടെ ആദ്യകാല പ്രവചനമായി ഉപയോഗിക്കാം. ആൻറിബയോട്ടിക്കുകളുടെ യുക്തിസഹമായ ഉപയോഗം, നിര്‍ജ്ജനീകരണം, ചികിത്സയുടെ വർദ്ധനവ് എന്നിവ ഇതിന് ഉറപ്പുനൽകുന്നു."
Psychiatry illness,സൈക്യാട്രി അസുഖം
3. Present illness is a punishment. Delusions of guilt.,3. ഇപ്പോഴത്തെ അസുഖം ഒരു ശിക്ഷയാണ്. കുറ്റബോധത്താൽ പ്രയാസപ്പെടുക.
"The results of this study will be published in a medical journal but you will not be identified by name in any publication or presentation of results. However, your medical notes may be reviewed by people associated with the study, without your additional permission, should you decide to participate in this study.","ഈ പഠനത്തിന്റെ ഫലങ്ങൾ ഒരു മെഡിക്കൽ ജേണലിൽ പ്രസിദ്ധീകരിക്കും, പക്ഷേ ഏതെങ്കിലും പ്രസിദ്ധീകരണത്തിലോ ഫലങ്ങളുടെ അവതരണത്തിലോ നിങ്ങളുടെ പേര് തിരിച്ചറിയാൻ കഴിയില്ല. എന്നിരുന്നാലും, ഈ പഠനത്തിൽ പങ്കെടുക്കാൻ നിങ്ങൾ തീരുമാനിക്കുകയാണെങ്കിൽ, നിങ്ങളുടെ അധിക അനുമതിയില്ലാതെ, പഠനവുമായി ബന്ധപ്പെട്ട ആളുകൾ നിങ്ങളുടെ വൈദ്യപരിശോധനാ സംബന്ധമായ കുറിപ്പുകൾ അവലോകനം ചെയ്തേക്കാം."
If your total is 0-150:,നിങ്ങളുടെ ആകെ തുക 0-150 ആണെങ്കിൽ:
DR. IDA B. SCUDDER CANCER CENTRE,ഡോ. ഐഡ ബി. സ്കഡ്ഡർ കാൻസർ സെന്റർ
4. Kindly donate blood in case of Blood donation requested by your doctor. One can donate even if not required for the surgery. Blood Donation can help save many lives.,4. രക്തദാനം ചെയ്യാൻ നിങ്ങളുടെ ഡോക്ടർ ആവശ്യപ്പെടുകയാണെങ്കിൽ ദയവായി രക്തം ദാനം ചെയ്യുക. ശസ്ത്രക്രിയയ്ക്ക് ആവശ്യമില്ലെങ്കിൽ പോലും ഒരാൾക്ക് സംഭാവന നൽകാം. രക്തദാനം നിരവധി ജീവൻ രക്ഷിക്കാൻ സഹായിക്കും.
"8. What about privacy, authorization for use of personal health information and confidentiality?","8. സ്വകാര്യത, വ്യക്തിഗത ആരോഗ്യ വിവരങ്ങൾ ഉപയോഗിക്കുന്നതിനുള്ള അംഗീകാരം, രഹസ്യസ്വഭാവം എന്നിവയെക്കുറിച്ച്?"
Name of the Legal Representative with date,തീയതിയോടൊപ്പമുള്ള നിയമപ്രകാരമുള്ള പ്രതിനിധിയുടെ പേര്
1- Strongly disagree,1- ശക്തമായി വിയോജിക്കുന്നു
Signature of Researcher (or thumb impression),ഗവേഷകന്‍റെ ഒപ്പ് (അല്ലെങ്കിൽ വിരലടയാളം)
[PATIENT_INFORMATION_SHEET_ENG],[PATIENT_INFORMATION_SHEET_ENG]
Yes,അതെ
Principal Investigator:,പ്രിൻസിപ്പൽ ഇൻവെസ്റ്റിഗേറ്റർ:
"You may change your mind and take back your authorization to use and disclosure of your health information at any time. Even if you take back your authorization, we may still use and disclose the health information we have already obtained about you as necessary to maintain the integrity or reliability of the current research.","എപ്പോൾ വേണമെങ്കിലും നിങ്ങളുടെ മനസ്സ് മാറി, നിങ്ങളുടെ ആരോഗ്യ വിവരങ്ങൾ ഉപയോഗിക്കാനും വെളിപ്പെടുത്താനുമുള്ള നിങ്ങളുടെ ഓതറൈസേഷൻ പിന്‍വലിക്കാം. നിങ്ങളുടെ ഓതറൈസേഷൻ നിങ്ങൾ പിന്‍വലിക്കുകയാണെങ്കിൽപ്പോലും, നിലവിലെ റിസേര്‍ച്ചിന്‍റെ സമഗ്രതയോ വിശ്വാസ്യതയോ നിലനിർത്തുന്നതിന് ഞങ്ങൾ നിങ്ങളെ കുറിച്ച് ഇതിനകം ലഭിച്ച ആരോഗ്യ വിവരങ്ങൾ ഉപയോഗിക്കുകയും വെളിപ്പെടുത്തുകയും ചെയ്തേക്കാം."
7. Are there alternatives to participation in this haplobank?,7. ഹാപ്ലോബാങ്കിലെ പങ്കാളിത്തത്തിന് ബദലുകളുണ്ടോ?
"(ii) I understand that my participation in the study is voluntary and that I amfree to withdraw at any time, without giving any reason, without my medical care or legal rights being affected. [ ]","(ii) പഠനത്തിലെ എന്‍റെ പങ്കാളിത്തം സ്വമേധയാ ഉള്ളതാണെന്നും ഒരു കാരണവും ബോധിപ്പിക്കാതെ, എന്‍റെ ചികിത്സയോ നിയമപരമായ അവകാശങ്ങളോ ഹനിക്കപ്പെടാതെ എപ്പോൾ വേണമെങ്കിലും ഇത് പിൻവലിക്കാൻ എനിക്ക് സ്വാതന്ത്ര്യമുണ്ടെന്നും ഞാൻ മനസ്സിലാക്കുന്നു. [ ]"
Your audio/video recordings won’t be used for any other purpose. You have the right to access such recordings.,നിങ്ങളുടെ ഓഡിയോ / വീഡിയോ റെക്കോർഡിംഗുകൾ മറ്റേതെങ്കിലും ആവശ്യങ്ങൾക്ക് ഉപയോഗിക്കില്ല. അത്തരം റെക്കോർഡിംഗുകളിലേക്ക് നിങ്ങൾക്ക് പ്രവേശനാനുമതി ഉണ്ടായിരിക്കും .
"Our ability to cope with the demands upon us is key to our experience of stress. For example, starting a new job might be a wholly exciting experience if everything else in your life is stable and positive. But if you start a new job when you've just moved into a new house, or your partner is ill, or you're experiencing money problems, you might find it very hard to cope.","നമുക്കുമേലുള്ള ആവശ്യങ്ങളുമായി പൊരുത്തപ്പെടാനുള്ള നമ്മുടെ കഴിവ് നമ്മുടെ സ്ട്രെസ് (സമ്മർദ്ദം) അനുഭവിക്കുന്നതിന്റെ അളവുകോൽ ആണ്. ഉദാഹരണത്തിന്, നിങ്ങളുടെ ജീവിതത്തിലെ മറ്റെല്ലാം സുസ്ഥിരവും പോസിറ്റീവും ആണെങ്കിൽ ഒരു പുതിയ ജോലി ആരംഭിക്കുന്നത് തികച്ചും ആവേശകരമായ അനുഭവമായിരിക്കും. എന്നാൽ നിങ്ങൾ ഒരു പുതിയ വീട്ടിലേക്ക് താമസം മാറിയിരിക്കുമ്പോഴോ നിങ്ങളുടെ പങ്കാളിക്ക് അസുഖം വരുമ്പോഴോ അല്ലെങ്കിൽ നിങ്ങൾക്ക് സാമ്പത്തികമായി പ്രശ്‌നങ്ങൾ അനുഭവപ്പെടുമ്പോഴോ നിങ്ങൾ ഒരു പുതിയ ജോലി ആരംഭിക്കുകയാണെങ്കിൽ, അത് നേരിടാൻ നിങ്ങൾക്ക് വളരെ ബുദ്ധിമുട്ടായിരിക്കും."
(Click here for Audio Visual guidelines),(ഓഡിയോ വിഷ്വൽ മാർഗ്ഗനിർദ്ദേശങ്ങൾക്കായി ഇവിടെ ക്ലിക്ക് ചെയ്യുക)
2. Swab: The virus is detected in RT-PCR test run on respiratory samples. The specimen may be collected through nose/mouth and /or Endotracheal tube (ET only if patient is intubated for worsening lung condition),"2. സ്വാബ്: ശ്വസന സാമ്പിളുകളിൽ RT-PCR ടെസ്റ്റ് റണ്ണിൽ വൈറസ് കണ്ടെത്തി. മൂക്ക് / വായ, കൂടാതെ / അല്ലെങ്കിൽ എൻ‌ഡോട്രോഷ്യൽ ട്യൂബ് എന്നിവയിലൂടെ ഈ സാമ്പിൾ ശേഖരിക്കാം (ശ്വാസകോശത്തിന്റെ അവസ്ഥ വഷളാകുന്ന ഘട്ടത്തില്‍, ഇന്റ്യൂബുട്ട് ചെയ്യേണ്ടി വന്നാൽ മാത്രംരോഗിയെ ET ചെയ്‌താൽ മതി )"
What will I get out of the study?,പഠനത്തിൽ നിന്ന് ഞാൻ എന്ത് നേടും?
"As a donor, you may be re-contacted in future, if needed.","ഒരു ദാതാവെന്ന നിലയിൽ, ആവശ്യമെങ്കിൽ നിങ്ങളെ ഭാവിയിൽ വീണ്ടും ബന്ധപ്പെടുന്നതാണ് ."
4. Attempts at suicide (any serious attempt rate 4).,4. ആത്മഹത്യാശ്രമങ്ങൾ (ഏതെങ്കിലും ഗുരുതരമായ ശ്രമ നിരക്ക് 4).
3. Statement of Informed Consent for Linking Medical Portal Data to the FOP Biobank Data,3. മെഡിക്കൽ പോർട്ടൽ ഡാറ്റ FOP ബയോബാങ്ക് ഡാറ്റയുമായി ലിങ്ക് ചെയ്യുന്നതിനുള്ള വിവരങ്ങള്‍ വ്യക്തമാക്കിയുള്ള സമ്മത പത്രം
Collection is done via a catheter placed in the large vein. You will be connected to a machine that removes the blood a little bit at a time. The stem cells are collected into a bag and the rest of the blood is returned back to you at the same time. This process is called apheresis.,വലിയ സിരയിൽ സ്ഥാപിച്ചിരിക്കുന്ന കത്തീറ്റർ വഴിയാണ് ശേഖരണം നടത്തുന്നത്. ഈ സമയത്ത് രക്തം അല്പം നീക്കം ചെയ്യുന്ന ഒരു മെഷീനിലേക്ക് നിങ്ങളെ ബന്ധിപ്പിക്കും. സ്റ്റെം സെല്ലുകൾ ഒരു ബാഗിലേക്ക് ശേഖരിക്കുകയും ബാക്കി രക്തം അതേ സമയം തന്നെ നിങ്ങൾക്ക് തിരികെ നൽകുകയും ചെയ്യും. ഈ പ്രക്രിയയെ അപെരെസിസ് എന്ന് വിളിക്കുന്നു.
"The costs involved in collection of your blood, processing and other activities involved will be borne by us. You do have to pay any amount for participation in this project.",നിങ്ങളുടെ രക്തം ശേഖരിക്കുന്നതിനും തുടർന്നുള്ള നടപടിക്രമങ്ങൾക്കുമുള്ള ചിലവ് ഞങ്ങൾ വഹിക്കും . നിങ്ങൾ ഈ പ്രോജെക്ടിൽ പങ്കു ചേരുന്നതിനു ഒരു പൈസയും മുടക്കേണ്ടതില്ല .
"For Further Queries, you can contact:","കൂടുതൽ ചോദ്യങ്ങൾക്ക്, നിങ്ങൾക്ക് ബന്ധപ്പെടാം:"
S no,ക്രമനമ്പര്‍
"There is a chance that the proposed treatment option may not show any significant improvement or not completely cure the urinary incontinence. The patients who are not cured by the current treatments will be enrolled in this study. Therefore, minimal improvement in their sphincter function will be considered advantageous for the patient.","ഞങ്ങള്‍ മുന്നോട്ട് വയ്ക്കുന്ന ഈ ചികിത്സാ രീതിയിലും കാര്യമായ പുരോഗതി കാണിക്കാതിരിക്കാനോ അല്ലെങ്കിൽ മൂത്രം പോകുന്നതിലുള്ള നിയന്ത്രണമില്ലായ്ക പൂർണ്ണമായും ഭേദമാക്കാതിരിക്കാനോ സാധ്യതയുണ്ട്. നിലവിലെ ചികിത്സകളാൽ ചികിത്സിക്കപ്പെടാത്ത രോഗികളെ ഈ പഠനത്തിൽ ചേർക്കും. അതിനാൽ, അവരുടെ സ്പിൻ‌ക്റ്റർ പ്രവർത്തനത്തിലെ ചെറിയ തോതിലുള്ള പുരോഗതി പോലും രോഗിക്ക് ഗുണകരമാകുന്നതായി കണക്കാക്കും ."
3rd,മൂന്നാമത്തേത്
"If you take part in the study, you will be requested to provide the required clinical information and then undergo the routine eye examination and the required clinical investigations as necessary.","നിങ്ങൾ പഠനത്തിൽ പങ്കെടുക്കുകയാണെങ്കിൽ, ആവശ്യമായ ക്ലിനിക്കൽ വിവരങ്ങൾ നൽകാൻ നിങ്ങളോട് അഭ്യർത്ഥിക്കും, തുടർന്ന് പതിവ് നേത്ര പരിശോധനയ്ക്കും ആവശ്യമായ ക്ലിനിക്കൽ അന്വേഷണങ്ങൾക്കും വിധേയമാക്കും."
"There is a small chance of muscle weakness due to local anaesthetic medicine. This effect is not permanent and only temporary. You will be closely monitored during the postoperative period. If any problems are noted, the tube will be removed and you will give pain medicines by intravenous line or by mouth.","പ്രാദേശിക അനസ്തെറ്റിക് മരുന്ന് കാരണം പേശികളുടെ ബലഹീനതയ്ക്ക് ഒരു ചെറിയ സാധ്യതയുണ്ട്. ഈ പ്രഭാവം ശാശ്വതമല്ല താൽക്കാലികം മാത്രമാണ്. ഇടുപ്പ് സന്ധി മാറ്റി വെക്കുന്ന കാലയളവിൽ നിങ്ങളെ സൂക്ഷ്മമായി നിരീക്ഷിക്കും. എന്തെങ്കിലും പ്രശ്നങ്ങൾ ശ്രദ്ധയിൽപ്പെട്ടാൽ, ട്യൂബ് നീക്കംചെയ്യുകയും നിങ്ങൾ ഇൻട്രാവൈനസ് ലൈനിലൂടെയോ അല്ലെങ്കിൽ വായയിലൂടെയോ വേദന സംഹാരി മരുന്നുകള്‍ നൽകും."
Can you withdraw from this study after it starts?,ഈ പഠനം ആരംഭിച്ചതിനുശേഷം നിങ്ങൾക്ക് അതിൽ നിന്ന് പിന്മാറാമോ?
2. Ideas of guilt or rumination over past errors or sinful deeds.,2. മുൻകാല തെറ്റുകൾ അല്ലെങ്കിൽ പാപകരമായ പ്രവൃത്തികൾ എന്നിവയെക്കുറിച്ചുള്ള കുറ്റബോധത്തിൻ്റെയോ അഭ്യൂഹത്തിൻ്റെയോ ആശയങ്ങൾ.
"Please also be aware that if we tell you about a research study, this does not mean that we endorse it. In order to participate in any trial, you will need to discuss the trial with the relevant clinical trial staff member(s) and fill out a separate informed consent form.","ഒരു ഗവേഷണ പഠനത്തെക്കുറിച്ച് ഞങ്ങൾ നിങ്ങളോട് പറഞ്ഞാൽ, ഞങ്ങൾ അത് അംഗീകരിക്കുന്നു എന്നല്ല ഇതിനർത്ഥം എന്നതും ദയവായി ശ്രദ്ധിക്കുക. ഏതൊരു ട്രയലിലും പങ്കെടുക്കുന്നതിന്, നിങ്ങൾ ബന്ധപ്പെട്ട ക്ലിനിക്കൽ ട്രയൽ സ്റ്റാഫ് അംഗവുമായി(മാരുമായി) ട്രയൽ ചർച്ച ചെയ്യുകയും പ്രത്യേകം വിവരമുള്ള സമ്മതപത്രം പൂരിപ്പിക്കുകയും വേണം."
- Weighs more than 45kg,- 45 കിലോയിലധികം ഭാരമുള്ള
"• And when treatments are available, to advance the understanding of FOP treatment outcomes.","• ചികിത്സകൾ ലഭ്യമാകുമ്പോൾ, FOP ചികിത്സാ ഫലങ്ങളെക്കുറിച്ചുള്ള ധാരണ വർദ്ധിപ്പിക്കുന്നതിന്."
"1. Playing with hands, hair, etc.","1. കൈകൾ, മുടി മുതലായവ ഉപയോഗിച്ച് കളിക്കുക."
Can you withdraw from this study after it starts?,ഈ പഠനം ആരംഭിച്ചതിന് ശേഷം നിങ്ങൾക്ക് അതിൽ നിന്ന് പിന്മാറാനാകുമോ?
• Patient demographics,• രോഗികളുടെ ജനസംഖ്യാശാസ്‌ത്രം
"Agreeableness: 2, 7R","സമ്മതം: 2, 7R"
0. Less than 1 lb weight loss in week.,0. ആഴ്‌ചയിൽ 1 lb-ൽ താഴെ ഭാരം കുറയുന്നു.
Increased requirements and/or,വർദ്ധിച്ച ആഹാര ആവശ്യം കൂടാതെ / അല്ലെങ്കിൽ
"The results of this study may be published in a medical journal, but your identity won’t be revealed in any publication or presentation of results. However, your medical history may be reviewed by people associated with the study without your additional permission, which may be medically relevant and would affect the study outcome should you decide to participate.","ഈ പഠനത്തിന്റെ ഫലങ്ങൾ ഒരു മെഡിക്കൽ ജേണലിൽ പ്രസിദ്ധീകരിച്ചേക്കാം, എന്നാൽ ഏതെങ്കിലും പ്രസിദ്ധീകരണത്തിലോ റിസൾട്ടുകളുടെ അവതരണത്തിലോ നിങ്ങളുടെ ഐഡന്റിറ്റി വെളിപ്പെടുത്തില്ല. എന്നിരുന്നാലും, നിങ്ങളുടെ അധിക അനുമതിയില്ലാതെ പഠനവുമായി ബന്ധപ്പെട്ട ആളുകൾ നിങ്ങളുടെ മെഡിക്കൽ ഹിസ്റ്ററി അവലോകനം ചെയ്‌തേക്കാം, അത് വൈദ്യശാസ്ത്രപരമായി പ്രസക്തവും നിങ്ങൾ പങ്കെടുക്കാൻ തീരുമാനിച്ചാൽ പഠനത്തിന്റെ റിസൾട്ടിനെ അത് ബാധിക്കുകയും ചെയ്യും."
4 Complications,4 സങ്കീർണതകൾ
13) GENERAL SOMATIC SYMPTOMS,13) പൊതുവായ സോമാറ്റിക് ലക്ഷണങ്ങൾ
Date and time: ____________________________________,തീയതിയും സമയവും:
And how do you feel when you hear my name?,എന്റെ പേര് കേൾക്കുമ്പോൾ നിങ്ങൾക്ക് എന്താണ് തോന്നുന്നത്?
STEP 4: Monitoring,സ്റ്റെപ് 4: നിരീക്ഷണം
Name & Address of the Witness:,സാക്ഷിയുടെ പേരും വിലാസവും:
◦ answer some questions about your personal and family medical history.,◦ നിങ്ങളുടെ വ്യക്തിപരവും കുടുംബപരവുമായ മെഡിക്കൽ ചരിത്രത്തെക്കുറിച്ചുള്ള ചില ചോദ്യങ്ങൾക്ക് ഉത്തരം നൽകുക.
11) ANXIETY SOMATIC (physiological concomitants of anxiety) such as:,11) ആക്സൈറ്റി സോമാറ്റിക് (ഉത്കണ്ഠയുടെ ശരീരശാസ്ത്രപരമായ അനുബന്ധങ്ങൾ) ഇനിപ്പറയുന്നവ:
• Blood will be collected to determine whether any complications of snakebite have occurred. Further blood tests will be collected from the cannula and stored in a freezer so that tests can be performed at a later date.,"പാമ്പുകടിയേറ്റ് എന്തെങ്കിലും സങ്കീർണതകൾ സംഭവിച്ചിട്ടുണ്ടോ എന്ന് നിർണ്ണയിക്കാൻ രക്തം ശേഖരിക്കും. കൂടുതൽ‌ രക്തപരിശോധനകൾ‌ കാൻ‌യുലയിൽ‌ നിന്നും ശേഖരിക്കുകയും ഫ്രീസറിൽ‌ സൂക്ഷിക്കുകയും ചെയ്യും, അതിനാൽ‌ പിന്നീടുള്ള ദിവസങ്ങളില്‍ പരിശോധനകൾ‌ നടത്താൻ‌ കഴിയും."
Signatory’s Name: _________________________________,ഒപ്പിട്ടയാളുടെ പേര്: _________________________________
5. Death of a close family member: 63,5. അടുത്ത കുടുംബാംഗത്തിൻ്റെ മരണം: 63
"Your participation is voluntary. If you first agree to participate and then you change your mind, you are free to withdraw your consent and discontinue your direct participation. However, after donation, we will not be able to withdraw the tissue, cells isolated from the tissue, and/or other products made from the isolated cells because they would have been:","നിങ്ങളുടെ പങ്കാളിത്തം സ്വമേധയാ ഉള്ളതാണ്. നിങ്ങൾ ആദ്യം പങ്കെടുക്കാൻ സമ്മതിക്കുകയും പിന്നീട് നിങ്ങളുടെ മനസ്സ് മാറ്റുകയും ചെയ്താൽ, നിങ്ങളുടെ സമ്മതം പിൻവലിക്കാനും നേരിട്ടുള്ള പങ്കാളിത്തം നിർത്താനും നിങ്ങൾക്ക് സ്വാതന്ത്ര്യമുണ്ട്. എന്നിരുന്നാലും, ഡൊണേഷന് ശേഷം, ടിഷ്യു, ടിഷ്യൂകളിൽ നിന്ന് വേർപെടുത്തിയ കോശങ്ങൾ, കൂടാതെ/അല്ലെങ്കിൽ ഒറ്റപ്പെട്ട കോശങ്ങളിൽ നിന്ന് നിർമ്മിച്ച മറ്റ് ഉൽപ്പന്നങ്ങൾ എന്നിവ പിൻവലിക്കാൻ ഞങ്ങൾക്ക് കഴിയില്ല, കാരണം അവ:"
Name of the variable,സൂചികയുടെ പേര്
Participant’s Hospital Number :,പങ്കെടുക്കുന്നയാളുടെ ആശുപത്രി നമ്പർ:
Information sheet,ഇൻഫർമേഷൻ ഷീറ്റ്
"A “ cell line ”, sometimes referred to as “ immortalized ” will be developed from your blood sample. This “ cell line ” is a population of cells that are made to grow continuously in the laboratory or saved in a frozen state for later use. It can provide a long term source of cells for future research. Every cell line will bear a code ( but NOT your name ) that can trace its origin.","നിങ്ങളുടെ രക്ത സാമ്പിളിൽ നിന്ന് ചിലപ്പോൾ""ഇമ്മോർട്ടലൈസ്ഡ്"" എന്ന് വിളിക്കപ്പെടുന്ന ഒരു""സെൽ ലൈൻ"" വികസിപ്പിച്ചെടുക്കും. ഈ""സെൽ ലൈൻ"" എന്നത് ലബോറട്ടറിയിൽ തുടർച്ചയായി വളരുന്ന കോശങ്ങളുടെ ഒരു പോപ്പുലേഷനാണ്. അല്ലെങ്കിൽ പിന്നീടുള്ള ഉപയോഗത്തിനായി ശീതീകരിച്ച അവസ്ഥയിൽ സൂക്ഷിക്കുന്നു. ഭാവിയിലെ റിസേര്‍ച്ചിനായി കോശങ്ങളുടെ ദീർഘകാല ഉറവിടം നൽകാൻ ഇതിന് കഴിയും. ഓരോ സെൽ ലൈനിനും അതിന്റെ ഒറിജിൻ കണ്ടെത്താനാകുന്ന ഒരു കോഡ് (എന്നാൽ നിങ്ങളുടെ പേരല്ല) ഉണ്ടാകും."
3. Teaching activity,3. അദ്ധ്യാപനം
Any infection can lead to bacteria entering into the bloodstream and this is called sepsis and subsequently leads to severe complications like organ failure and even death.,"ഏതെങ്കിലും തരത്തിലുള്ള അണുബാധ രക്തത്തിലേക്ക് ബാക്ടീരിയകള്‍ പ്രവേശിക്കുന്നതിലേക്ക് നയിച്ചേക്കാം, ഇതിനെ സെപ്സിസ് എന്ന് വിളിക്കുന്നു. അവയവങ്ങളുടെ പരാജയം, മരണം എന്നിവപോലുള്ള ഗുരുതരമായ സങ്കീർണതകളിലേക്ക് ഇത് രോഗിയെ നയിക്കുന്നു."
• Physical Exam and Vital signs,• ശാരീരിക പരിശോധനയും സുപ്രധാന അടയാളങ്ങളും
"Russell’s viper snakebite is a medical emergency. Some patients, regardless of whether they receive antivenom, develop serious complications and die. Any patient treated with antivenom has a risk of developing severe allergic reactions",അണലിയുടെ കടി ചികിത്സാ സംബന്ധിയായ ഒരു അത്യാഹിതമാണ്. ചില രോഗികൾ പ്രതിവിഷം ലഭിച്ചാലും ഇല്ലെങ്കിലും ഗുരുതരമായ സങ്കീർണതകൾ മൂലം മരിക്കുന്നു. പ്രതിവിഷം കൊണ്ട് ചികിത്സിക്കുന്ന ഏതൊരു രോഗിക്കും കടുത്ത അലർജി ഉണ്ടാകാനുള്ള സാധ്യതയുണ്ട്
Print Name of person taking the consent,സമ്മതം എടുക്കുന്ന വ്യക്തിയുടെ പേര് പ്രിന്റ് ചെയ്യുക
-Share your experience with friends and relatives,- സുഹൃത്തുക്കളുമായും ബന്ധുക്കളുമായും നിങ്ങളുടെ അനുഭവം പങ്കിടുക
6. What are the risks of participating?,6. പങ്കെടുക്കുന്നതിന്റെ അപകടസാധ്യതകൾ എന്തൊക്കെയാണ്?
1. Drinking helps me feel at ease within my group.,1. മദ്യപാനം എന്റെ സംഘത്തിനുള്ളില്‍ സുഖമായിരിക്കാൻ എന്നെ സഹായിക്കുന്നു.
7 Mother`s Education,7 അമ്മയുടെ വിദ്യാഭ്യാസം
How will the information I provide be used?,ഞാൻ നൽകുന്ന വിവരങ്ങൾ എങ്ങനെ ഉപയോഗിക്കും?
Juvenile Diabetes,ബാല പ്രമേഹം
You are allowed at any point to withdraw from this study. Your withdrawal will not affect in any way your further management and treatment.,ഈ പഠനത്തിൽ നിന്ന് പിന്മാറാൻ ഏത് സമയത്തും നിങ്ങള്‍ക്ക് അവകാശമുണ്ട്‌. നിങ്ങളുടെ പഠനത്തില്‍ നിന്നുള്ള പിന്മാറ്റം നിങ്ങളുടെ തുടർന്നുള്ള ചികിത്സാ നടത്തിപ്പിനെ ഒരു തരത്തിലും ബാധിക്കില്ല.
Subject’s Name:,വിഷയത്തിന്റെ പേര്:
"People use the word""stress"" to describe a wide variety of situations – from your cell phone ringing while you're talking on another phone – to the feelings associated with intense work overload, or the death of a loved-one.","നിങ്ങൾ മറ്റൊരു ഫോണിൽ സംസാരിക്കുമ്പോൾ നിങ്ങളുടെ സെൽ ഫോൺ റിങ്ങ് ചെയ്യുന്നത് മുതൽ - കഠിനമായ ജോലിഭാരം അല്ലെങ്കിൽ പ്രിയപ്പെട്ട ഒരാളുടെ മരണം എന്നിവയുമായി ബന്ധപ്പെട്ട വികാരങ്ങൾ വരെ - വൈവിധ്യമാർന്ന സാഹചര്യങ്ങളെ വിവരിക്കാൻ ആളുകൾ""സ്‌ട്രെസ്‌ (സമ്മർദ്ദം)"" എന്ന വാക്ക് ഉപയോഗിക്കുന്നു."
Date………………………………….,തീയതി……………………………….
You are invited to participate in this study which compares two different types of pain relief methods to keep you pain free after undergoing hip joint replacement.,ഇടുപ്പ് സന്ധി മാറ്റിസ്ഥാപിച്ചതിന് ശേഷം വേദനയില്ലാതെ നിലനിർത്തുന്നതിന് രണ്ട് വ്യത്യസ്ത തരം വേദന പരിഹാര രീതികൾ താരതമ്യം ചെയ്യുന്ന ഈ പഠനത്തിൽ പങ്കെടുക്കാനാണ് നിങ്ങള്‍ ക്ഷണിക്കപ്പെട്ടിരിക്കുന്നത്.
5. Is there any benefit to accepting this study? How the proposed treatment is beneficial over the current treatment?,5. ഈ പഠനം സ്വീകരിക്കുന്നതിലൂടെ എന്തെങ്കിലും പ്രയോജനമുണ്ടോ? നിലവിലെ ചികിത്സയെക്കാൾ ഈ ചികിത്സ എത്രമാത്രം പ്രയോജനകരമാണ്?
8 Father`s income per month in INR,8 പിതാവിന്റെ പ്രതിമാസ വരുമാനം രൂപയില്‍
And you can help...,നിങ്ങൾക്ക് സ്വയം സഹായിക്കാനാകും ...
1. Self-absorption (bodily).,1. സ്വയം ആഗിരണം (ശരീരം).
Life Stress Self Assessment,ലൈഫ് സ്‌ട്രെസ്‌ സെൽഫ് അസസ്മെന്റ്
"If I am participating in this study, what are my responsibilities?","ഞാൻ ഈ പഠനത്തിൽ പങ്കെടുക്കുകയാണെങ്കിൽ, എന്‍റെ ഉത്തരവാദിത്തങ്ങൾ എന്തൊക്കെയാണ്?"
8. PAC form - Pre Anaesthesia Clearance form to be brought during admission.,8. PAC ഫോം - അഡ്മിഷൻ സമയത്ത് കൊണ്ടുവരേണ്ട പ്രീ അനസ്തേഷ്യ ക്ലിയറൻസ് ഫോം.
"If you decide to be in the study, you will not be asked to do anything extra. You will be divided into one of the two groups based on computer generated selection. As per the group you are in, we would like to give you an additional medicine called dexmedetomidine along with the regular medicines during your surgery and see the effect of the medicine in reducing restlessness after the surgery. We think that this would ease your restlessness and discomfort after your surgery.","പഠനത്തിൽ ഏർപ്പെടാൻ നിങ്ങൾ തീരുമാനിക്കുകയാണെങ്കിൽ, അധികമായി ഒന്നും ചെയ്യാൻ നിങ്ങളോട് ആവശ്യപ്പെടുകയില്ല. കമ്പ്യൂട്ടർ ജനറേറ്റു ചെയ്‌ത തിരഞ്ഞെടുപ്പിനെ അടിസ്ഥാനമാക്കി നിങ്ങളെ രണ്ട് ഗ്രൂപ്പുകളിലൊന്നായി വിഭജിക്കും. നിങ്ങൾ ഉള്ള ഗ്രൂപ്പ് അനുസരിച്ച്, നിങ്ങളുടെ ശസ്ത്രക്രിയയ്ക്കിടെ പതിവ് മരുന്നുകൾക്കൊപ്പം ഡെക്സ്മെഡെറ്റോമിഡിൻ എന്ന അധിക മരുന്ന് നൽകാനും ശസ്ത്രക്രിയയ്ക്കുശേഷം അസ്വസ്ഥത കുറയ്ക്കുന്നതില്‍ ഈ മരുന്നിന്റെ സ്വാധീനം വിലയിരുത്താനും ഞങ്ങൾ ആഗ്രഹിക്കുന്നു. ഇത് നിങ്ങളുടെ ശസ്ത്രക്രിയയ്ക്കുശേഷം നിങ്ങളുടെ അസ്വസ്ഥതയും ക്ലേശവും ലഘൂകരിക്കുമെന്ന് ഞങ്ങൾ കരുതുന്നു."
7. … tends to find fault with others,7. … മറ്റുള്ളവരുടെ കുറ്റം കണ്ടുപിടിക്കാൻ ശ്രമിക്കുന്ന
"◦ Patenting from your donation derived cells, which contain your DNA, for scientific or medical use","◦ ശാസ്ത്രീയമോ വൈദ്യപരമോ ആയ ഉപയോഗത്തിനായി, നിങ്ങളുടെ DNA അടങ്ങിയിരിക്കുന്ന നിങ്ങളുടെ ഡൊണേഷൻ വഴി രൂപപ്പെട്ട കോശങ്ങളിൽ നിന്നു പേറ്റന്റ് ചെയ്യപ്പെടുന്നു"
Signature/thumb impression:,ഒപ്പ് / വിരലടയാളം:
Risks:,അപകടസാധ്യതകൾ:
What will happen if you develop any study related injury?,പഠനവുമായി ബന്ധപ്പെട്ട എന്തെങ്കിലും പരിക്ക് ഉണ്ടായാൽ എന്ത് സംഭവിക്കും?
Can you withdraw from the study after it starts?,പഠനം ആരംഭിച്ചതിന് ശേഷം അതിൽ നിന്ന് പിന്മാറാമോ?
"Salmonella Enterica is the cause of Typhoid fever. Azithromycin is an effective oral medication available, when taken orally it accumulates in white blood cells and other body parts variably. The maximum amount of drug is concentrated inside the blood cells with very little being concentrated outside the blood cell. The main objective of the study is to look for any look for any correlation between the plasma levels of azithromycin and clinical and microbiological outcomes.","സാൽമൊണല്ല എന്ററിക്കയാണ് ടൈഫോയ്ഡ് പനിയുടെ കാരണം. ലഭ്യമായതില്‍ ഫലപ്രദമായ മരുന്നാണ് വായിലൂടെ നല്‍കുന്ന അസിത്രോമൈസിന്‍, വായിലൂടെ നല്‍കുമ്പോള്‍ ഇത് വെളുത്ത രക്താണുക്കളിലും മറ്റ് ശരീരഭാഗങ്ങളിലും കേന്ദ്രീകരിക്കപ്പെടുന്നു. മരുന്നിന്‍റെ കൂടുതല്‍ പങ്കും കേന്ദ്രീകരിക്കപ്പെടുന്നത് രക്താണുക്കൾക്കുള്ളിൽ ആണ്, വളരെ കുറച്ച് അളവ് മരുന്ന് മാത്രമാണ് രക്താണുക്കൾക്ക് വെളിയില്‍ പ്രവര്‍ത്തിക്കുന്നത്. അസിത്രോമൈസിന്‍റെ പ്ലാസ്മ നിലയും അവയുടെ ക്ലിനിക്കൽ, മൈക്രോബയോളജിക്കൽ ഫലങ്ങളും തമ്മില്‍ എന്തെങ്കിലും ബന്ധമുണ്ടോയെന്ന് അന്വേഷിക്കുക എന്നതാണ് പഠനത്തിന്റെ പ്രധാന ലക്ഷ്യം."
Site:,സൈറ്റ്:
Date:,തീയതി:
"You may refuse to answer any question you do not want to answer. You will not have to pay extra money for participating in this study. Also, you will not receive any reimbursement for participating in this study.","നിങ്ങൾ ഉത്തരം നൽകാൻ ആഗ്രഹിക്കാത്ത ഏത് ചോദ്യത്തിനും നിങ്ങള്‍ക്ക് ഉത്തരം നൽകാതിരിക്കാം. ഈ പഠനത്തിൽ പങ്കെടുക്കുന്നതിന് നിങ്ങൾ അധിക പണം നൽകേണ്ടതില്ല. കൂടാതെ, ഈ പഠനത്തിൽ പങ്കെടുത്തതിലൂടെ നിങ്ങൾക്ക് ഒരു റീഇംബേഴ്‌സ്‌മെന്റും ലഭിക്കില്ല."
Contact no:,ബന്ധപ്പെടേണ്ട ഫോണ്‍നമ്പര്‍:
Medical Portal,മെഡിക്കൽ പോർട്ടൽ
"1. Blood: Apart from the routine blood samples, blood may be collected for special tests pertaining to the viral infection – this may include viral antibody level, viral load, immune response, and blood test to assess the organ functions","1. രക്തം: പതിവ് രക്തസാമ്പിളുകൾക്ക് പുറമെ, വൈറൽ അണുബാധയുമായി ബന്ധപ്പെട്ട പ്രത്യേക പരിശോധനകൾക്കായി രക്തം ശേഖരിക്കാം-ഇതിൽ വൈറൽ ആന്റിബോഡി നില, വൈറൽ ലോഡ്, രോഗപ്രതിരോധ പ്രതികരണം, അവയവങ്ങളുടെ പ്രവർത്തനങ്ങൾ വിലയിരുത്തുന്നതിനുള്ള രക്ത പരിശോധന എന്നിവ ഉൾപ്പെടാം."
1. Loss of appetite but eating without staff encouragement. Heavy feelings in abdomen.,1. വിശപ്പ് കുറവാണെങ്കിലും ജീവനക്കാരുടെ പ്രോത്സാഹനമില്ലാതെ ഭക്ഷണം കഴിക്കുക. അടിവയറ്റിൽ കനം
Only consenting patients will participate to this study.,സമ്മതം നൽകുന്ന രോഗികൾ മാത്രമേ ഈ പഠനത്തിൽ പങ്കെടുക്കുകയുള്ളൂ.
21. Foreclosure on a mortgage or loan: 30,21. ഒരു പണയം അല്ലെങ്കിൽ ലോൺ നേരത്തെ ക്ലോസ് ചെയുന്നത്: 30
What are TTIS?,എന്താണ് ടിടിഐ?
"You do not have to take part in this study and a decision not to take part will not affect on your future medical care. You can change your mind about taking part in the study any time you like. Even if the study has started, you can still opt out. You do not have to give us a reason. If you do opt out, it will not affect the quality of treatment you get in the future.","നിങ്ങൾ ഈ പഠനത്തിൽ പങ്കെടുക്കണമെന്ന് നിർബന്ധമില്ല , പങ്കെടുക്കേണ്ടതില്ല എന്ന തീരുമാനം നിങ്ങളുടെ ഭാവിയിലെ വൈദ്യ പരിചരണത്തെ ബാധിക്കില്ല. നിങ്ങൾക്ക് ഇഷ്ടമുള്ള ഏത് സമയത്തും പഠനത്തിൽ പങ്കെടുക്കുന്നതിനെ കുറിച്ച് നിങ്ങൾക്ക് മനസ്സ് മാറ്റാവുന്നതാണ്. പഠനം ആരംഭിച്ചാലും നിങ്ങൾക്ക് തീരുമാനം മാറ്റാവുന്നതാണ്. നിങ്ങൾ ഞങ്ങൾക്ക് ഒരു കാരണവും പറയേണ്ടതില്ല. നിങ്ങൾ തീരുമാനം മാറ്റുകയാണെങ്കിൽ , ഭാവിയിൽ നിങ്ങൾക്ക് ലഭിക്കുന്ന ചികിത്സയുടെ ഗുണനിലവാരത്തെ അത് ബാധിക്കില്ല."
"You may change your mind and take back your authorization to use and disclosure of your health information at any time. Even if you take back your authorization, we may still use and disclose the health information we have already obtained about you as necessary to maintain the integrity or reliability of the current research.","നിങ്ങൾളുടെ മനസ്സ് മാറുകയാണെങ്കിൽ നിങ്ങൾക്ക് എപ്പോൾ വേണമെങ്കിലും നിങ്ങളുടെ ആരോഗ്യസംബന്ധിയായ വിവരങ്ങൾ വെളിപ്പെടുത്തുന്നതിനുള്ള അനുമതി റദ്ദാക്കാവുന്നതാണ് . നിങ്ങൾ അനുമതി റദ്ദാക്കുകയാണെങ്കിൽ, ഗവേഷണത്തിന്റെ പൂർണ്ണതക്കും വിശ്വാസ്യതക്കും വേണ്ടി ഞങ്ങൾ അത് വരെ ശേഖരിച്ച ആരോഗ്യസംബന്ധിയായ വിവരങ്ങൾ ഉപയോഗിക്കുകയോ വെളിപ്പെടുത്തുകയോ ചെയ്തേക്കാം .5"
(iv) I agree not to restrict the use of any data or results that arise from this study provided such a use is only for scientific purpose(s). [ ],"(iv) ഈ പഠനത്തിൽ നിന്ന് ഉണ്ടാകുന്ന ഏതെങ്കിലും ഡാറ്റയുടെയോ റിസൾട്ടുകളുടെയോ ഉപയോഗം, അത്തരം ഉപയോഗം ശാസ്ത്രീയ ഉദ്ദേശ്യത്തിന് (ങ്ങൾക്ക്) മാത്രമാണെങ്കിൽ നിയന്ത്രിക്കില്ലെന്ന് ഞാൻ സമ്മതിക്കുന്നു. []"
"We cannot promise the study will help your child (you or your family member), but the information we get from the study may help other patients and contribute to better understanding of the new infection and the healthcare associated with that.","ഈ പഠനം നിങ്ങളുടെ കുട്ടിയെ (നിങ്ങളെയോ നിങ്ങളുടെ കുടുംബാംഗത്തെയോ) സഹായിക്കുമെന്ന് ഞങ്ങൾക്ക് ഉറപ്പുനൽകാൻ കഴിയില്ല, പക്ഷേ പഠനത്തിൽ നിന്ന് ലഭിക്കുന്ന വിവരങ്ങൾ, മറ്റ് രോഗികളെ സഹായിക്കുകയും പുതിയ അണുബാധയെക്കുറിച്ചും അതുമായി ബന്ധപ്പെട്ട ആരോഗ്യ സംരക്ഷണത്തെക്കുറിച്ചും നന്നായി മനസ്സിലാക്കാൻ സഹായിക്കുകയും ചെയ്യാം."
So you can understand...,അതിനാൽ നിങ്ങൾക്ക് മനസിലാക്കാൻ കഴിയും ...
There is no cost to you and you will not be paid for consenting to have information collected about you submitted into the medical portal.,"നിങ്ങൾക്ക് ഒരു ചെലവും ഇല്ല, നിങ്ങളെക്കുറിച്ചുള്ള വിവരങ്ങൾ മെഡിക്കൽ പോർട്ടലിൽ സമർപ്പിക്കുന്നതിനുള്ള സമ്മതത്തിന് നിങ്ങൾക്ക് പണം നൽകില്ല."
I voluntarily agree to take part in this study.,ഈ പഠനത്തിൽ പങ്കെടുക്കാൻ ഞാൻ സ്വമേധയാ സമ്മതം നല്‍കുന്നു.
Can you withdraw from the study after it starts?,പഠനം ആരംഭിച്ചതിനുശേഷം നിങ്ങൾക്ക് അതിൽ നിന്ന് പിന്മാറാമോ?
"As per the previously published studies, there was no serious adverse event is reported related to the injection of cells. Therefore, we do not expect any injury to happen to you but if you do develop any side effects or problems that arrive due to this study will be treated at no cost to you. If there is a permanent injury determined to be due to this treatment you will be provided compensation by the insurance as per rules.","മുമ്പ് പ്രസിദ്ധീകരിച്ച പഠനമനുസരിച്ച്, കോശങ്ങളുടെ കുത്തിവയ്പ്പുമായി ബന്ധപ്പെട്ട് ഗുരുതരമായ പ്രതികൂല സംഭവങ്ങളൊന്നും റിപ്പോർട്ട് ചെയ്യപ്പെട്ടിട്ടില്ല. അതിനാൽ, നിങ്ങൾക്ക് എന്തെങ്കിലും പരിക്ക് സംഭവിക്കുമെന്ന് ഞങ്ങൾ പ്രതീക്ഷിക്കുന്നില്ല, എന്നാൽ നിങ്ങൾ ഏതെങ്കിലും പാർശ്വഫലങ്ങൾ ഉണ്ടാക്കുകയോ അല്ലെങ്കിൽ ഈ പഠനം മൂലം ഉണ്ടാകുന്ന പ്രശ്നങ്ങൾ എന്നിവ ഉണ്ടാക്കുകയോ ചെയ്താൽ നിങ്ങള്‍ക്ക് അത് സംബന്ധിച്ചുള്ള ചികിത്സ സൌജന്യമായിരിക്കും. ഈ ചികിത്സ കാരണം സ്ഥിരമായ ഒരു പരിക്ക് ഉണ്ടായതായി ബോധ്യപ്പെട്ടാല്‍, നിയമപ്രകാരം നിങ്ങള്‍ക്കുള്ള നഷ്ടപരിഹാരം ഇൻഷുറൻസ് കമ്പനി നൽകുന്നതായിരിക്കും ."
‐ may have no impact on pancreatitis and they have no effect on bone fracture.,"‐ പാൻക്രിയാറ്റിസിനെ ബാധിക്കില്ല, അസ്ഥി ഒടിവിനെ ബാധിക്കില്ല."
5. Benefits,5. പ്രയോജനങ്ങൾ
Without moving them count to 10,അനക്കാതെ പത്തു വരെ എണ്ണുക
8. What will happen if you develop any study related injury?,8. പഠനവുമായി ബന്ധപ്പെട്ട് എന്തെങ്കിലും പരിക്ക് ഉണ്ടായാൽ എന്ത് സംഭവിക്കും?
PART-I,ഭാഗം -1
6 Length of Hospital stay,6 ആശുപത്രിവാസത്തിന്റെ ദൈർഘ്യം
"Before you leave back home, we will give home exercise sheets and adequate instruction so that you will not forget what we have taught you.","നിങ്ങൾ വീട്ടിൽ നിന്ന് മടങ്ങുന്നതിനുമുമ്പ്, ഞങ്ങൾ ഹോം എക്സർസൈസ് ഷീറ്റുകളും മതിയായ നിർദ്ദേശങ്ങളും നൽകും, അതുവഴി ഞങ്ങൾ നിങ്ങളെ പഠിപ്പിച്ച കാര്യങ്ങൾ നിങ്ങൾ മറക്കില്ല."
[ A statement from an interpreter should be included if it is possible that any of your donors or their representatives are unable to communicate in English. ],[ നിങ്ങളുടെ ഏതെങ്കിലും ഡോണര്‍മാര്‍ക്കോ അവരുമായി ബന്ധപ്പെട്ട ആളുകള്‍ക്കോ ഇംഗ്ലീഷിൽ ആശയവിനിമയം നടത്താൻ കഴിയാതെ വരാൻ സാധ്യതയുണ്ടെങ്കിൽ ഒരു വ്യാഖ്യാതാവിൽ നിന്നുള്ള ഒരു പ്രസ്താവന ഉൾപ്പെടുത്തിയിരിക്കണം. ]
Benefits,നേട്ടങ്ങള്‍
My name is Coronavirus,കൊറോണ വൈറസ് എന്നാണ് എന്‍റെ പേര്.
12. Pregnancy: 40,12. ഗർഭധാരണം : 40
Name of Impartial Witness,നിഷ്പക്ഷ സാക്ഷിയുടെ പേര്
23. Children leaving home: 29,23. വീടുവിട്ടിറങ്ങുന്ന കുട്ടികൾ: 29
Donor Statement/ Thumb impression,ദാതാവിന്റെ പ്രസ്താവന / വിരലടയാളം
PATIENT INFORMED CONSENT,രോഗിയെ ബോധ്യപ്പെടുത്തിയ സമ്മതപത്രം
6. What happens if I decide not to take part in this haplobank?,6. ഹാപ്ലോബാങ്കിൽ പങ്കെടുക്കേണ്ടെന്ന് ഞാൻ തീരുമാനിച്ചാൽ എന്ത് സംഭവിക്കും?
Subject’s information,വിഷയ വിവരങ്ങള്‍
‐ probably reduce the risk of death from cardiovascular disease and from any cause slightly;,‐ ഹൃദയ സംബന്ധമായ അസുഖങ്ങളിൽ നിന്നും ഏതെങ്കിലും കാരണത്തിൽ നിന്നുമുള്ള മരണ സാധ്യത ചെറുതായി കുറയ്ക്കാം;
4. Kindly donate blood in case of Blood donation requested by your doctor. One can donate even if not required for the surgery. Blood Donation can help save many lives.,4. രക്തം ദാനം ചെയ്യാൻ നിങ്ങളുടെ ഡോക്ടർ ആവശ്യപ്പെടുകയാണെങ്കിൽ ദയവായി രക്തം ദാനം ചെയ്യുക. ശസ്ത്രക്രിയയ്ക്ക് ആവശ്യമില്ലെങ്കിൽ പോലും ഒരാൾക്ക് സംഭാവന നൽകാം. രക്തദാനം നിരവധി ജീവൻ രക്ഷിക്കാൻ സഹായിക്കും.
NA - I am not participating in the Patient Portal of the Registry,NA-രജിസ്ട്രിയുടെ പേഷ്യന്റ് പോർട്ടലിൽ ഞാൻ പങ്കെടുക്കുന്നില്ല
4. What are the risks of taking part in haplobank?,4. ഹാപ്ലോബാങ്കിൽ പങ്കെടുക്കുന്നതിന്റെ ദോഷവശങ്ങൾ എന്തൊക്കെയാണ്?
I am rushing to save a life!,ഒരു ജീവൻ രക്ഷിക്കാൻ ഞാൻ ഞാൻ മുന്നിട്ടിറങ്ങുന്നു!
"If you decide to participate as a donor, you are free to withdraw your consent without effect to you or effect on your medical care.","നിങ്ങൾ ഒരു ദാതാവായി പങ്കെടുക്കാൻ തീരുമാനിക്കുകയാണെങ്കിൽ, നിങ്ങൾക്ക് യാതൊരു ദോഷവുമില്ലാതെ നിങ്ങളുടെ സമ്മതം പിന്‍വലിക്കാന്‍ സ്വാതന്ത്ര്യമുണ്ട് അത് നിങ്ങളുടെ വൈദ്യ പരിചരണത്തെ ബാധിക്കുകയില്ല."
- Hepatitis B,- മഞ്ഞപ്പിത്തം
"- You may be eligible to take part as a donor for this study. This consent form gives you important information about this project. It describes the purpose of this study, the risks and possible benefits of participating.","- ഈ പഠനത്തിനായി ഒരു ദാതാവായി പങ്കെടുക്കാൻ നിങ്ങൾക്ക് യോഗ്യനായേക്കും. ഈ പ്രോജക്റ്റിനെക്കുറിച്ചുള്ള പ്രധാന വിവരങ്ങൾ ഈ സമ്മത ഫോം നിങ്ങൾക്ക് നൽകുന്നു. ഈ പഠനത്തിന്റെ ഉദ്ദേശ്യം, പങ്കെടുക്കുന്നതിന്റെ അപകടസാധ്യതകൾ, സാധ്യമായ നേട്ടങ്ങൾ എന്നിവ ഇത് വിവരിക്കുന്നു."
Research coordinator,ഗവേഷണ കോർഡിനേറ്റർ
Commentary,വ്യാഖ്യാനം
CONSENT TO TAKE PART IN A CLINICAL TRIAL,ഒരു ക്ലിനിക്കൽ പരീക്ഷണത്തിൽ പങ്കെടുക്കുന്നതിനുള്ള സമ്മതം
(iv) I agree not to restrict the use of any data or results that arise from this study provided such a use is only for scientific purpose(s).,(iv) അത്തരമൊരു ഉപയോഗം ശാസ്ത്രീയ ആവശ്യങ്ങൾക്ക് മാത്രമാണെങ്കിൽ ഈ പഠനത്തിൽ നിന്ന് ഉണ്ടാകുന്ന ഏതെങ്കിലും ഡാറ്റയുടെയോ ഫലങ്ങളുടെയോ ഉപയോഗം നിയന്ത്രിക്കില്ലെന്ന് ഞാൻ സമ്മതിക്കുന്നു.
a) Signature/Thumb Impression of the Participant or,എ) പങ്കെടുക്കുന്നയാളുടെ ഒപ്പ് /അല്ലെങ്കില്‍ വിരലടയാളം
"2. Loss of interest in activity, hobbies or work – either directly reported by the patient or indirect in listlessness, indecision and vacillation (feels he/she has to push self to work or activities).","2. പ്രവർത്തനത്തിലോ ഹോബികളിലോ ജോലിയിലോ ഉള്ള താൽപര്യം നഷ്ടപ്പെടുന്നു - ഒന്നുകിൽ രോഗി നേരിട്ടോ അല്ലെങ്കിൽ പരോക്ഷമായോ അശ്രദ്ധ, വിവേചനം, ചാഞ്ചാട്ടം (അവൻ/അവൾ ജോലിയിലേക്കോ പ്രവർത്തനങ്ങളിലേക്കോ സ്വയം പ്രേരിപ്പിക്കണമെന്ന് തോന്നുന്നു)."
Right to withdraw from the study:,പഠനത്തിൽ നിന്ന് പിന്മാറാനുള്ള അവകാശം:
Why I am being considered as one of the participant?,എന്തുകൊണ്ടാണ് എന്നെ പാർട്ടിസിപ്പന്‍റുകളിൽ ഒരാളായി കണക്കാക്കുന്നത്?
Contact information,ബന്ധപ്പെടാനുള്ള വിവരങ്ങൾ
Tuberculosis,ക്ഷയം
b. I know and that my refusal for the consent for photograph will not have even slightest effect over the treatment of my child.,"b. ഫോട്ടോഗ്രാഫിനുള്ള എന്റെ വിസമ്മതം , എന്റെ കുട്ടിയുടെ ചികിത്സയെ ചെറുതായി പോലും ബാധിക്കില്ലെന്ന് എനിക്കറിയാം."
c. I have been permitted to clear all my doubts and ask questions about need of photograph.,സി. എന്റെ എല്ലാ സംശയങ്ങളും ദൂരീകരിക്കാനും ഫോട്ടോയുടെ ആവശ്യകതയെക്കുറിച്ച് ചോദ്യങ്ങൾ ചോദിക്കാനും എന്നെ അനുവദിച്ചിരിക്കുന്നു.
Purpose of this study:-,ഈ പഠനത്തിന്റെ ഉദ്ദേശ്യം: -
2. These feeling states spontaneously reported verbally.,2. ഈ വികാരാവസ്ഥകൾ സ്വയമേവ വാക്കാൽ റിപ്പോർട്ട് ചെയ്യുന്നു.
"(ii) I understand that my participation in the study is voluntary and that I am free to withdraw at any time, without giving any reason, without my medical care or legal rights being affected. [ ]",(ii) പഠനത്തിൽ എന്റെ പങ്കാളിത്തം സ്വമേധയാ ഉള്ളതാണെന്നും എന്റെ വൈദ്യസഹായത്തെയോ നിയമപരമായ അവകാശങ്ങളെയോ ബാധിക്കാതെയും ഒരു കാരണവും നൽകാതെയും എപ്പോൾ വേണമെങ്കിലും പിൻവാങ്ങാൻ എനിക്ക് സ്വാതന്ത്ര്യമുണ്ടെന്നും ഞാൻ മനസ്സിലാക്കുന്നു. []
Signature of Study Participant (or thumb impression),പഠന പങ്കാളിയുടെ ഒപ്പ് (അല്ലെങ്കിൽ വിരലടയാളം)
3. Severe.,3. കഠിനമായി
Participant’s Name :,പങ്കെടുക്കുന്നയാളുടെ പേര്:
How will my privacy be protected?,എന്റെ സ്വകാര്യത എങ്ങനെ പരിരക്ഷിക്കപ്പെടും?
11. Change in health of family member: 44,11. കുടുംബാംഗങ്ങളുടെ ആരോഗ്യനിലയിലെ മാറ്റം: 44
"No, you will not face any extra cost of treatment under this study.","ഇല്ല, ഈ പഠനത്തിന് വേണ്ടി നിങ്ങൾക്ക് അധിക ചികിത്സ ചിലവ് നേരിടേണ്ടി വരില്ല."
Signatory’s Name: ____________________________________,ഒപ്പിട്ടയാളുടെ പേര്: ____________________________________
"Glaucoma is the second leading cause of blindness worldwide. Topical antiglaucoma drugs are the standard form of therapy which is usually prescribed for long term use and in multiple dosing. Meibomian Glands, which are present on the undersurface of our eyelids secrete the oily layer of the tear film. Deficiency of this layer causes dry eye. The most common side effect complained by the patients on long term topical antiglaucoma drugs is dry eye. And the cause for dry eye is thought to be meibomian gland dysfunction . Our study aims to compare the degree of meibomian gland dysfunction between cases and controls. This is achieved by measuring the gland area and area of loss by using Sirius topography machine.","ലോകമെമ്പാടുമുള്ള അന്ധതയുടെ രണ്ടാമത്തെ പ്രധാന കാരണമാണ് ഗ്ലോക്കോമ. ദീർഘകാല ഉപയോഗത്തിനും ഒന്നിലധികം ഡോസുകൾക്കും സാധാരണയായി നിർദ്ദേശിക്കപ്പെടുന്ന ചികിത്സയുടെ സ്റ്റാൻഡേർഡ് രൂപമാണ് ടോപ്പിക്കൽ ആന്റിഗ്ലോക്കോമ മരുന്നുകൾ. നമ്മുടെ കണ്പോളകളുടെ അടിഭാഗത്ത് കാണപ്പെടുന്ന മെബോമിയൻ ഗ്രന്ഥികളുടെ ധർമ്മം , കണ്ണീർ പാളിയിൽ എണ്ണമയമുള്ള പാട സ്രവിപ്പിക്കുകയെന്നതാണ്.. ഈ പാളിയുടെ അഭാവം കണ്ണ് വരണ്ടതാക്കുന്നു. ദീർഘകാല ടോപ്പിക്കൽ ആന്റിഗ്ലോക്കോമ മരുന്നുകളിൽ രോഗികൾ പരാതിപ്പെടുന്ന ഏറ്റവും സാധാരണമായ പാർശ്വഫലം ഡ്രൈ ഐ ആണ്. മെബോമിയൻ ഗ്രന്ഥിയുടെ പ്രവർത്തനത്തിന്റെ തകരാറാണ് കണ്ണ് വരണ്ടുപോകാനുള്ള കാരണമെന്ന് കരുതപ്പെടുന്നു. കേസുകളും നിയന്ത്രണങ്ങളും തമ്മിലുള്ള മെബോമിയൻ ഗ്രന്ഥിയുടെ പ്രവർത്തനത്തിന്റെ അളവ് താരതമ്യം ചെയ്യാൻ ഞങ്ങളുടെ പഠനം ലക്ഷ്യമിടുന്നു. സിറിയസ് ടോപ്പോഗ്രാഫി യന്ത്രം ഉപയോഗിച്ച് ഗ്രന്ഥിയുടെ വിസ്തൃതിയും നഷ്ടത്തിന്റെ വിസ്തൃതിയും അളക്കുന്നതിലൂടെയാണ് ഇത് സാധ്യമാകുന്നത്."
This study will give us information about the quality of life and attitudes towards ethanol consumption.,ഈ പഠനം ജീവിത നിലവാരത്തെക്കുറിച്ചും എഥനോൾ ഉപഭോഗത്തോടുള്ള മനോഭാവത്തെക്കുറിച്ചും വിവരങ്ങൾ നൽകും.
f. I know that the identity (name or address) of my child will not be made known or published.,f. എന്റെ കുട്ടിയുടെ ഐഡന്റിറ്റി (പേര് അല്ലെങ്കിൽ വിലാസം) പരസ്യപ്പെടുത്തുകയോ പ്രസിദ്ധീകരിക്കുകയോ ചെയ്യില്ലെന്ന് എനിക്കറിയാം.
35. Change in church activities: 19,35. പള്ളിയിലെ പ്രവർത്തനങ്ങളിലെ മാറ്റം: 19
Adjuvant corticoSTEROIDs in Scrub pneumonitis,സ്ക്രബ് ന്യൂമോണിറ്റിസിലെ അഡ്ജുവന്റ് (സഹായക) കോർട്ടികോസ്റ്റീറോയിഡുകൾ
Informed Consent Form for Subjects,വരും വരായ്കകളെക്കുറിച്ചു അറിഞ്ഞതിനു ശേഷം നൽകുന്ന സമ്മതപത്രം
Date:____________,തീയതി: ____________
"If there is anything that you don’t understand about the explanation or if you want more information, please ask before signing this form.","വിശദീകരണത്തില്‍ നിങ്ങൾക്ക് മനസ്സിലാകാത്ത എന്തെങ്കിലും ഉണ്ടെങ്കിൽ അല്ലെങ്കിൽ നിങ്ങൾക്ക് കൂടുതൽ വിവരങ്ങൾ ആവശ്യമുണ്ടെങ്കിൽ, ഈ ഫോമിൽ ഒപ്പിടുന്നതിന് മുമ്പ് തന്നെ ദയവായി ചോദിക്കുക."
Subject’s Initials: __________________Subject’s Name: _________________________________________,പങ്കെടുക്കുന്നയാളുടെ ഇനിഷ്യലുകൾ: പങ്കെടുക്കുന്നയാളുടെ പേര്:
5) INSOMNIA: MIDDLE OF THE NIGHT,5) ഉറക്കമില്ലായ്മ: രാത്രിയുടെ മധ്യത്തിൽ
I will not come to visit,ഞാൻ നിങ്ങളെ സന്ദർശിക്കാൻ വരില്ല
Life Stress Self Assessment,ലൈഫ് സ്ട്രസ് സെൽഫ് അസസ് മെന്റ് ( ജീവിത സമ്മർദ്ദം സ്വയം വിലയിരുത്തൽ)
"Yes, you can decline to participate in the study. This will not change/ affect your medical care or legal rights.","അതെ, നിങ്ങൾക്ക് പഠനത്തിൽ പങ്കെടുക്കാനുള്ള അനുമതി നിരസിക്കാം. ഇത് നിങ്ങളുടെ മെഡിക്കൽ പരിചരണത്തെയോ നിയമപരമായ അവകാശങ്ങളെയോ ഏതെങ്കിലും തരത്തില്‍ മാറ്റുകയോ ബാധിക്കുകയോ ചെയ്യില്ല ."
"I received a copy of the present document, which",ഇപ്പോഴത്തെ പ്രമാണത്തിന്റെ ഒരു പകർപ്പ് എനിക്ക് ലഭിച്ചു
Stored without personal identifying information,വ്യക്തിഗത തിരിച്ചറിയൽ വിവരങ്ങൾ ഇല്ലാതെ സംഭരിച്ചു
How can you prevent TTIS?,ടിടിഎസിനെ എങ്ങനെ തടയാം?
PG Registrar,പിജി രജിസ്ട്രാർ
"With this information, we can improve all cancer patients healthcare results, quality of life after the cancer treatment, burden of treatment on family and also can decrease the length of hospital stay needed, thus reducing the financial burden.","ഈ വിവരങ്ങൾ ഉപയോഗിച്ച്, എല്ലാ കാൻസർ രോഗികളുടെയും ഹെൽത്ത് കെയർ റിസൾട്ടുകൾ, കാൻസർ ചികിത്സയ്ക്ക് ശേഷമുള്ള ജീവിതനിലവാരം, കുടുംബത്തിന് മേലുള്ള ചികിത്സയുടെ ഭാരം എന്നിവ മെച്ചപ്പെടുത്താനും ആശുപത്രിയിൽ താമസിക്കാനുള്ള ദൈർഘ്യം കുറയ്ക്കാനും കഴിയും, അങ്ങനെ സാമ്പത്തിക ഭാരം കുറയ്ക്കുന്നു."
"To reduce this pain the ward staffs will give you pain medications which will relieve the pain but it has a number of side effects. You might start to feel like vomiting, headache, breathing problems, drowsiness, constipation. Avoiding these medications will help you recover faster from the surgery and so you can be discharged faster.","ഈ വേദന കുറയ്ക്കാൻ വാർഡ് ജീവനക്കാർ നിങ്ങൾക്ക് വേദനയ്ക്കുള്ള മരുന്നുകൾ നൽകും. അത് വേദന ഒഴിവാക്കും, പക്ഷേ ഇതിന് നിരവധി പാർശ്വഫലങ്ങൾ ഉണ്ട്. നിങ്ങൾക്ക് ഛർദ്ദി, തലവേദന, ശ്വസന പ്രശ്നങ്ങൾ, മയക്കം, മലബന്ധം എന്നിവ അനുഭവപ്പെടാൻ തുടങ്ങിയേക്കാം. ഈ മരുന്നുകൾ ഒഴിവാക്കുന്നത് ശസ്ത്രക്രിയയിൽ നിന്ന് വേഗത്തിൽ സുഖം പ്രാപിക്കാൻ നിങ്ങളെ സഹായിക്കും, അതിനാൽ നിങ്ങൾ വേഗത്തിൽ ഡിസ്‍ചാര്‍ജ് ചെയ്യപ്പെടും."
All patient information is stored on password protected computer databases and in locked filing cabinets and will only be accessible to the research team.,"എല്ലാ രോഗികളുടെ വിവരങ്ങളും പാസ്‌വേഡ് പരിരക്ഷിത കമ്പ്യൂട്ടർ ഡാറ്റാബേസുകളിലും ലോക്ക് ചെയ്‌ത ഫയലിംഗ് കാബിനറ്റുകളിലും സംഭരിച്ചിരിക്കുന്നു, മാത്രമല്ല അവ ഉപയോഗിക്കുന്നതിനുള്ള അനുമതി ഗവേഷണ ടീമിലെ അംഗങ്ങൾക്ക് മാത്രമായി പരിമിതപ്പെടുത്തിയിരിക്കുകയും ചെയ്തിരിക്കുന്നു."
"On recruitment all patient will be given a study ID and will thereafter be referred to only by study ID. Patient details will be collected by the investigators alone, with no third party involved in collecting data. All subject information will be secured by the principal investigator. Patient identifiers will not be used in the analysis and submission.","റിക്രൂട്ട്മെന്റ് സമയത്ത് എല്ലാ രോഗികൾക്കും ഒരു സ്റ്റഡി ഐഡി നൽകും, അതിനുശേഷം സ്റ്റഡി ഐഡി വഴി മാത്രമേ അവര്‍ സൂചിപ്പിക്കപ്പെടുകയുള്ളൂ. ഡാറ്റ ശേഖരിക്കുന്നതിൽ മൂന്നാം കക്ഷികളൊന്നും ഉൾപ്പെടാതെ, രോഗിയുടെ വിശദാംശങ്ങൾ അന്വേഷകർ മാത്രം ശേഖരിക്കും. എല്ലാ വിഷയ വിവരങ്ങളും പ്രിൻസിപ്പൽ ഇൻവെസ്റ്റിഗേറ്റർ സുരക്ഷിതമാക്കും. വിശകലനത്തിലും സമർപ്പിക്കലിലും രോഗിയുടെ തിരിച്ചറിയല്‍ വിവരങ്ങള്‍ ഉപയോഗിക്കില്ല."
Hospital No:,ആശുപത്രി നമ്പർ:
I provide my permission to have my physician enter data about me in the medical portal:,മെഡിക്കൽ പോർട്ടലിൽ എന്നെ കുറിച്ചുള്ള ഡാറ്റ എന്റെ ഫിസിഷ്യന് നൽകുന്നതിന് ഞാൻ എന്റെ അനുമതി നൽകുന്നു:
- New born babies with anemia,- വിളർച്ചയുള്ള നവജാതശിശുക്കൾ
Contact Details:,കൊണ്ടാക്ട് ഡീറ്റെയിൽസ്:
Version:,പതിപ്പ്:
After giving an informed consent you will have to assist in checking blood pressure monitoring 4/5 times before and after anesthesia Are there any benefits for me/public?,"ഇൻഫോമ്ഡ് കൺസെന്‍റ് നൽകിയ ശേഷം, അനസ്തേഷ്യയ്ക്ക് മുമ്പും ശേഷവും 4/5 തവണ ബ്ലഡ് പ്രഷർ പരിശോധിക്കാൻ നിങ്ങൾ സഹായിക്കേണ്ടി വരും. എനിക്ക്/പൊതുജനങ്ങൾക്ക് എന്തെങ്കിലും ആനുകൂല്യങ്ങൾ ഉണ്ടോ?"
Signature or thumb impression of the Witness: ___________________________,സാക്ഷിയുടെ ഒപ്പ് അല്ലെങ്കിൽ തള്ളവിരലിന്റെ അടയാളം: ___________________________
"The costs involved in collection of your blood, processing and other activities involved in haplobanking will be borne by us. You do not have to pay any amount for participation in this project even if you do not finally donate or withdraw consent.","നിങ്ങളുടെ രക്തം ശേഖരണം, സംസ്കരണം, ഹാപ്ലോബാങ്കിംഗിൽ ഉൾപ്പെട്ടിരിക്കുന്ന മറ്റ് പ്രവർത്തനങ്ങൾ എന്നിവയിൽ ഉൾപ്പെടുന്ന ചെലവുകൾ ഞങ്ങൾ വഹിക്കും. നിങ്ങൾ അവസാനം ഡൊണേഷൻ നൽകാതിരിക്കുകയോ സമ്മതം പിൻവലിക്കുകയോ ചെയ്താലും ഈ പ്രോജക്റ്റിൽ പങ്കെടുക്കുന്നതിന് നിങ്ങൾ ഒരു തുകയും നൽകേണ്ടതില്ല."
Informed Consent form to participate in a research study,വരും വരായ്കകളെക്കുറിച്ചു അറിഞ്ഞതിനു ശേഷം ഗവേഷണ പഠനത്തിൽ പങ്കെടുക്കുന്നതിന് നൽകിയ സമ്മതപത്രം
(v) I agree to take part in the above study. [ ],(v) മുകളില്‍ സൂചിപ്പിച്ച പഠനത്തിൽ പങ്കെടുക്കാൻ ഞാൻ സമ്മതിക്കുന്നു. []
"If one does develop any side effects or problems due to the study, these will be treated at no cost, provided an independent committee decides that the side effect is related to participation in the study. You may also be provided a monetary compensation in this case, based on the assessment of an Independent Institutional compensation committee.","പഠനം മൂലം ആരെങ്കിലും എന്തെങ്കിലും പാർശ്വഫലങ്ങളോ പ്രശ്നങ്ങളോ ഉണ്ടാകുകയും ഇത് പഠനത്തിന്‍റെ പങ്കാളിത്തവുമായി ബന്ധപ്പെട്ടതാണെന്ന് ഒരു സ്വതന്ത്ര സമിതി കണ്ടെത്തുകയും ചെയ്താല്‍, ഇത്തരം പ്രശ്നങ്ങള്‍ യാതൊരു ചിലവും ഈടാക്കാതെ ചികിത്സിക്കും. ഒരു സ്വതന്ത്ര സ്ഥാപന നഷ്ടപരിഹാര സമിതിയുടെ വിലയിരുത്തലിനെ അടിസ്ഥാനമാക്കി ഈ കേസിൽ നിങ്ങൾക്ക് ഒരു നഷ്ടപരിഹാരവും നല്കപ്പെട്ടേക്കാം."
2. What does this study do?,2. ഈ പഠനത്തിൽ എന്താണ് ചെയ്യുന്നത്?
"Opportunistic infections have been reported among otherwise healthy patients with impaired cell-mediated immunity resulting from anticytokine autoantibodies which has only been recently recognized. The clinical courses, outcomes and associations remain unknown in patients with adult-onset immunodeficiency associated with anti-cytokine autoantibodies.","സെൽ-മെഡിറ്റേറ്റഡ് പ്രതിരോധശേഷി കുറവുള്ള ആരോഗ്യമുള്ള രോഗികളിൽ അവസരവാദ അണുബാധകൾ റിപ്പോർട്ട് ചെയ്യപ്പെട്ടിട്ടുണ്ട്, ഇത് ആന്റിസൈറ്റോകൈൻ ഓട്ടോആന്റിബോഡികളുടെ ഫലമാണ്. ആന്റി-സൈറ്റോകൈൻ ഓട്ടോആന്റിബോഡികളുമായി ബന്ധപ്പെട്ട രോഗപ്രതിരോധ ശേഷി ഇല്ലാത്ത മുതിർന്ന രോഗികളിൽ ചികിത്സാ പുരോഗതി , ഫലങ്ങൾ, അസോസിയേഷനുകൾ എന്നിവ അജ്ഞാതമായി തുടരുന്നു."
"Participants may experience more comfortable treatment options in the future. This can lead to improved patient experiences and potentially reduced medical costs. In essence, the end of the study provides patient-friendly approaches to treating bladder tumors of ≤3 cm in size and ≤ 3 in numbers.","പങ്കെടുക്കുന്നവർക്ക് ഭാവിയിൽ കൂടുതൽ സുഖപ്രദമായ ചികിത്സാ ഓപ്ഷനുകൾ കിട്ടിയേക്കാം. ഇത് രോഗിയുടെ അനുഭവങ്ങൾ മെച്ചപ്പെടുത്തുന്നതിനും മെഡിക്കൽ ചെലവുകൾ കുറയ്ക്കുന്നതിനും ഇടയാക്കും. ചുരുക്കത്തിൽ, പഠനത്തിന്റെ അവസാനം ≤3 സെന്റീമീറ്റർ വലുപ്പവും ≤3 എണ്ണവും ഉള്ള ബ്ലാഡർ ട്യൂമറുകളെ ചികിത്സിക്കുന്നതിനുള്ള രോഗീ സൌഹൃദ സമീപനങ്ങൾ നൽകുന്നു."
2. What is the usual treatment of growth plate damage/fusion?,2. ഗ്രോത്ത് പ്ലേറ്റിന്റെ കേടുപാടുകൾ അല്ലെങ്കില്‍ സംയോജനത്തിന്റെ സാധാരണ ചികിത്സ എന്താണ്?
10. … has an active imagination,10. … സജീവമായ ഒരു ഭാവനയുള്ള
3. Duration of illness,3. രോഗത്തിന്റെ കാലാവധി
3- Neither agree nor disagree,3- സമ്മതിക്കുകയോ വിയോജിക്കുകയോ ചെയ്യുന്നില്ല
Are any side effects expected due to participation in this study?,ഈ പഠനത്തിലെ പങ്കാളിത്തം മൂലം എന്തെങ്കിലും പാർശ്വഫലങ്ങൾ പ്രതീക്ഷിക്കുന്നുണ്ടോ?
Will this study cost me anything extra?,ഈ പഠനത്തിന് എനിക്ക് എന്തെങ്കിലും അധിക ചെലവ് വരുമോ?
6. Can you withdraw from this study after it starts?,6. ഈ പഠനം ആരംഭിച്ചതിനുശേഷം നിങ്ങൾക്ക് അതിൽ നിന്ന് പിന്മാറാന്‍ കഴിയുമോ?
Haemodynamic changes in healthy blood donors during whole blood donation - A prospective cross sectional observational study.,മുഴുവൻ രക്തദാനത്തിനിടയിൽ ആരോഗ്യമുള്ള രക്തദാതാക്കളിൽ സംഭവിക്കുന്ന ഹീമോഡൈനാമിക് മാറ്റങ്ങൾ-ഒരു പരിച്ഛേദ നിരീക്ഷണ പഠനം.
(vi) I am aware of the Audio-visual recording of the Informed Consent. [ ],(vi) അറിവോടെയുള്ള സമ്മതത്തിന്റെ ഓഡിയോ-വിഷ്വൽ റെക്കോർഡിംഗിനെക്കുറിച്ച് എനിക്കറിയാം. []
"Ans. The results of this study will be published in a medical journal but you will not be identified by name in any publication or presentation of results. However, your medical notes may be reviewed by people associated with the study, without your additional permission, should you decide to participate in this study.","ഉത്തരം. ഈ പഠനത്തിന്റെ ഫലങ്ങൾ ഒരു മെഡിക്കൽ ജേണലിൽ പ്രസിദ്ധീകരിക്കും, പക്ഷേ ഏതെങ്കിലും പ്രസിദ്ധീകരണത്തിലോ ഫലങ്ങളുടെ അവതരണത്തിലോ നിങ്ങളുടെ പേര് തിരിച്ചറിയാൻ കഴിയില്ല. എന്നിരുന്നാലും, ഈ പഠനത്തിൽ പങ്കെടുക്കാൻ നിങ്ങൾ തീരുമാനിക്കുകയാണെങ്കിൽ, നിങ്ങളുടെ അധിക അനുമതിയില്ലാതെ, പഠനവുമായി ബന്ധപ്പെട്ട ആളുകൾ നിങ്ങളുടെ മെഡിക്കൽ കുറിപ്പുകൾ അവലോകനം ചെയ്തേക്കാം."
YES you can.,തീർച്ചയായും നിങ്ങൾക്ക് അതിന് സാധിക്കും .
(iv) I agree not to restrict the use of any data or results that arise from this study provided such a use is only for scientific purpose(s). [ ],"(iv) ഈ പഠനത്തില്‍ നിന്ന് ഉളവാകുന്ന വിവരങ്ങളോ, ഫലങ്ങളോ ശാസ്ത്രീയ പഠനങ്ങള്‍ക്ക് വേണ്ടി മാത്രമായി പരിമിതപ്പെടുകയില്ലെന്ന കാര്യം ഞാന്‍ അംഗീകരിക്കുന്നു. []"
"Once you read this information sheet and had your questions answered, you will be asked to decide whether you wish to participate, if you agree to participate in this project, you will be asked to:","ഈ ഇൻഫോർമേഷൻ ഷീറ്റ് വായിച്ച് നിങ്ങളുടെ ചോദ്യങ്ങൾക്ക് ഉത്തരം നൽകിക്കഴിഞ്ഞാൽ, നിങ്ങൾ പങ്കെടുക്കണോ എന്ന് തീരുമാനിക്കാൻ നിങ്ങളോട് ആവശ്യപ്പെടും, ഈ പ്രോജക്റ്റിൽ പങ്കെടുക്കാൻ നിങ്ങൾ സമ്മതിക്കുകയാണെങ്കിൽ, നിങ്ങളോട് ഇനിപ്പറയുന്നവ ചോദിക്കും:"
How is this study going to benefit everyone?,ഈ പഠനം എല്ലാവർക്കും എങ്ങനെ ഗുണം ചെയ്യും?
PATIENT INFORMATION SHEET,പേഷ്യന്‍റ് ഇന്‍ഫോര്‍മേഷന്‍ ഷീറ്റ്
8. … does a thorough job,8. … സമഗ്രമായ ഒരു ജോലി ചെയ്യുന്ന
I further understand that questions related to the study would be asked and my responses will not affect my treatment and other related services.,പഠനവുമായി ബന്ധപ്പെട്ട ചോദ്യങ്ങൾ ചോദിക്കപ്പെടുമെന്നും അതിനോടുള്ള എന്റെ പ്രതികരണങ്ങൾ എന്റെ ചികിത്സയെയും മറ്റ് അനുബന്ധ സേവനങ്ങളെയും ബാധിക്കില്ലെന്നും ഞാൻ മനസ്സിലാക്കുന്നു.
Subject’s Initials: __________________Subject’s Name: _________________________________________,പങ്കെടുക്കുന്ന ആളിന്റെ ഇനീഷ്യൽ: __________________ പങ്കെടുക്കുന്ന ആളിന്റെ പേര്: __________________________________________
Study Investigator’s Name: ___________________________,ഗവേഷകന്റെ പേര്:
Voluntary Participation: Can you refuse to be a part of the study?,സ്വമേധയാ ഉള്ള പങ്കാളിത്തം: പഠനത്തിന്റെ ഭാഗമാകാൻ നിങ്ങൾക്ക് വിസമ്മതിക്കാമോ?
Thank you for considering participating in our study. Your contribution is valuable to advancing medical knowledge and improving patient care.,ഞങ്ങളുടെ പഠനത്തിൽ പങ്കെടുക്കുന്നത് പരിഗണിച്ചതിന് നന്ദി. മെഡിക്കൽ പരിജ്ഞാനം മെച്ചപ്പെടുത്തുന്നതിനും രോഗി പരിചരണം മെച്ചപ്പെടുത്തുന്നതിനും നിങ്ങളുടെ സംഭാവന വിലപ്പെട്ടതാണ്.
OR,അഥവാ
Date: _____/_____/______,തീയതി: _____/______/______
"Since this study involves an interventional approach using a preprocedural video demonstration, no specific side effects or risks are associated with the study. Epidural analgesia is a well-established and safe procedure, and this study aims to improve patient experience without causing injury/harm/side effects.","ഈ പഠനത്തിൽ ഒരു മുൻകൂർ വീഡിയോ പ്രദർശിപ്പിച്ച് അത് ഉപയോഗിച്ചുള്ള ഒരു ഇടപെടൽ സമീപനം ഉൾപ്പെട്ടിരിക്കുന്നതിനാൽ, പ്രത്യേക പാർശ്വഫലങ്ങളോ അപകടസാധ്യതകളോ പഠനവുമായി ബന്ധപ്പെട്ടിട്ടില്ല. എപ്പിഡ്യൂറൽ അനസ്‌തേഷ്യ ഒരു സുസ്ഥിരവും സുരക്ഷിതവുമായ നടപടിക്രമമാണ്, ഈ പഠനം രോഗിയ്ക്ക് യാതൊരു വിധ പരിക്ക്/ഹാനി/പാർശ്വഫലങ്ങളൊന്നും ഉണ്ടാക്കാതെ മെച്ചപ്പെടുത്താൻ ലക്ഷ്യമിടുന്നു."
"We have asked you to be a part of this study because you are having surgery for your back problem due to spinal cord or nerve compression. For this surgery, we will need to make you unconscious, for which full body anaesthesia is necessary.","നട്ടെല്ലിന്‍റെയോ നാഡിയുടെയോ ഞെരുക്കം മൂലം നിങ്ങളുടെ പുറംഭാഗത്ത് അനുഭവപ്പെടുന്ന വൈഷമ്യം പരിഹരിക്കാന്‍ ശസ്‌ത്രക്രിയ നടക്കുന്നതിനാലാണ് ഈ പഠനത്തിന്‍റെ ഭാഗമാകാൻ ഞങ്ങൾ നിങ്ങളോട് ആവശ്യപ്പെട്ടത്. ഈ ശസ്‌ത്രക്രിയയ്‌ക്കായി, ഞങ്ങൾ നിങ്ങളെ അബോധാവസ്ഥയിലാക്കേണ്ടതുണ്ട്, ഇതിന് ശരീരം മുഴുവൻ അനസ്തേഷ്യ ആവശ്യമാണ്."
3. How will my information be protected?,3. എന്റെ വിവരങ്ങൾ എങ്ങനെ സംരക്ഷിക്കപ്പെടും?
Who benefits from your blood donation?,നിങ്ങളുടെ രക്ത സംഭാവനയിൽ നിന്ന് ആർക്കാണുതരുന്നത്?
﻿PATIENT INFORMATION SHEET,രോഗിയുടെ ഇൻഫോർമേഷൻ ഷീറ്റ്
4. Medical record only,4. മെഡിക്കൽ റെക്കോർഡ് മാത്രം
Name of the participant:,പങ്കെടുക്കുന്നയാളുടെ പേര്:
I love to travel...,ഞാൻ യാത്ര ചെയ്യാൻ ഇഷ്ട്ടപ്പെടുന്നു ...
2- Disagree,2- വിയോജിക്കുന്നു
Date: --/--/----,തീയതി: -- /-- / ----
Subject’s Initials: __________________ Subject’s Name: _________________________________________,പഠന വിധേയമാകുന്നയാളുടെ ഇനിഷ്യലുകൾ: __________________ പഠന വിധേയമാകുന്നയാളുടെ പേര്: __________________________________________
How does regular blood donation benefit YOU?,സ്ഥിരമായി രക്തദാനം ചെയ്യുന്നത് നിങ്ങൾക്ക് എങ്ങിനെ ഗുണകരമാകുന്നു?
"As an impartial third party, I witnessed the entire consent discussion and the subject’s signature on this form.","നിഷ്പക്ഷമായ ഒരു മൂന്നാം കക്ഷി എന്ന നിലയിൽ, ഈ ഫോമിലെ മുഴുവൻ സമ്മത ചർച്ചയ്ക്കും വിഷയത്തിന്റെ ഒപ്പിനും ഞാൻ സാക്ഷിയായി."
3) do freely give my consent to join in this prospective observational study as it was described in the present document;,3) ഇപ്പോഴത്തെ പ്രമാണത്തിൽ വിവരിച്ചിരിക്കുന്നതു പോലെ ഈ പ്രതീക്ഷിത നിരീക്ഷണ പഠനത്തിൽ പങ്കുചേരാൻ എന്റെ സമ്മതവും സ്വതന്ത്രമായി നൽകുന്നു.
"This treatment is only one stage and consent withdrawal, once the surgery and cell transplant are done, is not possible. Your participation in this study, however, is entirely voluntary and you are also free to refuse or later on withdraw permission to participate in this study. If you do so, this will not affect your usual treatment at this hospital in any way. If the treatment fails, you are free to opt for any of the standard treatments available already for the urinary incontinence.","ഇത് ഒരു ഘട്ടം മാത്രമുള്ള ചികിത്സയാണ്, ശസ്ത്രക്രിയയും കോശം മാറ്റി വെക്കലും ചെയ്തുകഴിഞ്ഞാൽ സമ്മതം പിൻവലിക്കൽ സാധ്യമല്ല. എന്നിരുന്നാലും, ഈ പഠനത്തിലെ നിങ്ങളുടെ പങ്കാളിത്തം പൂർണ്ണമായും സ്വമേധയാ ഉള്ളതാണ്, മാത്രമല്ല ഈ പഠനത്തിൽ പങ്കെടുക്കാനുള്ള അനുമതി നിരസിക്കാനോ, പിന്നീട് പിൻവലിക്കാനോ നിങ്ങൾക്ക് സ്വാതന്ത്ര്യമുണ്ട്. നിങ്ങൾ അങ്ങനെ ചെയ്യുകയാണെങ്കിൽ, ഇത് ഈ ആശുപത്രിയിലെ നിങ്ങളുടെ സാധാരണ ചികിത്സയെ ഒരു തരത്തിലും ബാധിക്കുകയില്ല. ചികിത്സ പരാജയപ്പെട്ടാൽ, മൂത്രം പോകുന്നതിലെ നിയന്ത്രണം വീണ്ടെടുക്കാനായി ഇതിനകം ലഭ്യമായ ഏതെങ്കിലും അടിസ്ഥാന ചികിത്സകൾ തിരഞ്ഞെടുക്കാൻ നിങ്ങൾക്ക് സ്വാതന്ത്ര്യമുണ്ട് ."
14. HLA typing and infectious disease screening,14. HLA ടൈപ്പിംഗും പകർച്ചവ്യാധി സ്ക്രീനിംഗും
Any questions or concerns regarding the study may be addressed to:,പഠനവുമായി ബന്ധപ്പെട്ട ഏതെങ്കിലും ചോദ്യങ്ങളോ ആശങ്കകളോ എഴുതി അറിയിക്കാം:
Patient Information Sheet,പേഷ്യന്റ് ഇൻഫർമേഷൻ ഷീറ്റ്
STEP 1: Screening,സ്റ്റെപ് 1: സ്ക്രീനിംഗ്
Introduction-,ആമുഖം-
Date: _________ Study Number: __________,തീയതി:// പഠന നമ്പര്‍: _________
3. … tends to be lazy,3. … അലസത കാണിക്കുന്ന
"However, from previous studies, an increased dose of antivenom does not lead to increase chance of adverse reactions. Hence the risk of developing any adverse reaction is probably the same irrespective of how many vials of antivenom you receive.","എന്നിരുന്നാലും, മുന്‍പ് നടന്ന പഠനങ്ങളിൽ നിന്ന് മനസ്സിലാക്കുന്നത് പ്രതിവിഷത്തിന്‍റെ കൂടിയ അളവ് ചികിത്സയോടുള്ള പ്രതികൂല പ്രതികരണം സൃഷ്ടിക്കുന്നതിന് കാരണമാകുന്നില്ല എന്നതാണ്. അതിനാൽ നിങ്ങള്‍ എത്രത്തോളം പ്രതിവിഷം സ്വീകരിക്കുന്നു എന്നുള്ളത് ചികിത്സയോടുള്ള പ്രതികൂല പ്രതികരണത്തെ സ്വാധീനിക്കുന്ന ഘടകം ആകുന്നില്ല."
- Patients undergoing surgeries,ശസ്ത്രക്രിയക്ക് വിധേയരായ രോഗികൾ
9) AGITATION,9) പ്രക്ഷോഭം/അസ്വാസ്ഥ്യം
- Drink plenty of water or juice.,- വെള്ളം അല്ലെങ്കിൽ ജ്യൂസ് ധാരാളം കുടിക്കുക.
6. Can I refuse to participate in this study?,6. ഈ പഠനത്തിൽ പങ്കെടുക്കാനുള്ള അനുമതി എനിക്ക് നിരസിക്കാമോ?
Instructions: How well do the following statements describe your personality?,നിർദ്ദേശങ്ങൾ: ഇനിപ്പറയുന്ന പ്രസ്താവനകൾ നിങ്ങളുടെ വ്യക്തിത്വത്തെ എത്രത്തോളം നന്നായി വിവരിക്കുന്നു?
Your Data Privacy Rights are listed here. Some of these have also been discussed in other sections and are included here for the sake of completeness:,"നിങ്ങളുടെ ഡാറ്റാ സ്വകാര്യത അവകാശങ്ങൾ ഇവിടെ ലിസ്‌റ്റ് ചെയ്‌തിരിക്കുന്നു. ഇവയിൽ ചിലത് മറ്റ് വിഭാഗങ്ങളിലും ചർച്ച ചെയ്തിട്ടുണ്ട്, അവ പൂർണ്ണതയ്ക്കായി ഇവിടെ ഉൾപ്പെടുത്തിയിട്ടുണ്ട്:"
"If you have questions about the study, you can ask me now or anytime during the study. You can contact me.","നിങ്ങൾക്ക് പഠനത്തെക്കുറിച്ച് ചോദ്യങ്ങളുണ്ടെങ്കിൽ, ഇപ്പോഴോ അല്ലെങ്കിൽ എപ്പോൾ വേണമെങ്കിലും എന്നോട് ചോദിക്കാം. നിങ്ങൾക്ക് എപ്പോള്‍ വേണമെങ്കിലും എന്നെ ബന്ധപ്പെടാം."
<Informed Consent -Ped>,<Informed Consent -Ped>
8. What will happen if we accept to participate in this study?,8. ഈ പഠനത്തിൽ പങ്കെടുക്കാൻ ഞങ്ങൾ സമ്മതിച്ചാൽ എന്ത് സംഭവിക്കും?
"We compared and summarised the results of the studies and rated our confidence in the evidence, based on factors such as study methods and sizes.","പഠന രീതികൾ , പ്രമാണങ്ങൾ പോലുള്ള ഘടകങ്ങളെ അടിസ്ഥാനമാക്കി ഞങ്ങൾ പഠന ഫലങ്ങൾ താരതമ്യം ചെയ്യുകയും സംഗ്രഹിക്കുകയും തെളിവുകളിലെ ഞങ്ങളുടെ ആത്മവിശ്വാസം വിലയിരുത്തുകയും ചെയ്തു."
Yes. You can withdraw at any time during the study period.,അതെ. പഠന കാലയളവിൽ എപ്പോൾ വേണമെങ്കിലും നിങ്ങൾക്കു പിൻവലിക്കാം.
[ Statement of person seeking consent ],[കണ്‍സന്റ് തേടുന്ന വ്യക്തിയുടെ പ്രസ്താവന]
Risks: There are no predicted risks in this study.,അപകടസാധ്യതകൾ: ഈ പഠനത്തിൽ പ്രവചിച്ച അപകടസാധ്യതകളൊന്നുമില്ല.
Signature (or Thumb impression) of the Subject/Legally Acceptable,പഠന വിധേയമാകുന്നയാളുടെ/നിയമ സാധുതയുള്ള പ്രതിനിധിയുടെ ഒപ്പ് (അല്ലെങ്കിൽ തള്ളവിരലിന്‍റെ മുദ്ര).
What if I have questions about the study?,പഠനത്തെക്കുറിച്ച് എനിക്ക് ചോദ്യങ്ങൾ ഉണ്ടെങ്കിൽ എന്തു ചെയ്യണം?
Patient Information Sheet,രോഗിയുടെ വിവര ഷീറ്റ്
- White blood cells,- വെളുത്ത രക്താണുക്കൾ
Treatment plan,ചികിത്സാ പദ്ധതി
1.3. The FOP Registry,1.3 FOP രജിസ്ട്രി
No. If you do not wish to participate you will not be included in this study. Also you will continue to get the same medical treatment without difference as compared to those who are participating in the study.,"ഇല്ല. നിങ്ങൾക്ക് പങ്കെടുക്കാൻ താൽപ്പര്യമില്ലെങ്കിൽ നിങ്ങളെ ഈ പഠനത്തിൽ ഉൾപ്പെടുത്തില്ല. കൂടാതെ പഠനത്തിൽ പങ്കെടുക്കുന്നവരുമായി താരതമ്യം ചെയുമ്പോൾ, യാതൊരു വ്യത്യാസവുമില്ലാതെ ഒരേ വൈദ്യചികിത്സ നിങ്ങൾക്ക് തുടർന്നും ലഭിക്കും."
RBC's carry oxygen to the different parts of your body,നിങ്ങളുടെ ശരീരത്തിൻറെ വിവിധ ഭാഗങ്ങളിലേക്ക് ആർ.ബി.സി കൾ ഓക്സിജൻ വഹിക്കുന്നു.
Acquired knowledge may help in the long-term care and management of children with sepsis.,സെപ്‌സിസ് ബാധിച്ച കുട്ടികളുടെ ദീർഘകാല പരിചരണത്തിനും പരിപാലനത്തിനും ഈ പഠനത്തിലൂടെ നേടിയ അറിവ് സഹായിച്ചേക്കാം.
"After cancer treatment starts too, please practice these exercises and follow our instructions that have been already taught.","കാൻസർ ചികിത്സ ആരംഭിച്ചതിനുശേഷം, ദയവായി ഈ വ്യായാമങ്ങൾ പരിശീലിക്കുകയും ഇതിനകം പഠിപ്പിച്ച ഞങ്ങളുടെ നിർദ്ദേശങ്ങൾ പാലിക്കുകയും ചെയ്യുക."
Procedures and Protocol: How will the study be performed?,നടപടിക്രമങ്ങളും പെരുമാറ്റച്ചട്ടവും: പഠനം എങ്ങനെ നടത്തും?
<INFORMATION SHEET>,<INFORMATION SHEET>
Signature (or Thumb impression) of the Subject/Legally Acceptable,വിഷയത്തിന്റെ ഒപ്പ് (അല്ലെങ്കിൽ വിരലടയാളം)/നിയമപരമായി സ്വീകാര്യം
"Yes, if you want you can get the details from us.","അതെ, നിങ്ങൾക്ക് വേണമെങ്കിൽ ഞങ്ങളിൽ നിന്ന് വിശദാംശങ്ങൾ ലഭിക്കും."
3.2. Exclusion Criteria,3.2 ഒഴിവാക്കൽ മാനദണ്ഡം
Department: Anaesthesiology,വിഭാഗം: അനസ്തേഷ്യോളജി
Signature of the Principal investigator:,മുഖ്യ പരിശോധകന്‍റെ ഒപ്പ്:
Risks,അപകടസാധ്യതകൾ
• Additional signs and symptoms by body system,• ശരീര വ്യവസ്ഥ മുഖേനയുള്ള അധിക അടയാളങ്ങളും ലക്ഷണങ്ങളും
All information and samples obtained for this study will be assigned a code number. No names or important numbers like hospital medical record number or any identity number will be kept on samples to link them easily to you.,ഈ പഠനത്തിനായി ലഭിച്ച എല്ലാ വിവരങ്ങള്‍ക്കും സാമ്പിളുകള്‍ക്കും ഒരു കോഡ് നമ്പർ നൽകും. നിങ്ങളെ എളുപ്പത്തിൽ തിരിച്ചറിയുന്നതിന് സഹായിക്കുന്ന ഹോസ്പിറ്റൽ മെഡിക്കൽ റെക്കോർഡ് നമ്പർ അല്ലെങ്കിൽ ഏതെങ്കിലും തിരിച്ചറിയൽ നമ്പർ പേരുകള്‍ പ്രധാനപ്പെട്ട നമ്പറുകള്‍ എന്നിവ സാമ്പിളുകളിൽ സൂക്ഷിക്കില്ല.
You can contact me at any time during the study.,പഠന സമയത്ത് നിങ്ങൾക്ക് എപ്പോൾ വേണമെങ്കിലും എന്നെ ബന്ധപ്പെടാം.
"Radiation oncology, unit 2","റേഡിയേഷൻ ഓങ്കോളജി, യൂണിറ്റ് 2"
"1. Acknowledges illness but attributes cause to bad food, climate, overwork, virus, need for rest, etc.","1. അസുഖത്തെ അംഗീകരിക്കുന്നു, എന്നാൽ മോശം ഭക്ഷണം, കാലാവസ്ഥ, അമിത ജോലി, വൈറസ്, വിശ്രമത്തിന്റെ ആവശ്യം മുതലായവയ്ക്ക് കാരണമാകുന്നു."
Yes. There is no direct benefit for you. But the information that we get from the study can be used to change our treatment practices if found necessary.,അതെ. നിങ്ങൾക്ക് നേരിട്ട് ഒരു പ്രയോജനവുമില്ല. എന്നാൽ പഠനത്തിൽ നിന്ന് ലഭിക്കുന്ന വിവരങ്ങൾ ആവശ്യമെങ്കിൽ നമ്മുടെ ചികിത്സാ രീതികളിൽ മാറ്റം വരുത്താൻ ഉപയോഗിക്കാം.
38. Change in sleeping habits: 16,38. ഉറങ്ങുന്ന ശീലങ്ങളിലെ മാറ്റം: 16
"Your privacy and confidentiality are of utmost importance to us. All your personal information and data collected during the study will be kept strictly confidential. Your identity will not be disclosed in any publications or presentations. Instead, a study number will be used to maintain anonymity. Only the research team involved in the study will have access to your information.","നിങ്ങളുടെ സ്വകാര്യതയും, വിശ്വാസതയും ഞങ്ങൾക്ക് വളരെ പ്രധാനമാണ്. പഠന സമയത്ത് ശേഖരിക്കുന്ന നിങ്ങളുടെ എല്ലാ വ്യക്തിഗത വിവരങ്ങളും ഡാറ്റയും കർശനമായി രഹസ്യമായി സൂക്ഷിക്കും. ഏതെങ്കിലും പ്രസിദ്ധീകരണങ്ങളിലോ അവതരണങ്ങളിലോ നിങ്ങളുടെ ഐഡൻ്റിറ്റി വെളിപ്പെടുത്തില്ല. പകരം, അജ്ഞാതത്വം നിലനിർത്താൻ ഒരു പഠന നമ്പർ ഉപയോഗിക്കും. പഠനത്തിൽ ഉൾപ്പെട്ടിരിക്കുന്ന ഗവേഷണ സംഘത്തിന് മാത്രമേ നിങ്ങളുടെ വിവരങ്ങൾ അറിയാൻ സാധിക്കൂ."
Signature/thumb impression of the witness_______________,സാക്ഷിയുടെ ഒപ്പ്/വിരലടയാളം_______________
The information collected from all participants will be analyzed to see if we can identify any patterns specific to COVID-19 infection.,കോവിഡ്-19 അണുബാധയ്‌ക്ക് പ്രത്യേകമായ ഏതെങ്കിലും പാറ്റേണുകൾ തിരിച്ചറിയാൻ കഴിയുമോയെന്നറിയാൻ പങ്കെടുക്കുന്നവരിൽ നിന്ന് ശേഖരിച്ച വിവരങ്ങൾ വിശകലനം ചെയ്യും.
What is the Purpose of the consent form?,സമ്മത ഫോമിന്റെ ഉദ്ദേശ്യം എന്താണ്?
"If you have pain, you will receive pain medications as per our protocol.","നിങ്ങൾക്ക് വേദനയുണ്ടെങ്കിൽ, ഞങ്ങളുടെ പ്രോട്ടോക്കോൾ അനുസരിച്ച് നിങ്ങൾക്ക് വേദന മരുന്നുകൾ ലഭിക്കും."
"We were interested in whether people taking these medicines were at higher or lower risk of: dying from cardiovascular disease; having a fatal or non‐fatal heart attack; having a fatal or non‐fatal stroke; dying from any cause; being hospitalised due to heart failure; and experiencing unwanted effects, such as worsening kidney function, low blood sugar, bone fracture, and inflammation of the pancreas (pancreatitis).","ഈ മരുന്നുകൾ കഴിക്കുന്ന ആളുകളിൽ , ഹൃദയ സംബന്ധമായ അസുഖങ്ങൾ മൂലം മരിക്കുക ; മാരകമായ അല്ലെങ്കിൽ മാരകമല്ലാത്ത ഹൃദയാഘാതം; മാരകമായ അല്ലെങ്കിൽ മാരകമല്ലാത്ത സ്ട്രോക്ക്; തുടങ്ങിയ ഏതെങ്കിലും കാരണത്താൽ മരിക്കുക ; ഹൃദയസ്തംഭനം മൂലം ആശുപത്രിയിയിലാകുക ; വൃക്കകളുടെ പ്രവർത്തനം വഷളാകുക, രക്തത്തിലെ പഞ്ചസാരയുടെ അളവ് കുറയുക, അസ്ഥി ഒടിവ്, പാൻക്രിയാസിന്റെ വീക്കം (പാൻക്രിയാറ്റിസ്) എന്നിവ പോലുള്ള അനാവശ്യ പാർശ്വഫലങ്ങൾ അനുഭവപ്പെടുക എന്നിങ്ങനെയുള്ള അപകട സാധ്യത കുറവാണോ .കൂടുതലാണോ എന്നറിയാൻ ഞങ്ങൾക്ക് താൽപര്യം ഉണ്ടായിരുന്നു ."
"The information collected from you will include, details of your general health, the disease for which you are undergoing surgery and examination of all organ systems.","നിങ്ങളിൽ നിന്ന് ശേഖരിച്ച വിവരങ്ങളിൽ, നിങ്ങളുടെ പൊതു ആരോഗ്യം, നിങ്ങൾ ശസ്ത്രക്രിയയ്ക്ക് വിധേയമാക്കപ്പെട്ട രോഗം, എല്ലാ അവയവ സംവിധാനങ്ങളുടെയും പരിശോധന എന്നിവ ഉൾപ്പെടും."
i. Travel and exposure history to known Coronavirus infected patient,"i. കൊറോണ വൈറസ് സ്ഥിരീകരിക്കപ്പെട്ട രോഗിയുടെ യാത്ര, സമ്പര്‍ക്ക ചരിത്രം"
• Any patient with a confirmed diagnosis of FOP.,• FOP സ്ഥിരീകരിച്ച രോഗനിർണയം ഉള്ള ഏതൊരു രോഗിയും.
signatures section,ഒപ്പുകൾ ഇടേണ്ട ഭാഗം .
3. Not assessed.,3. വിലയിരുത്തിയിട്ടില്ല.
7. I drink alcohol to deal with feeling of despair.,7. നിരാശയെ മറികടക്കാന്‍ ഞാൻ മദ്യം കുടിക്കുന്നു.
"Yes, confidentiality will be maintained.","അതെ, രഹസ്യസ്വഭാവം കാത്തുസൂക്ഷിക്കും."
Assent to participate in the research study.,ഗവേഷണ പഠനത്തിൽ പങ്കെടുക്കാനുള്ള അനുമതി.
Comparison of the effect of intraoperative infusion of Dexmedetomidine on emergence agitation and delirium in children undergoing craniotomy with total intravenous anaesthesia (TIVA) with propofol – A randomized controlled clinical trial,"ഡെക്സമെഡെറ്റോമിഡിൻ എന്ന മരുന്നിന്റെ താരതമ്യ പഠനം , ശസ്ത്രക്രിയ വഴി തലയോട്ടിയിലെ അസ്ഥി മുറിച്ചു മാറ്റുമ്പോൾ ഞരമ്പുകളിലൂടെ നൽകുന്ന (TIVA) പ്രൊപോഫോളോടുകൂടി അനസ്തേഷ്യ കുട്ടികളിൽ ഉണ്ടാകുന്ന അസ്വസ്ഥതയുടെ ക്രമമല്ലാത്ത നിയന്ത്രിത ക്ലിനിക്കൽ ട്രയൽ"
