english,malayalam
"An appearance is a bunch of attributes related to the service person, like their shoes, clothes, tie, jewellery, hairstyle, make-up, watch, cosmetics, perfume, etc.","ബാഹ്യരൂപം എന്നുള്ളത് ഷൂസ്, വസ്ത്രങ്ങള്‍, ടൈ, ആഭരണങ്ങള്‍, ഹെയര്‍ സ്റ്റൈല്‍, മേക്കപ്പ്, വാച്ച്, സൗന്ദര്യവര്‍ദ്ധകസാമഗ്രികൾ, സുഗന്ധലേപനങ്ങള്‍ തുടങ്ങി സേവനം നല്കുന്നയാളിന്‍റെ ഒരുകൂട്ടം ഗുണവിശേഷങ്ങളുമായി ബന്ധപ്പെട്ടതാണ്."
"Ajanta, located in the Aurangabad District of Maharashtra has twenty-nine caitya and vihara caves decorated with sculptures and paintings from the first century B.C.E. to the fifth century C.E.","മഹാരാഷ്ട്രയിലെ ഔറംഗാബാദ് ജില്ലയിൽ സ്ഥിതിചെയ്യുന്ന അജന്തയിൽ ബി. സി. ഇ ഒന്നാം നൂറ്റാണ്ട് മുതൽ സി. ഇ അഞ്ചാം നൂറ്റാണ്ട് വരെയുള്ള കാലഘട്ടത്തിലെ, പ്രതിമകളാലും ചിത്രങ്ങളാലും അലങ്കരിക്കപ്പെട്ട 29 ചൈത്യഗുഹകളും വിഹാരഗുഹകളും ഉണ്ട്."
"Body colour gets merged with the outer line, creating the effect of volume.",ശില്പങ്ങളുടെയും മറ്റും നിറം ബാഹ്യരേഖയുമായി ഇഴുകിച്ചേര്‍ന്ന് വലിപ്പത്തിന്‍റെ ഒരു പ്രതീതിയുണ്ടാക്കുന്നു.
"Ashoka started making extensive use of stone for sculptures and great monuments, whereas the previous tradition consisted of working with wood and clay.","നേരത്തെയുള്ള പാരമ്പര്യം തടിയിലും കളിമണ്ണിലും നിർമ്മിക്കുന്നതായിരിക്കെ, അശോകന്‍ പ്രതിമകള്‍ക്കും സ്മാരകസൗധങ്ങള്‍ക്കും വ്യാപകമായി ശില ഉപയോഗിക്കാന്‍ തുടങ്ങി."
"Potatoes mixed in masalas, coated in besan batter and deep fried to perfection form this delicious and famous dish of Maharashtra.",മസാല ചേര്‍ത്ത് കടലമാവില്‍ മുക്കി പിഴവില്ലാത്തവിധം നന്നായി വറുത്തെടുക്കുന്ന ഉരുളക്കിഴങ്ങാണ് മഹാരാഷ്ട്രയില്‍ നിന്നുള്ള ഈ സ്വാദിഷ്ടവും പ്രശസ്തവുമായ വിഭവം.
"Chettinad cuisine is the cuisine of a community called the Nattukotai Chettiars, or Nagarathars, as they call themselves, from the Chettinad region of Tamil Nadu state.","തമിഴ്‌നാട് സംസ്ഥാനത്തെ ചെട്ടിനാട് പ്രദേശത്തുനിന്നുള്ള, നാട്ടുകോട്ടൈ ചെട്ടിയാർ എന്നോ അവർ സ്വയം വിളിക്കുന്ന പേരായ നാഗരതർ എന്നോ അറിയപ്പെടുന്ന സമുദായത്തിൻ്റെ പാചകവിദ്യയാണ് ചെട്ടിനാട് പാചകവിദ്യ."
"Cinnamon is native to India and, as such, its uses range from that of a flavoring agent to a medicinal agent.","ഇന്ത്യയില്‍ ജന്മംകൊണ്ട കറുവാപ്പട്ട അങ്ങനെ, സുഗന്ധവ്യഞ്ജനത്തിൻ്റേതുമുതൽ ഔഷധത്തിൻ്റേതുവരെ വിവിധ ഉപയോഗങ്ങള്‍ ഉള്ളതാണ്."
Make this into powder with a dry grinder or in a stone pestle.,നനവില്ലാത്ത ഗ്രൈന്‍ഡറിലോ കല്ലുരലിലോ ഇത് പൊടിച്ചെടുക്കുക.
"Each city in Punjab has varied preferences, like people in Amritsar are particularly fond of Amritsari kulche, stuffed paranthas and milk products.",അമൃത്‌സറിലെ ജനങ്ങള്‍ വിശേഷിച്ചും അമൃത്‌സാരി കുല്‍ചെയും ഉള്ളിൽ നിറച്ച പറാന്തയും പാലുല്‍പ്പന്നങ്ങളും ഇഷ്ടപ്പെടുന്നതുപോലെ പഞ്ചാബിലെ ഓരോ നഗരത്തിനും വ്യത്യസ്തരുചികളുണ്ട്.
"Send Rama with the sage, and send Lakshmana too.",മഹര്‍ഷിയുടെ കൂടെ രാമനെയും ഒപ്പം ലക്ഷ്മണനെയും അയക്കൂ.
But Mangal Pandey's brave deed was done through devotion to a high and noble principle.,ഉന്നതവും ഉദാത്തവുമായ ഒരാദര്‍ശത്തോടുള്ള സമര്‍പ്പണത്തിലൂടെയാണ് മംഗള്‍ പാണ്ഡേയുടെ ധീരകൃത്യം നിറവേറ്റപ്പെട്ടത്.
"Once the onions are translucent, add the marinated mutton with turmeric powder and saute for some time until all the spices are absorbed in the mutton for about 5-6 minutes.",ഉള്ളി നിറംമാറിക്കഴിയുമ്പോൾ കൂട്ടും മഞ്ഞൾപ്പൊടിയും തേച്ചുവച്ച ആട്ടിറച്ചി എല്ലാ കൂട്ടുകളും ഇറച്ചിയിൽ പിടിക്കുന്നതുവരെ അഞ്ചാറുമിനിട്ടുകൾ വഴറ്റുക.
"Hitopadesa is a book of worldly wisdom presented through the characters of birds, animals, and humans.","പക്ഷികള്‍, മൃഗങ്ങള്‍, മനുഷ്യര്‍ എന്നീ കഥാപാത്രങ്ങളിലൂടെ അവതരിക്കപ്പെടുന്ന ലൗകികവിവേകത്തിന്‍റെ ഒരു പുസ്തകമാണ് ഹിതോപദേശം."
The purpose of the book appears to encourage proficiency in Sanskrit expression and the knowledge of wise behaviour.,സംസ്കൃതപ്രയോഗങ്ങളില്‍ സാമര്‍ത്ഥ്യവും വിവേകപൂര്‍ണ്ണമായ പെരുമാറ്റത്തില്‍ അറിവും പ്രോത്സാഹിപ്പിക്കുകയാണ് പുസ്തകത്തിന്‍റെ ലക്‌ഷ്യം എന്ന് തോന്നുന്നു.
Professor Asitkumar Bandyopadhyay played a pioneering role in compiling the complete history of his hometown Howrah titled as Howrah Saharer Itibrrito (First and Second Volume) in 1994 & 1995.,"1994, 1995 എന്നീ വർഷങ്ങളിൽ, ഹൗറ സഹരേർ ഇതിബ്രിത്തോ (ഒന്ന്, രണ്ട് വാള്യങ്ങൾ) എന്ന ഗ്രന്ഥനാമത്തിൽ പ്രൊഫസർ അസീത് കുമാർ ബന്ദ്യോപധ്യായ് തൻ്റെ സ്വദേശമായ ഹൗറയുടെ സമ്പൂർണ്ണചരിത്രം സമാഹരിക്കുന്നതിൽ മാർഗ്ഗദർശകമായ പങ്കുവഹിച്ചു."
"The front of the caitya hall is dominated by the motif of a semi-circular caitya arch with an open front that has a wooden facade and, in some cases, there is no dominating caitya arch window.","ചൈത്യഹാളിൻ്റെ മുൻഭാഗത്ത്, അർദ്ധവൃത്താകൃതിയിലുള്ളതും തുറന്ന മുൻവശമുള്ളതും മരം കൊണ്ടുള്ള പുറംഭാഗമുള്ളതുമായ ഒരു ചൈത്യകമാനത്തിൻ്റെ അലങ്കാരമാതൃക ശ്രദ്ധയാകർഷിക്കുമെങ്കിലും ചിലപ്പോൾ അത്തരം കമാനാകൃതിയിലുള്ള ചൈത്രജാലകം ഉണ്ടാവുകയില്ല."
Generations of 'maharaj' and 'khansamas' (as expert chefs have traditionally been called in India) have perfected the recipes over centuries and these recipes have passed through oral tradition over thousands of years.,'മഹാരാജു'കളുടെയും 'ഖൻസാമ' (പരമ്പരാഗതമായി ഇന്ത്യയിൽ പാചകക്കാരെ അങ്ങനെയാണ് വിളിച്ചിരുന്നത്) കളുടെയും തലമുറകൾ ഈ പാചകവിധികൾ നൂറ്റാണ്ടുകൾ കഴിയേ കുറ്റമറ്റതാക്കുകയും ആയിരക്കണക്കിന് വർഷങ്ങളോളം ഈ പാചകവിധികൾ വാമൊഴിപാരമ്പര്യത്തിലൂടെ കൈമാറ്റം ചെയ്യപ്പെടുകയും ചെയ്തു.
"The preparation is traditionally done by a vasta waza, or head chef, with the assistance of a court of wazas, or chefs.",വാസമാരുടെ അതായത് പാചകവിദഗ്ധരുടെ ഒരു സംഘം സഹായിക്കുന്ന ഒരു വാസ്താ വാസ അഥവാ പ്രധാനപാചകക്കാരൻ ആണ് ഈ വിഭവം സാമ്പ്രദായികമായി തയ്യാറാക്കുന്നത്.
"Pav Bhaji: It is a fast food dish from Maharashtra, consisting of a thick vegetable curry (bhaji) usually prepared in butter and served with a soft bread roll (pav).",പാവ് ഭാജി : വെണ്ണയില്‍ തയ്യാറാക്കിയ പച്ചക്കറി കൊണ്ടുള്ള ഒരു കൊഴുത്ത കറി(ഭാജി)യും മൃദുവായ റൊട്ടിയും ചേര്‍ന്ന മഹാരാഷ്ട്രയിലെ ഒരു ഫാസ്റ്റ് ഫുഡ് വിഭവമാണിത്.
"The Kashmiri compositions of Lal Ded and Habba Khatoon are known for their mystical flavour and intense agony of expression, Mirabai's compositions in Rajasthani is known for unique devotional quality, Andal's mysticism in Tamil and Akka Mahadevi's vachanas in Kannnada are testimonies to the great contribution of women to the literature of the time.","ലാൽ ദേദിൻ്റെയും ഹബ്ബ ഖാതൂനിൻ്റെയും ആധ്യാത്മികഭാവത്തിനും പ്രകടിതമായ തീവ്രദുഃഖത്തിനും പേരുകേട്ട കശ്മീരീരചനകളും, സവിശേഷമായ ഭക്തിരസത്തിന് പേരുകേട്ട രാജസ്ഥാനിയിലുള്ള മീരാബായിയുടെ രചനകളും, തമിഴിലെ ആണ്ടാളുടെ ആധ്യാത്മികദർശനവും, കന്നഡയിലുള്ള അക്ക മഹാദേവിയുടെ വചനങ്ങളും ആ കാലത്തെ സാഹിത്യത്തിൽ സ്ത്രീകൾ നൽകിയ മഹത്തായ സംഭാവനക്കുള്ള സാക്ഷ്യപത്രങ്ങളാണ്."
"The Bagh Caves, consisting of Buddhist mural paintings, are located 97 km from the Dhar district of Madhya Pradesh.",ബൗദ്ധ ചുവര്‍ച്ചിത്രങ്ങളുള്ള ബാഘ് ഗുഹകള്‍ മധ്യപ്രദേശിലെ ധാര്‍ ജില്ലയില്‍നിന്ന് 97 കിലോമീറ്റര്‍ അകലെയാണ് സ്ഥിതിചെയ്യുന്നത്.
"The usual meaning of the word mula in Sanskrit literature is the root of a plant or tree, but figuratively, the foot or lowest part or bottom of anything.","സംസ്‌കൃതസാഹിത്യത്തിൽ മൂല എന്ന വാക്കിന് സാധാരണ ഒരു ചെടിയുടെയോ മരത്തിൻ്റെയോ വേര് എന്നാണ് അർത്ഥമെങ്കിലും ഏതൊരു വസ്തുവിൻ്റെയും പാദമെന്നോ, ഏറ്റവും താഴത്തെ ഭാഗമെന്നോ, അടിത്തട്ട് എന്നോ ആണ് ആലങ്കാരികമായ അർത്ഥം."
Indus Valley Civilisation is known for its technological knowledge in a variety of fields.,വിവിധ മേഖലകളിലെ സാങ്കേതികജ്ഞാനത്തിനു പേരുകേട്ടതാണ് സിന്ധുനദീതടസംസ്കാരം.
All the Kauravas die; only the five Pandava brothers and Krishna survive.,കൗരവരെല്ലാം മരിക്കുന്നു ; അഞ്ചു പാണ്ഡവസഹോദരന്മാരും കൃഷ്ണനും മാത്രം അതിജീവിക്കുന്നു.
The battle rages for eighteen days and ends with the defeat of the Kauravas.,ഘോരമായ യുദ്ധം പതിനെട്ടുനാള്‍ നീണ്ടുനില്‍ക്കുകയും കൗരവരുടെ പരാജയത്തില്‍ അവസാനിക്കുകയും ചെയ്യുന്നു.
"The central story of the Mahabharata is a conflict over succession to the throne of Hastinapura, a kingdom just north of modern Delhi that was the ancestral realm of a tribe most commonly known as the Bharatas.","ഭരതര്‍ എന്ന് പൊതുവെ വിളിക്കപ്പെട്ടിരുന്ന ഒരു ഗോത്രത്തിന്‍റെ പൈതൃകഭൂമിയായ, ആധുനികഡല്‍ഹിയുടെ തൊട്ടുവടക്കുള്ള രാജ്യമായ ഹസ്തിനപുരത്തിലെ സിംഹാസനാവകാശത്തെച്ചൊല്ലിയുള്ള സംഘര്‍ഷങ്ങളാണ് മഹാഭാരതത്തിന്‍റെ കേന്ദ്രാഖ്യാനം."
"The number of vegetarians exceeds the number of non-vegetarians in Karnataka; therefore, their cuisine mainly consists of vegetarian dishes.",കര്‍ണാടകത്തില്‍ സസ്യാഹാരികളുടെ എണ്ണം മാംസാഹാരികളുടെ എണ്ണത്തെക്കാള്‍ കൂടുതലാണ് ; അതിനാൽ അവരുടെ പാചകക്രമത്തില്‍ പ്രധാനമായും ഉള്ളത് സസ്യവിഭവങ്ങളാണ്.
"He is answered by Sanjaya, who relates what is happening on the battlefield.",സഞ്ജയന്‍ അദ്ദേഹത്തിനു മറുപടി നൽകുകയും യുദ്ധക്കളത്തില്‍ എന്താണ് സംഭവിക്കുന്നതെന്ന് വിവരിക്കുകയും ചെയ്യുന്നു.
The two epics found in Tamil are Cilapathikaram and Manimekalai.,തമിഴിൽ കണ്ടെത്തിയിട്ടുള്ള രണ്ട് മഹാകാവ്യങ്ങള്‍ ചിലപ്പതികാരവും മണിമേഖലയുമാണ്‌.
The use of chilli powder in this region is done cautiously.,ഈ പ്രദേശത്ത് മുളകുപൊടി സൂക്ഷിച്ചാണ് ഉപയോഗിക്കുന്നത്.
"The word Yoga is derived from the Sanskrit root Yuj, meaning to join or to yoke or to unite.","കൂട്ടിച്ചേര്‍ക്കുക, ഇണക്കുക, അല്ലെങ്കില്‍ ഒരുമിപ്പിക്കുക എന്നര്‍ത്ഥമുള്ള യുജ് എന്ന സംസ്കൃതധാതുവില്‍ നിന്ന് വ്യുല്‍പാദിപ്പിച്ചതാണ് യോഗശബ്ദം."
Today's Odissi has evolved from the endless sculptures in various motifs carved on the temple walls of Orissa.,ഒറീസയിലെ ക്ഷേത്രച്ചുവരുകളില്‍ കൊത്തിവച്ചിട്ടുള്ള എണ്ണമറ്റ ശില്‍പ്പങ്ങളിലെ വിവിധ അലങ്കാരമുദ്രകളില്‍നിന്നാണ് ഇന്നത്തെ ഒഡീസി രൂപം കൊണ്ടത്.
"Vasishtha now turned to the King and spoke gently: ""It ill becomes you, King, to refuse having promised once"".","അപ്പോൾ വസിഷ്ഠൻ രാജാവിനുനേരെ തിരിഞ് സൗമ്യമായി പറഞ്ഞു: ""ഒരിക്കൽ ചെയ്ത വാഗ്ദാനം നിരസിക്കുകയെന്നത് അങ്ങേയ്ക്ക് ചേർന്നതല്ല രാജാവേ"""
Only when he realizes the extent of Arjuna's despondency does Krishna change his attitude and start teaching the mysteries of dharmic action in this world.,അർജുനൻ്റെ വിഷാദത്തിൻ്റെ ആഴം തിരിച്ചറിയുമ്പോൾ മാത്രമാണ് കൃഷ്ണൻ തൻ്റെ മനോഭാവം മാറ്റുന്നതും ഈ ലോകത്തെ ധാർമ്മികപ്രവർത്തനങ്ങളുടെ രഹസ്യങ്ങൾ പഠിപ്പിക്കാൻ തുടങ്ങുന്നതും.
"As you add the rice flour into the container, in between, you may also add small quantities of grated coconut.",പാത്രത്തില്‍ നിങ്ങള്‍ അരിപ്പൊടി ഇടുന്നതിനിടയിൽ അല്‍പാല്‍പം ചിരകിയ തേങ്ങയും ചേര്‍ക്കാവുന്നതാണ്.
"You may begin by adding a spoonful of grated coconut into the cylindrical container, followed by the well-mixed rice flour.",വൃത്താകൃതിയിലുള്ള കുഴലിൽ ഒരു സ്പൂണ്‍ ചിരകിയ തേങ്ങ ചേര്‍ത്തതിനുശേഷം പുറകേ നന്നായി കലര്‍ത്തിയ അരിപ്പൊടി ഇട്ടുകൊണ്ട് തുടങ്ങാം.
Maharaja Ranjit Singh's endowment saw the construction of a beautiful and breathtaking Gurudwara featuring an imposing golden dome with intricate carving at Nanded around 1835 A.D.,നാന്ദേഡിൽ ഏതാണ്ട് 1835ല്‍ സങ്കീർണ്ണമായ കൊത്തുപണികളുള്ള ഗംഭീരസ്വര്‍ണമകുടത്തോടുകൂടിയ മനോഹരവും അതിവിസ്മയകരവുമായ ഒരു ഗുരുദ്വാരയുടെ നിർമ്മാണത്തിന് മഹാരാജാ രഞ്ജിത്ത് സിങ്ങിൻ്റെ സംഭാവന ഉപകരിച്ചു.
Samaveda is the compilation of these selected Ruchas set to Svaras keeping their proposed Chanda or rhythmic meters.,"നിര്‍ദ്ദിഷ്ടഛന്ദസ്സുകളില്‍, അതായത് താളബദ്ധമായ വൃത്തങ്ങളനുസരിച്ച് സ്വരപ്പെടുത്തിയ ഈ തിരഞ്ഞെടുത്ത രുചകളുടെ സമാഹാരമാണ് സാമവേദം."
"From Valmiki's description of the capital of Kosala, it is clear that ancient Ayodhya was not inferior to our modern cities.",കോസലത്തിന്‍റെ തലസ്ഥാനത്തെക്കുറിച്ചുള്ള വാല്മീകിയുടെ വിവരണത്തിൽനിന്ന് പുരാതന അയോദ്ധ്യ നമ്മുടെ ആധുനിക നഗരങ്ങളെക്കാൾ പുറകിലല്ലെന്ന് വ്യക്തമാകുന്നു.
"Having once said, 'I will do', you have no option but to do it.",ഞാൻ ചെയ്തുകൊള്ളാം' എന്ന് ഒരിക്കൽ പറഞ്ഞുകഴിഞ്ഞാൽ പിന്നെ നിങ്ങൾക്കത് ചെയ്യുകയല്ലാതെ പോംവഴിയില്ല.
"In recent days, there have been divergent views on the exchange rate of the rupee and the adequacy of our forex reserves.",ഈയടുത്ത ദിവസങ്ങളിലായി രൂപയുടെ വിനിമയ നിരക്കിലും നമ്മുടെ വിദേശ വിനിമയ കരുതൽ ധനത്തിൻ്റെ പര്യാപ്തതയിലും വ്യത്യസ്തങ്ങളായ അഭിപ്രായങ്ങളുണ്ടായിട്ടുണ്ട്.
"Banks shall report a credit card account as past due to credit information companies (CICs) or levy penal charges, viz. late payment charges, etc., if any, only when a credit card account remains past due for more than three days.",ഒരു ക്രെഡിറ്റ്കാര്‍ഡ് അക്കൗണ്ട് അവസാന തീയതിക്കു ശേഷവും മൂന്ന് ദിവസങ്ങള്‍ക്കു മുകളില്‍ അടയ്ക്കാതിരുന്നാലേ ബാങ്കുകള്‍ ഒരു ക്രെഡിറ്റ്കാര്‍ഡ് അക്കൗണ്ട് പാസ്റ്റ് ഡ്യൂ ആയതായി ക്രെഡിറ്റ് ഇന്‍ഫോര്‍മേഷന്‍ കമ്പനികള്‍ക്ക് (സി.ഐ.സി.) റിപ്പോര്‍ട്ട് ചെയ്യുകയോ പണമടയ്ക്കാന്‍ വൈകിയെങ്കില്‍ത്തന്നെ അടവുകൾ വൈകിയതിനുള്ള ചാർജ്ജായി പിഴ ഈടാക്കുകയോ ചെയ്യുകയുള്ളു.
Countries may encourage inward direct investment to improve their finances.,സാമ്പത്തികസ്ഥിതി മെച്ചപ്പെടുത്താനായി രാജ്യങ്ങൾ പ്രവാസികളുടെ നേരിട്ടുള്ള നിക്ഷേപം പ്രോത്സാഹിപ്പിച്ചേക്കാം.
"However, as an incentive for quick implementation of the package, if the approved package is implemented by the bank within 90 days from the date of receipt of the application by the bank, the asset classification status may be restored to the position which existed when the restructuring application was received by the bank.","എന്നിരുന്നാലും, അപേക്ഷ ബാങ്കിന് കിട്ടി 90 ദിവസങ്ങള്‍ക്കുള്ളില്‍ അംഗീകൃത പാക്കേജ് നടപ്പാക്കുകയാണെങ്കില്‍, പാക്കേജ് വേഗം നടപ്പിലാക്കുന്നതിനുള്ള പ്രോത്സാഹനം എന്ന നിലയില്‍, പുന:സംഘടനയ്ക്കുള്ള അപേക്ഷ ബാങ്കിന് കിട്ടുന്നതിനു മുന്‍പുള്ള നിലയിലേക്ക് ആസ്തിയുടെ വര്‍ഗ്ഗീകരണ നിലവാരം പുന:സ്ഥാപിക്കേണ്ടതാണ്."
"Do the dynamics of private capital accumulation inevitably lead to the concentration of wealth in fewer hands, or do the balancing forces of growth, competition, and technological progress reduce inequality?","സ്വകാര്യമൂലധനം കുമിഞ്ഞുകൂടുന്നതിന്‍റെ ബലതന്ത്രം അനിവാര്യമായും സമ്പത്ത് അല്‍പം ചില കൈകളില്‍ കേന്ദ്രീകരിക്കാന്‍ ഇടയാക്കുമോ അതോ വളര്‍ച്ച, മത്സരം, സാങ്കേതികവിദ്യാമുന്നേറ്റം എന്നീ സമീകരിക്കുന്ന ശക്തികള്‍ അസമത്വം കുറയ്ക്കുമോ?"
It intervenes in the market to curb excessive volatility and anchor expectations.,വിലയിലുള്ള അമിതമായ ഉയർച്ചതാഴ്ചകളെ പിടിച്ചുനിർത്താനും പ്രതീക്ഷകളെ പരിമിതപ്പെടുത്താനും അത് വിപണിയിൽ ഇടപെടുന്നു.
High-frequency data for Q2 indicates that economic activity remains resilient.,സാമ്പത്തിക പ്രവർത്തനം പ്രതിരോധശക്തിയോടെ തന്നെ തുടരുന്നു എന്നാണ് രണ്ടാം മാസത്രയത്തിൻ്റെ ഉയർന്ന ഫ്രീക്വൻസി ഡാറ്റ സൂചിപ്പിക്കുന്നത്.
"In macroeconomics, the subject is typically a nation and how all markets interact to generate big phenomena that economists call aggregate variables.","സ്ഥൂലസാമ്പത്തികശാസ്ത്രത്തിൽ വിഷയം സാമ്പത്തികവിദഗ്‌ദ്ധർ അഗ്രിഗേറ്റ് വേരിയബിളുകൾ എന്ന് വിളിക്കുന്ന, സാധാരണ ഒരു രാഷ്ട്രവും എല്ലാ വിപണികളും എങ്ങനെ പ്രതിപ്രവർത്തിക്കുകയും വലിയ പ്രതിഭാസമുണ്ടാക്കുകയും ചെയ്യുന്നു എന്നതാണ്."
Liquidity refers to the extent to which financial assets can be sold at close to full market value at short notice.,കുറഞ്ഞ സമയത്തിനുള്ളിൽ സാമ്പത്തിക ആസ്തികൾ എത്രത്തോളം വിപണനമൂല്യത്തിനടുത്തായി വിൽക്കാം എന്നതിനെയാണ് ലിക്വിഡിറ്റി സൂചിപ്പിക്കുന്നത്.
"Broadly, the policy of income recognition should be objective and based on the record of recovery, rather than on any subjective considerations.","വിശാലാർത്ഥത്തിൽ, വരുമാന നിർണ്ണയനയം വസ്തുനിഷ്ഠവും ആത്മനിഷ്ഠമായ പരിഗണനകൾക്കുപകരം വീണ്ടെടുപ്പുരേഖകളെ അടിസ്ഥാനപ്പെടുത്തുന്നതുമായിരിക്കണം."
"Therefore, such amounts of interest do not become overdue and hence NPA, with reference to the date of debit of interest.",അതുമൂലം അത്തരം പലിശത്തുകകളിൽ കുടിശ്ശിക വരാതിരിക്കുകയും അതിനാൽ പലിശ ഈടാക്കുന്ന ദിവസത്തെ അപേക്ഷിച്ച് എൻ. പി. എ ആവാതിരിക്കുകയും ചെയ്യുന്നു.
"The possibility of linking India's payment systems to other jurisdictions, including the ongoing initiative of interlinking India's fast payment system - UPI - with similar systems in other jurisdictions, will enhance cross-border payment arrangements, including remittances.",ഇന്ത്യയിലെ പെട്ടെന്നു പണമടയ്ക്കാനാവുന്ന നിലവിലുള്ള യൂ.പി.ഐ. സമ്പ്രദായം അതുപോലെയുള്ള മറ്റ് അധികാരപരിധികളിലേക്ക് പണമടക്കുന്ന സമ്പ്രദായങ്ങളുമായി ബന്ധിപ്പിക്കാനുള്ള ഇപ്പോള്‍ നടന്നുവരുന്ന ഉദ്യമങ്ങള്‍ ഉള്‍പ്പെടെ ഇന്ത്യയിലെ പണമടയ്ക്കല്‍ സമ്പ്രദായങ്ങളെ മറ്റ് അധികാരപരിധികളിലേക്കും ബന്ധിപ്പിക്കുന്നതിനുള്ള സാദ്ധ്യത അടവുകൾ ഉള്‍പ്പടെയുള്ള അതിര്‍ത്തി കടന്നുള്ള പണമടയ്ക്കല്‍ സംവിധാനങ്ങളെ മെച്ചപ്പെടുത്തും.
Liquefied Natural Gas (LNG) is assuming greater importance in the energy segment as it is used to operate Power Plants and Industrial (fertilizer) Plants.,വ്യവസായ (രാസവളം) ശാലകളും വിദ്യുച്ഛക്തി നിലയങ്ങളും പ്രവർത്തിപ്പിക്കാൻ ഉപയോഗിക്കപ്പെടുന്നതിനാൽ ദ്രവീകൃത പ്രകൃതി വാതകം (എൽ. എൻ. ജി) ഊർജ്ജമേഖലയിൽ വലിയ പ്രാധാന്യം കൈവരിച്ചുകൊണ്ടിരിക്കുകയാണ്.
"However, while marketplaces allow you to grow sales, they do not enable you to grow a sustainable business and create your own marketable brand.","എന്നാൽ, വിപണനകേന്ദ്രങ്ങൾ വില്പന വർദ്ധിപ്പിക്കാൻ നിങ്ങളെ അനുവദിക്കുമെങ്കിലും ഒരു സുസ്ഥിരമായ ബിസിനസ്സ് വളർത്താനും വിപണനത്തിനുതകുന്ന നിങ്ങളുടേതായ ഒരു സ്വന്തം ബ്രാൻഡ് സൃഷ്ടിക്കാനും അവ നിങ്ങളെ പ്രാപ്തരാക്കുകയില്ല."
Payment Aggregators (PAs) play an important role in the payments ecosystem and hence were brought under regulations in March 2020 and designated as Payment System Operators (PSOs).,പേയ്മെൻ്റ് അഗ്രഗേറ്ററുകൾ (പി. എ.കൾ ) തിരിച്ചടവുകളുടെ അന്തരീക്ഷം രൂപപ്പെടുത്തുന്നതിൽ ഒരു സുപ്രധാന പങ്ക് വഹിക്കുന്നതിനാൽ 2020 മാർച്ചിൽ അവ നിയന്ത്രണങ്ങൾക്ക് കീഴിൽ കൊണ്ടുവരികയും പേയ്മെൻ്റ് സിസ്റ്റം ഓപ്പറേറ്റർസ് (പി. എസ്. ഒ.കൾ) എന്ന വകുപ്പിൽപ്പെടുത്തുകയും ചെയ്തു.
"The current regulations are, however, applicable to Payment Aggregators processing online or e-commerce transactions.","എന്നാൽ, ഓൺലൈൻ ഇടപാടുകളോ ഇ-കൊമേഴ്‌സ് ഇടപാടുകളോ നടത്തിക്കൊടുക്കുന്ന പേയ്മെൻ്റ് അഗ്രഗേറ്ററുകൾക്ക് നിലവിലെ നിബന്ധനകൾ ബാധകമാണ്."
"Ricardo's insight was that such a country would still benefit from trading according to its comparative advantage, exporting products in which its absolute advantage was greatest, and importing products in which its absolute advantage was comparatively less (even if still positive).","തങ്ങളുടെ യഥാർത്ഥമേൽക്കൈ ഏറ്റവും പ്രയോജനകരമാവുന്ന നിലയിൽ ഉത്പന്നങ്ങൾ കയറ്റുമതി ചെയ്യുക, യഥാർത്ഥ മേൽക്കൈ താരതമ്യേന കുറവായവിധം (എങ്കിലും അപ്പോഴും ഗുണകരമായവിധത്തിൽ) ഉത്പന്നങ്ങൾ ഇറക്കുമതി ചെയ്യുക എന്നിങ്ങനെ താരതമ്യേന തങ്ങൾക്കുള്ള മേൽക്കൈയനുസരിച്ച് വ്യാപാരം നടത്തുന്നതിൽനിന്നും അത്തരമൊരു രാജ്യത്തിന് അപ്പോഴും മെച്ചമുണ്ടാകും എന്നതായിരുന്നു റിക്കാർഡോയുടെ ഉള്‍ക്കാഴ്‌ച."
"Bank credit grew at an accelerated pace of 16.2 percent y-o-y as on September 9, 2022, as against 6.7 percent a year ago.","ഒരു വർഷം മുമ്പത്തെ 6.7 ശതമാനത്തിനെതിരെ, വർഷങ്ങൾ തമ്മിൽ താരതമ്യം ചെയ്യുമ്പോൾ, 2022 സെപ്തംബർ 9 തിലെ കണക്കനുസരിച്ച് 16.2 ശതമാനത്തിലേക്ക് അധികവേഗതയിൽ ബാങ്ക് ക്രെഡിറ്റ് വളർന്നു."
"Loans for pre-harvest and post-harvest activities cover spraying, weeding, harvesting, sorting, grading and transporting of their own farm produce.","വിളവെടുപ്പിനുമുമ്പും വിളവെടുപ്പിനുശേഷവുമുള്ള പ്രവർത്തനങ്ങൾക്കുള്ള വായ്പകൾ സ്വന്തം കാർഷികവിളകളുടെ തളിക്കൽ, കളപറിക്കൽ, വിളവെടുപ്പ്, തരംതിരിക്കൽ, ഗ്രേഡ് ചെയ്യൽ, കടത്തിക്കൊണ്ടുപോകൽ എന്നിവയ്ക്കുള്ളതാണ്."
"Medium & long-term loans for agriculture and allied activities will cover the purchase of agricultural machinery, for irrigation and other developmental activities undertaken on the farm.","കൃഷിക്കും അനുബന്ധപ്രവര്‍ത്തനങ്ങള്‍ക്കുമുള്ള മദ്ധ്യകാല, ദീര്‍ഘകാല, വായ്പകള്‍ കാർഷികയന്ത്രങ്ങൾ വാങ്ങുന്നതിനും ജലസേചനത്തിനും കൃഷിഭൂമിയില്‍ ഏറ്റെടുക്കേണ്ട വികസനപ്രവര്‍ത്തനങ്ങള്‍ക്കും പ്രയോജനപ്പെടുന്നു."
Banking supervisors are examining the exposure of traditional banks to shadow banks and trying to contain it through better capital and liquidity regulations because this exposure allowed shadow banks to affect the traditional financial sector and the economy more generally.,"ബാങ്കിങ് സൂപ്പര്‍വൈസര്‍മാര്‍ സാമ്പ്രദായിക ബാങ്കുകള്‍ക്ക് ഷാഡോ ബാങ്കുകളുമായിട്ടുള്ള സമ്പര്‍ക്കം പരിശോധിക്കുകയും, ഈ സമ്പര്‍ക്കം ഷാഡോ ബാങ്കുകളെ സാമ്പ്രദായിക ധനരംഗത്തെയും സമ്പദ്‌വ്യവസ്ഥയെയും പൊതുവെ ബാധിക്കാന്‍ സഹായിക്കുന്നതിനാല്‍ മെച്ചപ്പെട്ട മൂലധന, ലിക്ക്വിഡിറ്റി നിയന്ത്രണങ്ങള്‍ വഴി അത് അടക്കിനിര്‍ത്താന്‍ ശ്രമിക്കുകയും ചെയ്യുന്നു."
"Since the global financial crisis, the official sector is collecting more and better information and searching for hidden vulnerabilities.",ആഗോളസാമ്പത്തികപ്രതിസന്ധിക്കുശേഷം ഔദ്യോഗികമേഖല എണ്ണത്തിൽ കൂടിയതും മെച്ചപ്പെട്ടതുമായ വിവരങ്ങൾ ശേഖരിക്കുകയും മറഞ്ഞിരിക്കുന്ന ദുർബലമേഖലകൾ അന്വേഷിക്കുകയും ചെയ്തുകൊണ്ടിരിക്കുകയുമാണ്.
The market-clearing price is determined by the requirement that supplies equal demand at that price.,ചോദനത്തിൻ്റെ അതേ അളവിലുള്ള പ്രദാനമുണ്ടാവുക എന്ന നിബന്ധനയിലാണ് മാർക്കറ്റ്-ക്ലിയറിങ് വില നിർണയിക്കപ്പെടുന്നത്.
"The model's equations determine the level of supply and demand as a function of price and other variables (for example, income).",ഈ മോഡലിൻ്റെ സമവാക്യങ്ങൾ ആവശ്യത്തിൻ്റെയും ലഭ്യതയുടെയും വിതാനത്തെ വിലയുടെയും മറ്റ് വേരിയബിളുകളുടെയും (വരുമാനം ഉദാഹരണം) പ്രവർത്തനഫലമെന്ന അർത്ഥത്തിൽ നിർണ്ണയിക്കുന്നു.
"The current account balance is then the trade balance plus net factor income (such as interest and dividends from foreign investments or workers' remittances) and transfers from abroad (such as foreign aid), which are usually a small fraction of the total.","അപ്പോള്‍ കറൻ്റ് അക്കൗണ്ട് ബാലന്‍സ് എന്നത് വ്യാപാരമിച്ചം, അതോടൊപ്പം (വിദേശ നിക്ഷേപങ്ങളില്‍ നിന്നുള്ള പലിശയും , ലാഭവിഹിതവും, തൊഴിലാളികളുടെ പണമടവുകള്‍ എന്നിങ്ങനെയുള്ള ) നെറ്റ് ഫാക്ടര്‍ വരുമാനം, അതുപോലെ മൊത്തം സംഖ്യയുടെ ഒരു ചെറിയ ഘടകം മാത്രമായ (വിദേശസഹായം പോലുള്ള) വിദേശത്തുനിന്നുള്ള കൈമാറ്റങ്ങള്‍ എന്നിവയാകുന്നു."
The trade balance is the difference between the value of exports of goods and services and the value of imports of goods and services.,ചരക്കുകളുടെയും സേവനങ്ങളുടെയും കയറ്റുമതിമൂല്യവും അവയുടെ ഇറക്കുമതിമൂല്യവും തമ്മിലുള്ള വ്യത്യാസമാണ് വ്യാപാരശിഷ്ടം.
"The constant efforts have resulted in the improvement of our ratings in the Global EoDB ranking and addressing the challenges faced by MSMEs in connecting to GVCs, said Minister of State (Independent Charge) for Micro, Small and Medium Enterprises (MSME) Shri Giriraj Singh while delivering the keynote address during the inauguration of the 15th SME Global Summit organized by the Ministry of MSME in partnership with CII, on 19 - 20 December 2018 in New Delhi.","ആഗോള ഇ. ഒ. ഡി. ബി റാങ്കിങ്ങിൽ നമ്മുടെ സ്ഥാനം മെച്ചപ്പെടുത്തുന്നതിനും ജി. വി. സികളുമായി ബന്ധപ്പെടുത്തുന്നതിൽ എം. എസ്. എം. ഇ.കൾ നേരിട്ട വെല്ലുവിളികൾ അഭിമുഖീകരിക്കുന്നതിനും തുടർച്ചയായ പരിശ്രമങ്ങൾ കാരണമായിട്ടുണ്ടെന്ന് 2018 ഡിസംബർ 19 - 20 തിയ്യതികളിൽ എം. എസ്. എം. ഇ മന്ത്രാലയം സി. ഐ. ഐ. യുമായി ചേർന്ന് ന്യൂ ഡൽഹിയിൽ സംഘടിപ്പിച്ച പതിനഞ്ചാം ആഗോള ഉച്ചകോടിയുടെ ഉദ്ഘാടനത്തിൽ മുഖ്യപ്രഭാഷണം നടത്തവേ സംസ്ഥാനത്തെ സൂക്ഷ്മ, ചെറുകിട, ഇടത്തരം സംരംഭങ്ങളുടെ മന്ത്രി (എം. എസ്. എം. ഇ) ശ്രീ ഗിരിരാജ് സിങ് പറഞ്ഞു."
"Taking into account these factors, the inflation projection is retained at 6.7 percent in 2022- 23, with Q2 at 7.1 percent; Q3 at 6.5 percent; and Q4 at 5.8 percent, with risks evenly balanced.","ഈ ഘടകങ്ങളെല്ലാം പരിഗണിച്ച്, രണ്ടാം പാദത്തില്‍ 7.1 ശതമാനം, മൂന്നാം പാദത്തില്‍ 6.5 ശതമാനം, നാലാം പാദത്തില്‍ 5.8 ശതമാനം, എന്നിങ്ങനെ അപകടസാദ്ധ്യത ഒരുപോലെ സമതുലിതപ്പെട്ടിരിക്കെ 6.7 ശതമാനമെന്ന 2022- 23 ലെ പണപ്പെരുപ്പത്തിൻ്റെ മതിപ്പ് നിലനിര്‍ത്തിയിരിക്കുന്നു."
"India's import growth, though decelerating, outpaced export growth.",കുറഞ്ഞുകൊണ്ടിരിക്കുകയാണെങ്കിലും ഇന്ത്യയുടെ ഇറക്കുമതിയുടെ വളർച്ച കയറ്റുമതിയുടെ വളർച്ചയെ മറികടന്നു.
"At present, growth accounting is mainly focused on economic performance (growth rate, fiscal deficit as a percentage of GDP, government debt as a percent of GDP, tax revenue as a percent of GDP, etc.) and social performance (poverty, inequality, level of employment, nutrition level of population, etc.).","ഇപ്പോള്‍, ഗ്രോത്ത് അക്കൗണ്ടിംഗ് പ്രധാനമായും ശ്രദ്ധ കേന്ദ്രീകരിച്ചിരിക്കുന്നത് സാമ്പത്തികപ്രവർത്തനഫലത്തിലും (വളര്‍ച്ചാനിരക്ക്, ജി.ഡി.പി.യുടെ ശതമാനമെന്ന നിലയില്‍ ധനക്കമ്മി, ജി.ഡി.പി.യുടെ ശതമാനമെന്ന നിലയില്‍ സര്‍ക്കാറിന്‍റെ കടം, ജി.ഡി.പി.യുടെ ശതമാനമെന്ന നിലയില്‍ നികുതിവരുമാനം തുടങ്ങിയവ) സാമൂഹികപ്രവർത്തനഫലത്തിലും (ദാരിദ്ര്യം, അസമത്വം, തൊഴില്‍ ലഭ്യത, ജനതയുടെ പോഷകാഹാരനില, തുടങ്ങിയവ) ആണ്."
The current economic discussions are heavily tilted towards a balance between social and economic performance and somewhat neglect their interactions with environmental performance.,ഇപ്പോഴത്തെ സാമ്പത്തികചർച്ചകൾ കൂടുതലും സാമൂഹികനേട്ടങ്ങൾക്കും സാമ്പത്തികനേട്ടങ്ങൾക്കുമിടയിലെ സമതുലിതാവസ്ഥയോട് കാര്യമായ ചായ്‌വ് പുലർത്തുന്നവയും പാരിസ്ഥിതികാവസ്ഥകളുമായുള്ള അവയുടെ പാരസ്‌പര്യത്തെ ഏറെക്കുറെ അവഗണിക്കുന്നവയുമാണ്.
"The fair value of the loan after restructuring will be computed as the present value of cash flows representing the interest at the rate charged on the advance on restructuring and the principal, discounted at a rate equal to the bank's BPLR as on the date of restructuring plus the appropriate term premium and credit risk premium for the borrower category on the date of restructuring.","പുന:സംഘടനയ്ക്ക് ശേഷമുള്ള വായ്പയുടെ ന്യായവില കണക്കാക്കുന്നത്, മുതലിന്‍റെയും പുന:സംഘടനാസമയത്തുള്ള മുന്‍‌കൂര്‍പണത്തിന്‍റെയും മേലുള്ള പലിശയെ പ്രതിനിധീകരിക്കുന്ന കാഷ് ഫ്ലോയുടെ വര്‍ത്തമാനമൂല്യമായിട്ടായിരിക്കെ അത് ബാങ്കിന്‍റെ ബി.പി.എല്‍.ആറിനു തുല്യമായ നിരക്കില്‍ ഡിസ്‌കൗണ്ട് ചെയ്തതും ഒപ്പം പുന:സംഘടനാദിവസം ആ വായ്പയെടുക്കുന്നയാളിന്‍റെ വിഭാഗത്തിനു യുക്തമായ ടേം പ്രീമിയവും ക്രെഡിറ്റ് റിസ്ക്‌ പ്രീമിയവും ചേര്‍ന്നതുമായിരിക്കും."
"Subsequently, to ease the liquidity pressures and safeguard financial stability, the Reserve Bank of India stepped in with a Special Liquidity Facility for MFs (SLF-MF) amounting to 50,000 crores, which helped to restore confidence in the financial markets.","അതേത്തുടര്‍ന്ന് പണലഭ്യതയ്ക്കുമേലുള്ള സമ്മര്‍ദ്ദങ്ങള്‍ മയപ്പെടുത്താനും സാമ്പത്തികസുസ്ഥിരത സംരക്ഷിക്കാനുമായി റിസര്‍വ് ബാങ്ക് ഓഫ് ഇന്ത്യ എം.എഫുകള്‍ക്ക് 50,000 കോടി വരുന്ന ഒരു സ്പെഷ്യല്‍ ലിക്ക്വിഡിറ്റി ഫെസിലിറ്റി (എസ്.എല്‍.എഫ്.-എം.എഫ്.) നല്‍കാന്‍ മുന്നോട്ടുവരികയും അത് ധനവിപണികളില്‍ വിശ്വാസം പുനഃസ്ഥാപിക്കാന്‍ സഹായിക്കുകയും ചെയ്തു."
"The recent sharp rate hikes and forward guidance about further big rate hikes have caused a tightening of financial conditions, extreme volatility, and risk aversion.",അടുത്തകാലത്തെ കുത്തനെയുള്ള നിരക്കുവർധനകളും ഇനിയുണ്ടാകാവുന്ന നിരക്കുവർധനകളുമായി ബന്ധപ്പെട്ട് എങ്ങനെ മുന്നോട്ടുപോകണമെന്ന നിർദേശങ്ങളും സാമ്പത്തികഞെരുക്കം സൃഷ്ടിക്കുന്നതിനും തീവ്രമായ അസ്ഥിരതയ്ക്കും അപകടസാധ്യതകൾ ഒഴിവാക്കുന്നതിനും കാരണമായി.
"The full-value paid notes will be treated as chest remittances by the RBI Issue Office, while the half-value paid notes and rejected notes will be treated as notes tendered for adjudication and processed accordingly.",പൂര്‍ണ്ണമൂല്യമടച്ച നോട്ടുകള്‍ ആര്‍.ബി.ഐ. ഇഷ്യൂ ഓഫീസ് ചെസ്റ്റ് റെമിറ്റന്‍സായി പരിഗണിക്കുമ്പോള്‍ പാതിമൂല്യമടച്ചതും നിരസിക്കപ്പെട്ടതുമായ നോട്ടുകള്‍ തീര്‍പ്പുകല്‍പ്പിക്കാനായി സമര്‍പ്പിക്കപ്പെട്ട നോട്ടുകളായി പരിഗണിച്ച് അതിന്‍പ്രകാരം കൈകാര്യം ചെയ്യപ്പെടുന്നു.
There has been tremendous growth in the volume of debt securities in India.,ഇന്ത്യയിലെ കടപ്പത്രങ്ങളുടെ അളവിൽ വൻതോതിലുള്ള വളർച്ചയുണ്ടായിട്ടുണ്ട്.
"Despite this unsettling global environment, the Indian economy continues to be resilient.",അസ്ഥിരതയുണ്ടാക്കുന്ന ഈ ആഗോളപരിസ്ഥിതിയിലും ഇന്ത്യയുടെ സമ്പദ്‌വ്യവസ്ഥ പ്രതിരോധശക്തിയോടെ തുടരുന്നു
"There is nervousness in financial markets, with potential consequences for the real economy and financial stability.",യഥാർത്ഥസമ്പദ്‌വ്യവസ്ഥയ്ക്കും സാമ്പത്തികസ്ഥിരതയ്ക്കും ആഘാതമുണ്ടാക്കാൻ കഴിയുന്ന ഭീതിയുടെ അന്തരീക്ഷം ഫിനാൻഷ്യൽ മാർക്കറ്റുകളിൽ നിലനിൽക്കുന്നുണ്ട്.
"Where the number of notes presented by a person is more than 5 pieces but not exceeding 5,000 in value, the tenderer shall be advised to send such notes to a nearby currency chest branch by insured post giving his/her bank account details (a/c no, branch name, IFSC, etc.) or get them exchanged thereat in person.","ഒരാള്‍ സമര്‍പ്പിക്കുന്ന നോട്ടുകളുടെ എണ്ണം അഞ്ചില്‍ കൂടുതലും മൂല്യം 5,000 ല്‍ അധികമാകാതെയും ഇരുന്നാല്‍ കൊടുക്കുന്നയാളെ അത്തരം നോട്ടുകള്‍ അടുത്തുള്ള കറന്‍സി ചെസ്റ്റ് ശാഖയിലേക്ക് ഇന്‍ഷ്വര്‍ ചെയ്ത പോസ്റ്റ്‌ വഴി അദ്ദേഹത്തിന്‍റെ/അവരുടെ (അക്കൌണ്ട് നമ്പര്‍, ശാഖയുടെ പേര്, ഐ.എഫ്.എസ്.സി. മുതലായ) ബാങ്ക് അക്കൌണ്ട് വിവരങ്ങള്‍ക്കൊപ്പം അയക്കുകയോ അവിടെ നേരിട്ടു ചെന്ന് മാറ്റിയെടുക്കുകയോ ചെയ്യാന്‍ ഉപദേശിക്കപ്പെടും."
"The Court also observed that privacy of personal data and facts is an essential aspect of the right to privacy and it is therefore imperative that while collecting data for issuance of CBDC, best interest of the citizens should be prioritised, only those personal identifiable data may be collected which is necessary and use these data only for the purpose for which it is collected.","സ്വകാര്യതയ്ക്കുള്ള അവകാശത്തിൻ്റെ ഒരു അനിവാര്യഘടകമാണ് വ്യക്തിഗതവിവരങ്ങളുടെയും വസ്തുതകളുടെയും സ്വകാര്യതയെന്നും, അതിനാൽ സി. ബി. ഡി. സി ഇഷ്യൂ ചെയ്യുന്നതിനായി വിവരങ്ങൾ ശേഖരിക്കുമ്പോൾ പൗരന്മാരുടെ ഉത്തമതാല്പര്യങ്ങൾക്ക് മുൻഗണന നൽകുകയും വ്യക്തിയെ തിരിച്ചറിയാനുള്ള വിവരങ്ങളിൽ അത്യാവശ്യമായവ മാത്രം ശേഖരിക്കുകയും ഈ വിവരങ്ങൾ ശേഖരിച്ചത് ഏത് ഉദ്ദേശ്യത്തിനാണോ അതിനുമാത്രം ഉപയോഗിക്കുകയും ചെയ്യുക എന്നിവ അനിവാര്യമാണെന്നും കോടതി നിരീക്ഷിച്ചു."
A cybercriminal attacks a computer or a network to reach other computers in order to disable or damage data or services.,ഡേറ്റയോ സേവനങ്ങളോ പ്രവർത്തനരഹിതമാക്കാനോ കേടുവരുത്താനോവേണ്ടി മറ്റു കമ്പ്യൂട്ടറുകളിലേക്ക് എത്തിപ്പെടാനായി ഒരു സൈബര്‍ കുറ്റവാളി ഒരു കമ്പ്യൂട്ടറിനെയോ ഒരു നെറ്റ് വര്‍ക്കിനെയോ ആക്രമിക്കുന്നു.
All packaged and canned food items contain a very high level of sodium because of the presence of salt that is used as a preservative.,ഒരു സംരക്ഷണോപാധിയായി ഉപയോഗിക്കുന്ന ഉപ്പിന്‍റെ സാന്നിദ്ധ്യം കാരണം പായ്ക്കുചെയ്തതോ ടിന്നിലടച്ചതോ ആയ ഭക്ഷ്യോത്പന്നങ്ങള്‍ എല്ലാത്തിലും വളരെ ഉയര്‍ന്ന അളവില്‍ സോഡിയം അടങ്ങിയിട്ടുണ്ട്.
"While the vehicle is in motion an unrestrained CRS could fling through the vehicle interior in the event of sudden braking, maneuver or an accident.",വണ്ടി ഓടിക്കൊണ്ടിരിക്കുമ്പോൾ പെട്ടെന്നു ബ്രേക്കിടുമ്പോഴോ വളച്ചെടുക്കുമ്പോഴോ അപകടം ഉണ്ടായാലോ നിയന്ത്രണസംവിധാനമില്ലാത്ത ഒരു സി.ആര്‍.എസ്. വാഹനത്തിന് അകത്തുകൂടെ തൂക്കിയെറിയപ്പെട്ടേക്കും.
"But, on that very morning, one of the white prisoners whom Narapat Singh had released came to the English camp and informed the general that he had heard Narapat Singh say that he would evacuate the fort, but not until he had had his vengeance.","എന്നാല്‍ ആ പ്രഭാതത്തില്‍ത്തന്നെ, നരപത് സിംഗ് വിട്ടയച്ച വെള്ളക്കാരനായ തടവുപുള്ളികളില്‍ ഒരാള്‍ ഇംഗ്ലീഷ് ക്യാമ്പില്‍ വരികയും, താന്‍ കോട്ട ഒഴിപ്പിക്കുമെന്നും എന്നാല്‍ അതിനുമുന്‍പ്‌ തന്‍റെ പ്രതികാരം ചെയ്തിരിക്കുമെന്നും നരപത് സിംഗ് പറയുന്നത് കേട്ടുവെന്ന് ജനറലിനെ ധരിപ്പിക്കുകയും ചെയ്തു."
"At this time, the chief officer of the army of Lahore was one Robert Montgomery.",ഈ സമയത്ത് ലാഹോറിലെ പട്ടാളത്തിന്‍റെ മുഖ്യ ഓഫീസർ ഒരു റോബര്‍ട്ട് മോണ്‍ഗോമെറിയായിരുന്നു.
"In the camp at Mian Mir, though the Sepoys outnumbered the English soldiers by four to one, the English officers had no suspicion about them until the news from Meerut arrived, and when the news did arrive, they found it difficult to ascertain whether they were or were not secretly in communication with the Meerut Sepoys.","മിയാന്‍ മീറിലെ ക്യാമ്പില്‍ ശിപ്പായികള്‍ ഇംഗ്ലീഷ് ഭടന്മാരുടെ നാലിരട്ടി ഉണ്ടായിരുന്നിട്ടും മീററ്റില്‍ നിന്നുള്ള വാര്‍ത്ത വരുംവരെ ഇംഗ്ലീഷ് ഓഫീസര്‍മാര്‍ക്ക് സംശയമൊന്നും ഇല്ലായിരുന്നുവെന്നു മാത്രമല്ല ആ വാര്‍ത്ത വന്നപ്പോഴാകട്ടെ, അവര്‍ മീററ്റിലെ ശിപ്പായികളുമായി രഹസ്യമായി ആശയവിനിമയം നടത്തുന്നുണ്ടോ ഇല്ലയോ എന്ന് ഉറപ്പിക്കാന്‍ പ്രയാസമാണെന്നും കണ്ടു."
These are not only addictive but also have an adverse effect on the brain.,ഇവ അത്യാസക്തിയും വിധേയത്വവും ജനിപ്പിക്കുമെന്ന് മാത്രമല്ല തലച്ചോറില്‍ ഒരു വിപരീതഫലം ഉണ്ടാക്കുകയും ചെയ്യും.
"Day after day, new troops were coming in on both sides.",നാള്‍ക്കുനാള്‍ ഇരുവശത്തേക്കും പുതിയ സേനാവിഭാഗങ്ങൾ വന്നുകൊണ്ടിരുന്നു.
"If there had been any personal malice, Mangal Pandey's name would have been on the list of assassins and not of martyrs.","വ്യക്തിവിദ്വേഷമെന്തെങ്കിലും ഉണ്ടായിരുന്നെങ്കില്‍ മംഗള്‍ പാണ്ഡേയുടെ പേര് രക്തസാക്ഷികളുടെയല്ലാ, കൊലപാതകികളുടെ പട്ടികയിലാവും ഉണ്ടായിരുന്നിരിക്കുക."
"He eyed me for a moment, and politely saying, 'I am very sorry, we are full up', bade me goodbye.","അദ്ദേഹം എൻ്റെ നേരെ ഒരുനിമിഷം നോക്കുകയും 'ക്ഷമിക്കണം, ഇവിടെ സ്ഥലമില്ല' എന്ന് മര്യാദയോടെ പറയുകയും ചെയ്ത് എന്നോട് വിടപറഞ്ഞു."
Have you ever thought about what will happen if the garbage is not removed from our homes and surroundings?,നമ്മുടെ വീടുകളില്‍ നിന്നും പരിസരങ്ങളില്‍ നിന്നും ചവറുകൾ നീക്കം ചെയ്തില്ലെങ്കില്‍ എന്താണ് സംഭവിക്കുക എന്ന് നിങ്ങള്‍ എപ്പോഴെങ്കിലും ചിന്തിച്ചിട്ടുണ്ടോ?
"In recent years, the world around us has seen a lot of changes due to the use of Digital Technologies.",അടുത്ത കാലത്ത് ഡിജിറ്റല്‍ സാങ്കേതികവിദ്യയുടെ ഉപയോഗം മൂലം നമുക്ക് ചുറ്റുമുള്ള ലോകം ഒട്ടേറെ മാറ്റങ്ങള്‍ക്ക് സാക്ഷ്യം വഹിച്ചു.
"In the past, a letter would take days to reach, and every recipient would get his or her own copy and respond separately.","പണ്ട്, ഓരോ കത്തും ചെന്നുചേരാന്‍ ദിവസങ്ങള്‍ എടുക്കുമായിരുന്നെന്നുമാത്രമല്ല, ഓരോ സ്വീകര്‍ത്താവിനും അവരവരുടെ പ്രതിതന്നെ കിട്ടുകയും പ്രത്യേകം പ്രതികരിക്കുകയും ചെയ്യാമായിരുന്നു."
"The moving spirits of revolutions are deemed holy or unholy in proportion, as the principle underlying them is beneficial or wicked.",അടിസ്ഥാനതത്ത്വം ഗുണപ്രദമോ ക്രൂരമോ എന്നതിന് ആനുപാതികമായിട്ടാണ് വിപ്ലവങ്ങളുടെ ചാലകശക്തികള്‍ പവിത്രമെന്നോ അപവിത്രമെന്നോ കരുതപ്പെടുന്നത്.
"Kaba Gandhi married four times in succession, having lost his wife each time by death.",ഓരോ തവണയും മരണത്തിലൂടെ ഭാര്യയെ നഷ്ടപ്പെട്ടതിനാൽ ഒന്നിനുപിറകെ ഒന്നായി കാബാഗാന്ധി നാലുതവണ വിവാഹം കഴിച്ചു.
It became the social responsibility of the writers to write with the purpose of awakening people to ideas of justice and freedom from slavery.,"നീതി, അടിമത്തത്തില്‍നിന്നുള്ള മോചനം എന്നീ ആശയങ്ങളിലേക്ക് ജനങ്ങളെ ഉണര്‍ത്തുക എന്ന ലക്ഷ്യത്തോടെ എഴുതുക എന്നത് എഴുത്തുകാരുടെ സാമൂഹിക ഉത്തരവാദിത്വമായിത്തീര്‍ന്നു."
This fact alone is sufficient to form an estimate of his capacity and character.,ഈ വസ്തുത ഒന്നു മതി അദ്ദേഹത്തിന്‍റെ ശേഷിയും വ്യക്തിത്വവും അളക്കാന്‍.
"We could clearly see these thousands of Sepoys from the Ridge, entering the city with perfect discipline and drill playing martial tunes, and waving variegated flags and banners.",ആയിരക്കണക്കിന് വരുന്ന ഈ ശിപ്പായികള്‍ പിഴവറ്റ അച്ചടക്കത്തോടെയും കായികവിന്യാസത്തോടെയും യുദ്ധസംഗീതം പൊഴിച്ചും വർണ്ണശബളമായ പതാകകളും കൊടിക്കൂറകളും പാറിച്ചും നഗരത്തില്‍ പ്രവേശിക്കുന്നത് റിഡ്ജില്‍നിന്ന് ഞങ്ങള്‍ക്ക് വ്യക്തമായി കാണാമായിരുന്നു.
"They had read the Ramayana and the Mahabharata together; they had read together the accounts of the warlike deeds of the Mahrattas, and their young hearts had throbbed together at the noble inspiration which the stories of Hindu heroism awoke.",അവര്‍ രാമായണവും മഹാഭാരതവും ഒരുമിച്ചു വായിച്ചിരുന്നു; അവർ മറാത്തകളുടെ യുദ്ധസമാനമായ പ്രവൃത്തികളുടെ വിവരണങ്ങള്‍ ഒരുമിച്ചു വായിക്കുകയും അവരുടെ യുവഹൃദയങ്ങള്‍ ഹൈന്ദവവീരത്വത്തിന്‍റെ കഥകള്‍ ഉണർത്തിയ ഉത്തമമായ പ്രചോദനത്താല്‍ ഒരുമിച്ചുതുടിക്കുകയും ചെയ്തിരുന്നു.
The nonavailability of an adequate number of cloud-free optical satellite datasets is a major constraint for using optical remote sensing data for agricultural applications during the monsoon season.,മേഘങ്ങളൊഴിഞ്ഞ ഒപ്റ്റിക്കല്‍ ഉപഗ്രഹ ഡാറ്റാസെറ്റുകളുടെ വേണ്ടത്ര എണ്ണത്തിൻ്റെ അഭാവം കാലവര്‍ഷക്കാലത്ത് കൃഷിയാവശ്യങ്ങൾക്കുതകുന്ന ഒപ്റ്റിക്കല്‍ റിമോട്ട് സെന്‍സിംഗ് ഡാറ്റാ ഉപയോഗിക്കുന്നതിലെ വലിയൊരു പ്രതിബന്ധമാണ്.
It can also reach our system when we click on a malicious advertisement on the Internet.,ഇൻ്റര്‍നെറ്റില്‍ ഒരു ദുഷിച്ച പരസ്യത്തില്‍ ക്ലിക്കു ചെയ്യുമ്പോഴും അത് നമ്മുടെ കമ്പ്യൂട്ടറില്‍ കടന്നുകയറാം.
"Seeing his cave threatened, he rushed out of the lair at Chillianwalla and, with a terrible stroke of his paw, mauled the enemy and made him bleed.",തന്‍റെ ഗുഹയ്ക്ക് ഭീഷണിയുണ്ടെന്നുകണ്ട് അവൻ ചില്ലിയന്‍വാലയിലുള്ള ആ മടയില്‍നിന്ന് പുറത്തേക്കുകുതിക്കുകയും കൈപ്പത്തിയുടെ ഒരു മാരകപ്രഹരത്തിലൂടെ ശത്രുവിനെ മാന്തിക്കീറുകയും അവനിൽനിന്ന് രക്തമൊഴുക്കുകയും ചെയ്തു.
"Taking them with him, Nana marched to Bithoor and threatened to attack Cawnpore.",അവരെ കൂടെക്കൂട്ടിക്കൊണ്ട് നാന ബിത്തൂരിലേക്ക് പടനീക്കം നടത്തുകയും കാണ്‍പൂര്‍ ആക്രമിക്കുമെന്ന് ഭീഷണിപ്പെടുത്തുകയും ചെയ്തു.
The Sheth and his clerks gathered around me.,ഷേത്തും അദ്ദേഹത്തിന്‍റെ ക്ലാര്‍ക്കുമാരും എനിക്കു ചുറ്റും കൂടി.
"After him, came Xerxes II for a short while.",അദ്ദേഹത്തിനു ശേഷം ഒരു ഹ്രസ്വകാലത്തേക്ക് സക്സീസ് രണ്ടാമന്‍ വന്നു.
The brothers were deeply attached to each other.,സഹോദരന്മാര്‍ പരസ്പരം അഗാധമായ മമതയുള്ളവരായിരുന്നു.
"I felt that if they agreed to the proposal, others could be persuaded to take the same line.",അവര്‍ ആ നിര്‍ദ്ദേശത്തിനോട് യോജിക്കുമെങ്കിൽ മറ്റുള്ളവരെയും അതേ നിലപാട് സ്വീകരിക്കാന്‍ പ്രേരിപ്പിക്കാനാകുമെന്ന് എനിക്കു തോന്നി.
The most dynamic element of the urban area is the various modes of transportation.,നഗരപ്രദേശത്തിന്‍റെ ഏറ്റവും ചലനാത്മകമായ അംശം വിവിധ തരത്തിലുള്ള ഗതാഗതസംവിധാനങ്ങളാണ്.
"The write-ahead-log protocol ensures that if a crash occurs, a recovery procedure can, by consulting the log, systematically find all completed and intended changes to cell storage and either restore those records to old values or set them to new values, as appropriate to the circumstance.",ഒരു ക്രാഷ് ഉണ്ടായാല്‍ ഒരു റിക്കവറി നടപടിയിലൂടെ ലോഗിനോട് ഒത്തുനോക്കി സെല്‍ സ്റ്റോറേജിലെ പൂര്‍ത്തീകരിച്ചതും ഉദ്ദേശിച്ചതുമായ മാറ്റങ്ങളെല്ലാം യഥാക്രമം കണ്ടെത്താനാകുമെന്നും ഈ റെക്കാര്‍ഡുകളെല്ലാം സാഹചര്യത്തിനനുസരിച്ച് പഴയ വാല്യൂകളിലേക്ക് റിസ്റ്റോർ ചെയ്യുവാനോ പുതിയ വാല്യൂകളിലേക്ക് സെറ്റ് ചെയ്യുവാനോ കഴിയുമെന്നും 'റൈറ്റ് എഹെഡ്‌ ലോഗ് പ്രോട്ടോകോള്‍' ഉറപ്പാക്കുന്നു.
"The trade-offs in gaining concurrency are first, that when there is more than one lock, more time is spent acquiring and releasing locks, and second, correctness arguments become more complex.","കണ്‍കറന്‍സി നേടാനുള്ള പകരംനൽകലുകളിൽ ആദ്യത്തേത്, ഒന്നിലേറെ ലോക്കുകള്‍ ഉണ്ടെങ്കില്‍ ലോക്കുകള്‍ നേടാനും റിലീസ് ചെയ്യാനും കൂടുതല്‍ സമയമെടുക്കും എന്നതും രണ്ടാമത്തേത് കൃത്യതാവാദങ്ങള്‍ കൂടുതല്‍ സങ്കീര്‍ണ്ണമാകുമെന്നതുമാണ്."
If the swimming facility is available then the life-saving technique of drowning can best be practiced by doing.,"നീന്തല്‍സൗകര്യം ഉണ്ടെങ്കില്‍, മുങ്ങിത്താഴുന്ന സമയത്തെ ജീവരക്ഷാവിദ്യകൾ ചെയ്തു തന്നെ ശീലിക്കാവുന്നതാണ് ."
The students should be encouraged to ask questions if they have any doubts about the procedure of first aid in swimming.,നീന്തലിലെ പ്രഥമശുശ്രൂഷയുടെ കാര്യക്രമത്തെക്കുറിച്ച് എന്തെങ്കിലും സംശയങ്ങളുണ്ടെങ്കില്‍ വിദ്യാർത്ഥികളെ ചോദ്യങ്ങള്‍ ചോദിക്കാന്‍ പ്രോത്സാഹിപ്പിക്കണം.
It was necessary to find out how far the spirit of national freedom had awakened among the Punjab Sepoys.,പഞ്ചാബി ശിപ്പായിമാരുടെയിടയില്‍ ദേശീയസ്വാതന്ത്ര്യബോധം എത്രകണ്ട് ഉണര്‍ന്നുകഴിഞ്ഞുവെന്ന് കണ്ടുപിടിക്കേണ്ടത് ആവശ്യമായിരുന്നു.
This sort of sublime forgiveness was not natural to my father.,ഇത്തരത്തിൽ ഉദാത്തമായവിധം മാപ്പ് കൊടുക്കുന്ന ശീലം എന്‍റെ പിതാവിന് സഹജമല്ലായിരുന്നു.
"This revolt pleased Sir Henry in a way, for now, he had with him a select and faithful army consisting of the English regiment and artillery and the two regiments of Sikhs and Hindusthanees, whose loyalty to the English had been proved by severe tests.","ഇപ്പോള്‍, തന്‍റെ കൂടെയുള്ളത്, ഒരു ഇംഗ്ലീഷ് റെജിമെൻ്റും പീരങ്കിപ്പടയും സിക്കുകാരുടെയും ഹിന്ദുസ്ഥാനികളുടെയും രണ്ട് റെജിമെൻ്റുകളും അടങ്ങിയ, വിശിഷ്ടവും വിശ്വസ്‌തവുമായതും കടുത്ത പരീക്ഷണങ്ങളിലൂടെ ഇംഗ്ലീഷുകാരോടുള്ള കൂറ് തെളിയിച്ചതുമായ ഒരു സൈന്യമാണെന്നതിനാൽ ഈ കലാപം സര്‍ ഹെന്‍റിയെ ഒരു വിധത്തില്‍ പ്രീതിപ്പെടുത്തി."
"Arms were arranged all around, breakfast was ready, the hungry mouths were chewing the first morsel; the cups of drink were filled ready.","ആയുധങ്ങൾ ചുറ്റും തയാറാക്കിവച്ചിരുന്നു, പ്രഭാതഭക്ഷണം തയ്യാറായിരുന്നു, വിശപ്പുള്ള വായകൾ ആദ്യത്തെ പിടി ചവയ്‌ക്കുകയായിരുന്നു; പാനീയപാത്രങ്ങൾ നിറച്ചുവച്ചിരുന്നു."
"You have earned your breakfast, British soldiers, by the sweat of your brow, not, by the free flow of blood from your bodies; so, enjoy your breakfast, with your commanders, in the cool shade of the mango groves!","ബ്രിട്ടീഷ് സൈനികരേ, നിങ്ങളുടെ ശരീരത്തിൽനിന്നും ധാരയായൊഴുകിയ രക്തംകൊണ്ടല്ല, നിങ്ങളുടെ പുരികങ്ങളിലെ വിയർപ്പിനാലാണ് നിങ്ങളീ പ്രഭാതഭക്ഷണത്തിന് അർഹരായിരിക്കുന്നത്; അതിനാൽ ഈ മാവിൻതോട്ടത്തിൻ്റെ കുളിരുള്ള നിഴലിൽ നിങ്ങളുടെ സൈന്യാധിപരുടെ കൂടെ പ്രഭാതഭക്ഷണം ആസ്വദിച്ചുകൊള്ളുക."
"You must have seen seeds growing into seedlings, which then grow and develop into plants, or pups growing into dogs, kittens into cats, and so on.",വിത്തുകള്‍ തൈകളായി വളരുന്നതും പിന്നെ ചെടികളായി വളര്‍ന്നു വികസിക്കുന്നതും പട്ടിക്കുട്ടികള്‍ പട്ടികളായി വളരുന്നതും പൂച്ചക്കുഞ്ഞുങ്ങള്‍ പൂച്ചകളാവുന്നതുമൊക്കെ നിങ്ങള്‍ തീര്‍ച്ചയായും കണ്ടിരിക്കും.
Boys are equally vulnerable to sexual abuse.,ആണ്‍കുട്ടികളും തുല്യ അളവില്‍ ലൈംഗികചൂഷണത്തിന് ഇരയായിത്തീരാം.
"While the lightning was working destruction at Jhansi, Banka, seeing that her sons were ready to unsheathe their swords for Swaraj, threatened them that, if they did unsheathe their swords, she would herself inform the Feringhis of their designs and advise the Feringhis to behead them!","ഝാന്‍സിയില്‍ മിന്നല്‍ നാശം വിതയ്ക്കുമ്പോള്‍, തന്‍റെ ആണ്മ‍ക്കള്‍ സ്വരാജിനായി വാള്‍ ഉറയില്‍ നിന്ന് ഊരാന്‍ തയ്യാറാണെന്ന് കണ്ട്, അവര്‍ വാള്‍ ഉറയില്‍നിന്നൂരിയാല്‍ അവരുടെ പദ്ധതികളെപ്പറ്റി താന്‍ തന്നെ പറങ്കികളെ അറിയിക്കുമെന്നും പറങ്കികളോട് അവരുടെ തലവെട്ടാന്‍ ഉപദേശിക്കുമെന്നും ബങ്ക അവരെ ഭീഷണിപ്പെടുത്തി."
"The filmmakers who were largely responsible for popularizing the stunt film were J. B. H. Wadia and his brother Homi Wadia, of Wadia Movietone.",വാഡിയ മൂവീറ്റോണിന്‍റെ ജെ.ബി.എച്ച് . വാഡിയയും അദ്ദേഹത്തിന്‍റെ സഹോദരന്‍ ഹോമി വാഡിയയുമായിരുന്നു അടിപിടിപ്പടങ്ങൾ ജനപ്രിയമാക്കാന്‍ പ്രധാനമായും കാരണക്കാരായ ചലച്ചിത്രകാരന്മാര്‍.
"They became the kings of this genre, starting with the railroad thriller TOOFAN MAIL (1932), which featured several fight sequences staged on the roof of a moving train.",ഓടുന്ന ഒരു തീവണ്ടിയുടെ മുകളില്‍ അവതരിപ്പിക്കപ്പെട്ട നിരവധി സംഘട്ടനപരമ്പരകൾ അടങ്ങിയ റെയില്‍വെ ത്രില്ലറായ തൂഫാന്‍ മെയിലില്‍ (1932) തുടങ്ങി അവ ഈ കലാരൂപത്തിന്‍റെ രാജാക്കന്മാരായി.
"Assamese cinema is cinema in the Assamese language, watched primarily in Assam, India.",പ്രാഥമികമായും ഇന്ത്യയിലെ ആസ്സാമില്‍ വീക്ഷിക്കപ്പെടുന്ന ആസ്സാമീസ് ഭാഷയിലെ സിനിമയാണ് ആസ്സാമീസ് സിനിമ.
Classic adaptations are less than transparent.,ക്ലാസ്സിക്കുകളുടെ പുനരാവിഷ്കരണങ്ങള്‍ അത്രതന്നെ സുതാര്യമല്ല.
"More crucially, a temporal sleight of hand and thus intention occurs.","കുറേക്കൂടി നിര്‍ണ്ണായകമായി,കാലികമായ ഒരു കയ്യടക്കവും അതോടെ ഉദ്ദേശ്യവും സംഭവിക്കുന്നു."
"They materialize the novel into something else and the result is a hybrid affair, a mixture of genres.",അവര്‍ നോവലിന് മറ്റൊരു ഭൗതികരൂപം നൽകുകയും ഒരു സങ്കരയിനമോ കലാരൂപങ്ങളുടെ ഒരു സങ്കലനമോ സംഭവിക്കുകയും ചെയ്യുന്നു.
FTII launched the first-ever Online Film Appreciation Course from 15th June to 11th July 2020.,2020 ജൂണ്‍ 15 മുതല്‍ ജൂലൈ 11 വരെ നീണ്ട ഒരു ഓണ്‍ലൈന്‍ ചലച്ചിത്രാസ്വാദനപാഠ്യപദ്ധതി എഫ്.റ്റി.ഐ.ഐ. ആദ്യമായി തുടങ്ങിവച്ചു.
"The course was organised in coordination with the National Film Archives of India, Pune.",പൂനെയിലെ നാഷണല്‍ ഫിലിം ആര്‍ക്കൈവ്‌സ് ഓഫ് ഇന്ത്യയുമായി സഹകരിച്ചാണ് പാഠ്യപദ്ധതി സംഘടിപ്പിച്ചത്.
"Clad in an olive-green chiffon saree, Fatma looked every bit the begum I'd imagined her to be.",ഒലീവ് പച്ച ഷിഫോണ്‍ സാരിയുടുത്ത ഫത്മ അടിമുടി എന്‍റെ സങ്കല്‍പ്പത്തിലുള്ള ബീഗമായിരുന്നു.
"His article, an excerpt from a forthcoming book, offers a vivid picture of the subterranean world of exploitation cinema.","പുറത്തുവരാനിരിക്കുന്ന ഒരു പുസ്തകത്തില്‍ നിന്നുള്ള ഒരു ഭാഗമായ ഈ ലേഖനം, ചൂഷകസിനിമയുടെ അന്തർലോകത്തിന്‍റെ സജീവമായ ഒരു ചിത്രം നല്‍കുന്നു."
Full feature-length colour and sound cartoons came into their own with his Snow White and the Seven Dwarfs (1937) which won a special Oscar.,ഒരു സ്പെഷ്യല്‍ ഓസ്കാര്‍ നേടിയ അദ്ദേഹത്തിന്‍റെ സ്നോ വൈറ്റ് ആൻഡ് ദി സെവൻ ഡ്വാർഫ്‌സ് (1937) എന്ന ചിത്രത്തോടെയാണ് ശബ്ദവും വർണ്ണവുമുള്ള മുഴുനീള കാര്‍ട്ടൂൺ സിനിമകൾ നിലവില്‍ വന്നത്.
"He argues that the soundtrack was, in essence, a ritualistic celebration of traditional archetypes.","സാരത്തില്‍, ആ ശബ്ദരേഖ പാരമ്പര്യ ആദിരൂപങ്ങളുടെ അനുഷ്ഠാനപരമായ ആഘോഷമായിരുന്നുവെന്ന് അദ്ദേഹം വാദിക്കുന്നു."
"In 1912, Dadasaheb Phalke produced the first Indian animation movie, which was followed by a hiatus that lasted over 40 years.",1912ല്‍ ദാദാ സാഹെബ് ഫാല്‍കെ ചലിക്കുന്ന ആദ്യത്തെ ഇന്ത്യന്‍സിനിമ നിര്‍മ്മിക്കുകയും അതേത്തുടര്‍ന്ന് നാല്‍പ്പതിലേറെ വര്‍ഷം നീണ്ടുനിന്ന ഒരു വിടവ്‌ ഉണ്ടാവുകയും ചെയ്തു.
"In 1956, the Films Division set up a cartoon film unit, where Clair Weeks, the veteran Disney animator, was invited to train students.",1956ല്‍ ഫിലിംസ് ഡിവിഷന്‍ ഒരു കാര്‍ട്ടൂണ്‍ ഫിലിം യൂണിറ്റ് ആരംഭിക്കുകയും അവിടെ വിദ്യാർത്ഥികളെ പരിശീലിപ്പിക്കാന്‍ ക്ലെയര്‍ വീക്സ്‌ എന്ന മുതിര്‍ന്ന ഡിസ്നി ആനിമേറ്ററെ ക്ഷണിക്കുകയും ചെയ്തു.
"Indian cinema is world famous for the staggering amount of films it produces: the number is constantly on the increase, and recent sources estimate that a total output of some 800 films a year are made in different cities including Madras, Bangalore, Calcutta and Hyderabad.","അമ്പരപ്പിക്കുന്നത്ര ചിത്രങ്ങള്‍ നിര്‍മ്മിക്കുന്നതില്‍ ലോകപ്രശസ്തമാണ് ഇന്ത്യന്‍ സിനിമ: എണ്ണം നിരന്തരം വര്‍ധിച്ചുവരുന്നുവെന്നു മാത്രമല്ല അടുത്തകാലത്തെ കണക്കുകള്‍ അനുസരിച്ച് മദ്രാസ്, ബാംഗ്ലൂര്‍, കല്‍ക്കട്ടാ, ഹൈദരബാദ് എന്നിവയുള്‍പ്പടെ വിവിധനഗരങ്ങളില്‍നിന്ന് ഒരു വര്‍ഷം ഏതാണ്ട് മൊത്തം 800 ചിത്രങ്ങള്‍ നിര്‍മ്മിക്കപ്പെടുകയും ചെയ്യുന്നു."
The two sister languages are spoken in six northern states and understood by over 500 million people on the Indian sub-continent alone reason enough for Hindi and Urdu to be chosen above the fourteen official Indian languages to become the languages of Indian Popular cinema when sound came to the Indian Silver screen in 1931.,"1931 ല്‍ ഇന്ത്യന്‍ വെള്ളിത്തിരയിലേക്ക് ശബ്ദം വന്നപ്പോള്‍ ഇന്ത്യന്‍ ജനപ്രിയസിനിമയുടെ ഭാഷകളായി മറ്റു പതിനാല് ഔദ്യോഗിക ഭാഷകള്‍ക്കുപരി ഹിന്ദിയും ഉറുദുവും തിരഞ്ഞെടുക്കപ്പെടാന്‍, ഈ രണ്ട് സഹോദര ഭാഷകളാണ് ആറു വടക്കന്‍ സംസ്ഥാനങ്ങളില്‍ സംസാരിക്കുന്നതും ഇന്ത്യന്‍ ഉപഭൂഘണ്ഡത്തിലെ 500 ദശലക്ഷത്തിലുപരി ആളുകള്‍ക്ക് മനസ്സിലാവുന്നതും എന്ന കാരണം മാത്രം മതിയല്ലോ."
"Indian cinema never understood composite sound, says K. Hariharan, an award-winning filmmaker and teacher from Chennai.",കോംപസിറ്റ് സൗണ്ട് എന്നത് ഇന്ത്യന്‍ സിനിമ ഒരിക്കലും മനസ്സിലാക്കിയിട്ടില്ലെന്ന് ചെന്നൈയില്‍ നിന്നുള്ള പുരസ്കാരങ്ങൾ നേടിയ ചലച്ചിത്രകാരനും അധ്യാപകനുമായ കെ. ഹരിഹരന്‍ പറയുന്നു.
"Indian cinema thus has more than a hundred years of history, like the European or American film industry.",യൂറോപ്പിലെയോ അമേരിക്കയിലെയോ സിനിമാവ്യവസായത്തെപ്പോലെ ഇന്ത്യന്‍ സിനിമയ്ക്ക് അങ്ങനെ നൂറിലേറെ വര്‍ഷത്തെ ചരിത്രമുണ്ട്.
"It is also worth labouring the point that this rethinking of film theory in the 1960s did not come via film criticism (as it did in the 1950s) but through other disciplines, namely structural linguistics and semiotics.","ഘടനാപരമായ ഭാഷാശാസ്ത്രം, ചിഹ്നശാസ്ത്രം തുടങ്ങിയ ശാസ്ത്രശാഖകളിലൂടെയാണ്, അല്ലാതെ സിനിമയുടെ പ്രത്യയശാസ്ത്രത്തെക്കുറിച്ച് 1960 കളിൽ സംഭവിച്ച ഈ പുനശ്ചിന്തനം, (1950 കളില്‍ സംഭവിച്ചതുപോലെ) സിനിമാവിമർശനത്തിൽക്കൂടെയായിരുന്നില്ല എന്ന കാര്യം കൂടുതൽ ചിന്തകൾക്ക് വിധേയമാക്കുന്നതും യുക്തമായിരിക്കും."
"This pattern would repeat itself in the 1970s with psychoanalysis and philosophy pushing the debate along, and then history in the 1980s.","മാനസികാപഗ്രഥനവും തത്ത്വശാസ്ത്രവും 1970കളിലും, അതിനുശേഷം ചരിത്രം 1980കളിലും ഈ ചർച്ചയെ മുന്നോട്ടു തള്ളിക്കൊണ്ട് ഈ മാതൃക സ്വയം ആവർത്തിക്കുകയായിരുന്നു."
More modern perspectives like the New Indian Cinema appear which aim to break with the traditional Bollywoodian aesthetics.,സാമ്പ്രദായിക ബോളിവുഡ് സൗന്ദര്യശാസ്ത്രവുമായി വഴിപിരിയുവാൻ ലക്ഷ്യമിടുന്ന നവഭാരതീയസിനിമ പോലെയുള്ള കൂടുതല്‍ ആധുനികമായ പരിപ്രേക്ഷ്യങ്ങൾ ദൃശ്യമാകുന്നു.
"The themes show the idea of a contemporary India where the west has been assimilated, but the tradition and the true essence of India as a diverse multilingual country are evident.",പടിഞ്ഞാറിനെ സ്വാംശീകരിച്ച വര്‍ത്തമാനകാല ഇന്ത്യ എന്ന ആശയത്തെയാണ് ഈ വിഷയങ്ങൾ അവതരിപ്പിക്കുന്നതെങ്കിലും വൈവിധ്യപൂര്‍ണ്ണവും ഭാഷാബഹുലവുമായ ഒരു രാജ്യമെന്ന നിലയില്‍ ഇന്ത്യയുടെ പാരമ്പര്യവും യഥാര്‍ത്ഥ സത്തയും സുവ്യക്തമാണ്.
"Nowadays, films gather the diversity of India through the influence of the classical epics of Sanskrit with recurrent themes like maternity and revenge, or trying to maintain the traditional values that conformed to the social hierarchy of India.",മാതൃത്വവും പ്രതികാരവും പോലുള്ള ആവര്‍ത്തിക്കുന്ന വിഷയങ്ങളുള്ള ശ്രേഷ്ഠ സംസ്കൃത മഹാകാവ്യങ്ങളുടെ സ്വാധീനത്തിലൂടെ ഇന്ത്യയുടെ നാനാത്വം ഇക്കാലത്ത് സിനിമകള്‍ ചേര്‍ത്തെടുക്കുകയോ ഇന്ത്യയുടെ സമൂഹിക അധികാരശ്രേണിയോട് പൊരുത്തപ്പെടുന്ന സാമ്പ്രദായിക മൂല്യങ്ങള്‍ സംരക്ഷിക്കുവാൻ ശ്രമിക്കുകയോ ചെയ്യുന്നു.
"This influence is also felt in the narrative structure of films, often with digressions that make Indian films too long for the western audience.",പാശ്ചാത്യപ്രേക്ഷകര്‍ക്ക്‌ പലപ്പോഴും വല്ലാതെ ദൈര്‍ഘ്യമേറിയതായി തോന്നുംവിധത്തിലുള്ള ഇന്ത്യൻ സിനിമകളുടെ കഥാധാരയിൽനിന്നുള്ള വ്യതിചലനങ്ങളടങ്ങിയ ഈ ആഖ്യാനഘടനയിലും ഈ സ്വാധീനം അനുഭവപ്പെടുന്നു.
We naturally accept this narrative convention of an exclusively male point of view.,മറ്റെല്ലാം ഒഴിവാക്കുംവിധം പുരുഷകേന്ദ്രിതമായ ഈ ആഖ്യാനത്തിൻ്റെ കീഴ്വഴക്കം നാം സ്വാഭാവികമായി സ്വീകരിച്ചുപോരുന്നു.
"Since the commencement of academic courses in 1960, the Institute has regularly upgraded the pedagogic curriculum, enriched the quality of cinematic learning, and augmented the infrastructure to realize its mandate of being truly a centre of excellence.","1960 കളില്‍ അക്കാദമിക പാഠ്യക്രമം ആരംഭിച്ചതുമുതല്‍ ഇന്‍സ്റ്റിട്ട്യൂട്ട് പാഠ്യസമ്പ്രദായം ക്രമമായി മെച്ചപ്പെടുത്തുകയും, സിനിമാവിഷയകമായ പഠനത്തിന്‍റെ ഗുണനിലവാരം സമ്പന്നമാക്കുകയും, യഥാര്‍ത്ഥത്തില്‍ ഒരു മികവിന്‍റെ കേന്ദ്രമായി മാറാനുള്ള മേലധികാരികളുടെ നിർദ്ദേശം നിറവേറ്റാനുതകുന്ന അടിസ്ഥാനസൗകര്യങ്ങള്‍ വര്‍ധിപ്പിക്കുകയും ചെയ്തുപോന്നു."
The Institute has crossed many milestones towards a new paradigm in the art and craft of filmmaking.,സിനിമാ നിര്‍മ്മാണത്തിന്‍റെ കലയിലും വൈദഗ്ധ്യത്തിലും ഒരു നവമാതൃകയിലേക്കുള്ള പല നാഴികക്കല്ലുകള്‍ ഈ ഇന്‍സ്റ്റിട്ട്യൂട്ട് കടന്നുകഴിഞ്ഞിരിക്കുന്നു.
"Taking the historical development as the chronological point of departure of the development of Indian narratives in English helps us to shed light onto the sphere of the cinematic production of India, which is considered among the so-called other cinemas or cinemas of other countries, with the marginality implied in these terms.","ഇംഗ്ലീഷില്‍ ഉള്ള ഭാരതീയാഖ്യാനങ്ങളുടെ വികാസത്തിന്‍റെ ദിശാവ്യതിയാനത്തിന്‍റെ കാലബിന്ദുവായിചരിത്രപരമായ വികാസത്തെ എടുക്കുന്നത്, പാര്‍ശ്വവല്‍ക്കരണം സൂചിപ്പിച്ചുകൊണ്ട് അപരസിനിമ എന്നോ മറ്റു രാജ്യങ്ങളിലെ സിനിമ എന്നോ കണക്കാക്കപ്പെടുന്ന ഇന്ത്യയിലെ സിനിമാനിര്‍മ്മാണത്തിന്‍റെ ലോകത്തേക്ക് വെളിച്ചം വീശാന്‍ സഹായിക്കും."
"The dialogue was presented through inter-titles, which were often in English, and two or three Indian languages.",പലപ്പോഴും ഇംഗ്ലീഷിലും രണ്ടോ മൂന്നോ ഇന്ത്യന്‍ ഭാഷകളിലുമായിരുന്ന ഇൻ്റര്‍ ടൈറ്റിലുകള്‍ വഴി സംഭാഷണം അവതരിപ്പിക്കപ്പെട്ടിരുന്നു.
"Sweeping economic changes, the onset of satellite television, increased access to more western sounds and production techniques, greater formal distribution and exhibition of Hindi cinema around the world, all come into play significantly.","വ്യാപകമായ സാമ്പത്തിക മാറ്റങ്ങൾ, സാറ്റലൈറ്റ് ടെലിവിഷന്‍റെ ആവിര്‍ഭാവം, പാശ്ചാത്യ ശബ്ദങ്ങളുടെയും നിര്‍മ്മാണ സാങ്കേതിക വിദ്യകളുടെയും കൂടിയ ലഭ്യത, ഹിന്ദി സിനിമകളുടെ ഔപചാരികമായ വിതരണത്തിൻ്റെയും പ്രദർശനത്തിൻ്റെയും വർദ്ധനവ് എന്നിവയെല്ലാം നിര്‍ണ്ണായകമായ പങ്കു വഹിക്കുന്നു."
"In these hands, the cinema lost much of its visual character and was turned into a literary and wordy product.",ഈ കരങ്ങളില്‍ സിനിമയ്ക്ക് അതിന്‍റെ ദൃശ്യസ്വഭാവം മിക്കതും നഷ്ടമാകുകയും അതൊരു സാഹിത്യാത്മകവും പദനിബിഡവുമായ ഉത്പന്നമാവുകയും ചെയ്തു.
"Sometimes there was only a piano accompaniment, but there were several films where a violin, a harmonium, tablas and other musical instruments could be added.",ചിലപ്പോള്‍ ഒരു പിയാനോ മാത്രമാണ് അകമ്പടിയായി ഉണ്ടായിരുന്നതെങ്കിലും പല സിനിമകളിലും വയലിനോ ഹാര്‍മോണിയമോ തബലയോ മറ്റു സംഗീതോപകരണങ്ങളോ കൂട്ടിച്ചേർക്കാൻ കഴിയുമായിരുന്നു.
The score was live and helped to dramatise the narrative.,സംഗീതം തത്സമയം നൽകപ്പെട്ടതും ആഖ്യാനത്തെ നാടകീകരിക്കാന്‍ സഹായിക്കുന്നതും ആയിരുന്നു.
"The stunt film and the adventure action film did not appeal to everyone: the educated classes saw them as populist, vulgar and a corrupting influence.",അടിപിടിപ്പടവും വീരസാഹസിക ചിത്രവും എല്ലാവര്‍ക്കും രുചിച്ചില്ല: വിദ്യാസമ്പന്നരായ ജനങ്ങള്‍ അവയെ ജനപ്രീതി ലക്ഷ്യമിട്ടുള്ളതും അസംസ്‌കൃതവും കളങ്കപ്പെടുത്തുന്ന ഒരു സ്വാധീനവുമായി കണ്ടു.
This division in film styles is why distributors and producers continue to see films as being of two main categories: films for the classes and films for the masses.,ചലച്ചിത്രശൈലികളിലെ ഈ തരംതിരിവുകാരണം വിതരണക്കാരും നിര്‍മ്മാതാക്കളും ചിത്രങ്ങളെ രണ്ട് വിഭാഗങ്ങളിൽപ്പെട്ടവയായി കാണുന്നത് തുടരുന്നു: ഉയർന്ന ശ്രേണിയിൽപ്പെട്ടവർക്കുള്ള ചിത്രങ്ങളും ജനക്കൂട്ടങ്ങൾക്കുള്ള ചിത്രങ്ങളും.
The winter edition of the Film Appreciation Course was launched on 23rd November 2020.,ചലച്ചിത്രാസ്വാദനപഠനപദ്ധതിയുടെ ഈ ശൈത്യകാലപ്പതിപ്പ് 2020 നവംബർ 23നാണ് ഉദ്ഘാടനം ചെയ്യപ്പെട്ടത്.
"Thus, our focus shifts from a desire to know the times the novel is referring to in socio-economic or political terms, to a desire to see the times (in terms of costume and decor).",അങ്ങനെ നമ്മുടെ ശ്രദ്ധ സാമൂഹികമോ സാമ്പത്തികമോ രാഷ്ട്രീയമോ ആയ അര്‍ത്ഥത്തില്‍ നോവല്‍ സൂചിപ്പിക്കുന്ന കാലത്തെ അറിയാനുള്ള ആഗ്രഹത്തില്‍നിന്നു മാറി (വസ്ത്രധാരണത്തിലും അലങ്കാരത്തിലും) ആ കാലത്തെ കാണാനുള്ള ആഗ്രഹത്തിലെത്തുന്നു.
Its alumni have been earning recognition regularly through their mastery over film-making.,അവിടുത്തെ പൂര്‍വവിദ്യാര്‍ത്ഥികള്‍ സിനിമാനിര്‍മാണത്തിലെ തങ്ങളുടെ വൈഭവം വഴി പതിവായി അംഗീകാരം നേടിവരുന്നു.
"With state-of-the-art facilities, FTII provides a creative ambiance to inspire budding filmmakers with an innovative language of artistic expression.",അത്യാധുനിക സൗകര്യങ്ങളുള്ള എഫ്.ടി.ഐ.ഐ. കലാത്മകമായ ആവിഷ്കാരത്തിന്‍റെ നവഭാഷയുമായി വളര്‍ന്നുവരുന്ന ചലച്ചിത്രകാരന്മാരെ പ്രചോദിപ്പിക്കാനുള്ള സര്‍ഗ്ഗാത്മകമായ ഒരന്തരീക്ഷം ലഭ്യമാക്കുന്നു.
"What drives us, the audience, is a nostalgia for the present times of the novel, the lived moment of Austen's heroines, or Pagnol's and Forster's characters, our imagined past, not that of the original text for which that present time represents unwanted change.","അനുവാചകരായ നമ്മെ പ്രചോദിപ്പിക്കുന്നത് നോവലിലെ വര്‍ത്തമാനകാലത്തെക്കുറിച്ചും, ഓസ്റ്റിന്‍റെ നായികമാരുടെയും പാഗ്നോളിന്‍റെയും, ഫോസ്റ്ററുടെയും കഥാപാത്രങ്ങളുടെയും ജീവത്തായ നിമിഷങ്ങളെക്കുറിച്ചും, നമ്മുടെ സങ്കൽപ്പത്തിലുള്ള ഭൂതകാലത്തെക്കുറിച്ചും, തോന്നുന്ന ഗൃഹാതുരത്വമാണ്, അല്ലാതെ അനാവശ്യമായ മാറ്റം പ്രതിനിധീകരിക്കുന്ന മൂലകൃതിയിലെ വര്‍ത്തമാനകാലമല്ല."
A pedon is morphologically described in the field and sampled for laboratory investigations for their characterization and classification.,സ്ഥലത്തുനിന്നെടുക്കുന്ന ഒരു മൺകട്ടയെ അതിൻ്റെ രൂപത്തിനും ഘടനയ്ക്കുമനുസരിച്ച് വിവരിക്കുകയും സ്വഭാവനിർണ്ണയത്തിനും തരംതിരിക്കലിനുമായി ലബോറട്ടറി പരീക്ഷണങ്ങള്‍ക്ക്‌ സാമ്പിള്‍ ആക്കുകയും ചെയ്യുന്നു.
"The delineated units on a map will be given a specific symbol, colour and name.","ഒരു ഭൂപടത്തിലെ നിര്‍ദ്ദിഷ്ട യൂണിറ്റുകള്‍ക്ക് പ്രത്യേക പ്രതീകം, നിറം, പേര് എന്നിവ നല്‍കപ്പെടും."
Thornthwaite and Mather model is widely used for computing water balance.,തോണ്‍ത്വെയ്റ്റ് ആന്‍ഡ് മാതര്‍ മാതൃകയാണ് വാട്ടർ ബാലൻസ് കണക്കാക്കാന്‍ വ്യാപകമായി ഉപയോഗിക്കുന്നത്.
"Above 60 miles (100 km) from Earth's surface, the chemical composition of air becomes strongly dependent on altitude and the atmosphere becomes enriched with lighter gases (atomic oxygen, helium and hydrogen).","ഭൗമോപരിതലത്തില്‍നിന്ന് 60 മൈല്‍ (100 കിലോമീറ്റര്‍) ഉയരത്തില്‍ വായുവിന്‍റെ രാസഘടന ഉയരത്തെ ശക്തമായി ആശ്രയിക്കുകയും അന്തരീക്ഷം (അണുരൂപത്തിലുള്ള ഓക്സിജന്‍, ഹീലിയം, ഹൈഡ്രജന്‍ എന്നീ) ഭാരം കുറഞ്ഞ വാതകങ്ങളാല്‍ സമ്പന്നമാവുകയും ചെയ്യും."
Climate change will make some agricultural areas more suitable for production and other areas less so.,കാലാവസ്ഥാവ്യതിയാനം ചില കാര്‍ഷികമേഖലകളെ ഉത്പാദനത്തിനു കൂടുതല്‍ യോജ്യവും മറ്റു ചിലവയെ യോഗ്യത കുറഞ്ഞവയും ആക്കും.
The type of information collected can range from detailed notes describing a site to a photograph of the site.,"ശേഖരിക്കുന്ന അറിവുകളുടെ തരം, ആ ഇടത്തെക്കുറിച്ചുള്ള വിശദമായ കുറിപ്പുകൾ മുതൽ അതിൻ്റെ ഫോട്ടോവരെയാകാം."
"During March, heat wave conditions were observed in most places, with Severe Heat wave conditions at isolated places occurring over West Rajasthan during 29-31 March.",മാർച്ച് മാസത്തിൽ മിക്കയിടങ്ങളിലും ഉഷ്ണതരംഗസാഹചര്യങ്ങള്‍ നിരീക്ഷിക്കപ്പെടുകയും പടിഞ്ഞാറന്‍ രാജസ്ഥാനിലെ ഒറ്റപ്പെട്ട സ്ഥലങ്ങളില്‍ 29 മുതൽ 31 വരെയുള്ള തീയതികളിൽ കടുത്ത ഉഷ്ണതരംഗസാഹചര്യങ്ങള്‍ ഉണ്ടാവുകയും ചെയ്തു.
"Even in radiometrically corrected scene composites, some noise will remain.",റേഡിയോമെട്രിക് സംവിധാനം ഉപയോഗിച്ച് തിരുത്തിയ സീൻ കോമ്പസിറ്റുകളിലും കുറച്ച് ശബ്ദം അവശേഷിക്കും.
"The most important sources are local atmospheric effects, such as haze, smoke, or cumulus clouds in an otherwise clear-sky scene.","മൂടല്‍മഞ്ഞ്, പുക, സ്വതവേ തെളിഞ്ഞ ആകാശത്തിലെ വേനൽക്കാലമേഘങ്ങൾ തുടങ്ങിയ പ്രാദേശിക അന്തരീക്ഷാവസ്ഥകളാണ് ഏറ്റവും പ്രധാനപ്പെട്ട സ്രോതസ്സുകൾ."
"For these reasons, research in recent years has emphasised the use of image composites.",ഈ കാരണങ്ങള്‍ കൊണ്ട് അടുത്ത കാലത്തെ ഗവേഷണം ഇമേജ് കോമ്പോസിറ്റ്സിൻ്റെ ഉപയോഗത്തിൽ ഊന്നല്‍ നല്‍കുന്നു.
High relative humidities in the lower and middle troposphere are also required for cyclone development.,ട്രോപോസ്ഫിയറിൻ്റെ താഴെത്തേയും മദ്ധ്യത്തേയും വിതാനങ്ങളിലെ ഉയർന്ന ആപേക്ഷിക ആർദ്രതയും ചുഴലിക്കാറ്റ് രൂപം കൊള്ളുന്നതിന് ആവശ്യമാണ്‌.
"Similarly, forest land that is currently dominated by lower-valued species may become more valuable in the future, and vice versa.","അതുപോലെ, ഇപ്പോള്‍ മൂല്യം കുറഞ്ഞ ജീവിവര്‍ഗ്ഗങ്ങള്‍ നിറഞ്ഞ വനഭൂമി ഭാവിയില്‍ കൂടുതല്‍ മൂല്യവത്തായും തിരിച്ചും മാറാം."
"However, this approach is fundamentally limited because the probability of cloud-free scenes decreases as the area covered by one scene increases.","എന്നിരുന്നാലും, ഓരോ ദൃശ്യത്തിലും ഉള്‍പ്പെടുന്ന വിസ്തൃതി കൂടുംതോറും മേഘമില്ലാത്ത ദൃശ്യങ്ങള്‍ കിട്ടാനുള്ള സാദ്ധ്യത കുറഞ്ഞുവരുന്നതിനാല്‍ ഈ സമീപനം അടിസ്ഥാനപരമായി പരിമിതമാണ്."
"In this direction, an attempt has been made to calibrate soil properties to soil reflectance using the Multivariate Adaptive Regression Splines (MARS).","ഈ ദിശയില്‍, മൾട്ടിവേരിയേറ്റ്‌ അഡാപ്റ്റീവ്‌ റിഗ്രഷൻ സ്പ്ലൈൻസ്‌ (എം.എ.ആര്‍.എസ്.) ഉപയോഗിച്ച് മണ്ണിന്‍റെ സ്വഭാവവും സോയില്‍ റിഫ്ലെക്റ്റന്‍സും തമ്മിൽ ഒത്തുനോക്കാൻ ഒരു ശ്രമം നടന്നിട്ടുണ്ട്."
"It relies on the interpreter to employ visual cues such as tone, texture, shape, pattern, and relationship to other objects to identify the different land cover classes.","വിവിധ ഭൗമോപരിതല വിഭാഗങ്ങളെ നിര്‍ണ്ണയിക്കാന്‍ നിറം, പ്രതലഘടന, ആകൃതി, പാറ്റേൺ, മറ്റു വസ്തുക്കളോടുള്ള ബന്ധം, എന്നീ ദൃശ്യ സൂചനകള്‍ ഉപയോഗിക്കേണ്ട ചുമതല വ്യാഖ്യാതാവിനാണ്."
About 45% of the annual rainfall of this subdivision (about 60% for coastal regions) is accounted for by the rainfall during this period.,ഈ സബ് ഡിവിഷനിലെ വാര്‍ഷിക വര്‍ഷപാതത്തിന്‍റെ ഏതാണ്ട് 45% (തീരദേശത്താണെങ്കില്‍ ഏതാണ്ട് 60% ) ഈ കാലയളവിലെ മഴ മൂലമാണ്.
"While salinization is mostly associated with coastal areas and younger alluvial plains, alkalization happens mostly in inland and older alluvial plains.","ലവണാംശം കൂടുന്നത് പ്രധാനമായും തീരപ്രദേശങ്ങളിലും ഇളപ്പമായ എക്കല്‍സമതലങ്ങളിലും ആണെങ്കില്‍, ക്ഷാരാംശം കൂടുന്നത് മിക്കവാറും ഉള്‍പ്രദേശങ്ങളിലും മൂപ്പുള്ള എക്കല്‍സമതലങ്ങളിലും ആയിരിക്കും."
"Adaptation strategies include banning new construction in vulnerable areas with a high risk of flooding, minimizing flashy runoff from impervious surfaces, changing the requirements for stormwater retention structures in new developments, and protecting wetlands that buffer runoff from heavy rainstorms.","ഇണങ്ങിച്ചേരല്‍ തന്ത്രങ്ങളില്‍ വെള്ളപ്പൊക്കത്തിനുള്ള അപകടസാദ്ധ്യത കൂടിയദുർബലപ്രദേശങ്ങളില്‍ പുതിയ നിര്‍മ്മിതികള്‍ നിരോധിക്കുക, വെള്ളം കിനിഞ്ഞിറങ്ങാത്ത പ്രതലങ്ങളില്‍ നിന്ന് പൊടുന്നനെയുള്ള കുത്തൊഴുക്ക് കുറയ്ക്കുക, പുതിയ വികസനമേഖലകളില്‍ പേമാരിപ്പെയ്ത്തുവെള്ളം സംഭരിക്കുവാനുള്ള ബാധ്യതകള്‍ മാറ്റിയെടുക്കുക, കൊടിയ പേമാരിയില്‍ നിന്നുള്ള കുത്തൊഴുക്ക് ഉൾക്കൊള്ളുന്ന നീര്‍ത്തടങ്ങള്‍ സംരക്ഷിക്കുക തുടങ്ങിയവ ഉള്‍പ്പെടുന്നു."
"Land use planning should reduce urban heat effects through the maintenance of green areas, and the use of different building materials.",ഭൂവിനിയോഗത്തിന്‍റെ ആസൂത്രണം ഹരിതമേഖലകളുടെ സംരക്ഷണംകൊണ്ടും വ്യത്യസ്തമായ നിര്‍മ്മാണസാമഗ്രികൾ ഉപയോഗിച്ചുകൊണ്ടും നഗരതാപത്തിന്‍റെ പ്രഭാവം കുറയ്ക്കണം.
"With its deep ravines, cascading waterfalls and thick teak forests, Panna National Park is predominantly a plateau, with sprawling flatlands punctuated by hills, deep valleys and gorges.","ആഴമുള്ള മലയിടുക്കുകള്‍, വെള്ളച്ചാട്ടങ്ങള്‍, ഇടതിങ്ങിയ തേക്കിന്‍കാടുകള്‍ എന്നിവ ചേര്‍ന്ന പന്ന ദേശീയോദ്യാനം പ്രധാനമായും കുന്നുകളും ആഴമുള്ള താഴ്വരകളും മലയിടുക്കുകളും ഇടകലർന്ന വിസ്തൃതമായ സമതലങ്ങള്‍ അടങ്ങിയ ഒരു പീഠഭൂമിയാണ്."
"Major factors affecting water quality are suspended sediments, algae, chemicals, dissolved organic matter (DOM), thermal releases, aquatic vascular plants, pathogens, and oils.","പൊങ്ങിക്കിടക്കുന്ന ഖരപദാര്‍ത്ഥ കണികകള്‍, ആല്‍ഗകള്‍, രാസവസ്തുക്കള്‍, ലയിച്ചു ചേര്‍ന്ന ഓര്‍ഗാനിക് വസ്തുക്കള്‍ (ഡി.ഒ.എം.), തെര്‍മല്‍ റിലീസുകള്‍, വാസ്കുലാര്‍ ജലസസ്യങ്ങള്‍, പാതോജെനുകള്‍, എണ്ണകള്‍ എന്നിവയാണ് ജലത്തിന്‍റെ ഗുണനിലവാരത്തെ ബാധിക്കുന്ന പ്രധാന ഘടകങ്ങള്‍."
"Some of these parameters, like suspended sediments, algae, DOM, oils, aquatic vascular plants, and thermal releases, directly influence the energy spectra and hence can be measured by remote sensing techniques.","ഈ മാനദണ്ഡങ്ങളില്‍ ചിലതായ പൊങ്ങിക്കിടക്കുന്ന ഖരകണികകൾ, ആല്‍ഗകള്‍, ഡി.ഒ.എം., എണ്ണകള്‍, വാസ്കുലാര്‍ ജലസസ്യങ്ങള്‍, തെര്‍മല്‍ റിലീസുകള്‍, എന്നിവ എനര്‍ജി സ്പെക്ട്രത്തെ നേരിട്ടു ബാധിക്കുന്നതിനാല്‍ അവ റിമോട്ട് സെന്‍സിംഗ് സാങ്കേതിക വിദ്യകള്‍ ഉപയോഗിച്ച് അളക്കാനാവും."
Removal of topsoil while mining for precious metals and affecting its surrounding agricultural fields is another dimension of land degradation.,"അമൂല്യലോഹങ്ങൾക്കായി ഖനനം ചെയ്യുമ്പോൾ മേൽമണ്ണ് നീക്കം ചെയ്യുന്നതും, അതിൻ്റെ ചുറ്റുമുള്ള കൃഷിഭൂമിയെ ബാധിക്കപ്പെടുന്നതും ഭൂമിയുടെ ഗുണനിലവാരശോഷണത്തിൻ്റെ മറ്റൊരു തലമാണ്."
Removing plant residues also reduces soil organic matter content.,സസ്യാവശിഷ്ടങ്ങൾ നീക്കുന്നത് മണ്ണിലെ ജൈവാംശം കുറക്കുകയും ചെയ്യും.
Salinization and alkalization are problems in semiarid and arid areas.,ലവണവൽക്കരണവും ക്ഷാരവൽക്കരണവും അർധ ഊഷരവും ഊഷരവുമായ പ്രദേശങ്ങളിലെ പ്രശ്നങ്ങളാണ്.
Each group of soils is typified by a pedon or their association.,മണ്ണിന്‍റെ ഓരോ തരവും അതിലെ ഒരു മൺകട്ട ഉപയോഗിച്ചോ അവയുടെ കൂട്ടായ്മ അനുസരിച്ചോ വര്‍ഗ്ഗീകരിക്കുന്നു.
"Soil mapping comprises the identification, description and delineation of different kinds of soils based on physiography, climate and vegetation of the area, confirmation through fieldwork and laboratory data and depicting on a standard base map.","ഫിസിയോഗ്രഫി, പ്രദേശത്തെ കാലാവസ്ഥ, സസ്യജാലങ്ങള്‍, ഫീല്‍ഡ് വര്‍ക്കിലൂടെയുള്ള സ്ഥിരീകരണം, ലബോറട്ടറി ഡാറ്റാ എന്നിവയും ഒരു മാനക അടിസ്ഥാന മാപ്പിലൂടെയുള്ള ചിത്രീകരണവും അടിസ്ഥാനമാക്കി വിവിധയിനം മണ്ണുകളുടെ തിരിച്ചറിയലും വിവരണവും രേഖീകരണവും ഉള്‍പ്പെട്ടതാണ് സോയില്‍ മാപ്പിംഗ്."
This will increase stress on natural ecosystems.,ഇത് സ്വാഭാവിക ആവാസവ്യവസ്ഥയ്ക്കുമേലുള്ള സമ്മർദ്ദം വർദ്ധിപ്പിക്കും.
"Therefore, comprehensive information on soil resources, and their potential/limitations/capabilities, is required for a variety of purposes such as command area development, soil conservation in catchment areas, sustainable agriculture, watershed management, reclamation of degraded lands, etc.","അതിനാൽ കമാന്‍ഡ് ഏരിയ ഡെവലപ്മെൻ്റ്, വൃഷ്ടി പ്രദേശത്തെ മണ്ണുസംരക്ഷണം, സ്ഥിരതയുള്ള കൃഷി, നീർത്തട മാനേജ്മെൻ്റ്, ഗുണമേന്മ നഷ്ടപ്പെട്ട ഭൂമിയുടെ വീണ്ടെടുക്കല്‍ തുടങ്ങിയ വിവിധ ഉദ്ദേശ്യങ്ങള്‍ക്ക് മണ്‍വിഭവസമ്പത്തിനെക്കുറിച്ചും അവയുടെ സാദ്ധ്യത/പരിമിതികള്‍/ശേഷികള്‍ എന്നിവയെക്കുറിച്ചും സമഗ്രമായ വിവരം ആവശ്യമുണ്ട്."
This review is not exhaustive and only serves to highlight ways in which present techniques are complemented by those models that combine cellular and agent-based models.,ഈ പുനരവലോകനം സമഗ്രമായതല്ല എന്ന് മാത്രമല്ല അത് സെല്ലുലാറും ഏജൻ്റ് അധിഷ്ഠിതവുമായ മാതൃകകളെ കൂട്ടിച്ചേർക്കുന്ന തരം മാതൃകകളാൽ ഇപ്പോഴത്തെ സാങ്കേതികവിദ്യകൾ പൂർത്തീകരിക്കപ്പെടുന്ന വഴികളെ എടുത്തുകാണിക്കാൻ മാത്രം ഉതകുന്നതുമാണ്.
"If the land cover delineations are done on a computer screen, the land cover map is created during the delineation process.",ഭൂമിയുടെ ഉപരിതലപ്രകൃതിയുടെ രേഖീകരണം കമ്പ്യൂട്ടർ സ്‌ക്രീനിലാണ് ചെയ്യുന്നതെങ്കിൽ രേഖീകരണപ്രക്രിയയുടെ സമയത്ത് ഉപരിതലപ്രകൃതിയുടെ ഭൂപടം സൃഷ്ടിക്കപ്പെടുന്നു.
The analyst views the image on either a computer screen or a hard-copy printout and then draws a polygon around areas that are identified as a particular land cover type.,ആ വിശകലനവിദഗ്‌ധന്‍ ചിത്രത്തെ കമ്പ്യൂട്ടര്‍ സ്ക്രീനിലോ കടലാസിലെ പ്രിൻറൗട്ടിലോ കാണുകയും ഒരു പ്രത്യേക തരം ഉപരിതലപ്രകൃതി നിര്‍ണ്ണയിക്കപ്പെട്ടവയ്ക്ക് ചുറ്റും ഒരു ബഹുഭുജക്ഷേത്രം വരയ്ക്കുകയും ചെയ്യുന്നു.
This increase in temperature is due to the absorption of intense solar radiation by the limited amount of remaining molecular oxygen.,അവശേഷിക്കുന്ന പരിമിതമായ അളവിലുള്ള മോളിക്കുലാർ ഓക്സിജനിൽനിന്നുള്ള തീവ്രമായ സൗരവികിരണത്തിൻ്റെ ആഗിരണമാണ് ഈ താപവർദ്ധനവിൻ്റെ കാരണം.
Temperature and water vapor content in the troposphere decrease rapidly with altitude.,ഉയരം കൂടുന്തോറുംട്രോപോസ്ഫിയറിലെ താപവും നീരാവിയുടെ അംശവും കുറഞ്ഞുവരുന്നു.
Water vapor plays a major role in regulating air temperature because it absorbs solar energy and thermal radiation from the planet's surface.,ഭൂമിയുടെ ഉപരിതലത്തിൽനിന്നുള്ള സൗരോർജ്ജവും താപവികിരണവും ആഗിരണം ചെയ്യുന്നു എന്നതിനാൽ വായുവിൻ്റെ താപനില ക്രമീകരിക്കുന്നതിൽ നീരാവി ഒരു പ്രധാനപങ്ക് വഹിക്കുന്നു.
The water balance is useful for predicting some of the human impacts on the hydrologic cycle.,ഹൈഡ്രോലോജിക് ചാക്രികത്തിനുമേലുള്ള മാനുഷികാഘാതങ്ങളിൽ ചിലവയെ പ്രവചിക്കാൻ വാട്ടർ ബാലൻസ് സഹായകമാണ്.
Then it increases gradually up to the stratopause.,പിന്നെ അത് സാവധാനം സ്ട്രാറ്റോപോസ് വരെ വർദ്ധിക്കുന്നു.
"It degrades an area by two processes, namely frost heaving and frost shattering.","ഫ്രോസ്റ്റ് ഹീവിംഗ്, ഫ്രോസ്റ്റ് ഷാറ്റെറിംഗ് എന്നീ രണ്ട് പ്രക്രിയകളിലൂടെ അത് ഒരു ഭൂപ്രദേശത്തിൻ്റെ ഗുണനിലവാരം കുറയ്‌ക്കുന്നു."
The soil reflectance data can be acquired in the laboratory or in the field and from air/space.,സോയില്‍ റിഫ്ലക്റ്റന്‍സ് ഡാറ്റ ലബോറട്ടറിയില്‍ നിന്നോ ഫീല്‍ഡില്‍ നിന്നോ വായുവില്‍ നിന്നോ അന്തരീക്ഷത്തില്‍ നിന്നോ നേടാവുന്നതാണ്.
Manas is situated along the foothills of Himalayas in the north eastern state of Assam.,വടക്കുകിഴക്കന്‍ സംസ്ഥാനമായ ആസമിലുള്ള മാനസ് ഹിമാലയത്തിന്‍റെ താഴ്വാരക്കുന്നുകളുടെ ഓരത്തായി സ്ഥിതിചെയ്യുന്നു.
"In the political environment, however, other influences also shape decision-making, including cultures, beliefs, societal interests and competition between parties.","എന്നിരുന്നാലും ഈ രാഷ്ട്രീയ അന്തരീക്ഷത്തിൽ, സംസ്‌കാരങ്ങൾ, വിശ്വാസങ്ങൾ, സാമൂഹിക താല്പര്യങ്ങൾ, പാർട്ടികൾ തമ്മിലുള്ള മത്സരം തുടങ്ങിയ മറ്റ് സ്വാധീനങ്ങളും തീരുമാനമെടുക്കലിനെ രൂപപ്പെടുത്തുന്നുണ്ട്."
"Normally, Calling Attention is taken up after the completion of the Question Hour and the laying of papers on the Table of the House and before any other item on the List of Business is taken up.",ചോദ്യോത്തരവേള പൂർത്തിയാക്കിയതിനും രേഖകൾ മേശപ്പുറത്ത് വെച്ചതിനും ശേഷം കാര്യവിവരപ്പട്ടികയിലുള്ള മറ്റേതെങ്കിലും ഇനം എടുക്കുന്നതിന് മുമ്പാണ് സാധാരണയായി ശ്രദ്ധ ക്ഷണിക്കലിലേക്ക് കടക്കുക.
"Hence, we have to be ready for collective action and mutual cooperation to combat the pandemic and mobilise resources for a humanitarian response based on multilateralism.",അതിനാൽ മഹാമാരിയെ നേരിടാൻ സംയോജിത പ്രവർത്തനങ്ങൾക്കും പരസ്പര സഹകരണത്തിനും നമ്മൾ തയ്യാറായിരിക്കുകയും ബഹുമുഖപങ്കാളിത്തത്തിൻ്റെ അടിസ്ഥാനത്തിലുള്ള മനുഷ്യത്വത്തോടുകൂടിയ പ്രതികരണത്തിന് വിഭവങ്ങൾ വിനിയോഗിക്കുകയും വേണം.
"It is now (2019-2023) accompanied by an integrated National Antimicrobial Resistance and Residue Surveillance Plan for the animal health care, plant, food safety and environment sectors.","ഇപ്പോൾ (2019-2023) മൃഗങ്ങളുടെ ആരോഗ്യസംരക്ഷണം, സസ്യങ്ങൾ, ഭക്ഷ്യസുരക്ഷ, പരിസ്ഥിതി എന്നീ മേഖലകൾക്കായുള്ള നാഷണൽ ആൻ്റിമൈക്രോബിയൽ റെസിസ്റ്റൻസ് ആൻഡ് റെസിഡ്യൂ സർവൈലൻസ് പ്ലാൻ ഇതിൻ്റെ ഒപ്പമുണ്ട്."
"In the past, surcharges on direct taxes have generally been levied to meet the revenue needs arising from natural calamities.",പ്രകൃതിദുരന്തങ്ങൾ നേരിടാൻ വേണ്ടിവരുന്ന വരുമാനാവശ്യങ്ങൾ കണ്ടെത്താൻ നേരത്തെ പ്രത്യക്ഷനികുതികളുടെ മേലുള്ള സർചാർജുകൾ സാധാരണയായി ചുമത്തിയിരുന്നു.
"India became a signatory to the United Nations Convention on Biological Diversity, 1992 in May 1994, and the Nagoya Protocol on Access to Genetic Resources and the Fair and Equitable Sharing of Benefits Arising from their Utilization 2010 in October 2014.","1992 ലെ ഐക്യരാഷ്ട്രസഭയുടെ ജൈവവൈവിധ്യ കൺവെൻഷനിൽ മെയ് 1994 ലും, 2010 ലെ ജനിതക സ്രോതസ്സുകളുടെ ലഭ്യതയ്ക്കും അവയുടെ ഉപയോഗം കൊണ്ടുള്ള നേട്ടങ്ങൾ ന്യായയുക്തമായും തുല്യതയോടെയും പങ്കുവെക്കാനുമുള്ള നഗോയ പ്രോട്ടോകോളിൽ ഒക്ടോബർ 2014 ലും ഇന്ത്യ ഒപ്പിട്ടു ഭാഗഭാക്കായി."
"India's support is guided by the needs and priorities of the Government and the people of Afghanistan; activities are undertaken in partnership with the Afghan government, and projects are spread across Afghanistan in a wide range of areas.",അഫ്ഘാനിസ്ഥാൻ സർക്കാരിൻ്റെയും ജനതയുടെയും ആവശ്യങ്ങളും മുൻഗണനകളുമാണ് ഇന്ത്യയുടെ പിന്തുണയ്ക്ക് വഴികാണിക്കുന്നത്; ഇന്ത്യ അഫ്ഘാനിസ്ഥാൻ സർക്കാരുമായി പങ്കുചേരുകയും അഫ്‌ഗാനിസ്ഥാനിലുടനീളം വ്യാപിച്ചുകിടക്കുന്ന വിവിധരംഗങ്ങളിലുള്ള പ്രവർത്തനപദ്ധതികൾ ഏറ്റെടുക്കുകയും ചെയ്യുന്നു.
"Details will be announced by my colleague, the Minister of Petroleum and Natural Gas.","വിശദാംശങ്ങൾ എൻ്റെ സഹപ്രവര്‍ത്തകനായ പെട്രോളിയം, പ്രകൃതി വാതക മന്ത്രി നൽകും."
The government will set up an expert group to advise on a viable and sustainable system of pricing petroleum products.,പെട്രോളിയം ഉത്പന്നങ്ങളുടെ വില നിർണ്ണയിക്കുവാൻ പ്രായോഗികവും നിലനിൽക്കുന്നതുമായ ഒരു സംവിധാനം നിർദേശിക്കാൻ സർക്കാർ ഒരു വിദഗ്‌ധസംഘത്തെ നിയമിക്കും.
"During 2008-09, NREGA provided employment opportunities for more than 4.47 crore households, as against 3.39 crore households covered in 2007-08.",2007-08 കാലയളവിലെ 3.39 കോടി കുടുംബങ്ങളിൽനിന്ന് ഭിന്നമായി 2008-09 കാലയളവിൽ എൻ. ആർ. ഇ. ജി. എ 4.47 കോടിയിലേറെ കുടുംബങ്ങൾക്ക് തൊഴിലവസരങ്ങൾ നൽകി.
"It is widely acknowledged that the National Rural Employment Guarantee Act (NREGA) first implemented in February 2006, has been a magnificent success.",2006ൽ ആദ്യമായി നടപ്പിലാക്കിയ ദേശീയ ഗ്രാമീണ തൊഴിലുറപ്പ് പദ്ധതി (എൻ. ആർ. ഇ. ജി. എ) ഒരു വൻവിജയമായിരുന്നു എന്ന് പരക്കെ അംഗീകരിക്കപ്പെടുന്നു.
We are committed to providing a real wage of Rs. 100 a day as an entitlement under the NREGA.,എൻ. ആർ. ഇ. ജി. എ പ്രകാരമുള്ള ഒരവകാശമെന്ന അർത്ഥത്തിൽ ദിവസവും 100 രൂപ വേതനം നല്കാൻ നാം ബാധ്യസ്ഥരാണ്.
"Though prices have declined since then, they are already about double the lows reached in the wake of the global financial crisis.",അതിനുശേഷം വിലയിടിഞ്ഞിട്ടുണ്ടെങ്കിലും അവ ഇപ്പോഴും ആഗോളസാമ്പത്തികപ്രതിസന്ധിയുടെ സമയത്തുണ്ടായ താഴ്ന്ന വിലയുടെ ഏതാണ്ട് ഇരട്ടിയാണ്.
I propose to allocate Rs. 500 crores for the rehabilitation of internally displaced persons and the reconstruction of the northern and eastern areas of Sri Lanka.,"സ്വപ്രദേശത്തുനിന്ന് കുടിയിറക്കപ്പെട്ടവരുടെ പുനരധിവാസത്തിനും, വടക്കൻ ശ്രീലങ്കയുടെയും കിഴക്കൻ ശ്രീലങ്കയുടേയും പുനർനിർമാണത്തിനുമായി 500 കോടി രൂപ നീക്കിവെക്കുവാൻ ഞാൻ നിർദേശിക്കുന്നു."
"Once you have established the first presence in the US, it makes sense to launch a light version of a local branded online store and focus on service and reputation building, before providing a fully functional US website, and mobile experience and implementing a more aggressive and riskier marketing strategy in order to acquire new customers.","യു. എസിൽ നിങ്ങൾ പ്രാഥമികസാന്നിധ്യം സ്ഥാപിച്ചുകഴിഞ്ഞാൽ, പുതിയ ഉപഭോക്താക്കളെ ലഭിക്കാൻ പൂർണ്ണപ്രവർത്തനശേഷിയുള്ള ഒരു യു. എസ് വെബ്സൈറ്റും മൊബൈൽ സംവിധാനവും ഒരുക്കുകയും സാഹസികതയേറിയതും അപകടസാധ്യതയുള്ളതുമായ ഒരു വിപണനനയം നടപ്പിലാക്കുകയും ചെയ്യുന്നതിനുമുമ്പ്, പ്രാദേശിക ബ്രാൻഡുള്ളതും ചെറിയ തോതിലുള്ളതുമായ ഒരു ഓൺലൈൻ സ്റ്റോർ തുടങ്ങുകയും സേവനത്തിലും സല്പേരുണ്ടാക്കുന്നതിലും ശ്രദ്ധ കേന്ദ്രീകരിക്കുന്നതുമാണ് യുക്തിപരം."
"Given the sophistication and transformation brought in by the technological advancements that have further widened its reach, media has acquired a distinctive character of molding public opinion today.",സാങ്കേതികപുരോഗതി കൊണ്ടുവന്ന പരിഷ്ക്കാരങ്ങളാലും പരിവർത്തനങ്ങളാലും കൂടുതൽ വിശാലമായ വ്യാപ്തി നേടിയ മാധ്യമങ്ങൾ പൊതുജനാഭിപ്രായം രൂപപ്പെടുത്തുന്നതിൽ ഒരു വേറിട്ട സ്വഭാവം കൈവരിച്ചിട്ടുണ്ട്.
"In the quest for greater equity, I propose to increase the rate of MAT to 15 percent of book profits from the present rate of 10 percent.",കൂടുതൽ സമത്വം കൈവരിക്കാനായി ബുക്ക് പ്രോഫിറ്റുകളിൽനിന്നുള്ള എം. എ. ടി നിരക്ക് നിലവിലെ 10 ശതമാനത്തിൽനിന്നും 15 ശതമാനമാക്കി ഉയർത്താൻ ഞാൻ നിർദേശിക്കുന്നു.
Securing online appointments for submission of passport applications at Passport Kendras has been simplified.,പാസ്പോർട്ട് കേന്ദ്രകളിൽ പാസ്പോർട്ട് അപേക്ഷ സമർപ്പിക്കുന്നതിന് ഓൺലൈൻ അപ്പോയിൻ്റ് മെൻ്റ് നേടാനുള്ള വഴി ലളിതമാക്കിയിട്ടുണ്ട്.
"On the basis of these recommendations, the Government has decided to substantially improve the pension of pre-1 January 2006 defense pensioners below officer rank (PBOR) and bring pre-10 October 1997 pensioners on par with post-10 October 1997 pensioners.",ഈ ശുപാർശകളുടെ അടിസ്ഥാനത്തിൽ 2006 ജനുവരി 1ന് മുമ്പുള്ള ഓഫീസർ റാങ്കിന് താഴെയുള്ള (പി. ബി. ഒ. ആർ) പ്രതിരോധ പെൻഷൻകാരുടെ പെൻഷൻ ഗണ്യമായി മെച്ചപ്പെടുത്താനും 1997 ഒക്ടോബർ 10ന് മുമ്പുള്ള പെൻഷൻകാരെ 1997 ഒക്ടോബർ 10ന് ശേഷമുള്ള പെൻഷൻകാർക്ക് തുല്യമാക്കാനും സർക്കാർ തീരുമാനിച്ചിട്ടുണ്ട്.
"Hence, on this occasion today, I would like to call upon the Presiding Officers of the Parliaments across the world to play a proactive role in formulating a concrete action plan that puts people at the centre of the response to achieve more equitable and resilient outcomes for all and Parliaments will have to play a constructive role in ensuring its effective implementation.","അതിനാൽ ഈ അവസരത്തിൽ, കൂടുതൽ തുല്യതയുള്ളതും മാറ്റങ്ങൾ ഉൾക്കൊള്ളുവാൻ ശേഷിയുള്ളതുമായ ഫലങ്ങൾ എല്ലാവർക്കും നേടുവാനുതകുന്നതും ജനങ്ങളെ കേന്ദ്രസ്ഥാനത്തുനിർത്തുന്നതുമായ ഒരു മൂർത്തമായ പ്രവർത്തനപദ്ധതി രൂപീകരിക്കുന്നതിൽ സക്രിയമായ ഒരു പങ്ക് വഹിക്കണമെന്നും, അത്തരമൊരു പദ്ധതി കാര്യക്ഷമമായി നടപ്പിലാക്കുന്നതിൽ പാർലമെൻ്റുകൾ നിർമാണാത്മകമായ പങ്ക് വഹിക്കണമെന്നും ലോകത്തുടനീളമുള്ള പാർലമെൻ്റുകളുടെ അധ്യക്ഷൻമാരെ ഞാൻ ഉദ്ബോധിപ്പിക്കുന്നു."
More than 46 lakh BPL families in eighteen States and UTs have been issued biometric smart cards.,18 സംസ്ഥാനങ്ങളിലും കേന്ദ്രഭരണ പ്രദേശങ്ങളിലുമുള്ള 46 ലക്ഷത്തിലേറെ ബി. പി. എൽ കുടുംബങ്ങൾക്ക് ബയോമെട്രിക് സ്മാർട്ട് കാർഡുകൾ നൽകിയിട്ടുണ്ട്.
The live telecast of proceedings started in 1994.,1994ലാണ് നടപടിക്രമങ്ങളുടെ തത്സമയ സംപ്രേക്ഷണം ആരംഭിച്ചത്.
"Commemorating the International Day of Democracy on 15 September 2021, the Sansad TV has been launched in the august presence of the Vice-President of India, Shri M. Venkaiah Naidu, the Prime Minister of India, Shri Narendra Modi and Speaker, Lok Sabha, Shri Om Birla at the Parliament House Annexe in New Delhi.","2021 സെപ്റ്റംബർ 15ന് അന്താരാഷ്ട്ര ജനാധിപത്യദിനം ആചരിച്ചുകൊണ്ട് ന്യൂഡൽഹിയിലെ പാർലമെൻ്റ് മന്ദിരത്തിൻ്റെ അനക്സിൽ ഉപരാഷ്ട്രപ്രതി ശ്രീ എം. വെങ്കയ്യ നായിഡു, പ്രധാനമന്ത്രി നരേന്ദ്രമോദി, ലോക്‌സഭാ സ്‌പീക്കർ ശ്രീ ഓം ബിർള എന്നിവരുടെ മഹനീയ സാന്നിധ്യത്തിൽ സൻസദ് ടിവി ഉദ്ഘാടനം ചെയ്യപ്പെട്ടിരിക്കുന്നു."
"So as to bring about the economy, efficiency and effectiveness, the Presiding Officers of both the Houses of Parliament - the Vice-President of India and Chairman of Rajya Sabha and the Speaker of Lok Sabha - agreed to merge the two Channels.",അതിനാൽ ചെലവ് ചുരുക്കുവാനും കാര്യക്ഷമതയും ഫലപ്രാപ്തിയും കൈവരിക്കുവാനും പാർലമെൻ്റിലെ ഇരു സഭകളുടെയും അധ്യക്ഷന്മാർ - രാജ്യസഭാ ചെയർമാനായ ഉപരാഷ്ട്രപതിയും ലോക്‌സഭാ സ്‌പീക്കറും - രണ്ട് ചാനലുകളും ലയിപ്പിക്കാൻ തീരുമാനിച്ചു.
"Generally, three days are allotted for the discussion.",സാധാരണഗതിയിൽ ചർച്ചയ്ക്കായി മൂന്നുദിവസമാണ് അനുവദിച്ചിട്ടുള്ളത്.
"Since 2014, it has been the Modi Government's priority to make it easier for the average Indian to obtain and renew passports, both at home and abroad.",ശരാശരി ഇന്ത്യക്കാരന് സ്വദേശത്തും വിദേശത്തുംവെച്ച് പാസ്പോർട്ട് കരസ്ഥമാക്കലും പുതുക്കലും എളുപ്പമാക്കുകയെന്നത് 2004 മുതൽ മോദി സർക്കാരിൻ്റെ മുൻഗണനാവിഷയമാണ്.
"However, in the next campaign, offshore basins (East Coast, West Coast and Andaman) up to EEZ boundaries are being taken up.","എന്നിരുന്നാലും, അടുത്ത ഘട്ടത്തിൽ ഇ. ഇ. സെഡ് അതിർത്തികൾവരെയുള്ള തീരത്തിൽനിന്നകന്ന (കിഴക്കൻ തീരത്തും, പടിഞ്ഞാറൻ തീരത്തും, ആന്തമാനിലുമുള്ള ) സമുദ്രതടങ്ങൾ എടുക്കപ്പെടുന്നുണ്ട്."
The appraisal program under NSP was planned to cover onland basins.,എൻ. എസ്. പിക്ക് കീഴിലെ അവലോകനപദ്ധതി കരയിലെ ബേസിനുകൾ ഉൾക്കൊള്ളാനാണ് പദ്ധതിയിട്ടിരുന്നത്.
"Till February 2022, a total of 22,555 LKM 2D Broadband seismic data in the Andaman offshore has been acquired.","2022 ഫെബ്രുവരി വരെ ആന്തമാനിനടുത്തുള്ള കടൽപ്രദേശത്തുനിന്ന് മൊത്തം 22,555 എൽ. കെ. എം ടു. ഡി ബ്രോഡ്ബാൻഡ് സീസ്മിക് ഡാറ്റയാണ് ശേഖരിച്ചത്."
"These resources provide us with the means to bridge the critical gaps that remain in our development efforts, particularly with regard to the welfare of the vulnerable segments of our population.","നമ്മുടെ വികസനപ്രവർത്തനങ്ങളിൽ, പ്രത്യേകിച്ചും നമ്മുടെ ജനസമൂഹത്തിലെ ദുർബലവിഭാഗങ്ങളുടെ ക്ഷേമവുമായി ബന്ധപ്പെട്ടുകൊണ്ട് നിലനിൽക്കുന്ന നിർണ്ണായകമായ വിടവുകൾ നികത്താനുള്ള വഴികൾ ഈ വിഭവങ്ങൾ നമുക്ക് നൽകുന്നു."
The aim will be to reduce by half the current level of female illiteracy in three years.,മൂന്ന് വർഷംകൊണ്ട് നിലവിലെ സ്ത്രീനിരക്ഷരതാനിരക്ക് പകുതിയാക്കി കുറയ്ക്കുക എന്നതായിരിക്കും ലക്ഷ്യം.
"But the civil services, the police and the army were the close preserve of the Muslims.","എന്നാൽ പൊതുഭരണം, പോലീസ്, സൈന്യം എന്നിവ മുസ്ലിങ്ങളുടെ കൈപ്പിടിയിലായിരുന്നു."
"Electronic Token Issuance upon arrival and an electronic Exit Letter after completion of service at the PSK has enabled in providing of paperless service, protecting the environment and promoting the green initiatives of Digital India.","പി. എസ്. കെയിലെ, എത്തുന്ന സമയത്ത് ഒരു ഇലക്ട്രോണിക് ടോക്കൺ നൽകുന്നതും സേവനം പൂർത്തിയാക്കിയ ശേഷം ഒരു ഇലക്ട്രോണിക് എക്സിറ്റ് ലെറ്റർ നൽകുന്നതുമായ സമ്പ്രദായം, പരിസ്ഥിതിയെ സംരക്ഷിച്ചുകൊണ്ടും ഡിജിറ്റൽ ഇന്ത്യയുടെ പാരിസ്ഥിതിക ഇടപെടലുകളെ പ്രോത്സാഹിപ്പിച്ചുകൊണ്ടും പേപ്പർരഹിത സേവനം നൽകുന്നത് സാധ്യമാക്കി."
Such a seamless process has helped in increasing the speed of service delivery and reduced public grievances.,വേർതിരിവുകളൊന്നുമില്ലാത്ത ഇത്തരത്തിലുള്ള ഒരു പ്രക്രിയ സേവനവിതരണത്തിൻ്റെ വേഗം കൂട്ടുവാനും പൊതുജനങ്ങളുടെ പരാതികൾ കുറയ്ക്കുവാനും സഹായിച്ചിട്ടുണ്ട്.
There is no requirement under the rules to consult the Leader of the House or the Minister concerned in this regard.,ചട്ടങ്ങൾക്കനുസരിച്ച് ഇക്കാര്യത്തിൽ സഭാനേതാവിൻ്റെയോ ബന്ധപ്പെട്ട മന്ത്രിയുടെയോ അഭിപ്രായം ചോദിക്കേണ്ട കാര്യമില്ല.
"These measures have to encompass all aspects of the Budget such as subsidies, taxes, expenditures and disinvestment.","സബ്‌സിഡികൾ, നികുതികൾ, ചെലവുകൾ, നിക്ഷേപങ്ങൾ വിറ്റഴിക്കൽ തുടങ്ങിയ ബജറ്റിൻ്റെ എല്ലാ വശങ്ങളും ഈ നടപടികൾ ഉൾക്കൊള്ളേണ്ടതുണ്ട്."
"This is essential for maintaining a stable balance of payments, moderate interest rates and a steady flow of external capital for corporate investment.","സന്തുലിതമായ പെയ്‌മെൻ്റുകൾ, മിതമായ പലിശനിരക്കുകൾ,കോർപ്പറേറ്റ് നിക്ഷേപത്തിനായി പുറമെനിന്നുള്ള മൂലധനത്തിൻ്റെ സ്ഥിരമായ വരവ് എന്നിവ നിലനിർത്താൻ ഇത് അനിവാര്യമാണ്."
"On top of that, US shoppers are happy to spend their money abroad with the UK being their favoured destination (49%) followed by China (39%), Canada (34%), Hong Kong (20%) and Australia (18%).","അതുകൂടാതെ, തങ്ങളുടെ പണം വിദേശത്ത്, ഇഷ്ടപ്പെട്ടയിടമായ യു. കെ യിൽ (49%), തുടർന്ന് ചൈനയിൽ (39%), കാനഡയിൽ (34%), ഹോങ്കോങ്ങിൽ (20%), ആസ്‌ത്രേലിയയിൽ (18%) എന്നിങ്ങനെ ചെലവിടുന്നതിൽ യു. എസിലെ വിനോദസഞ്ചാരികൾ സന്തുഷ്ടരാണ്."
"State Nodal Agencies (SNAs) are mandated to select implementing agencies to install, operate and maintain public charging stations and battery swapping/charging facilities in the state.","സംസ്ഥാനത്ത് പൊതുവായ ചാർജിങ് സ്റ്റേഷനുകളും, ബാറ്ററി മാറാനും ചാർജ് ചെയ്യാനുമുള്ള സംവിധാനങ്ങളും സ്ഥാപിക്കാനും നടത്താനും സംരക്ഷിക്കാനും പ്രവർത്തിക്കുന്ന ഏജൻസികളെ തെരഞ്ഞെടുക്കാൻ സ്റ്റേറ്റ് നോഡൽ ഏജൻസി(എസ്. എൻ. എ)കളോട് നിർദേശിച്ചിട്ടുണ്ട്."
Our Government's approach to the banking and financial sector has been to ensure robust oversight and regulation while expanding financial access and deepening markets.,"സാമ്പത്തിക ഇടപെടലുകൾ വ്യാപിപ്പിക്കുകയും വിപണികൾ വലുതാക്കുകയും ചെയ്യുമ്പോൾ ശക്തമായ മേൽനോട്ടവും നിയന്ത്രണവും ഉറപ്പുവരുത്തുക എന്നതായിരുന്നു ബാങ്കിങ്, സാമ്പത്തിക മേഖലയോടുള്ള സർക്കാരിൻ്റെ സമീപനം."
This is because growth is affected by both genetic and environmental factors.,വളര്‍ച്ചയെ ജനിതകവും സാഹചര്യപരവുമായ ഘടകങ്ങള്‍ രണ്ടും ബാധിക്കുന്നുവെന്നതാണ് ഇതിനു കാരണം.
"Because of its effect on food production, economy and security, antimicrobial resistance is also considered a threat to health, national security and the economy.","ഭക്ഷ്യോത്പാദനത്തെയും, സമ്പദ് വ്യവസ്ഥയേയും, സുരക്ഷയേയും ബാധിക്കുമെന്നതിനാൽ ആൻ്റീമൈക്രോബിയല്‍ പ്രതിരോധം എന്ന വിഷയം ആരോഗ്യത്തിനും ദേശീയസുരക്ഷയ്ക്കും സമ്പദ് വ്യവസ്ഥയ്ക്കും നേരെയുള്ള ഒരു ഭീഷണിയായി കരുതപ്പെടുന്നു."
"The Charaka Samhita and Sushruta Samhita, developed around 2500 BC, are the main treatises of Ayurveda fully available today.",ഏകദേശം ബി. സി 2500ൽ രൂപംകൊണ്ട ചരകസംഹിതയും സുശ്രുതസംഹിതയുമാണ് ഇന്ന് പൂർണമായും ലഭ്യമായ പ്രധാനപ്പെട്ട ആയുർവേദ ഗ്രന്ഥങ്ങൾ.
Cardio-respiratory endurance reflects the ability of the body's circulatory and respiratory systems to supply fuel during sustained physical activity.,"തുടരുന്ന കായികപ്രവര്‍ത്തനത്തിന്‍റെ സമയത്ത് ഇന്ധനം നൽകാനുള്ള ശരീരത്തിലെ രക്തചംക്രമണത്തിൻ്റെയും, ശ്വാസോച്ഛ്വാസത്തിൻ്റെയും വ്യവസ്ഥകളുടെ ശേഷി പ്രതിഫലിപ്പിക്കുന്നതാണ് കാര്‍ഡിയോ റെസ്പിറേട്ടറി എന്‍ഡ്യുറന്‍സ്."
"The prescriptions were available for 13 out of 18 districts (states) of Homeopathy, Ayurveda, Siddha, and Unani systems, as per the availability of AYUSH doctors.","18 ജില്ലകളില്‍ (സംസ്ഥാനങ്ങളില്‍) 13 എണ്ണത്തില്‍ ആയുഷ് ഡോക്ടര്‍മാരുടെ ലഭ്യതയനുസരിച്ച് ഹോമിയോപ്പതി, ആയുര്‍വേദം, സിദ്ധ, യുനാനി എന്നീ സമ്പ്രദായങ്ങളിലെ പ്രെസ്ക്രിപ്ഷനുകള്‍ ലഭ്യമായിരുന്നു."
Suleman's parents were quite tall.,സുലെമാന്‍റെ മാതാപിതാക്കള്‍ നല്ല പൊക്കമുള്ളവരായിരുന്നു.
"Further, they expressed that the communication barrier between practitioners of Ayurveda and Biomedicine, meager research work with respect to the safety and efficacy of Ayurvedic medicines and therapies, and inadequate policy initiatives are the important obstacles in realizing functional integration between Ayurveda and Biomedicine.","കൂടാതെ, ആയുർവേദചികിത്സകർക്കും ബയോ മെഡിസിൻ ചികിത്സകർക്കും ഇടയിലുള്ള ആശയവിനിമയത്തിലെ തടസ്സം, ആയുർവേദമരുന്നുകളുടെയും ചികിത്സയുടെയും സുരക്ഷയുമായും ഫലപ്രാപ്തിയുമായും ബന്ധപ്പെട്ട ഗവേഷണപഠനങ്ങളുടെ അപര്യാപ്തത, അപര്യാപ്തമായ നയപരിപാടികൾ എന്നിവയാണ് ആയുർവേദത്തിനും ബയോ മെഡിസിനുമിടയിൽ പ്രവർത്തനപരമായ ഉദ്ഗ്രഥനം സാധ്യമാക്കുന്നതിനുള്ള പ്രധാന തടസ്സങ്ങളെന്ന് അവർ പറഞ്ഞു."
A higher financial allocation needs to be made for the AYUSH services.,'ആയുഷ്' സേവനങ്ങള്‍ക്കായി കുറേക്കൂടി ഉയര്‍ന്ന ഒരു ധനവിഹിതം നീക്കിവെക്കേണ്ടതുണ്ട്.
"A mere 3% of the total budget is grossly inadequate and, with a large number of institutions, can only ensure the poor quality of services in them.","മൊത്തബജറ്റിന്‍റെ വെറും 3% തീർത്തും അപര്യാപ്തവും, സ്ഥാപനങ്ങൾ വളരെയധികമുണ്ടായിരിക്കെ അവയിലെ സേവനം ഗുണനിലവാരം കുറഞ്ഞതായിരിക്കുമെന്ന് ഉറപ്പാക്കുകയും ചെയ്യുന്നു."
"If you don't do anything because a study said not to, that may not be good enough as a defense.",ഒരു പOനം ചെയ്യരുതെന്ന് പറഞ്ഞതുകൊണ്ട് നിങ്ങള്‍ ഒന്നും ചെയ്യാതിരിക്കുകയാണെങ്കിൽ അതൊരു നല്ല പ്രതിരോധം ആയേക്കില്ല.
The prudent doctor vs. the prudent patient: who decides for whom?,വിവേകമുള്ള ഡോക്ടര്‍ക്കെതിരെ വിവേകമുള്ള രോഗി: ആര്‍ ആര്‍ക്കുവേണ്ടി തീരുമാനം എടുക്കുന്നു?
"Shockingly, according to the World Health Organization (WHO), not only are 430 million people currently living with disabling hearing loss, but more than 1 billion people aged between 12 and 35 years are at risk of hearing loss due to exposure to loud sounds at music gigs and clubs or on their devices.","ലോകാരോഗ്യ സംഘടന (ഡബ്ല്യൂ. എച്ച് . ഒ) ഞെട്ടിക്കുംവിധം പറയുന്നതനുസരിച്ച്, 430 ദശലക്ഷം ആളുകൾ കേൾവിശക്തിയില്ലായ്മയുടെ വൈകല്യത്തോടെ ജീവിക്കുന്നവരാണെന്നുമാത്രമല്ല, 12നും 35നും ഇടയിൽ പ്രായമുള്ള 100 കോടിയിലധികം ആളുകൾ സംഗീത പരിപാടികളുടെയും ക്ലബ്ബ്കളിലേയും സ്വന്തം ഉപകരണങ്ങളുടെയും വലിയ ശബ്ദങ്ങൾക്ക് വിധേയമാകുന്നതുകാരണം കേൾവിശക്തി നഷ്ടപ്പെടുന്ന ഭീഷണിയിലുമാണ്."
We should define individual risk.,വൈയക്തിക അപകടസാദ്ധ്യതയെ നാം നിര്‍വചിക്കണം.
"In fact, the caloric density, protein, carbohydrate and fat in breast milk are very important for the growth of the child.","വാസ്തവത്തില്‍, മുലപ്പാലിലുള്ള കലോറിസാന്ദ്രത, പ്രോട്ടീന്‍, അന്നജം, കൊഴുപ്പ് എന്നിവ കുഞ്ഞിന്‍റെ വളര്‍ച്ചയ്ക്ക് വളരെ പ്രധാനമാണ്."
"A casualty from drowning needs to be treated by a medical doctor, even if he/she seems to recover, because, as explained in Box 12.2, a secondary drowning may occur in him/her at a later stage.","വെള്ളത്തില്‍ മുങ്ങി അടിയന്തിര ചികിത്സ ആവശ്യമായ ഒരാളെ, അയാള്‍ സുഖം പ്രാപിക്കുകയാണെന്നു തോന്നിയാലും, ബോക്സ് 12.2 ൽ വിശദീകരിച്ചതുപോലെ അയാൾക്ക് ഒരു സെക്കൻഡറി ഡ്റൗണിങ് അനുഭവപ്പെടാമെന്നതിനാല്‍ ഒരു ഡോക്ടര്‍ ചികിത്സിക്കേണ്ടതുണ്ട്."
India has a comparative advantage in the area of Complementary Medicine and can be a world leader in the field.,പരിപൂരകവൈദ്യസമ്പ്രദായങ്ങളുടെ രംഗത്ത് ഇന്ത്യക്ക് താരതമ്യേന ഒരു മേല്‍ക്കൈ ഉണ്ടെന്നു മാത്രമല്ല ഈ രംഗത്ത് അതിന് ഒരു ലോകനേതാവാകാന്‍ കഴിയുകയും ചെയ്യും.
This is because India has an immensely rich and mature indigenous medical heritage of its own and strong foundations in western biomedical sciences.,അതീവസമ്പന്നവും പക്വവുമായ ഒരു തദ്ദേശീയ വൈദ്യപാരമ്പര്യവും പാശ്ചാത്യ ബയോമെഡിക്കല്‍ ശാസ്ത്രങ്ങളില്‍ ഉറപ്പുള്ള അടിത്തറയും ഇന്ത്യക്ക് ഉള്ളതുകൊണ്ടാണിത്.
"These are classified as anti-virals, anti-fungals, anti-protozoals and antibiotics according to the group of microbes they act upon.","ബാധിക്കുന്ന സൂക്ഷ്മജീവികളുടെ വർഗ്ഗങ്ങളെ അടിസ്ഥാനമാക്കി ഇവ ആന്‍റി വൈറല്‍, ആന്‍റി ഫംഗല്‍, ആന്‍റി പ്രോടോസോള്‍സ്, ആന്‍റി ബയോടിക്സ് എന്നിങ്ങനെ വര്‍ഗ്ഗീകരിക്കപ്പെട്ടിരിക്കുന്നു."
"These may include reduced feed or water intake, lethargy, watery or pale white mucoid discharge from the eyes, inflammation in the eyes, and abnormal stool (colour and form).","കുറഞ്ഞ തീറ്റയെടുക്കലോ വെള്ളംകുടിയോ, ആലസ്യം, കണ്ണുകളിൽനിന്നും നേർത്തതോ വിളറിവെളുത്തതോ ആയ മൂക്കളപോലുള്ള ദ്രവം പുറത്തുവരൽ, കണ്ണുവീക്കം, അസാധാരണമായ മലം (നിറത്തിലും രൂപത്തിലും) എന്നിവ ഇതിൽ ഉൾപ്പെടാം."
"Another important loco-regional administration of therapeutic radiopharmaceuticals is reported for the treatment of hepatocellular carcinoma (liver cancer), where radiolabeled micro-spheres of specific size or radiolabeled Lipiodol (a highly viscous liquid-ethyl ester of fatty acid derived from poppy seed oil) are injected through the hepatic artery of the patient.","ഹെപ്പറ്റോസെല്ലുലാർ കാർസിനോമ (കരളിൻ്റെ അർബുദം)യുടെ ചികിത്സയ്ക്കായി റേഡിയോലേബൽ ചെയ്യപ്പെട്ട നിശ്ചിത വലിപ്പത്തിലുള്ള സൂക്ഷ്മഗോളങ്ങളോ, റേഡിയോലേബൽ ചെയ്യപ്പെട്ട ലിപിയോഡോളോ (പോപ്പിവിത്തുകളിൽ നിന്നെടുത്തതും കൂടിയ ശ്യാനതയുള്ളതുമായ കൊഴുത്ത അമ്ലത്തിൻ്റെ ദ്രവരൂപത്തിലുള്ള ഈതൈൽ എസ്റ്റർ ) രോഗിയുടെ ഹെപ്പാറ്റിക് ധമനിയിലൂടെ കുത്തിവയ്ക്കുന്ന റേഡിയോഫാർമസ്യൂട്ടിക്കൽ ചികിത്സയുടെ ലോക്കോ-റീജ്യനൽ പ്രയോഗത്തിൻ്റെ മറ്റൊരു പ്രധാനപ്രയോഗം റിപ്പോർട്ട് ചെയ്യപ്പെട്ടു."
"This treatment modality, which is known as ""Radiation Synovectomy"" or ""Radiosynoviorthesis,"" employs the administration of radiolabeled particulates or radiolabeled colloids in the synovial cavities of the affected joints.",റേഡിയേഷന്‍ സിനോവെക്റ്റമി അഥവാ റേഡിയോസിനോവയോർത്തെസിസ്‌ എന്നറിയപ്പെടുന്ന ചികിത്സാസമ്പ്രദായം ബാധിക്കപ്പെട്ട സന്ധികളുടെ സിനോവിയല്‍ കാവിറ്റികളില്‍ റേഡിയോലേബല്‍ ചെയ്യപ്പെട്ട പര്‍ട്ടിക്കുലേറ്റ്സ് അഥവാ റേഡിയോലേബല്‍ ചെയ്യപ്പെട്ട കൊളോയിഡുകൾ ഉപയോഗിക്കുന്നു.
Cochlear implants also benefit people who have more significant hearing loss.,കൂടുതല്‍ ഗണ്യമായ ശ്രവണനഷ്ടമുള്ളവര്‍ക്കും കോക്ലിയാര്‍ ഇംപ്ലാന്‍റ് കൊണ്ട് പ്രയോജനമുണ്ടാകും.
"People who are hard of hearing usually communicate through spoken language and can benefit from hearing aids, cochlear implants, and other devices, as well as captioning.","കേള്‍വിക്ക് ബുദ്ധിമുട്ടുള്ളവര്‍ സാധാരണ സംവദിക്കുന്നത് സംസാരഭാഷയിലൂടെ, ശ്രവണ സഹായികള്‍, കോക്ലിയാര്‍ ഇംപ്ലാന്‍റുകള്‍, മറ്റ് ഉപകരണങ്ങള്‍ എന്നിവയുടെയും ചിത്രങ്ങളുടെയും പ്രയോജനം നേടിക്കൊണ്ടാണ്."
The per-rectal examination is a quick method (an experienced person takes 12 minutes).,കമ്പ്യൂട്ടർ സംവിധാനം ഉപയോഗിച്ചുള്ള ഗുദപരിശോധന (പരിചയസമ്പന്നനായ ഒരു വ്യക്തി 12 മിനുട്ടെടുക്കുന്ന) ഒരു ദ്രുതരീതിയാണ്.
Radiopharmaceuticals are highly pure radioactive pharmaceutical preparations that are safe enough for human administration and used for either diagnosis or therapy of various kinds of human ailments.,മനുഷ്യപ്രയോഗത്തിന് വേണ്ടത്ര സുരക്ഷിതത്വമുള്ളതും വിവിധങ്ങളായ മനുഷ്യരോഗങ്ങളെ നിർണ്ണയിക്കാനോ ചികിത്സിക്കാനോ ഉപയോഗപ്പെടുന്നതുമായ ഉയർന്ന പരിശുദ്ധിയുള്ള റേഡിയോ ആക്റ്റീവ് ആയ ഫാർമസ്യൂട്ടിക്കൽ ഉൽപ്പന്നങ്ങളാണ് റേഡിയോഫാർമസ്യൂട്ടിക്കൽസ്.
"However, the misuse and overuse of antimicrobials are accelerating this process.",എന്നിരുന്നാലും ആന്‍റിമൈക്രോബിയലുകളുടെ ദുരുപയോഗവും അമിതോപയോഗവും ഈ പ്രക്രിയയെ ത്വരിതപ്പെടുത്തുന്നുണ്ട്.
The strategic plan sets out a coordinated and collaborative One Health approach involving key stakeholders in government and other sectors.,സര്‍ക്കാരിലും മറ്റു മേഖലകളിലുമുള്ള പ്രധാന ഭാഗഭാക്കുകളെ ഉള്‍പ്പെടുത്തിയുള്ള സംയോജിതവും സഹകരണാത്മകവുമായ ഒറ്റ ആരോഗ്യം എന്ന സമീപനമാണ് ഈ തന്ത്രപ്രധാനമായ പദ്ധതി മുന്നോട്ടു വയ്ക്കുന്നത്.
Attendance of patients in OPD and IPD of the Institute has continuously increased.,ഇൻസ്റ്റിട്യൂട്ടിലെ ഒ.പി.ഡി.യിലെയും ഐ.പി.ഡി.യിലെയും രോഗികളുടെ എണ്ണം ക്രമമായി വര്‍ധിച്ചിട്ടുണ്ട്.
There is a medico-legal aspect.,അവിടെ ഒരു മെഡിക്കോ ലീഗൽ വശമുണ്ട്.
"While the quality varied across states, in almost all, the quality of infrastructure, presence of human resources, supply of medicines, and records were found to be unsatisfactory.","സംസ്ഥാനങ്ങൾതോറും ഗുണനിലവാരം വ്യത്യസ്തമായിരിക്കെ, ഒട്ടുമിക്ക ഇടങ്ങളിലും അടിസ്ഥാനസൗകര്യങ്ങളുടെ ഗുണനിലവാരം, മനുഷ്യവിഭവങ്ങളുടെ ലഭ്യത, മരുന്നുകളുടെ ലഭ്യത, രേഖകൾ എന്നിവ അതൃപ്തികരമാണെന്ന് കണ്ടെത്തി."
There is no generic blueprint for how to make a health report.,ഒരു ആരോഗ്യ റിപ്പോര്‍ട്ട്‌ എങ്ങനെ തയ്യാറാക്കണം എന്നതിന് പൊതുവായ ഒരു രൂപരേഖയില്ല.
The efforts to co-locate Ayurveda centers along with bio-medical facilities across India through programs like the National Rural Health Mission (NRHM) are limited to the extent of only physical proximity between biomedicine and Ayurveda and far away from the possibility of functional integration granulated to the level of clinical service delivery together.,"ദേശീയ ഗ്രാമീണ ആരോഗ്യ മിഷൻ (എൻ. ആർ. എച്ച് . എം) പോലുള്ള പദ്ധതികളിലൂടെ ഇന്ത്യയിലുടനീളം ആയുർവേദകേന്ദ്രങ്ങളും ബയോ മെഡിക്കൽ സംവിധാനങ്ങളും ഒരേസ്ഥലത്ത് സ്ഥാപിക്കാനുള്ള ശ്രമങ്ങൾ, ബയോ മെഡിസിനും ആയുർവേദത്തിനും ഇടയിലുള്ള ഭൗതികമായ അടുപ്പത്തിൽമാത്രം ഒതുങ്ങിയതും ഏകീകൃതമായ ചികിത്സാസേവനത്തിൻ്റെ സൂക്ഷ്‌മതലത്തിലേക്കുള്ള പ്രവർത്തനപരമായ ഉദ്ഗ്രഥനത്തിൻ്റെ സാധ്യതയിൽനിന്ന് ഒരുപാട് അകലെയുമാണ്."
"If the animal stays away from other animals in a herd, it indicates that it is having some health problem.",ഒരു മൃഗം കൂട്ടത്തിലുള്ള മറ്റു മൃഗങ്ങളില്‍ നിന്ന് മാറിനില്‍ക്കുകയാണെങ്കില്‍ അത് സൂചിപ്പിക്കുന്നത് അതിനു ചില ആരോഗ്യപ്രശ്നങ്ങള്‍ ഉണ്ടെന്നാണ്.
The Medical Officer would not let me go to him again and insisted on sending an inspector to me instead.,"തന്‍റെ അടുത്തേക്ക് ചെല്ലാന്‍ മെഡിക്കല്‍ ഓഫീസര്‍ എന്നെ അനുവദിക്കാതിരിക്കുകയും, പകരം ഒരു ഇന്‍സ്പെക്ടറെ എന്‍റെ അടുത്തേക്ക് അയക്കുമെന്ന് നിര്‍ബന്ധം പിടിക്കുകയും ചെയ്തു."
Trans fats result from adding hydrogen to vegetable oils used in commercial baked goods and for cooking in most restaurants and fast-food chains.,മിക്ക ഹോട്ടലുകളിലും ഭക്ഷണശാലാശൃംഖലകളിലും പാചകത്തിനും വാണിജ്യാടിസ്ഥാനത്തിലുള്ള ബേക്കറി വിഭവങ്ങള്‍ക്കും ഉപയോഗിക്കുന്ന സസ്യഎണ്ണകളില്‍ ഹൈഡ്രജന്‍ ചേര്‍ക്കുന്നതുകൊണ്ടാണ് ട്രാൻസ് ഫാറ്റുകൾ ഉണ്ടാകുന്നത്.
Unsaturated fats are those fats that are liquid at room temperature.,സാധാരണ താപനിലയില്‍ ദ്രാവകരൂപത്തിലുള്ള കൊഴുപ്പുകളാണ് അപൂരിത കൊഴുപ്പുകള്‍.
"WHO has a responsibility to take all appropriate steps to prevent and respond to discrimination, abuse of authority, and harassment, including sexual harassment (collectively referred to as abusive conduct) in the workplace or in connection with work.","വിവേചനം, അധികാര ദുർവിനിയോഗം, ലൈംഗിക പീഡനമടക്കമുള്ള ജോലിസ്ഥലത്തുവെച്ചും ജോലിയോട് ബന്ധപ്പെട്ടും നടക്കുന്ന ഉപദ്രവങ്ങൾ (അപമാനിക്കുന്ന രീതിയിലുള്ള പെരുമാറ്റമെന്ന് മൊത്തത്തിൽ വിശേഷിപ്പിക്കുന്നു), എന്നിവ തടയുന്നതിനും അവയോട് പ്രതികരിക്കുന്നതിനും അനുയോജ്യമായ എല്ലാ നടപടികളുമെടുക്കേണ്ട ഉത്തരവാദിത്തം ഡബ്ള്യ. എച്ച് . ഒ ക്കുണ്ട്."
What is the harm?,എന്താണ് ദോഷം?
The aim of the third level is to present and communicate the results in a way that supports decision-making.,തീരുമാനമെടുക്കലിനെ പിന്താങ്ങുന്നവിധത്തില്‍ ഫലങ്ങള്‍ അവതരിപ്പിക്കുകയും വിനിമയം നടത്തുകയും ചെയ്യുക എന്നതാണ് മൂന്നാംഘട്ടത്തിന്‍റെ ലക്‌ഷ്യം.
"The word Yoga has two meanings; the first comes from the root Yujir or Union, and the second is derived from a different root Yuja, which means Samadhi; the highest state of mind and absolute knowledge.",യോഗ എന്ന വാക്കിന് രണ്ട് അർത്ഥങ്ങളുണ്ട്; ഒന്നാമത്തേത് യുജിർ അഥവാ യോജിപ്പിക്കൽ എന്ന ധാതുവിൽനിന്ന് വരുന്നതും രണ്ടാമത്തേത് ഏറ്റവും ഉയർന്ന മാനസികാവസ്ഥയും പരമമായ ജ്ഞാനവുമായ സമാധി എന്നർത്ഥമുള്ള യുജ എന്ന മറ്റൊരു ധാതുവിൽനിന്ന് വരുന്നതുമാണ്.
Radiopharmaceuticals employ the nuclear properties of the radionuclides as well as the pharmacological properties of the pharmaceuticals to show their effectiveness as diagnostic or therapeutic agents.,രോഗനിർണ്ണയത്തിൻ്റെയും ചികിത്സയുടെയും ഏജൻ്റുകളെന്ന നിലയിൽ അവയുടെ കാര്യക്ഷമത കാണിക്കുന്നതിന് റേഡിയോന്യൂക്ലയ്‌ഡുകളുടെ ആണവഗുണങ്ങളും ഫാർമസ്യൂട്ടിക്കൽസിൻ്റെ ഔഷധഗുണങ്ങളും റേഡിയോഫാർമസ്യൂട്ടിക്കൽസ് ഉപയോഗപ്പെടുത്തുന്നു.
"The term ""Green Economy"" was first coined in a 1989 report for the Government of the United Kingdom by a group of leading environmental economists, titled Blueprint for a Green Economy.","ഒരു സംഘം മുന്‍നിര പാരിസ്ഥിതിക സാമ്പത്തികശാസ്ത്രജ്ഞര്‍ തയ്യാറാക്കിയ 'ഹരിതസമ്പദ്‌വ്യവസ്ഥയ്ക്കായുള്ള രൂപരേഖ' എന്ന് പേരിട്ടതും ബ്രിട്ടീഷ് സര്‍ക്കാരിനുവേണ്ടിയുമുള്ള 1989ലെ ഒരു റിപ്പോര്‍ട്ടിലാണ് ""ഹരിതസമ്പദ്‌വ്യവസ്ഥ"" എന്ന വാക്ക് ആദ്യമായി ഉപയോഗിച്ചത്."
A white wine made from kiwi fruit called Naara Aaba comes from Arunachal Pradesh and is produced by Lambu-Subu Food and Beverages at Hong village in the Lower Subansiri district.,ലോവര്‍ സുബാന്‍സിരി ജില്ലയിലെ ഹോങ് ഗ്രാമത്തില്‍ ലംബു സുബു ഫുഡ് ആന്‍ഡ്‌ ബീവറേയ്ജസ് നിര്‍മ്മിക്കുന്ന കീവീപ്പഴത്തില്‍നിന്നുണ്ടാക്കുന്ന നാരാ ആബാ എന്ന് പേരുള്ള ഒരു വെള്ളവീഞ്ഞ് അരുണാചല്‍പ്രദേശില്‍നിന്നുവരുന്നു.
"To reduce the height, press the release button to move downwards.",ഉയരം കുറയ്ക്കാനും താഴേയ്ക്ക് നീക്കാനും റിലീസ് ബട്ടണ്‍ അമര്‍ത്തുക.
"Fodder crops at very early stages of growth have high protein content and are usually easily digestible, but their yield (total volume or biomass) is low.","വളരെ ഇളംപ്രായത്തിലുള്ള കാലിത്തീറ്റവിളകൾ ഉയർന്നതോതിൽ പ്രോട്ടീൻ അടങ്ങിയവയും സാധാരണ എളുപ്പത്തിൽ ദഹിക്കുന്നവയുമാണെങ്കിലും അവയുടെ വിളവ് (മൊത്തം അളവോ , ജൈവദ്രവ്യമോ) കുറവാണ്."
"Armed with a passion for experimental ideas and geared with confidence and determination, Zeinorin from Ukhrul is not a regular entrepreneur.",പരീക്ഷണാത്മക ആശയങ്ങള്‍ക്കുള്ള അഭിനിവേശത്തിൻ്റെ പടച്ചട്ടയണിഞ്ഞവനും ആത്മവിശ്വാസത്തിൻ്റെ യും നിശ്ചയദാര്‍ഢ്യത്തിൻ്റെയും ചാലകശക്തിയുള്ളവനുമായ ഉഖ്രൂളിലെ സീനോറിന്‍ ഒരു സാധാരണസംരംഭകനല്ല.
"Basically, it involves the generation of biomass that can be converted to convenient energy-containing substances in different ways, such as thermal conversion, chemical conversion, and biochemical conversion.","അടിസ്ഥാനപരമായി, തെർമൽ പരിവർത്തനം, രാസപരിവർത്തനം, ബയോകെമിക്കൽ പരിവർത്തനം തുടങ്ങിയ വ്യത്യസ്തമായ രീതികളിൽ, ഊർജ്ജമുൾക്കൊള്ളുന്ന സൗകര്യപ്രദമായ പദാര്‍ത്ഥങ്ങളായി പരിവർത്തനം ചെയ്യാവുന്ന ജൈവദ്രവ്യങ്ങളുടെ ഉത്പാദനമാണ് അതുൾക്കൊള്ളുന്നത്."
These are produced through biological processes rather than fuel produced by geological processes such as coal and petroleum.,"കൽക്കരി, പെട്രോളിയം തുടങ്ങി ഭൂഗർഭത്തിലെ പ്രക്രിയകളിലൂടെ ഉൽപാദിപ്പിക്കപ്പെടുന്ന ഇന്ധനത്തിൽനിന്ന് വ്യത്യസ്തമായി ഇവ ജൈവപ്രക്രിയകളിലൂടെയാണ് ഉൽപാദിക്കപ്പെടുന്നത്."
DEEP Modern Chulha Society of Development and Environment Protection (DEEP) developed the Modern DEEP Chulha that uses biomass to reduce the consumption of wood by 50%.,ഡെവലപ്മെൻ്റ് ആൻഡ് എൻവിറോൺമെൻ്റ് പ്രൊട്ടക്ഷൻ്റെ (ഡി.ഇ .ഇ. പി) മോഡേൺ ചൂള സൊസൈറ്റി വിറകിന്‍റെ ഉപഭോഗം 50% കുറയ്ക്കുവാനായി ജൈവദ്രവ്യം ഉപയോഗിക്കുന്ന ആധുനിക ഡി.ഇ .ഇ. പി ചൂളകൾ വികസിപ്പിച്ചു.
Gazette notification of 197 notified indigenous breeds was done by 2020.,നോട്ടിഫൈ ചെയ്ത തദ്ദേശീയമായ 197 ജന്തുക്കളുടെ ഗസറ്റ് വിജ്ഞാപനം 2020ഓടെ പൂർത്തിയാക്കി.
Enbiolet Green Solution Foundation (GSF) has created a bio-toilet solution for hygienic sanitation in villages and slums in cities that lack sewage systems.,മലിനജല സംസ്കരണ സംവിധാനമില്ലാത്ത ഗ്രാമങ്ങളുടെയും നഗരങ്ങളിലെ ചേരികളുടെയും ആരോഗ്യപ്രദമായ ശുചീകരണത്തിനായി എൻബയോലെറ്റ്‌ ഗ്രീന്‍ സൊല്യൂഷന്‍ ഫൌണ്ടേഷന്‍ (ജി.എസ്.എഫ്.) ഒരു ബയോ ടോയ് ലെറ്റ് പരിഹാരമാര്‍ഗ്ഗം സൃഷ്ടിച്ചു.
ICAR has targeted to develop 30 processable varieties of field and horticultural crops by the year 2024 to substitute imports.,ഇറക്കുമതിക്കുപകരംവയ്ക്കാന്‍ വയൽവിളകളുടെയും തോട്ടവിളകളുടെയും ഉപോല്പന്നങ്ങൾ ഉണ്ടാക്കാവുന്ന 30 ഇനങ്ങള്‍ വികസിപ്പിക്കാന്‍ ഐ.സി.എ. ആര്‍. ലക്ഷ്യം വച്ചിട്ടുണ്ട്.
"Foreseeing a growing demand for radioisotopes and advanced research in nuclear science, the necessity for another reactor with comparatively higher neutron flux was felt way back in the 1970s, which ultimately resulted in the construction and commissioning of the R-5 reactor (later renamed as Dhruva reactor) at BARC, Trombay.",റേഡിയോ ഐസോട്ടോപ്പുകൾക്കും ആണവശാസ്ത്രത്തിലെ മേലേക്കിടയിലുള്ള ഗവേഷണത്തിനുമുള്ള വളരുന്ന ആവശ്യം മുന്‍കൂട്ടിക്കണ്ടതിനാൽ താരതമ്യേന ഉയര്‍ന്ന ന്യൂട്രോണ്‍ ഫ്ലക്സുള്ള മറ്റൊരു ആണവറിയാക്ടറിന്‍റെ ആവശ്യം 1970 കളില്‍ത്തന്നെ അനുഭവപ്പെടുകയും അതൊടുക്കം (പില്‍ക്കാലത്ത് ധ്രുവ റിയാക്ടര്‍ എന്ന് പുനർനാമകരണം ചെയ്യപ്പെട്ട ) ആര്‍ 5 റിയാക്ടറിന്‍റെ നിര്‍മ്മാണത്തിലും പ്രവർത്തനാരംഭത്തിലും അവസാനിക്കുകയും ചെയ്തു.
"HLLW contains fission products, minor actinides, traces of uranium & plutonium, corrosion products, and chemicals added during reprocessing.","എച്ച് .എല്‍.എല്‍.ഡബ്ല്യൂ യില്‍ ഫിഷന്‍ ഉത്പന്നങ്ങള്‍, മൈനര്‍ ആക്റ്റിനൈഡ്സ്, യുറേനിയം, പ്ലൂട്ടോണിയം എന്നിവയുടെ സൂക്ഷ്മമായ അംശങ്ങള്‍, പുനർസംസ്കരണം ചെയ്യുമ്പോൾ ചേർക്കുന്ന രാസവസ്തുക്കള്‍, എന്നിവ അടങ്ങിയിരിക്കുന്നു."
"HLLW is immobilized in an inert glass (vitreous) matrix, stored for a few decades in an air-cooled vault, and then planned to be disposed of in a deep repository.","എച്ച് .എല്‍.എല്‍.ഡബ്ല്യൂവിനെ ഒരു നിഷ്ക്രിയസ്ഫടികപാത്രത്തില്‍ ചലനരഹിതമാക്കിയും, വായുകൊണ്ട് ശീതീകരിച്ച ഒരറയില്‍ കുറച്ച് ദശകങ്ങള്‍ സൂക്ഷിച്ചുവെക്കുകയും ചെയ്തശേഷം ഒരു ആഴമുള്ള സംഭരണിയിലാക്കി ഒഴിവാക്കുവാന്‍ പദ്ധതിയിടുന്നു."
"Jersey cows produce milk having about 5 percent fat content, while the milk of Holstein-Friesian contains about 3.5 percent fat.",ജേഴ്സിപ്പശുക്കള്‍ ഏതാണ്ട് 5 ശതമാനം കൊഴുപ്പുള്ള പാല്‍ ഉത്പാദിപ്പിക്കുമ്പോള്‍ ഹോള്‍സ്റ്റീന്‍ ഫ്രീസിയൻ ഇനത്തിന്‍റെ പാലില്‍ ഏതാണ്ട് 3.5 ശതമാനം കൊഴുപ്പാണുള്ളത്.
"Human safety mainly focuses on the health, hygiene, and environment of all people, including customers, employees, and management.","ആരോഗ്യം, ശുചിത്വം, എന്നിവയിലും ഉപഭോക്താക്കൾ, ജീവനക്കാർ, മാനേജ്‌മെൻ്റ് തുടങ്ങിയ എല്ലാവരുടെയും ചുറ്റുപാടുകളിലുമാണ് മാനവസുരക്ഷ പ്രധാനമായും കേന്ദ്രീകരിക്കുന്നത്."
"While cesium recovery is aimed in the second cycle, Strontium-Actinide-Lanthanide combined separation is achieved in the third cycle from HLLW.",രണ്ടാം പരിവൃത്തിയില്‍ സീഷ്യം വീണ്ടെടുപ്പ് ലക്‌ഷ്യം വയ്ക്കുമ്പോള്‍ എച്ച് .എല്‍.എല്‍.ഡബ്ല്യൂ.വിന്‍റെ മൂന്നാം പരിവൃത്തിയിലാണ് സ്ട്രോണ്‍ഷ്യം-ആക്റ്റിനൈഡ്‌-ലാന്തനൈഡ്‌ സംയുക്ത വേര്‍തിരിവ് സാധ്യമാകുന്നത്.
"Microwave remote sensing techniques have the all-weather capability as the atmosphere is transparent to microwaves at lower frequencies, they penetrate clouds, and they are suitable for day and night operations owing to the independence of microwave sensors from the sun's illumination.","കുറഞ്ഞ ആവൃത്തികളില്‍ അന്തരീക്ഷം മൈക്രോവേവുകളോട് സുതാര്യത പുലര്‍ത്തുന്നതിനാലും, അവ മേഘങ്ങളെ തുളച്ചുകയറുന്നതിനാലും മൈക്രോവേവ്‌ റിമോട്ട് സെന്‍സിംഗ് സങ്കേതികവിദ്യകൾക്ക് ഒരു സര്‍വകാലാവസ്ഥാശേഷിയുണ്ടെന്ന് മാത്രമല്ല, സൂര്യപ്രകാശത്തില്‍നിന്ന് സ്വതന്ത്രമായതിനാല്‍ അവ രാവും പകലുമുള്ള പ്രവര്‍ത്തനങ്ങള്‍ക്ക് യോജ്യവുമാണ്."
"Uranium, either in natural or enriched form, is commonly used as fuel in nuclear power plants for nuclear fission.",നൈസര്‍ഗ്ഗികമോ സംപുഷ്ടമോ ആയ യുറേനിയം അണുവൈദ്യുതനിലയങ്ങളില്‍ ന്യൂക്ലിയര്‍ ഫിഷന് വേണ്ട ഇന്ധനമായി സാധാരണ ഉപയോഗിക്കുന്നു.
"Besides, earliness has been induced in soybean.","കൂടാതെ, വിള നേരത്തെയാക്കാനുള്ള കാര്യങ്ങളും സോയാബീനിൽ ചെയ്തിട്ടുണ്ട്."
The racking Back method is useful when the full length of the wall cannot be built at one time.,ചുവരിന്‍റെ മുഴുവന്‍നീളവും ഒരേ സമയം പണിയാന്‍ പറ്റാതെ വരുമ്പോള്‍ റാക്കിംഗ് ബാക്ക് സമ്പ്രദായം പ്രയോജനപ്രദമാണ്.
"This has brought focused attention of all concerned towards chemical-free farming, including organic farming, and techniques that recover, revitalize, and restore the soil and the environment.","ഇത് ജൈവകൃഷി ഉൾപ്പെടെയുള്ള രാസരഹിത കൃഷിയിലേക്കും, മണ്ണും പരിസ്ഥിതിയും വീണ്ടെടുക്കുകയും പുനരുജ്ജീവിപ്പിക്കുകയും പൂര്‍വ്വസ്ഥിതിയിലാക്കുകയും ചെയ്യുന്ന രീതികളിലേക്കും ബന്ധപ്പെട്ട എല്ലാവരുടെയും കേന്ദ്രീകൃതശ്രദ്ധ കൊണ്ടുവന്നിട്ടുണ്ട്."
"The temperature requirement is 24°–27°C during the daytime and 15°–17°C during the night hours, with the optimum being 15°–27°C with 75 percent relative humidity.","പകല്‍സമയം 24°–27° സെല്‍ഷ്യസും രാത്രിനേരത്ത് 15°–17° സെല്‍ഷ്യസുമാണ്‌ ആവശ്യമായ താപനിലയെന്നിരിക്കെ, 75 ശതമാനം ആപേക്ഷിക ഈര്‍പ്പമുള്ള 15°–27° സെല്‍ഷ്യസാണ് ഏറ്റവും അനുകൂലം."
"Various events are being organized by the International Trade Center, which highlights the needs of small businesses and entrepreneurs and provides support for them as they grow like Digital Trade: Opportunities for youth in the MENA region, small businesses for the SDGs-Photo exhibition, young entrepreneurs in sport and Investing in Women.",ചെറുകിട ബിസിനസ്സുകളുടെയും സംരംഭകരുടെയും ആവശ്യങ്ങള്‍ക്ക് പ്രാമുഖ്യം നല്‍കുകയും അവ 'ഡിജിറ്റല്‍ ട്രേഡ്' പോലെ വളരുമ്പോള്‍ അവര്‍ക്ക് പിന്തുണ നല്‍കുകയും ചെയ്യുന്ന പല പരിപാടികളും ഇൻ്റർനാഷണൽ ട്രേഡ് സെൻ്റർ സംഘടിപ്പിക്കുന്നു: എം.ഇ.എന്‍.എ. മേഖലയിലെ യുവാക്കള്‍ക്കുള്ള അവസരങ്ങളും എസ്.ഡി.ജി-ഫോട്ടോ പ്രദർശനത്തിനുള്ള ചെറുകിട ബിസിനസ്സുകളും കായികരംഗത്തെ യുവസംരംഭകരും സ്ത്രീജനങ്ങൾക്ക് ശക്തിപകരലും.
"In this process, an organic stream containing solvent, traces of selective extractant, and the aqueous waste are kept in intimate contact by employing strong agitation.","ഈ പ്രക്രിയയിൽ, ലായകവും തിരഞ്ഞെടുത്ത എക്സ്ട്രാക്റ്റൻ്റിൻ്റെ സൂക്ഷ്മമായ അംശങ്ങളും ഉപയോഗരഹിതമായ വെള്ളവും ഉള്‍പ്പെട്ട ഒരു ജൈവപ്രവാഹത്തെ ശക്തമായി ഇളക്കിമറിച്ചുകൊണ്ട് അവ തമ്മിൽ കൂടിയ പരസ്പരസ്പർശം നേടുന്നു."
Cesium glass-containing dispenser is assembled remotely to the dedicated re-melting furnace for making Cs glass pencils with precise control of Cesium glass in each pencil.,ഓരോ പെൻസിലിലും സീസിയം ഗ്ലാസ് കൃത്യമായി നിയന്ത്രിച്ച് സീസിയം ഗ്ലാസ് പെൻസിലുകൾ ഉണ്ടാക്കുന്നതിന് വീണ്ടും ഉരുക്കുന്നതിനായുള്ള പ്രത്യേക ചൂളയിൽ സീസിയം ഗ്ലാസ്സ് ഉൾക്കൊള്ളുന്ന ഡിസ്പെൻസർ റിമോട്ട് ആയി കൂട്ടിച്ചേർക്കപ്പെടുന്നു.
"In addition, reliable and timely estimates and seasonal crop acreage and production estimates are important for the formulation of marketing strategies such as export/import, price fixation, and public distribution.","അതിനുപുറമെ, വിശ്വസ്തവും കാലികവുമായ എസ്റ്റിമേറ്റുകൾ, സീസണുകളനുസരിച്ചുള്ള കൃഷിഭൂമിവിസ്തീർണ്ണത്തിൻ്റെയും ഉത്പാദനത്തിൻ്റെയും എസ്റ്റിമേറ്റുകൾ എന്നിവ കയറ്റുമതി/ഇറക്കുമതി, വിലനിർണ്ണയം, പൊതുവിതരണം തുടങ്ങിയവയുടെ വിപണനതന്ത്രങ്ങൾ രൂപീകരിക്കുന്നതിൽ പ്രധാനമാണ്."
"A substantial increase in crop production is possible by bringing additional land under cultivation (horizontal approach) and improved crop management (vertical approach) technologies such as the use of high-yielding input-responsive, energy-intensive, and stress-tolerant varieties, increased irrigation, and integrated crop nutrition and protection.","കൂടുതൽ ഭൂമിയിൽ കൃഷിചെയ്തും (തിരശ്ചീനമായ സമീപനം), നല്ല വിളഫലം നൽകുന്നതും കൂടുതൽ ഊർജം ഉപയോഗിക്കുന്നതും പ്രതികൂലസാഹചര്യങ്ങൾ താങ്ങുവാൻ ശേഷിയുള്ളതുമായ ഇനങ്ങളുടെ ഉപയോഗം, വർധിച്ച ജലസേചനം, സംയോജിത വിളപോഷണവും സംരക്ഷണവും തുടങ്ങിയ മെച്ചപ്പെട്ട വിളപരിപാലന സാങ്കേതികവിദ്യ(ലംബമായ സമീപനം)കളിലൂടെയും വിളകളുടെ ഉത്പാദനത്തിൽ സാരമായ വർദ്ധനവ് സാധ്യമാണ്."
The gearshift lever is mounted on the center console between the two front seats.,രണ്ടു മുന്‍സീറ്റുകളുടെ ഇടയിലുള്ള സെന്‍റര്‍ കണ്‍സോളിലാണ് ഗിയര്‍ഷിഫ്റ്റ്‌ ലീ വര്‍ ഘടിപ്പിച്ചിരിക്കുന്നത്.
But it would be inaccurate to attribute this change merely to technology.,എന്നാല്‍ ഈ മാറ്റം സാങ്കേതികവിദ്യകൊണ്ടു മാത്രം ഉണ്ടായതാണെന്ന് പറയുന്നത് കൃത്യമായിരിക്കില്ല.
"Combining indicators for all these parameters, a qualitative grade was composed for the quality of facilities in each state.",ഈ മാനദണ്ഡങ്ങള്‍ക്കെല്ലാമുള്ള സൂചകങ്ങള്‍ സംയോജിപ്പിച്ച് ഓരോ സംസ്ഥാനത്തെയും സൗകര്യങ്ങളുടെ ഗുണനിലവാരം നിർണ്ണയിക്കുവാൻ ഗുണനിലവാരത്തിൻ്റെ ഗ്രേഡ് തയ്യാറാക്കിയിട്ടുണ്ട്.
"These calipers can be used to calculate the length, outside, and inside diameters.","നീളവും, ഉള്ളിലെയും പുറത്തെയും വ്യാസവും കണക്കാക്കാൻ ഈ കാലിപ്പേഴ്സ് ഉപയോഗിക്കാം."
Bricks should be tested for hardness and durability before they are used in masonry.,കെട്ടിടപ്പണിക്ക് ഉപയോഗിക്കുന്നതിനുമുന്‍പ് ഇഷ്ടികകള്‍ കടുപ്പമുള്ളതും ഈടുനില്‍ക്കുന്നതും ആണോ എന്ന് പരിശോധിക്കണം.
Cereal price pressure is spreading from wheat to rice due to the likely lower Kharif paddy production.,ഖരീഫ് നെല്ലുല്‍പ്പാദനം കുറയാമെന്നതിനാല്‍ ധാന്യവിലയ്ക്കുമേലുള്ള സമ്മര്‍ദ്ദം ഗോതമ്പില്‍നിന്ന് അരിയിലേക്ക് പടരുകയാണ്.
"Due to the active initiatives taken up by the Government of India and other stakeholders, the reach of Ayurveda has expanded along with widespread consumer acceptance.",ഇന്ത്യൻ സർക്കാരും മറ്റ് തല്പരകക്ഷികളും നടത്തിയ ഇടപെടലുകൾ കാരണം ഉപഭോക്താക്കളുടെ വിശാലമായ അംഗീകാരത്തോടെ ആയുർവേദത്തിൻ്റെ വ്യാപനം വർദ്ധിച്ചിട്ടുണ്ട്.
"Further, excluding the therapeutic applications, the radioisotope is to be converted to a non-leachable form so that no inadvertent release of radioactivity occurs during its use.","മാത്രമല്ല, ചികിത്സയുടെ ആവശ്യങ്ങള്‍ക്കുള്ള പ്രയോഗങ്ങളെ മാറ്റിനിർത്തിയാൽ, ഉപയോഗിക്കുന്ന സമയത്ത് അപ്രതീക്ഷിതമായി റേഡിയോ ആക്റ്റിവിറ്റി പ്രസരിക്കാതെയിരിക്കാന്‍വേണ്ടി റേഡിയോ ഐസോട്ടോപ്പിനെ ലീച്ചു ചെയ്യാന്‍ പറ്റാത്ത രൂപത്തിലേക്ക് പരിവര്‍ത്തിപ്പിക്കണം."
"Towards utilization of a radioisotope, first and foremost, it must be separated from HLLW in a radio-chemically pure form.",ഒരു റേഡിയോ ഐസോട്ടോപ്പ് ഉപയോഗപ്പെടുത്തുന്നതിന് ആദ്യമായും അതിപ്രധാനമായും വേണ്ടത് റേഡിയോ-രാസികമായി ശുദ്ധമായ രൂപത്തിൽ അതിനെ എച്ച് . എൽ. എൽ. ഡബ്ള്യൂവിൽനിന്ന് വേർതിരിക്കുക എന്നതാണ്.
"The credit requisition contains information on the desired products, details of possible vendors, delivery instructions, accounting details, contact information, etc.","വായ്പയ്ക്കുള്ള അപേക്ഷയില്‍ ആഗ്രഹിക്കുന്ന ഉത്പന്നങ്ങളുടെ വിവരം, വില്‍പ്പനക്കാരാവാൻ സാധ്യതയുള്ളവരുടെ വിശദാംശങ്ങള്‍, വിതരണത്തിനുള്ള നിർദേശങ്ങൾ, അക്കൗണ്ടിംഗ് വിശദാംശങ്ങള്‍, ബന്ധപ്പെടേണ്ടവരുടെ വിവരം തുടങ്ങിയവ അടങ്ങിയിരിക്കുന്നു."
It is the sale of goods and services through the Internet.,അത് ഇൻ്റര്‍നെറ്റില്‍ കൂടിയുള്ള ചരക്കുകളുടെയും സേവനങ്ങളുടെയും വില്‍പ്പനയാണ്.
"Accordingly, the report lodged was sent to the officials in Gujarat.","അതനുസരിച്ച്, സമർപ്പിക്കപ്പെട്ട റിപ്പോർട്ട് ഗുജറാത്തിലെ ഉദ്യോഗസ്ഥർക്ക് അയച്ചുകൊടുത്തു."
"The Child Marriage Restraint Act, 1978 stipulates the legal age of marriage as 18 for girls and 21 for boys, but social customs encourage early marriage even now.",1978ലെ ശൈശവവിവാഹ നിരോധനനിയമം വിവാഹപ്രായം പെൺകുട്ടികൾക്ക് 18ഉം ആൺകുട്ടികൾക്ക് 21ഉം ആയി നിശ്ചയിക്കുന്നുണ്ടെങ്കിലും ഇപ്പോഴും സാമൂഹികാചാരങ്ങൾ നേരത്തെയുള്ള വിവാഹം പ്രോത്സാഹിപ്പിക്കുന്നുണ്ട്.
"However, BSNL does not have any statutory, regulatory, or police powers to impose strict civil liability.","എന്നാൽ, കർശനമായ സിവിൽ ബാധ്യത ചുമത്താൻ ബി. എസ്. എൻ. എല്ലിന് നിയമാനുസൃതമായതോ കാര്യനിർവ്വഹണപരമായതോ ആയ അധികാരങ്ങളോ പോലീസ് അധികാരങ്ങളോ ഇല്ല."
"For the aforesaid reasons, we are of the considered opinion that the Tribunal did not commit any error in coming to the conclusion that M/s. Kwality Ice Cream and BBLIL are not related persons.","മുന്‍പറഞ്ഞ കാരണങ്ങളാല്‍, മെസ്സേഴ്സ് ക്വാളിറ്റി ഐസ്ക്രീമും ബി.ബി.എല്‍.ഐ.എല്ലും പരസ്പരബന്ധമുള്ളവരല്ല എന്ന നിഗമനത്തില്‍ എത്തുന്നതില്‍ ട്രിബ്യൂണലിനു തെറ്റൊന്നും പറ്റിയിട്ടില്ല എന്നാണ് ഞങ്ങളുടെ സുചിന്തിതമായ അഭിപ്രായം."
The transaction between them is of the nature of principal to principal and the price was the sole consideration for the sale of goods.,"അവർക്കിടയിലുള്ള ഇടപാടിൻ്റെ സ്വഭാവം മുതലും മുതലും തമ്മിലുള്ളതും, വില്പനയ്ക്കുള്ള ഏകപരിഗണന വിലയുമായിരുന്നു."
It is submitted that thereafter the elections to the State Assembly were held on 11.04.2019 and Shri Y. Jaganmohan Reddy became the Chief Minister and took oath on 30.05.2019.,അതിനുശേഷം 11.04.2019ന് നിയമസഭാ തെരഞ്ഞെടുപ്പുകൾ നടത്തുകയും 30.05.2019ന് ശ്രീ വൈ. ജഗൻമോഹൻ റെഡ്ഡി മുഖ്യമന്ത്രിയായി സത്യപ്രതിജ്ഞ ചെയ്യുകയും ചെയ്തതായി ബോധിപ്പിക്കപ്പെട്ടു.
The view expressed in Ramesh Kumari's case (supra) was reiterated in Lallan Chaudhary and Ors. V. State of Bihar (AIR 2006 SC 3376).,"രമേശ് കുമാരിയുടെ കേസിൽ (സുപ്ര) പറഞ്ഞ നിലപാട്, ലല്ലൻ ചൗധരിയും മറ്റുള്ളവരും ബീഹാർ സംസ്ഥാനവുമായുള്ള കേസിലും (എ. ഐ. ആർ 2006 എസ്. സി 3376) ആവർത്തിച്ചു."
"On the basis of these reports, BSNL made its own inquiries by calling the local CLI number, i.e., 0281-3041000.",ഈ റിപ്പോർട്ടുകളുടെ അടിസ്ഥാനത്തിൽ 0281-3041000. എന്ന സി. എൽ. ഐയുടെ പ്രാദേശികനമ്പറിൽ വിളിച്ച് ബി. എസ്. എൻ. എൽ തങ്ങളുടേതായ അന്വേഷണങ്ങൾ നടത്തി.
They are yet to register an FIR.,അവര്‍ ഇനിയും ഒരു എഫ്.ഐ.ആര്‍. രെജിസ്റ്റര്‍ ചെയ്തിട്ടില്ല.
It is immaterial whether damages for the use and occupation are in fact claimed or not by the owner in an action against the trespasser.,"ഉപയോഗിച്ചതിനും അധിവസിച്ചതിനുമുള്ള നഷ്ടപരിഹാരം, അതിക്രമിച്ചുകയറിയ ആൾക്കെതിരെയുള്ള നടപടിയിൽ ഉടമസ്ഥൻ യഥാർത്ഥത്തിൽ അവകാശപ്പെടുന്നുണ്ടോ ഇല്ലയോ എന്നത് അപ്രസക്തമാണ്."
"It has entered into an agreement with BBLIL for a period ending on March 21, 1997.",1997 മാർച്ച് 21ന് അവസാനിക്കുന്ന ഒരു കാലയളവിലേക്ക് അവർ ബി. ബി. എൽ. ഐ. എല്ലുമായി ഒരു കരാറിൽ ഒപ്പുവച്ചിട്ടുണ്ട്.
"Later, an agreement was entered into with M/s. HLL with effect from March 22, 1997.","പിന്നീട്, 1997 മാർച്ച് 22ന് പ്രാബല്യത്തിൽ വന്ന എച്ച് . എൽ. എല്ലുമായുള്ള ഒരു കരാറിൽ ഒപ്പിട്ടു."
"It is contended that the partisan approach of the authorities in the State of Gujarat is writ large, which is evident from a bare reading of the counter affidavit filed.",സമർപ്പിക്കപ്പെട്ട എതിർ സത്യവാങ്മൂലം മാത്രം വായിച്ചാൽ തെളിയുന്ന ഗുജറാത്ത് സംസ്ഥാനത്തെ അധികാരികളുടെ പക്ഷപാതം കലർന്ന സമീപനം സുവ്യക്തമാണെന്ന് വാദിക്കപ്പെടുന്നു.
GPL is primarily designed for providing public license to a software.,ഒരു സോഫ്‌റ്റ്‌വെയറിന് പൊതുലൈസൻസ് നൽകാനാണ് ജി. പി. എൽ പ്രാഥമികമായി രൂപകൽപന ചെയ്തിട്ടുള്ളത്.
"It entered into an agreement for the sale of the entire production to BBLIL, which later merged with HLL for marketing.",വിപണനത്തിനായി പിന്നീട് എച്. എൽ. എല്ലുമായി ലയിച്ച ബി. ബി. എൽ. ഐ. എല്ലുമായി മുഴുവൻ ഉല്പാദനവും വിൽക്കാനുള്ള ഒരു കരാറിൽ അവർ ഒപ്പുവച്ചു.
"Kwality Ice Cream (respondent-assessee) is engaged in the manufacture of ice cream falling under the Schedule to the Central Excise Tariff Act, 1985 (for short, the Act).",1985ലെ കേന്ദ്ര എക്‌സൈസ് നികുതി നിയമത്തിലെ അനുബന്ധത്തിന് കീഴിൽ വരുന്ന ഐസ്ക്രീം നിർമാണത്തിലാണ് ക്വാളിറ്റി ഐസ്ക്രീം (എതിർകക്ഷി ) ഏർപ്പെട്ടിരിക്കുന്നത്.
The important question considered at this short session was the composition of the federal legislature.,ഫെഡറൽ നിയമനിർമ്മാണ സഭയുടെ ഘടനയായിരുന്നു ഈ ചെറിയ സമ്മേളനത്തിൽ പരിഗണിച്ച പ്രധാനപ്പെട്ട വിഷയം.
"Moreover, learned senior counsel submitted that it is technically impossible for BSNL to trace or block a call with a tampered (masked) CLI.","കൂടാതെ, കേടുവരുത്തിയ (മറയ്ക്കപ്പെട്ട) സി. എൽ. ഐ ഉള്ള ഒരു കോളിൻ്റെ ഉറവിടം കണ്ടെത്തുകയോ തടയുകയോ ചെയ്യുകയെന്നത് ബി. എസ്. എൻ. എല്ലിന് സാങ്കേതികമായി അസാധ്യമാണെന്ന് പണ്ഡിതനായ മുതിർന്ന അഭിഭാഷകൻ ബോധിപ്പിക്കുകയും ചെയ്തു."
"That, on a given day, a single POI handles millions of minutes of calls that are handed over to BSNL, and in such a situation, it is not commercially feasible to decipher which call is genuine and which call is without a CLI or a tampered CLI.","ഒരു ദിവസം ഒരു പി.ഒ.ഐ. ദശലക്ഷക്കണക്കിനു മിനിറ്റുകൾ നീളുന്ന കോളുകള്‍ കൈകാര്യം ചെയ്യുകയും, അവ ബി.എസ്.എന്‍.എല്ലിനു കൈമാറുകയും ചെയ്യുന്ന സാഹചര്യത്തില്‍ ഏതു കോളാണ് യഥാര്‍ത്ഥമെന്നോ ഏതാണ് സി.എല്‍.ഐ. ഇല്ലാത്തതോ കേടുവന്ന സി.എല്‍.ഐ. ഉള്ളതെന്നോ വേർതിരിച്ചറിയുക വാണിജ്യപരമായി പ്രായോഗികമല്ല."
"On the interpretation of clause 6.4.6, learned counsel submitted that the said clause carries a heavy penalty; that the said clause is attracted in cases of tampering or wrong routing of calls attributable to some fault on the part of the operator and not otherwise; and since in the present case the actions complained are attributable to an unscrupulous subscriber and not to Reliance, clause 6.4.6 cannot be invoked.","6.4.6 എന്ന വകുപ്പിനെ വ്യാഖ്യാനിക്കുമ്പോൾ, ആ വകുപ്പനുസരിച്ച് വലിയൊരു പിഴ ചുമത്താമെന്നും, ആ വകുപ്പ് ഓപ്പറേറ്ററുടെ ഭാഗത്തുനിന്നുള്ള ഏതോ പിഴവുകൊണ്ടുള്ള കേടുപാടുകളോ കോളുകളുടെ തെറ്റായ റൂട്ടിങ്ങോ ഉണ്ടായാല്‍ മാത്രമേ സംഗതമാകൂ എന്നും, ഈ കേസില്‍ പരാതിക്ക് കാരണമായ പ്രവൃത്തികള്‍ നീതിബോധമില്ലാത്ത ഉപഭോക്താവിന്‍റെ ഭാഗത്തുനിന്നാണെന്നും റിലയന്‍സിൽനിന്നല്ലെന്നും അതിനാൽ 6.4.6 എന്ന വകുപ്പ് ബാധകമാക്കാനാവില്ലെന്നും പണ്ഡിതനായ അഭിഭാഷകന്‍ ബോധിപ്പിച്ചു."
Some ransomware are sent as email attachments in spam mails.,സ്പാം മെയിലുകളില്‍ ചില റാന്‍സംവെയറുകള്‍ ഈമെയില്‍ അറ്റാച്ച്മെൻ്റുകളായി അയക്കപ്പെടുന്നു.
This is because the Contract Act does not contemplate any other amount being received by one contracting party (BSNL) from the other contracting party (Reliance).,കരാറെടുത്ത ഒരു കക്ഷി (ബി. എസ്. എൻ. എൽ) കരാറെടുത്ത മറ്റേ കക്ഷി (റിലയൻസ്)യിൽനിന്ന് മറ്റൊരു തുകയും സ്വീകരിക്കുന്നത് കോൺട്രാക്ട് ആക്ട് പരിഗണിക്കുന്നില്ല എന്നതുകൊണ്ടാണിത്.
The petitioner projects that she has fully cooperated with the Mumbai Police in their inquiry but will have no objection if the investigation is conducted by the CBI.,താന്‍ മുംബൈ പോലീസുമായി അന്വേഷണത്തില്‍ പൂര്‍ണ്ണമായും സഹകരിച്ചുവെന്നും കുറ്റാന്വേഷണം സി.ബി.ഐ. നടത്തിയാലും തനിക്കതില്‍ എതിര്‍പ്പുണ്ടാവില്ലെന്നും പരാതിക്കാരി പറയുന്നു.
The GNU General public license (GPL) and the Creative Commons (CC) are two popular categories of public licenses.,"പൊതുലൈസൻസുകളുടെ അറിയപ്പെടുന്ന രണ്ട് വിഭാഗങ്ങളാണ് ജി. എൻ. യു ജനറൽ പബ്ലിക് ലൈസൻസ് (ജി. പി. എൽ) ഉം, ക്രിയേറ്റീവ് കോമൺസ്‌ (സി. സി) ഉം."
"The NGT has, in the present case, abdicated its jurisdiction and entrusted judicial functions to an administrative expert committee.",ഈ കേസിൽ എൻ. ജി. ടി ഒരു വിദഗ്ധഭരണസമിതിക്ക് തങ്ങളുടെ അധികാരപരിധി വിട്ടുകൊടുക്കുകയും നീതിന്യായ പ്രവർത്തനങ്ങൾ ഏല്പിക്കുകയും ചെയ്തു.
She set up a plea that the subject room was situated in the slum area declared under the 1971 Act and that the suit filed by the first respondent was not maintainable without the written permission of the Competent Authority in view of the prohibition contained in Section 22(1)(a) of that Act.,"പരാമർശിക്കപ്പെട്ട മുറി 1971ലെ നിയമം വഴി പ്രഖ്യാപിക്കപ്പെട്ട ചേരിപ്രദേശത്താണ് സ്ഥിതിചെയ്യുന്നതെന്നും, നിയമത്തിന്‍റെ 22 (1)(എ) എന്ന വകുപ്പില്‍ അടങ്ങിയ നിരോധനത്തിന്‍റെ വെളിച്ചത്തില്‍, ഉത്തരവാദപ്പെട്ട അധികാരിയുടെ രേഖാമൂലമുള്ള അനുമതി കൂടാതെ ആദ്യകക്ഷി ഫയല്‍ ചെയ്ത ഹര്‍ജി നിലനില്‍ക്കുന്നതല്ലെന്നും അവര്‍ തൻ്റെ അപേക്ഷയിൽ പറഞ്ഞു."
"As was held in the All India Institute of Medical Sciences case and re-iterated in Gangadhar's case, the remedy available is as set out above by filing a complaint before the magistrate.",ഓൾ ഇന്ത്യ ഇൻസ്റ്റിറ്റ്യൂട്ട് ഓഫ് മെഡിക്കൽ സയൻസസ് കേസിൽ പറഞ്ഞതും ഗംഗാധറു ടെ കേസിൽ ആവർത്തിച്ചതുംപോലെ മുകളിൽ കാണിച്ചതുപോലെ മജിസ്‌ട്രേറ്റിന് മുമ്പാകെ പരാതി സമർപ്പിക്കുകയാണ് ചെയ്യാൻ കഴിയാവുന്ന പരിഹാരം.
"Though it was faintly suggested that there was a conflict in the views in the All India Institute of Medical Sciences case, Gangadhar's case, Hari Singh's case, Minu Kumari's case, and Ramesh Kumari's case, we find that the view expressed in Ramesh Kumari's case related to the action required to be taken by the police when any cognizable offense is brought to its notice.","ഓള്‍ ഇന്ത്യ ഇന്‍സ്റ്റിട്ട്യൂട്ട് ഓഫ് മെഡിക്കല്‍ സയന്‍സസ് കേസ്, ഗംഗാധറിൻ്റെ കേസ്‌, ഹരി സിങ്ങിന്‍റെ കേസ്, മിനു കുമാരിയുടെ കേസ്, രമേഷ് കുമാരിയുടെ കേസ് എന്നിവ തമ്മില്‍ നിലപാടുകളുടെ കാര്യത്തില്‍ ഒരു അഭിപ്രായഭിന്നതയുണ്ടെന്ന് ദുര്‍ബ്ബലമായി സൂചിപ്പിക്കപ്പെട്ടെങ്കിലും, രമേഷ് കുമാരിയുടെ കേസില്‍ പ്രകടിപ്പിക്കപ്പെട്ട കാഴ്ചപ്പാട് ശിക്ഷാര്‍ഹമായ കുറ്റം പോലീസിന്‍റെ ശ്രദ്ധയില്‍ പെട്ടാല്‍ എടുക്കേണ്ട നടപടികളെക്കുറിച്ച് പറയുന്നതാണെന്ന് നാം കാണുന്നു."
"The course available, when the police do not carry out the statutory requirements under Section 154 was directly in issue in the All India Institute of Medical Sciences case, Gangadhars' case, Hari Singhs' case, and Minu Kumaris' case.","സെക്ഷൻ 154 പ്രകാരം നിയമപരമായി വേണ്ടവ പോലീസ് നിർവഹിക്കുന്നില്ലെങ്കിൽ സ്വീകരിക്കാവുന്ന വഴി, ഓൾ ഇന്ത്യ ഇൻസ്റ്റിറ്റ്യൂട്ട് ഓഫ് മെഡിക്കൽ സയൻസസ് കേസ്, ഗംഗാധർ കേസ്, ഹരി സിങ് കേസ്, മിനു കുമാരി കേസ് എന്നിവകളിൽ പ്രത്യക്ഷമായ പ്രശ്നമായിരുന്നു."
The decision was hence left to the expert agencies of the Union of India.,തീരുമാനം അതുകൊണ്ട് ഇന്ത്യന്‍ യൂണിയന്‍റെ വിദഗ്ധ ഏജന്‍സികള്‍ക്ക് വിട്ടുകൊടുത്തു.
"The first appellate court reversed the findings of the trial court on issue nos. 1 and 4 and held that the 4 suits filed by the first respondent were maintainable without the permission of the Competent Authority as she was a trespasser and in the case of a trespasser in occupation of a slum area governed by the 1971 Act, the permission of the Competent Authority was not necessary.","ഒന്നാം അപ്പീല്‍ കോടതി, ഒന്നു മുതല്‍ നാലു വരെ വിഷയങ്ങളില്‍ വിചാരണക്കോടതിയുടെ കണ്ടെത്തലുകള്‍ അസ്ഥിരപ്പെടുത്തുകയും ഒന്നാം കക്ഷി ഒരു കടന്നുകയറ്റക്കാരിയായതിനാല്‍ ഉത്തരവാദപ്പെട്ട അധികാരിയുടെ അനുമതിയില്ലാതെതന്നെ അവരുടെ നാല് ഹര്‍ജികളും നിലനില്‍ക്കത്തക്കതാണെന്നും 1971 ലെ നിയമപ്രകാരം ചേരിപ്രദേശത്ത് താമസിക്കുന്ന ഒരു കടന്നുകയറ്റക്കാരിയെ സംബന്ധിച്ചിടത്തോളം ഉത്തരവാദപ്പെട്ട അധികാരിയുടെ അനുമതി ആവശ്യമില്ലെന്നും വിധിക്കുകയും ചെയ്തു."
"The petitioner and the deceased were in a live-in relationship but on 8.6.2020, a few days prior to the death of the actor, she had shifted to her own residence at Mumbai.","പരാതിക്കാരിയും മരിച്ചയാളും വിവാഹം കൂടാതെ ഒന്നിച്ചുജീവിക്കുന്ന ഒരു ബന്ധത്തിലായിരുന്നുവെങ്കിലും, നടന്‍റെ മരണത്തിനു കുറച്ചുദിവസം മുന്‍പ് 8.6.2020 ന്, അവര്‍ മുംബൈയിലുള്ള തന്‍റെ സ്വന്തം വീട്ടിലേക്കു താമസം മാറ്റിയിരുന്നു."
"The object of the proceedings is merely to ascertain whether a person has died under suspicious circumstances or an unnatural death, and if so, what is the apparent cause of the death.",ഒരു വ്യക്തിയുടെ മരണം സംശയകരമായ സാഹചര്യത്തിലാണോ അല്ല അത് അസ്വാഭാവികമരണമാണോ എന്നും അസ്വാഭാവികമരണമാണെങ്കില്‍ പ്രത്യക്ഷത്തില്‍ മരണകാരണം എന്താണ് എന്നും തീര്‍ച്ചയാക്കുക മാത്രമാണ് നടപടിക്രമങ്ങളുടെ ലക്‌ഷ്യം.
"The question regarding the details as to how the deceased was assaulted, who assaulted him or under what circumstances he was assaulted is foreign to the ambit and scope of the proceedings under Section 174 of the Code.","മരിച്ചയാള്‍ എങ്ങനെ കൈയേറ്റംചെയ്യപ്പെട്ടു, ആരാണ് കൈയേറ്റംചെയ്തത്, ഏതു സാഹചര്യത്തിലാണ് അദ്ദേഹം കൈയേറ്റം ചെയ്യപ്പെട്ടത് തുടങ്ങിയ വിശദാംശങ്ങളെക്കുറിച്ചുള്ള ചോദ്യങ്ങൾ ഈ ചട്ടത്തിന്‍റെ 174 എന്ന വകുപ്പനുസരിച്ചുള്ള നടപടിക്രമങ്ങളുടെ പരിഗണനാപരിധിക്ക്‌ പുറത്താണ്."
"As per sub-section (3), on receipt of such an application, the Competent Authority, by order in writing, may either grant or refuse to grant such permission after giving an opportunity to the parties of being heard and after making such summary inquiries into the circumstances of the case as it thinks fit.","അത്തരമൊരു അപേക്ഷ കിട്ടിയാല്‍ ബന്ധപ്പെട്ട കക്ഷികള്‍ക്ക് തങ്ങളുടെ ഭാഗം പറയുവാനുള്ള അവസരം നൽകിയശേഷവും, തങ്ങൾക്ക് യുക്തമെന്നു തോന്നുന്ന വിധത്തില്‍ സാഹചര്യങ്ങളിലേക്ക് അടിയന്തിരമായ അന്വേഷണങ്ങള്‍ നടത്തിയ ശേഷവും, ഉത്തരവാദപ്പെട്ട അധികാരിക്ക് ഉപവകുപ്പ് (3) അനുസരിച്ച് രേഖാമൂലമായ ഉത്തരവുവഴി അത്തരം അനുമതി നല്‍കുകയോ നല്‍കാന്‍ വിസമ്മതിക്കുകയോ ചെയ്യാവുന്നതാണ്."
Sub-Section (2) of Section 22 requires the person desiring to obtain permission to make an application in writing to the Competent Authority.,"സെക്ഷൻ 22ലെ സബ്-സെക്ഷൻ (2), അനുമതി തേടുന്ന വ്യക്തി ബന്ധപ്പെട്ട അധികാരിക്ക് രേഖാമൂലം ഒരു അപേക്ഷ നൽകണമെന്ന് വ്യവസ്ഥ ചെയ്യുന്നു."
"A trademark includes any visual symbol, word, name, design, slogan, label, etc., that distinguishes the brand or commercial enterprise from other brands or commercial enterprises.","ആ ബ്രാൻഡിനെയോ വാണിജ്യസംരംഭത്തെയോ മറ്റ് ബ്രാൻഡുകളിൽനിന്നും വാണിജ്യസംരംഭങ്ങളിൽനിന്നും വേർതിരിച്ചുകാണിക്കുന്ന ദൃശ്യമായ ചിഹ്നം, പദം, പേര്, രൂപകല്‌പന, പരസ്യവാചകം, ലേബൽ തുടങ്ങിയവയിൽ ഏതും ഒരു ട്രേഡ് മാർക്കിൽ ഉൾപ്പെടുന്നു."
"Whenever any information is received by the police about the alleged commission of an offence that is cognizable, there is a duty to register the FIR.",ആരോപിക്കപ്പെടുംവിധം ഗുരുതരമായ ഒരു കുറ്റകൃത്യം ചെയ്യപ്പെട്ടതായി പോലീസിന് എപ്പോഴെങ്കിലും വിവരം ലഭിച്ചാൽ എഫ്. ഐ. ആർ രജിസ്റ്റർ ചെയ്യേണ്ടത് ഒരു കടമയാണ്.
Land use policies that discourage shoreline building will leave communities more flexibility to deal with sea level rise.,തീരപ്രദേശങ്ങളിലെ നിർമ്മാണം നിരുത്സാഹപ്പെടുത്തുന്ന ഭൂവിനിയോഗനയങ്ങൾ സമുദ്രനിരപ്പുയരുന്നത് കൈകാര്യം ചെയ്യുന്നതിൽ സമൂഹങ്ങൾക്ക് കൂടുതൽ സ്വാതന്ത്ര്യം നൽകും.
"Where there are beachfront or bayfront houses, the owners will try to protect their property, through shoreline hardening, for example.","കടലിനോ ഉൾക്കടലിനോ അഭിമുഖമായ വീടുകളുള്ളിടത്ത് ഉടമസ്ഥർ അവരുടെ സ്വത്ത് സംരക്ഷിക്കാൻ, ഉദാഹരണത്തിന് കര ശക്തിപ്പെടുത്തുന്നതിലൂടെ, ശ്രമിക്കും."
"A plague broke out in this village, and I saw evident danger to the safety of the Ashram children.",ഈ ഗ്രാമത്തില്‍ പ്ലേഗ് പൊട്ടിപ്പുറപ്പെടുകയും ആശ്രമത്തിലെ കുട്ടികളുടെ സുരക്ഷയ്ക്ക് പ്രത്യക്ഷമായ അപകടം ഞാന്‍ കാണുകയും ചെയ്തു.
"During the season, heatwave/severe heatwave conditions were observed in March and April.",ഈ സീസണില്‍ ഉഷ്ണതരംഗത്തിൻ്റെയോ കഠിനമായ ഉഷ്ണതരംഗത്തിൻ്റെയോ സാഹചര്യങ്ങള്‍ മാര്‍ച്ചിലും ഏപ്രിലിലും നിരീക്ഷിക്കപ്പെട്ടു.
"In the month of May, no significant heat wave conditions were observed.",മെയ് മാസത്തില്‍ ഗണ്യമായ ഉഷ്ണതരംഗ സാഹചര്യങ്ങള്‍ ഒന്നും നിരീക്ഷിക്കപ്പെട്ടില്ല.
"After supping on the best Hyderabadi kebabs and qubani ka meetha I've ever had, we settled down on huge, heavily cushioned sofa chairs, sipping chai, to have a chat about her life and films.",ഞാന്‍ കഴിച്ചിട്ടുള്ളതില്‍വെച്ച് ഏറ്റം നല്ല ഹൈദരബാദി കെബാബും ഖുബാനി കാ മീഠായും കഴിച്ചതിനുശേഷം അവരുടെ ജീവിതത്തെയും സിനിമകളെയും കുറിച്ചൊരു നർമ്മസല്ലാപം നടത്താൻ കട്ടിയിൽ കുഷ്യനിട്ട ഭീമൻസോഫകളില്‍ ചായ രുചിച്ചുകൊണ്ട് ഞങ്ങള്‍ ഇരുന്നു.
"Fatma Begum has lived a life away from the arc lights for several years now, so when this first lady of Indian cinema, who's never given a media interview, agreed to speak to me on 3 May 2013, I promptly made my way to her once-impressive but now crumbling residence in Dhanraj Mahal, where she lives with her daughter Zubeida.","ഇപ്പോൾ എത്രയോ വർഷങ്ങളായി ആർക് ലൈറ്റുകളിൽ നിന്നകന്ന ഒരു ജീവിതം നയിക്കുകയും ഒരു മാദ്ധ്യമ അഭിമുഖവും നല്‍കാതിരിക്കുകയും ചെയ്ത ഫത്മാ ബീഗം എന്ന ഇന്ത്യന്‍ സിനിമയിലെ പ്രഥമവനിത, 2013 മെയ് മൂന്നാം തീയതി എന്നോട് സംസാരിക്കാം എന്ന് സമ്മതിച്ചപ്പോൾ, മകള്‍ സുബൈദയോടൊപ്പം അവര്‍ താമസിക്കുന്ന ധൻരാജ് മഹലിലെ, ഒരിക്കല്‍ ആകര്‍ഷകവും ഇപ്പോള്‍ ഇടിഞ്ഞുവീഴുന്നതുമായ വീട്ടിലേക്ക് ഞാന്‍ കൃത്യസമയത്ത് ചെന്നു."
More dreadful variants of this virus are expected in the coming days.,വരും ദിവസങ്ങളില്‍ ഈ വൈറസിന്‍റെ കൂടുതല്‍ ഭീകരമായ വകഭേദങ്ങള്‍ പ്രതീക്ഷിക്കപ്പെടുന്നു.
"The highest impact likely will be in Asia and Africa, which likely will account for an estimated 4.7 million and 4.2 million deaths, respectively.",യഥാക്രമം 4.7 ദശലക്ഷവും 4.2 ദശലക്ഷവും മരണങ്ങള്‍ക്ക് കാരണമാവാമെന്ന് കണക്കാക്കപ്പെടുന്ന ഏഷ്യയിലും ആഫ്രിക്കയിലും ആയിരിക്കാം ഏറ്റവും ഉയര്‍ന്ന ആഘാതം.
"Here I found Abdul Gani Sheth expecting me, and he gave me a cordial greeting.",ഇവിടെ എന്നെ പ്രതീക്ഷിച്ചു നില്‍ക്കുന്ന അബ്ദുല്‍ ഘനി ഷേത്തിനെ ഞാന്‍ കാണുകയും അദ്ദേഹം എനിക്ക് ഒരു ഹാര്‍ദ്ദമായ അഭിവാദ്യം നൽകുകയും . ചെയ്തു.
So I asked the cabman to drive to Muhammad Kasam Kamruddin's shop.,അതുകൊണ്ട് ഞാന്‍ ഡ്രൈവറോട് മുഹമ്മദ്‌ കസം കമറുദ്ദീന്‍റെ കടയിലേക്ക് ഓടിക്കാന്‍ പറഞ്ഞു.
"I had been observing that, far from protecting the Indians, Chinese and others, these officers were grinding them down.",ഇന്ത്യക്കാരെയും ചൈനക്കാരെയും മറ്റുള്ളവരെയും സംരക്ഷിക്കുന്നതിന് വിരുദ്ധമായി ഈ ഉദ്യോഗസ്‌ഥൻമാര്‍ അവരെ ചവിട്ടിയരയ്ക്കുകയാണെന്ന് ഞാൻ കണ്ടുകൊണ്ടിരിക്കുന്നു.
"During the inquiry, attempts were made to compel him to reveal the names of other conspirators.",അന്വേഷണത്തിനിടയില്‍ മറ്റ് ഗൂഢാലോചനക്കാരുടെ പേരുകള്‍ വെളിപ്പെടുത്താന്‍ അയാളെ നിര്‍ബന്ധിക്കാനുള്ള ശ്രമങ്ങള്‍ നടന്നു.
Media is the most potent tool that connects the Parliament with its people.,പാര്‍ലമെൻ്റിനെ അതിന്‍റെ ജനങ്ങളുമായി ബന്ധിപ്പിക്കുന്ന ഏറ്റവും ശക്തിയേറിയ ഉപകരണമാണ് മാധ്യമങ്ങള്‍
"On reaching Rajkot, I reported myself to the Medical officer the next morning.",രാജ്കോട്ടില്‍ എത്തിയശേഷം അടുത്ത പ്രഭാതത്തിൽ ഞാന്‍ ഡോക്ടറുടെ മുന്നില്‍ സ്വയം ഹാജരായി.
Our country owes a deep debt of gratitude to our valiant ex-Servicemen.,നമ്മുടെ ധീരരായ വിമുക്തഭടന്മാരോട് നമ്മുടെ രാജ്യത്തിന് കൃതജ്ഞതയുടെ അഗാധമായ കടപ്പാടുണ്ട്.
The initial response has been very good.,ആദ്യപ്രതികരണം വളരെ നന്നായിരുന്നു.
Women's rights are indeed human rights.,സ്ത്രീകളുടെ അവകാശങ്ങള്‍ തീര്‍ച്ചയായും മനുഷ്യാവകാശങ്ങളാണ്.
"Since the centenary of Indian cinema is a milestone that cannot be ignored, our choice of theme for this issue was pretty much unavoidable.",ഇന്ത്യന്‍ സിനിമയുടെ ശതാബ്ദി അവഗണിക്കാനാവാത്ത ഒരു നാഴികക്കല്ലായതിനാല്‍ ഈ ലക്കത്തിന്‍റെ ഞങ്ങളുടെ വിഷയസ്വീകാരം ഒട്ടൊക്കെ ഒഴിച്ചുകൂടാത്തതായിരുന്നു.
"During this phase, effective policy initiatives have started providing fruitful results.",ഈ കാലഘട്ടത്തില്‍ കാര്യക്ഷമമായ നയോദ്യമങ്ങള്‍ ഫലപ്രദമായ പരിണതഫലങ്ങള്‍ തരാന്‍ തുടങ്ങിയിട്ടുണ്ട്.
"Some of the government initiatives like Swachh Bharat Abhiyan (to create mass awareness on cleanliness and environmental pollution, to eliminate open defecation, and improve solid waste management) and Namami Gange (significant reduction of pollution, conservation and resuscitation of the river Ganga) are worth mentioning here.","(ശുചിത്വത്തെക്കുറിച്ചും പരിസ്ഥിതിമലിനീകരണത്തെക്കുറിച്ചും പൊതുബോധം സൃഷ്ടിക്കാനും പൊതുസ്ഥലങ്ങളിലെ മലവിസര്‍ജ്ജനം ഇല്ലാതാക്കാനും ഖരമാലിന്യ മാനേജ്മെന്‍റ് മെച്ചപ്പെടുത്താനും ഉള്ള) സ്വച്ഛ്‌ ഭാരത്‌ അഭിയാന്‍, (ഗംഗാ നദിയിലെ മലിനീകരണം ഗണ്യമായി കുറയ്ക്കാനും അതിനെ സംരക്ഷിക്കാനും പുനരുജ്ജീവിപ്പിക്കാനും ഉള്ള) നമാമി ഗംഗേ തുടങ്ങിയ ചില സര്‍ക്കാര്‍ ഉദ്യമങ്ങള്‍ ഇവിടെ പരാമര്‍ശയോഗ്യമാണ്."
"Before 2014, 77 Passport Seva Kendras (PSK) were operational in the country.",2014നു മുന്‍പ്‌ 77 പാസ്പോര്‍ട്ട് സേവാ കേന്ദ്രങ്ങള്‍ (പി.എസ്.കെ.) രാജ്യത്ത് പ്രവര്‍ത്തിച്ചിരുന്നു.
The last date for applying online was 31.01.2020.,ഓണ്‍ലൈനില്‍ അപേക്ഷിക്കാനുള്ള അവസാന തീയതി 31.01.2020 ആയിരുന്നു.
"On this occasion, a blood donation camp was also organized by the Society on 12th August 2022.","ഈ സന്ദര്‍ഭത്തില്‍, 2022 ആഗസ്റ്റ്‌ 12ന് ഒരു രക്തദാന ക്യാമ്പും ഈ സൊസൈറ്റി സംഘടിപ്പിച്ചു."
The program concluded with a cultural event entitled 'Partition and Independence: Reflections in Literature & Cinema' organized by the employees of the Society.,"സൊസൈറ്റിയുടെ ജീവനക്കാര്‍ സംഘടിപ്പിച്ച ""വിഭജനവും സ്വാതന്ത്ര്യവും: സാഹിത്യത്തിലേയും സിനിമയിലെയും പ്രതിഫലനങ്ങള്‍"" എന്ന് പേരിട്ട ഒരു സാംസ്കാരികപരിപാടിയോടെയാണ് കാര്യക്രമം അവസാനിച്ചത്."
"The staff members of the Society, the Council members, and other members and well-wishers took an active part in both organizing the program and also remaining present all through the day.",സൊസൈറ്റിയുടെ ജീവനക്കാരും കൗണ്‍സില്‍ അംഗങ്ങളും മറ്റംഗങ്ങളും അഭ്യുദയകാംക്ഷികളും പരിപാടി സംഘടിപ്പിക്കുന്നതിലും ദിവസം മുഴുവന്‍ സന്നിഹിതരായിരിക്കുന്നതിലും സജീവമായ പങ്കുവഹിച്ചു.
A total of 41 participants from all over India participated in the course.,ഈ പഠനപരിപാടിയില്‍ ഇന്ത്യയില്‍ നിന്നൊട്ടാകെ 41 പേര്‍ പങ്കെടുത്തു.
The country has withstood the shocks from COVID-19 and the conflict in Ukraine.,"കോവിഡ് 19, യുക്രെയിനിലെ സംഘര്‍ഷം എന്നിവയില്‍ നിന്നുള്ള ആഘാതങ്ങൾ ഈ രാജ്യം അതിജീവിച്ചുകഴിഞ്ഞു."
Mahatma Gandhi's ideals of Satyagraha instilled in every Indian an indomitable self-belief and spirit of sacrifice for the larger good.,മഹാത്മാഗാന്ധിയുടെ സത്യാഗ്രഹാദര്‍ശങ്ങള്‍ ഓരോ ഇന്ത്യാക്കാരനിലും അധൃഷ്യമായ ആത്മവിശ്വാസവും പൊതു നന്മയ്ക്കായുള്ള ത്യാഗത്തിന്‍റെ മനോഭാവവും നിറച്ചു.
Tourism 2020 vision is the World Tourism Organization's long-term forecast and assessment of the development of tourism up to the first 20 years of the new millennium.,ടൂറിസം 2020 ദർശനം എന്നത് ലോക വിനോദസഞ്ചാര സംഘടനയുടെ നവസഹസ്രാബ്ദത്തിലെ ആദ്യ 20 വര്‍ഷം വരെയുള്ള വിനോദസഞ്ചാരവികസനത്തിന്‍റെ ദീര്‍ഘകാലപ്രവചനവും വിലയിരുത്തലുമാണ്.
The area reported by various government agencies under wastelands varies from 38Mha to 175Mha.,തരിശിടങ്ങള്‍ എന്ന പേരില്‍ വിവിധ സര്‍ക്കാരേജന്‍സികള്‍ റിപ്പോര്‍ട്ട് ചെയ്തിട്ടുള്ള വിസ്തൃതി 38 ദശലക്ഷം ഹെക്ടര്‍ മുതല്‍ 175 ദശലക്ഷം ഹെക്ടര്‍ വരെ വരും.
"We are also going to organize a few important lectures, including the program of observance of 'Azadi Ka Amrit Mahotsav'.","""ആസാദി കാ അമൃത് മഹോത്സവി""ന്‍റെ ആചരണപരിപാടി ഉള്‍പ്പടെ കുറച്ച് പ്രധാനപ്രഭാഷണങ്ങള്‍ സംഘടിപ്പിക്കുവാനും ഞങ്ങൾ പദ്ധതിയിടുകയാണ്."
Professor Sudipta Sen received the Sir William Jones Memorial Medal for 2021 and delivered a brief talk on William Jones and the Rule of Law in Late Eighteenth Century Calcutta on 22.07.2022.,പ്രൊഫസർ സുദിപ്ത സെൻ 2021ലെ സർ വില്യം ജോൺസ് മെമ്മോറിയൽ മെഡൽ നേടുകയും വില്യം ജോൺസിനെക്കുറിച്ചും പതിനെട്ടാം നൂറ്റാണ്ടിൻ്റെ അവസാനത്തിലുള്ള കൽക്കട്ടയിലെ നിയമവാഴ്ചയെക്കുറിച്ചും 22.07.2022ന് ചെറിയൊരു പ്രഭാഷണം നടത്തുകയും ചെയ്തു.
"Every day I had complaints like this: 'The rightful ones are not admitted, whilst those who have no right are smuggled in on payment of 100'.","നിത്യവും എനിക്ക് ഇത്തരം പരാതികൾ കിട്ടിക്കൊണ്ടിരുന്നു: 'അവകാശമുള്ളവർക്ക് പ്രവേശനം കിട്ടാതിരിക്കെ, ഒരാവകാശവുമില്ലാത്തവർ നൂറ് വാങ്ങി അകത്തേക്ക് കടത്തിവിടപ്പെടുന്നു'."
The iron beams lying in the Surya temple at Konark are still bigger.,കൊണാർക്കിലെ സൂര്യക്ഷേത്രത്തിൽ കിടക്കുന്ന ഇരുമ്പുകൊണ്ടുള്ള ഉത്തരങ്ങൾ അവയേക്കാൾ വലുതാണ്.
The Jain doctrine of non-acquisition could lead to more equitable distribution of wealth and resources in society.,അപരിഗ്രഹണം എന്ന ജൈനസിദ്ധാന്തത്തിന് സമൂഹത്തിൽ സമ്പത്തിൻ്റെയും വിഭവങ്ങളുടെയും കൂടുതൽ തുല്യമായ വിതരണത്തിലേക്ക് നയിക്കാൻ കഴിയും.
"Likewise, two particularly evil human beings, Grehma and Bendva, are mentioned in Chapters 32.12, 32.13, and 32.14 and Chapters 49.1 and 49.2 respectively.","അതുപോലെ, പ്രത്യേകിച്ചും ദുഷ്ടരായ ഗ്രെഹ്‌മ, ബെന്ത്വ എന്നീ രണ്ടുപേരെ യഥാക്രമം 32. 12, 32. 13, 32. 14 എന്നീ അധ്യായങ്ങളിലും 49. 1, 49. 2 എന്നീ അധ്യായങ്ങളിലും പരാമർശിക്കുന്നുണ്ട്."
"Its goal is neither nihilism, for there is nothing permanent to annihilate nor eternalism, for there is no permanent soul to eternalize.",ഉന്മൂലനം ചെയ്യാൻ സുസ്ഥിരമായ ഒന്നുമില്ലാത്തതിനാൽ ശൂന്യതാവാദമോ ശാശ്വതവൽക്കരിക്കാൻ സുസ്ഥിരമായ ഒരു ആത്മാവില്ലാത്തതിനാൽ നിതാന്തവാദമോ അല്ല അതിൻ്റെ ലക്ഷ്യം.
Great was his compassion for the two dear ones at this parting moment.,ഈ വിടവാങ്ങലിൻ്റെ നിമിഷത്തിൽ പ്രിയപ്പെട്ടവരായ അവർ രണ്ടുപേരോടുമുള്ള അദ്ദേഹത്തിൻ്റെ സഹാനുഭൂതി അളവറ്റതായിരുന്നു.
He was not worried about the future worldly happiness and comfort of the mother and child as they had everything in abundance and were well protected.,അമ്മയ്ക്കും കുട്ടിയ്ക്കും വേണ്ടതെല്ലാം വേണ്ടുവോളം ഉണ്ടായിരുന്നതുകൊണ്ടും അവർ സുരക്ഷിതരായിരുന്നതുകൊണ്ടും അവരുടെ ഭാവിയിലെ ലൗകികസന്തോഷത്തെക്കുറിച്ചും സൗഖ്യത്തെക്കുറിച്ചും അദ്ദേഹം ആശങ്കാകുലനായിരുന്നില്ല.
"At about the same time, I heard of a well-known Hindu having been converted to Christianity.",ഏതാണ്ട് അതേ സമയത്ത് ക്രിസ്തുമതത്തിലേക്ക് പരിവര്‍ത്തനം ചെയ്ത ഒരു പ്രശസ്തനായ ഹിന്ദുവിനെക്കുറിച്ച് ഞാന്‍ കേട്ടു.
"In the following verses, we are told that God appoints Zarathustra as a teacher for mankind, to tell them of the path of truth and how to live in accordance with truth.",സത്യത്തിന്‍റെ വഴിയെക്കുറിച്ചും സത്യത്തിനനുസരിച്ച് ജീവിക്കേണ്ടതെങ്ങനെയെന്നും മനുഷ്യരാശിയോട് പറയാന്‍ ജരതുഷ്ട്രനെ ദൈവം ഗുരുവായി നിയമിക്കുന്നുവെന്ന് തുടര്‍ന്നുള്ള പദ്യങ്ങളില്‍ പറയുന്നത് നാം കേൾക്കുന്നു.
"In the three worlds there is not, and there will never be, any to equal him in martial or spiritual prowess.",മൂന്ന് ലോകങ്ങളിലും ആയോധനശക്തിയിലും ആത്മീയശക്തിയിലും അദ്ദേഹത്തെ വെല്ലാൻ ഒരാളുമില്ലെന്നുമാത്രമല്ല ഒരാളും ഒരിക്കലും ഉണ്ടാവുകയുമില്ല.
"All facilities were provided for those more spiritually inclined to lead holy lives in solitude in accordance with their temperaments, and most of these teachers had large followings of disciples.","ആധ്യാത്മിക താത്പര്യം കൂടുതലുള്ളവര്‍ക്ക് സ്വന്തം അഭിരുചികള്‍ക്കനുസരിച്ച് ഏകാന്തതയില്‍ പുണ്യജീവിതങ്ങള്‍ നയിക്കാന്‍ എല്ലാ സൗകര്യങ്ങളും ലഭ്യമാക്കിയിരുന്നുവെന്നു മാത്രമല്ല, ഈ ഗുരുക്കന്മാരില്‍ മിക്കവര്‍ക്കും വലിയ ശിഷ്യസഞ്ചയവും ഉണ്ടായിരുന്നു."
"So, it was not difficult for the ascetic Gotama to find another religious teacher who was more competent than the former.","അതുകൊണ്ട്, നേരത്തെയുണ്ടായിരുന്ന ആളേക്കാൾ കഴിവുള്ള മറ്റൊരു മതാധ്യാപകനെ കണ്ടെത്താൻ തപസ്വിയായ ഗോതമന് പ്രയാസമുണ്ടായിരുന്നില്ല."
The partial observance is laid down for the householders with additional seven vows.,ഏഴ് അധികപ്രതിജ്ഞകളുമായി ഗൃഹസ്ഥര്‍ക്ക് ഭാഗികഅനുശീലനമാണ് വിധിച്ചിട്ടുള്ളത്.
"Likewise, the second grader, the Airyamna, or friend, is attacked by those who slander him; such persons should be kept away from him.","അതുപോലെ, രണ്ടാം തരക്കാരനായ ഐരാംമ്ന അഥവാ സുഹൃത്ത് അപകീർത്തിപ്പെടുത്തുന്നവരാൽ ആക്രമിക്കപ്പെടുന്നു; അത്തരം ആളുകൾ അദ്ദേഹത്തിൽനിന്നും അകറ്റിനിർത്തപ്പെടണം."
"Singing the glory of the Lord through the Divine Word can redeem a repentant sinner, and, thus, the doctrine of Karma ceases to operate.",ദിവ്യപദത്തിലൂടെ ദൈവമഹത്വത്തെ പ്രകീർത്തിക്കുന്നതുവഴി പശ്ചാത്താപിയായ ഒരു പാപിക്ക് പാപമോചനം ലഭിക്കുവാനാവുകയും അങ്ങനെ കർമ്മസിദ്ധാന്തത്തിൻ്റെ പ്രവർത്തനം അവസാനിക്കുകയും ചെയ്യുന്നു.
"The highest is the Xvaitu, who is self-sufficient and no longer requires religious instruction; the Airyamna, or friend, who befriends people to keep them from going astray; and the Verezanah, or worker, who is the active field worker on the ground and is to spread the faith.","സ്വയംപര്യാപ്തി നേടിയ ആളും മതവിദ്യാഭ്യാസം ഇനി ആവശ്യമില്ലാത്തയാളുമായ 'സ്വൈതു'വാണ് ഏറ്റം ഉന്നതന്‍; 'ഐര്യമ്നാ' അഥവാ സുഹൃത്ത്, ആളുകള്‍ വഴിതെറ്റിപ്പോകാതിരിക്കാന്‍ അവരോട് ചങ്ങാത്തം കൂടുന്നയാള്‍; ഒപ്പം, താഴെ കര്‍മ്മരംഗത്ത് സജീവവും വിശ്വാസം പ്രചരിപ്പിക്കുന്നവനുമായ , 'വെരെസന' അഥവാ പ്രവർത്തകൻ."
The Buddha cites this illustration of fire and adds that the question is wrongly put.,ബുദ്ധന്‍ തീയുടെ ഈ ഉദാഹരണം ഉദ്ധരിക്കുകയും തെറ്റായ മട്ടിലാണ് ആ ചോദ്യം ഉന്നയിച്ചതെന്ന് കൂട്ടിച്ചേര്‍ക്കുകയും ചെയ്തു.
The Buddha says it is not right to state that an Arahant exists or does not exist after death.,മരണശേഷം അരഹന്ത് ഉണ്ടാവുമെന്നോ ഉണ്ടാവില്ലെന്നോ പ്രസ്താവിക്കുന്നത് ശരിയല്ലെന്ന് ബുദ്ധൻ പറയുന്നു.
"Till His last moment, he served humanity both by example and by precept.",അവിടുത്തെ അവസാനനിമിഷം വരെ അവിടുന്ന് മനുഷ്യരാശിയെ മാതൃക കാണിച്ചും ധർമ്മോപദേശത്താലും സേവിച്ചു.
"In this vow, the householder must not have a sensual relationship with anybody but his own lawfully wedded spouse.",ഈ പ്രതിജ്ഞയനുസരിച്ച് വീട്ടുകാരന് നിയമാനുസൃതമായി കല്ല്യാണം കഴിച്ച തൻ്റെ സ്വന്തം ജീവിതപങ്കാളിയുടെ കൂടെയല്ലാതെ മറ്റാരുമായും ശാരീരികമായ ബന്ധം ഉണ്ടാകാൻ പാടില്ല.
"The six set out for heaven together, but all die on the way, except Yudhishthira, who reaches the gates of heaven accompanied only by a small dog, who turns out to be an incarnation of the god Dharma.",ആ ആറു പേരും സ്വര്‍ഗ്ഗത്തിലേക്ക് ഒരുമിച്ച് പുറപ്പെടുന്നുവെങ്കിലും യുധിഷ്ഠിരനൊഴികെ എല്ലാവരും വഴിയിൽ മരിച്ചുവീഴുകയും ധര്‍മദേവന്‍റെ അവതാരമെന്ന് തിരിച്ചറിയപ്പെടുന്ന ഒരു കൊച്ചുനായയോടൊപ്പം യുധിഷ്ഠിരൻ സ്വര്‍ഗ്ഗവാതിലിലെത്തുകയും ചെയ്യുന്നു.
"The idealistic approach of Sikhism is that it recognises the existence of the same heavenly light in every human being, rich or poor, high or low, irrespective of caste, creed, color, race, sex, religion, or nationality.","ജാതി, വിശ്വാസം, നിറം, വംശം, ലിംഗം, മതം, ദേശീയത എന്നിവ എന്തുതന്നെയായാലും സമ്പന്നരോ, ദരിദ്രരോ, ഉയർന്ന നിലയിലുള്ളവരോ താഴ്ന്ന നിലയിലുള്ളവരോ ആയ എല്ലാ മനുഷ്യരിലും ഒരേ സ്വർഗീയ പ്രകാശമുള്ളതായി അംഗീകരിക്കുന്നുവെന്നതാണ് സിഖ് മതത്തിൻ്റെ ആദർശപരമായ സമീപനം."
Therefore the doors of the Sikh temple called Gurdwara (House of the Guru) are open to all in this world without any prejudice or social discrimination.,"അതിനാൽ ഗുരുദ്വാര (ഗുരുഭവനം) എന്ന് വിളിക്കപ്പെടുന്ന സിഖ് ക്ഷേത്രത്തിൻ്റെ വാതിലുകൾ, മുൻവിധിയോ സാമൂഹികവിവേചനമോ കൂടാതെ ലോകത്തിലെ എല്ലാവർക്കുമായി തുറന്നുകൊടുത്തിരിക്കുന്നു."
It is also the savior of the future.,അതു ഭാവികാലത്തിന്‍റെ രക്ഷകനുമാണ്.
"In perhaps the most important verse in the Gathas, Chapter 45, Verse 8, Prophet Zarathustra finally gets to perceive Almighty God himself with his mind's eye, pursuant to which the Holy Trinity of good thoughts, good words, and good deeds is laid down as the path of truth which mankind is to follow.","ഒരുവേള, ഗാഥകളിലെ ഏറ്റം പ്രധാനപ്പെട്ട, അദ്ധ്യായം 45 ലെ എട്ടാം പദ്യത്തില്‍ ജരതുഷ്ട്ര പ്രവാചകന് ഒടുവില്‍ സര്‍വശക്തനായ ദൈവത്തെ മനക്കണ്ണുകൊണ്ട് അനുഭവിക്കാനാവുകയും അതേത്തുടര്‍ന്ന് മനുഷ്യരാശി പിന്തുടരേണ്ട, നല്ല ചിന്തകളുടെയും നല്ല വാക്കുകളുടെയും, നല്ല പ്രവൃത്തികളുടെയും, വിശുദ്ധത്രിത്വം എന്ന സത്യത്തിൻ്റെ വഴി നിര്‍ദ്ദേശിക്കപ്പെടുകയും ചെയ്യുന്നു."
"The mode of revelation is pointed out in some of these verses, which is the Pure Mind entering Zarathustra and telling him what he should tell mankind.",ഈ പദ്യങ്ങളില്‍ ചിലത് സൂചിപ്പിക്കുന്ന വെളിപാടിന്‍റെ രീതി എങ്ങനെയെന്നാല്‍ ശുദ്ധമനസ്സ് ജരതുഷ്ട്രനില്‍ പ്രവേശിച്ച് മനുഷ്യരാശിയോട് എന്തു പറയണം എന്ന് അദ്ദേഹത്തോട് പറയുന്നതായിട്ടാണ്.
"The third person mentioned by name is Bendva, who again is said to be both a liar and duplicitous by nature, thus leading Zarathustra to forbid his flock from associating with such persons in general.",പേരുകൊണ്ട് പരാമർശിക്കപ്പെടുന്ന മൂന്നാമത്തെയാൾ സ്വഭാവം കൊണ്ട് നുണയനും കാപട്യമുള്ളവനുമായ ബെന്ദ്വയാണെന്നത് തൻ്റെ അനുയായികളെ പൊതുവെ അത്തരം ആളുകളുമായി ബന്ധപ്പെടുന്നതിൽനിന്ന് വിലക്കുന്നതിലേക്ക് സരതുഷ്ട്രയെ നയിച്ചു.
"The rest of the Gita deepens and supplements the ideas presented before the epiphany about the importance of self-control and faith, of equanimity and unselfishness, but above all, of bhakti, or devotion.","ഗീതയുടെ ബാക്കിയുള്ള ഭാഗം ആത്മനിയന്ത്രണത്തിൻ്റെയും വിശ്വാസത്തിൻ്റെയും സമചിത്തതയുടെയും നിസ്വാർത്ഥതയുടെയും, എന്നാൽ എല്ലാറ്റിനുംമുകളിൽ ഭക്തിയുടെയും പ്രാധാന്യത്തെക്കുറിച്ചുള്ള, ദിവ്യദർശനത്തിനുമുമ്പ് അവതരിക്കപ്പെട്ട ആശയങ്ങൾക്ക് ആഴം പകരുകയും അവയ്ക്ക് ശക്തി നൽകുകയും ചെയ്യുന്നു."
"In these verses, Zarathustra chooses to be like Spenta Mainyu, who is equated with the highest that any human mind can achieve.","ഈ പദ്യങ്ങളിൽ, മനുഷ്യമനസ്സിന് പ്രാപിക്കാൻ കഴിയുന്ന പരമമായ ഉന്നതിയോട് തുല്യപ്പെടുത്തുന്ന സ്പെൻ്റ മൈന്യുവിനെപ്പോലെയാവാൻ ജരതുഷ്ട്ര തീരുമാനിക്കുന്നു."
Then he takes Arjuna on a tour of philosophical ideas and ways of salvation.,പിന്നെ അദ്ദേഹം അർജ്ജുനനെ തത്വചിന്താപരമായ ആശയങ്ങളുടെയും മോക്ഷവഴികളുടെയും ഒരു യാത്രയിലൂടെ കൊണ്ടുപോകുന്നു.
"This part of the Gita culminates in an overwhelming vision: Krishna allows Arjuna to see his supernal form, the Vishvarupa, which strikes terror into Arjuna's heart.",ഗീതയുടെ ഈ ഭാഗം അതിശക്തമായ ഒരു ദർശനത്തോടെയാണ് അവസാനിക്കുന്നത്: വിശ്വരൂപം എന്ന തൻ്റെ അതീന്ദ്രിയ രൂപം കാണാൻ കൃഷ്‌ണൻ അർജ്ജുനനെ അനുവദിക്കുകയും അത് അർജുനൻ്റെ ഹൃദയത്തിൽ കടുത്ത ഭീതിയുണ്ടാക്കുകയും ചെയ്യുന്നു.
"Then there was a bastard king, Darius Nothos; Nothos means the son of somebody who is illegitimate, like William the Conqueror.",പിന്നെ ദാരിയസ് നോതോസ് എന്ന ജാരസന്തതിയായ ഒരു രാജാവുണ്ടായിരുന്നു; വില്യം ദി കോൺക്വററിനെ പോലെ അവിഹിത ബന്ധത്തിലെ സന്തതി എന്നാണ് നോതോസ് എന്നതിനർത്ഥം.
"Then we have Artaxerxes II, the man who was thoughtful.",പിന്നീട് നമുക്ക് ചിന്താശീലനായ ആര്‍തസെക്സിസ് രണ്ടാമനെ കിട്ടുന്നു.
He is said to have illumined the material side of this earth instead of the spiritual and is thus condemned by Zarathustra.,"ആത്മീയവശത്തിനുപകരം അദ്ദേഹം ഈ ഭൂമിയുടെ ഭൗതികവശത്തെ പ്രകാശിപ്പിച്ചതായും, അങ്ങനെ ജരതുഷ്ട്രയാൽ കുറ്റപ്പെടുത്തപ്പെട്ടതായും പറയപ്പെടുന്നു."
"The first is Yima, who is none other than the famous King Jamshed, after whom the Navroz festival on the 21st of March every year is named.","എല്ലാ വർഷവും മാർച്ച് 21ന് നടക്കുന്ന നവ്റോസ് ഉത്സവത്തിന് ആരുടെ പേരാണോ ലഭിച്ചിരിക്കുന്നത്, ആ പ്രശസ്തനായ ജംഷദ്‌ രാജാവായ യിമയാണ് ഒന്നാമത്തേത്."
"To remove this delusion, one takes the vow of non-possession and realizes the perfection of the soul.",ഈ മിഥ്യാഭ്രമം ഒഴിവാക്കുന്നതിന് ഒരാൾ ഒന്നും ഉടമസ്ഥപ്പെടുത്തില്ലെന്ന പ്രതിജ്ഞ എടുക്കുകയും ആത്മാവിൻ്റെ പൂർണ്ണത സാക്ഷാത്‌കരിക്കുകയും ചെയ്യുന്നു.
"Unlike the nagara temple, the Dravida temple is enclosed within a compound wall.","നാഗരക്ഷേത്രങ്ങളുടേതില്‍ നിന്ന് വ്യത്യസ്തമായി, ദ്രാവിഡക്ഷേത്രങ്ങള്‍ ഒരു ചുറ്റുമതിലിനുള്ളിലാണ്."
"However, he is a Soshyant who has come with a message from God to save mankind from evil.","എന്നാൽ, മനുഷ്യകുലത്തെ തിന്മയിൽനിന്നും രക്ഷിക്കാൻ ദിവ്യസന്ദേശവുമായെത്തിയ ഒരു സോഷ്യന്ത് ആണ് അദ്ദേഹം."
We have already seen how Mother Earth wanted a protector to be appointed and how Zarathustra was so appointed.,ഭൂമാതാവ് ഒരു സംരക്ഷകനെ നിയമിക്കാൻ ആഗ്രഹിച്ചതിനെക്കുറിച്ചും അങ്ങനെ ജരതുഷ്ട്ര നിയമിക്കപ്പെട്ടതിനെക്കുറിച്ചും നമ്മൾ നേരത്തെതന്നെ കണ്ടു.
"When Arjuna refuses to fight, Krishna has no patience with him.",അര്‍ജ്ജുനന്‍ യുദ്ധം ചെയ്യാന്‍ വിസമ്മതിക്കുമ്പോള്‍ കൃഷ്ണന് അവനോട് ക്ഷമിക്കാനാവുന്നില്ല.
"Thus, in a significant verse, those who are self-reliant in the first rung of the Magha brotherhood should beware of perverse thought, the idea being that humility and not arrogance ought to be followed by persons who have reached the highest grade.","അങ്ങനെ, ഏറ്റവും ഉയർന്നപടിയിലെത്തിയവർ അഹങ്കാരമല്ല, വിനയമാണ് പാലിക്കേണ്ടത് എന്ന ആശയം വരുംവിധം മാഘാ സാഹോദര്യത്തിലെ ആദ്യപടിയിലെ സ്വാശ്രയശീലമുള്ളവർ വികലചിന്തകളിൽനിന്ന് അകന്നുനിൽക്കണമെന്ന് ഒരു നിര്‍ണ്ണായകമായ പദ്യത്തിൽ പറയുന്നു."
"During the Tokyo Olympic cycle, I would go to a psychologist, but I never made it a priority and didn't look after my body.",ടോക്കിയോ ഒളിമ്പിക് മത്സരചക്രത്തിനിടയില്‍ ഞാനൊരു മനശ്ശാസ്ത്രവിദഗ്ദ്ധനെ കാണാന്‍ പോയെങ്കിലും ഞാനതിനു വേണ്ടത്ര പ്രാമുഖ്യം നല്കിയില്ലെന്നു മാത്രമല്ല ശരീരത്തെ പരിരക്ഷിച്ചുമില്ല.
I still needed to train hard.,എനിക്ക് അപ്പോഴും കഠിനമായി പരിശീലിക്കേണ്ടിയിരുന്നു.
"It's great to be an Olympian, but there is stress and anxiety afterwards.",ഒരു ഒളിമ്പ്യനായിരിക്കുന്നത് മഹത്തായ കാര്യമാണെങ്കിലും അത് പിന്നീട് സമ്മര്‍ദ്ദവും ഉത്കണ്ഠയും ഉണ്ടാക്കുന്നു.
"And yes, you are an Olympian, but what do you get for it?","അതേ, നിങ്ങളൊരു ഒളിമ്പ്യൻ തന്നെ, എന്നുവെച്ച് പക്ഷെ എന്താണ് നേട്ടം?"
I didn't achieve it before he died in 2014.,അദ്ദേഹം 2014 ല്‍ മരിക്കും മുന്‍പ് എനിക്കത് നേടാനായില്ല.
"I felt he was there with me, watching over me tonight.",ഈ രാത്രി എന്നെ നിരീക്ഷിച്ചുക്കൊണ്ട് അദ്ദേഹം എൻ്റെകൂടെയുണ്ടെന്ന് എനിക്ക് തോന്നി.
"A nominated member of the team is allowed to strike at the goal from the penalty spot, with only the goalkeeper to beat.",ടീമിലെ തിരഞ്ഞെടുക്കപ്പെട്ട ഒരു കളിക്കാരന്‍ കീഴ്‌പ്പെടുത്താൻ ഗോളി മാത്രമുള്ള ഗോള്‍പോസ്റ്റിലേക്ക് പെനാൽറ്റി സ്പോട്ടില്‍ നിന്ന് പന്തടിക്കാന്‍ അനുവദിക്കപ്പെടുന്നു.
"The goalkeeper must remain on his line until the ball has been kicked, and all other players must be outside the penalty area behind the penalty spot.",പന്തടിക്കുംവരെ ഗോളി തന്‍റെ ലൈനിലും മറ്റു കളിക്കാരെല്ലാം പെനാൽറ്റി സ്പോട്ടിനു പിന്നില്‍ പെനാൽറ്റി ഏരിയക്കു പുറത്തും നില്‍ക്കേണ്ടതാണ്.
A team game means organised physical activity with players working together towards a shared objective.,പങ്കിടുന്ന ഒരു ലക്ഷ്യത്തിനായി കളിക്കാര്‍ ഒന്നിച്ചു പരിശ്രമിക്കുന്ന സംഘടിത കായികപ്രവൃത്തിയാണ് ടീം ഗെയിം.
"In team games, a group of individuals on the same team work together to achieve the objective of being the winners of the game.",ടീം ഗെയിമുകളില്‍ ഒരേ ടീമിലെ ഒരു സംഘം വ്യക്തികള്‍ കളിയിലെ ജേതാക്കളാകുക എന്ന ലക്ഷ്യത്തോടെ ഒരുമിച്ചു പ്രവര്‍ത്തിക്കുന്നു.
"Team members set points and scores, make decisions, communicate among themselves, manage conflicting situations, and solve problems in a supportive, trusting atmosphere in order to achieve their objectives.",തങ്ങളുടെ ലക്ഷ്യങ്ങള്‍ നേടുവാനായി ടീം അംഗങ്ങള്‍ പോയിൻ്റുകളും സ്കോറുകളും നിശ്ചയിക്കുകയും തീരുമാനങ്ങള്‍ എടുക്കുകയും തങ്ങളില്‍ സംവദിക്കുകയും സംഘർഷഭരിതമായ സന്ദര്‍ഭങ്ങള്‍ കൈകാര്യം ചെയ്യുകയും പരസ്പരസഹായകവും വിശ്വാസപൂര്‍ണവുമായ ഒരന്തരീക്ഷത്തില്‍ പ്രശ്നങ്ങള്‍ പരിഹരിക്കുകയും ചെയ്യുന്നു.
"Although she had achieved almost everything she had dreamed about as a young girl, Whitebooi was left with a sense of discontent after Tokyo.",ഒരു കൊച്ചുപെണ്‍കുട്ടിയായിരിക്കെ സ്വപ്നം കണ്ടിരുന്നവ ഏതാണ്ടെല്ലാം നേടിയെങ്കിലും ടോക്യോയ്ക്ക് ശേഷം വൈറ്റ്ബൂയിയെ ഒരു നിരാശ ഗ്രസിച്ചു..
The global pandemic has taken some shine off the experience of the Olympics.,ഈ ആഗോള മഹാമാരി ഒളിമ്പിക്സ് എന്ന അനുഭവത്തിന്‍റെ തിളക്കം അല്‍പം കുറച്ചിട്ടുണ്ട്.
"During a demonstration game, someone remarked that the players seemed to be volleying the ball back and forth over the net, and perhaps volleyball would be a more descriptive name for the sport.",വലയ്ക്ക് മുകളിലൂടെ കളിക്കാര്‍ അങ്ങോട്ടും ഇങ്ങോട്ടും പന്ത് 'വോളി' ചെയ്യുന്നതുപോലെ തോന്നുന്നതുകൊണ്ട് വോളിബോള്‍ എന്ന പേരായിരിക്കാം ഒരുവേള കളിയെ കൃത്യമായി വിവരിക്കുന്നത് എന്ന് ഒരു മാതൃകാമത്സരത്തിനിടയില്‍ ആരോ പറഞ്ഞു.
"The game of Volleyball was invented by William G. Morgan in the year 1895 in Holyoke, Massachusetts by YMCA (USA).",മസാച്ചുസെറ്റ്സിലെ (യു.എസ്.എ.) ഹോളിയോക്കില്‍ 1895 ലാണ് വില്ല്യം ജി. മോര്‍ഗന്‍ വോളിബോള്‍ എന്ന കായികവിനോദം കണ്ടുപിടിച്ചത്.
"Field hockey is a team game in which a team of players attempts to score goals by hitting, scooping, pushing, or flicking a ball into an opposing team's goal using curved sticks.","വളഞ്ഞ സ്റ്റിക്കുകളുപയോഗിച്ച് അടിച്ചോ, സ്കൂപ്പ് ചെയ്തോ, തള്ളിയോ, തട്ടിയോ എതിര്‍ ടീമിന്‍റെ ഗോളില്‍ പന്തെത്തിക്കാന്‍ കളിക്കാരുടെ ഒരു ടീം ശ്രമിക്കുന്ന ടീം ഗെയിമാണ്‌ ഫീല്‍ഡ് ഹോക്കി."
"However, the name ""field hockey"" is used in countries where the word ""hockey"" is generally reserved for another form of hockey, such as ice hockey or street hockey.","ഹോക്കി എന്ന പേര് ഐസ് ഹോക്കി, സ്ട്രീറ്റ് ഹോക്കി തുടങ്ങിയ ഹോക്കിയുടെ മറ്റുതരങ്ങൾക്ക് പൊതുവെ മാറ്റിവച്ചിട്ടുള്ള രാജ്യങ്ങളില്‍ ""ഫീല്‍ഡ് ഹോക്കി"" എന്ന പേര് ഉപയോഗിക്കുന്നു."
"The players should learn and practise the basic skills of dribbling, passing, tapping, and hitting.","ഡ്രിബ്ലിംഗ്, പാസിംഗ്, ടാപ്പിംഗ്, ഹിറ്റിംഗ് എന്നീ അടിസ്ഥാന കഴിവുകള്‍ കളിക്കാര്‍ പഠിക്കുകയും പരിശീലിക്കുകയും വേണം."
"The first T-20 international match between men's teams was played on February 17, 2005, between Australia and New Zealand.",ഓസ്ട്രേലിയക്കും ന്യൂസിലാൻഡിനും ഇടയില്‍ 2005 ഫെബ്രുവരി 17നാണ് പുരുഷന്മാരുടെ ആദ്യ ഇന്‍റര്‍നാഷണല്‍ ടി.20 മാച്ച് നടന്നത്.
"The first T-20 international match took place on August 5, 2004, between the women's teams of England and New Zealand.",ഇംഗ്ലണ്ടിന്‍റെയും ന്യൂസിലാൻഡിന്‍റെയും വനിതാടീമുകള്‍ തമ്മില്‍ 2004 ആഗസ്റ്റ് 5നാണ് ആദ്യത്തെ അന്താരാഷ്ട്ര ടി.20 മാച്ച് നടന്നത്.
"The name of the Imperial Cricket Conference was changed to International Cricket Conference (later, Council) to enable countries outside the commonwealth to become its members.",കോമണ്‍വെല്‍ത്തിനു പുറത്തുള്ള രാജ്യങ്ങള്‍ക്കും പങ്കെടുക്കാന്‍ കഴിയും വിധത്തില്‍ ഇമ്പീരിയല്‍ ക്രിക്കറ്റ് കോണ്‍ഫറന്‍സ് എന്ന പേര് ഇൻ്റർനാഷണല്‍ ക്രിക്കറ്റ് കോണ്‍ഫറന്‍സ് (പിന്നീട് കൗണ്‍സില്‍) എന്നാക്കി മാറ്റി.
"Originally named Mintonette, it was created as a gentle indoor sport for older players to be able to exert a bit of athletic effort by keeping the ball in the air.","ആദ്യം മിൻ്റോനെറ്റ് എന്ന് പേരിട്ട ഈ കളി, പ്രായമായ കളിക്കാര്‍ക്ക് പന്ത് വായുവില്‍ നിര്‍ത്തി അല്‍പം കായികാദ്ധ്വാനം ചെലുത്താന്‍ സഹായിക്കുന്ന ചുമരുകൾക്കുള്ളിലെ സൗമ്യമായ കായികവിനോദം എന്ന നിലയ്ക്കാണ് സൃഷ്ടിച്ചത്."
The idea of using a net was borrowed from tennis.,ടെന്നീസില്‍ നിന്ന് കടമെടുത്തതാണ് വല ഉപയോഗിക്കുക എന്ന ആശയം.
"Before passing, see the target, approach the ball, and look at the ball while holding the head steady.","പാസ് ചെയ്യും മുന്‍പ്‌ ലക്‌ഷ്യം കാണുക, പന്തിനെ സമീപിക്കുക, തല ഇളകാതെ വെച്ച് പന്തില്‍ത്തന്നെ നോക്കുകയും ചെയ്യുക."
"The referee, who was six yards away, pointed both his palms downwards to signal the defenders to ease out of the tackle.",ഡിഫന്‍ഡര്‍മാര്‍ പോരടിക്കുന്നതിൽനിന്ന് മാറിനില്‍ക്കണം എന്ന് സൂചിപ്പിക്കാന്‍ ആറു വാര ദൂരത്തായിരുന്ന റെഫറി തന്‍റെ രണ്ടു കൈപ്പടങ്ങളും താഴേക്ക് ചൂണ്ടി.
Cricket became a widely popular sport in the second half of the seventeenth century.,പതിനേഴാം നൂറ്റാണ്ടിന്‍റെ രണ്ടാം പകുതിയില്‍ ക്രിക്കറ്റ് വളരെ ജനപ്രിയമായ ഒരു കായികവിനോദമായിത്തീര്‍ന്നു.
"The Hambledon Club, which was founded in the 1750s, played a significant role in the evolution of the game.",1750കളില്‍ സ്ഥാപിതമായ ഹാംബ്ള്‍ഡണ്‍ ക്ലബ് ഈ കളിയുടെ പരിണാമത്തില്‍ ഗണ്യമായ പങ്കുവഹിച്ചു.
"The game of cricket, as it is played today, has its origins in the south-eastern part of England.","ഇന്ന് കളിക്കുന്ന രൂപത്തിലുള്ള ക്രിക്കറ്റ് എന്ന കളി, ഇംഗ്ലണ്ടിന്‍റെ തെക്കുകിഴക്കന്‍ഭാഗത്താണ് ഉത്ഭവിച്ചത്‌."
"There are two categories of rebounds: offensive rebounds, in which the ball is recovered by the offensive side and does not change possession, and defensive rebounds, in which the defending team gains possession of the loose ball.","രണ്ടു വിധത്തിലുള്ള റീബൌണ്ടുകള്‍ ഉണ്ട്: ആക്രമിക്കുന്ന ടീം പന്തിന്‍റെ കൈവശം നഷ്ടപ്പെടുത്താതെ പന്ത് വീണ്ടെടുക്കുന്ന ഒഫന്‍സീവ് റീബൌണ്ടുകളും, പിന്നെ പ്രതിരോധിക്കുന്ന ടീം ലൂസ് ബോൾ കൈവശമാക്കുന്ന പ്രതിരോധ റീബൌണ്ടുകളും."
"This plays a major role in the game, as most possessions end when a team misses a shot.",ഒരു ടീം ഒരു ഷോട്ടു നഷ്ടപ്പെടുത്തുമ്പോൾ കയ്യിലുള്ളത് മിക്കതും നഷ്ടപ്പെടുകയും ഇത് കളിയിൽ ഒരു പ്രധാനപങ്ക് വഹിക്കുകയും ചെയ്യുന്നു.
"The rally continues, with each team allowed up to three consecutive touches, until either a team grounds the ball on the opponent's court and wins the rally or a team commits a fault and loses the rally.","ഓരോ ടീമും എതിര്‍ കോര്‍ട്ടില്‍ പന്ത് താഴെ വീഴ്ത്തി റാലി നേടുകയോ ഒരു തെറ്റ് വരുത്തി റാലി നഷ്ടപ്പെടുത്തുകയോ ചെയ്യുംവരെ, തുടരെയുള്ള പരമാവധി മൂന്ന് സ്പര്‍ശങ്ങള്‍ അനുവദിച്ചിരിക്കുന്ന വിധത്തില്‍ റാലി തുടരുന്നു."
The receiving team must not allow the ball to become stuck within their court.,സ്വീകരിക്കുന്ന ടീം കോര്‍ട്ടിൻ്റെ തങ്ങളുടെ ഭാഗത്ത് പന്ത് ഏറെനേരം തങ്ങിനില്‍ക്കാൻ അനുവദിക്കരുത്.
"As they progress, skills should become more consistent and efficient, and the players should be introduced to set play situations.","അവര്‍ പുരോഗമിക്കവേ, പ്രാഗത്ഭ്യങ്ങൾ കൂടുതല്‍ സ്ഥിരതയും കാര്യക്ഷമതയും ആര്‍ജ്ജിക്കുകയും കളിക്കാരെ കളിയുടെ വിവിധസന്ദർഭങ്ങളുമായി പരിചയപ്പെടുത്തുകയും വേണം"
"To do this, they need to learn how to keep possession by dribbling effectively and moving the ball accurately and quickly between players.",ഇതു ചെയ്യണമെങ്കിൽ അവര്‍ സമര്‍ത്ഥമായി ഡ്രിബ്ലിംഗ് ചെയ്തും കളിക്കാര്‍ക്കിടയില്‍ പന്ത് കൃത്യതയോടെയും വേഗത്തിലും നീക്കിയും പന്തു കൈവശം വെക്കാന്‍ പഠിക്കേണ്ടതുണ്ട്.
And does 41-year-old Zlatan Ibrahimovic still have one big goal in him?,41 വയസ്സുള്ള സ്ലാറ്റന്‍ ഇബ്രാഹിമോവിച്ചിന് ഇപ്പോഴും വലിയൊരു ലക്‌ഷ്യം ഉള്ളിലുണ്ടാവുമോ?
This one could come down to a battle of the forwards.,ഈയൊരു കളി ഫോർവേഡുകൾ തമ്മിലുള്ള ഒരു യുദ്ധമായിത്തീര്‍ന്നേക്കാം.
"Will Harry Kane and Son Heung-min blow Milan away with their quality, or will former Chelsea and Arsenal forward Olivier Giroud return to haunt Spurs again?",തങ്ങളുടെ ഗുണനിലവാരംകൊണ്ട് ഹാരി കേയ്നും സോന്‍ ഹ്യൂങ് മിന്നും മിലാനെ തൂത്തെറിയുമോ അതോ ചെല്‍സിയുടെയും ആർസനലിന്‍റെയും മുന്‍ ഫോര്‍വേഡ് ഒളീവിയര്‍ ഗിറൂഡ് തിരിച്ചുവന്ന് സ്പേഴ്സിന് ഒഴിയാബാധയായിത്തീരുമോ?
It can be played indoors or outdoors.,അത് വാതിൽപ്പുറത്തോ അകത്തോ കളിക്കാം.
Volleyball is a fast game played by two teams of six players each.,ഓരോ ടീമിലും ആറ് കളിക്കാർ വീതമുള്ള രണ്ട് ടീമുകൾ കളിക്കുന്ന വേഗമേറിയ കളിയാണ് വോളിബോള്‍.
"It was superseded by the Marylebone Cricket Club (M.C.C.), with its headquarters at Lords, London.",അതിന് പകരമായി ലണ്ടനിലെ ലോഡ്സ് ആസ്ഥാനമായി മാർലിബണ്‍ ക്രിക്കറ്റ് ക്ലബ് (എം.സി.സി.) നിലവിൽ വന്നു.
A visa is a certificate prepared by the immigration officials of a foreign country with a stamp marked on a passport after verifying the person's credentials.,"ഒരു വ്യക്തിയുടെ രേഖകൾ പരിശോധിച്ചതിനുശേഷം പാസ്പോർട്ടിൽ അടയാളപ്പെടുത്തുന്ന ഒരു സ്റ്റാമ്പോടുകൂടി, ഒരു വിദേശരാജ്യത്തിൻ്റെ ഇമ്മിഗ്രേഷൻ ഉദ്യോഗസ്ഥർ തയ്യാറാക്കുന്ന ഒരു സാക്ഷ്യപത്രമാണ് വിസ."
It gives the person the right to enter a country and stay for a temporary period.,ഒരു വ്യക്തിക്ക് ഒരു രാജ്യത്തിലേക്ക് പ്രവേശിക്കാനും കുറച്ചുകാലം താമസിക്കാനുമുള്ള അവകാശം ഇത് നൽകുന്നു
"As per the report of the Sargent Committee, the Tourist Traffic Committee was appointed in 1948.",സാർജെൻ്റ് കമ്മിറ്റിയുടെ റിപ്പോർട്ടനുസരിച്ച് 1948ൽ ടൂറിസ്റ്റ് ട്രാഫിക് കമ്മിറ്റിയെ നിയമിച്ചു.
"Attractions, accommodations, supporting facilities, and infrastructure are the basic elements of tourism.","ആകർഷണങ്ങൾ, താമസസൗകര്യങ്ങൾ, സഹായ സംവിധാനങ്ങൾ, അടിസ്ഥാനസൗകര്യങ്ങൾ എന്നിവയാണ് ടൂറിസത്തിൻ്റെ അടിസ്ഥാനഘടകങ്ങൾ."
"For the better development of tourism, these facilities should be developed in respective areas and for this public as well as the private sector should take a lead.",ടൂറിസത്തിൻ്റെ മെച്ചപ്പെട്ട വികസനത്തിനായി ഈ സംവിധാനങ്ങൾ ബന്ധപ്പെട്ട പ്രദേശങ്ങളിൽ വികസിപ്പിക്കുകയും ഇക്കാര്യത്തിൽ പൊതുമേഖലയും സ്വകാര്യമേഖലയും നേതൃത്വം നൽകുകയും വേണം.
"BACKWATERS of Kerala encompass a complex network of lagoons, lakes, & canals, that are best experienced aboard a traditional thatch-roofed rice houseboat known as 'Kettuvallam'.",'കെട്ടുവള്ളം' എന്നറിയപ്പെടുന്ന പരമ്പരാഗതശൈലിയിൽ ഓലമേഞ്ഞ ഒരു ഹൗസ്ബോട്ടിൽ യാത്രചെയ്‌തുകൊണ്ട് ഏറ്റവും നന്നായി അനുഭവിക്കാൻ കഴിയുന്ന പൊയ്കകളുടെയും തടാകങ്ങളുടെയും നീർച്ചാലുകളുടെയും ഒരു സങ്കീർണ്ണശൃംഖല കേരളത്തിലെ കായലുകൾ ഉൾക്കൊള്ളുന്നു.
"On display are life on the banks, lush green rice fields, and coconut groves with an occasional temple or church as you cruise through the backwaters.","തീരങ്ങളിലെ ജീവിതം, ഹരിതാഭമായ നെൽപ്പാടങ്ങൾ, തെങ്ങിൻതോട്ടങ്ങൾ എന്നിവയും ഇടയ്ക്കുവരുന്ന അമ്പലവും പള്ളിയുമൊക്കെ നിങ്ങൾ കായലുകളിലൂടെ സഞ്ചരിക്കുമ്പോൾ ദൃശ്യങ്ങൾ ഒരുക്കുന്നു."
"BODHGAYA (Bihar), was the place where Prince Siddhartha attained enlightenment and became Lord Buddha.",സിദ്ധാർത്ഥരാജകുമാരന് ജ്ഞാനോദയമുണ്ടാവുകയും ഭഗവാൻ ബുദ്ധനായി മാറുകയും ചെയ്ത സ്ഥലമാണ് ബോധ്ഗയ (ബീഹാർ).
They built Dak bungalows on the side of the road for the convenience of Dak travellers.,വിനോദസഞ്ചാരികളുടെ സൗകര്യത്തിനായി അവർ പാതയോരങ്ങളിൽ ടൂറിസ്റ്റ് ബംഗ്ലാവുകൾ നിർമ്മിച്ചു.
"Taking you on an enchanting and mesmerising journey through Karnataka, the Golden Chariot complements the rich culture of the state of Karnataka and is a marvel in itself.","ആകർഷകവും മാസ്മരികവുമായ ഒരു യാത്രയിൽ കർണാടകയിലൂടെ നിങ്ങളെ കൊണ്ടുപോകുമ്പോൾ, സ്വയം ഒരത്ഭുതംതന്നെയായ ഈ സ്വർണ്ണരഥം കർണാടക സംസ്ഥാനത്തിൻ്റെ സമ്പന്നമായ സംസ്‌കാരത്തിനോട് അനുപൂരകമായി നിൽക്കുന്നു."
"The coach chambers of the train are steeped in history, under a sky of intricate craftsmanship that narrates timeless tales.","കാലാതീതമായ കഥകൾ പറയുന്ന സങ്കീർണമായ ശില്പചാതുരിയുടെ വിഹായസ്സിനുകീഴിൽ, ഈ തീവണ്ടിയിലെ കോച്ചുകളുടെ ഉൾഭാഗങ്ങൾ ചരിത്രത്തിൽ കുതിർന്നവയാണ് ."
"In the heart of Rajasthan, lie a number of small towns and villages, which define the true essence of this land.",രാജസ്ഥാൻ്റെ ഹൃദയഭാഗത്തായി ഈ ഭൂപ്രദേശത്തിൻ്റെ യഥാർത്ഥ സത്തയെ പ്രതിനിധീകരിക്കുന്ന നിരവധി ചെറുപട്ടണങ്ങളും ഗ്രാമങ്ങളും സ്ഥിതിചെയ്യുന്നു.
India is a land of great variety and contrast.,മഹത്തായ വൈവിധ്യത്തിന്‍റെയും വൈരുദ്ധ്യത്തിന്‍റെയും നാടാണ് ഇന്ത്യ.
Tourism has emerged as one of India's important industries.,ഇന്ത്യയുടെ പ്രധാന വ്യവസായങ്ങളില്‍ ഒന്നായി വിനോദസഞ്ചാരം വളര്‍ന്നുവന്നിട്ടുണ്ട്.
"The natural surroundings, the architectural masterpieces, the music, dance, paintings, customs, and languages all go to make India a tourist paradise.","പ്രകൃതിദത്തമായ സാഹചര്യങ്ങൾ, അത്യുൽകൃഷ്ടമായ വാസ്തുശില്പങ്ങൾ, സംഗീതം, നൃത്തം, പെയിൻ്റിംഗുകൾ, ആചാരങ്ങൾ, ഭാഷകൾ എന്നിവ ഇന്ത്യയെ വിനോദസഞ്ചാരികളുടെ ഒരു പറുദീസയാക്കുന്നു."
Interaction with the tourists helps to develop hospitable conduct amongst the workers associated to tourism industry in local areas.,സഞ്ചാരികളുമായുള്ള ഇടപഴകലുകൾ സഞ്ചാരവ്യവസായവുമായി ബന്ധപ്പെട്ട ഉൾനാടുകളിലെ ജോലിക്കാർക്കിടയിൽ ആതിഥ്യമര്യാദയുള്ള പെരുമാറ്റം വളർത്താൻ സഹായിക്കുന്നു.
"The distinctive architecture seen in Dutch mansions, Portuguese churches, Jewish synagogues, British storehouses and 14th-century Chinese fishing nets, reflects Kochi's long history as an important seaport and trading centre.","ഡച്ച് മാളികകൾ, പോർച്ചുഗീസ് പള്ളികൾ, ജൂത സിനഗോഗുകൾ, ബ്രിട്ടീഷ് പാണ്ടികശാലകൾ, പതിന്നാലാം നൂറ്റാണ്ടിലെ ചീനവലകൾ എന്നിവയിൽ കാണപ്പെടുന്ന വ്യതിരിക്തമായ വാസ്തുവിദ്യ, പ്രധാനപ്പെട്ട ഒരു തുറമുഖവും വ്യാപാരകേന്ദ്രവുമായ കൊച്ചിയുടെ നീണ്ട ചരിത്രത്തെ പ്രതിഫലിപ്പിക്കുന്നു."
Kerala has been included in the top 50 tourist destinations for a once-in-a-lifetime visit by the National Geographic Channel.,ജീവിതത്തിലൊരിക്കൽ സന്ദർശിച്ചിരിക്കേണ്ട ഏറ്റവും മികച്ച 50 സഞ്ചാരകേന്ദ്രങ്ങളുടെ പട്ടികയിൽ നാഷണൽ ജിയോഗ്രഫിക് ചാനൽ കേരളത്തെ ഉൾപ്പെടുത്തിയിട്ടുണ്ട്.
"The beauty of Kerala lies in its placid nature, encompassing serene backwaters, beaches, hill stations, spice plantations, flora and fauna, Ayurveda, boat races, natural harbours and more.","പ്രശാന്തമായ കായലുകൾ, കടൽത്തീരങ്ങൾ, ഹിൽ സ്റ്റേഷനുകൾ, സുഗന്ധവ്യഞ്ജനത്തോട്ടങ്ങൾ, സസ്യജന്തുജാലങ്ങൾ, ആയുർവ്വേദം, വള്ളംകളികൾ, പ്രകൃതിദത്തമായ തുറമുഖങ്ങൾ തുടങ്ങിവയ ഉൾക്കൊള്ളുന്ന കേരളത്തിൻ്റെ പ്രസന്നമായ പ്രകൃതിയിലാണ് അതിൻ്റെ സൗന്ദര്യം."
Munnar is carpeted by thick forests and tea estates.,ഇടതൂര്‍ന്ന വനങ്ങളാലും തേയിലത്തോട്ടങ്ങളാലും പരവതാനി വിരിച്ചതാണ് മൂന്നാര്‍.
"Of these, some monuments also figure in the list of World Heritage Sites recognized by UNESCO.",ഇവയിൽ ചില സ്മാരകവാസ്‌തുശില്പങ്ങൾ യുനെസ്കോ അംഗീകരിച്ച ലോകപൈതൃക സ്ഥലങ്ങളുടെ പട്ടികയിലും ഉൾപ്പെട്ടിട്ടുണ്ട്.
Maharashtra has recognized tourism as a major thrust area for economic growth in the state because Sahyadri Mountain is the backbone of Maharashtra.,സഹ്യാദ്രിപർവതം മഹാരാഷ്ട്രയുടെ നട്ടെല്ലാണെന്നതിനാൽ സംസ്ഥാനത്തെ സാമ്പത്തികവളർച്ചയിൽ മുന്നേറ്റം കൊണ്ടുവരാൻ പ്രത്യേക ശ്രദ്ധ കൊടുക്കേണ്ട മേഖലയായി ടൂറിസത്തെ മഹാരാഷ്ട്ര അംഗീകരിച്ചിട്ടുണ്ട്.
"Meet and Greet Service at the airport is an important service for tourists as well as for the company, since it helps the tourists in fast-track clearance through arrivals or departures, helping with transfers, baggage and family travel and ensures a swift, smooth and safe passage through the airport.","വരവിലും പോക്കിലും സഞ്ചാരികളെ ഫാസ്റ്റ്-ട്രാക്ക് ക്ലിയറൻസിലൂടെ സഹായിക്കുന്നതിനാലും കൈമാറ്റങ്ങൾ, യാത്രാസാമാനങ്ങള്‍, കുടുംബസമേതമുള്ള യാത്ര എന്നിവയിൽ സഹായിക്കുന്നതിനാലും എയർപോർട്ടിലൂടെ സുരക്ഷിതമായ കടന്നുപോകൽ ഉറപ്പുനല്കുന്നുവെന്നതിനാലും എയർപോർട്ടിലെ മീറ്റ് ആൻഡ് ഗ്രീറ്റ് സർവീസ് സഞ്ചാരികൾക്കും കമ്പനിക്കുകൂടിയും ഒരു സുപ്രധാന സേവനമാണ്."
"On a 720 km long strip between the Western Ghats and the Arabian Sea, lie a host of hidden beaches and creeks.",പശ്ചിമ ഘട്ടങ്ങളുടെയും അറബിക്കടലിൻ്റെയും ഇടയിലുള്ള 720 കിലോമീറ്റർ നീളമുള്ള ഭൂമിയുടെ തുണ്ടിൽ ഒരു കൂട്ടം അറിയപ്പെടാത്ത കടൽത്തീരങ്ങളും അരുവികളും ഒളിഞ്ഞുകിടക്കുന്നു.
"These solitary beaches, alongside the wild and verdant Western Ghats, are a quiet alternative to their boisterous Goan counterpart.","വന്യവും ഹരിതാഭവുമായ പശ്ചിമഘട്ടവും കൂടാതെ ഏകാന്തമായ ഈ കടൽത്തീരങ്ങളും, ശബ്‌ദമുഖരിതമായ ഗോവയിലെ കടൽത്തീരങ്ങൾക്ക് പകരംനിൽക്കുന്ന ശാന്തിയുടെ ബദലുകളാണ്."
"PERIYAR, the hub of spice plantations in Kerala, is also famous for its wildlife park, which is best experienced aboard a boat cruise on Lake Periyar.","കേരളത്തിലെ സുഗന്ധവ്യഞ്ജനത്തോട്ടങ്ങളുടെ കേന്ദ്രമായ പെരിയാർ, പെരിയാർ തടാകത്തിലെ ഒരു ബോട്ട് യാത്രയിലൂടെ ഏറ്റവും നന്നായി അനുഭവിക്കാവുന്ന, അവിടുത്തെ വന്യജീവിസങ്കേതത്തിനും പ്രശസ്തമാണ്."
"Besides, there are several other offices at the focal point of international tourist interest.","കൂടാതെ, അന്താരാഷ്‌ട്ര സഞ്ചാരതാല്പര്യങ്ങളുടെ കേന്ദ്രസ്ഥാനത്തായി മറ്റനേകം ഓഫീസുകളുമുണ്ട്."
Drifting down the serene lakes in Shikaras and living in wooden houseboats are unique experiences offered by Srinagar.,പ്രശാന്തമായ തടാകങ്ങളിൽ ഷികാരകളിൽ സഞ്ചരിക്കുകയും മരംകൊണ്ടുണ്ടാക്കിയ ഹൗസ്ബോട്ടുകളിൽ താമസിക്കുകയും ചെയ്യുകയെന്നത് ശ്രീനഗർ ഒരുക്കുന്ന അനന്യമായ അനുഭവങ്ങളാണ്.
"Set like a jeweled crown on the map of India, Kashmir changes its hues with seasons - in winter, when snow carpets the mountains, there is skiing and sledge riding along the gentle slopes; in spring and summer, the honey-dewed orchards, rippling lakes make the valley breathtakingly beautiful.",ഇന്ത്യയുടെ ഭൂപടത്തിൽ രത്നം പതിച്ച ഒരു കിരീടം പോലെയിരിക്കുന്ന കശ്‌മീർ ഋതുക്കൾക്കനുസരിച്ച് നിറം മാറുന്നു - ശൈത്യകാലത്ത് പർവതങ്ങൾക്കുമേൽ മഞ്ഞുപരവതാനികൾ വിരിക്കപ്പെടുകയും ഇളംചെരിവുകളിൽ സ്‌കീയിങ്ങും സ്ലെഡ്‌ജ്‌ റൈഡിങ്ങുമുണ്ടാകുകയും ചെയ്യും; വസന്തകാലത്തും വേനൽക്കാലത്തും തേൻ തുള്ളികൾ കിനിയുന്ന പഴത്തോട്ടങ്ങളും ഓളം വെട്ടുന്ന തടാകങ്ങളും താഴ്വരയെ വിസ്മയകരമാംവിധം മനോഹരമാക്കുകയും ചെയ്യും.
"In 2015, Foreign Exchange Earnings for India from the industry were 16.94 billion dollars.",2015ൽ ഈ വ്യവസായത്തിൽനിന്നുള്ള ഇന്ത്യയുടെ വിദേശവിനിമയസമ്പാദ്യം 16.94 ബില്യൺ ഡോളറായിരുന്നു.
"The Bagh caves, like those at Ajanta, were excavated on a perpendicular sandstone rock face of a hill across the seasonal stream of Baghani.",ബഘാനി എന്ന വർഷകാലത്തെ അരുവിക്കുകുറുകേയുള്ള മണൽക്കല്ല് കൊണ്ടുള്ള കുന്നിൻ്റെ ലംബമായ ശിലാമുഖത്താണ് അജന്തയിലേതുപോലുള്ള ബാഗ് ഗുഹകൾ ഖനനം ചെയ്തെടുത്തത്.
"The state has a separate department for tourism, set up in 1969, but the Maharashtra State Tourism Development Corporation (MTDC), a government body to promote tourism was established in 1975.",സംസ്ഥാനത്തിന് 1969ൽ സ്ഥാപിതമായ ഒരു പ്രത്യേക ടൂറിസം വകുപ്പുണ്ടെങ്കിലും ടൂറിസത്തെ പ്രോത്സാഹിപ്പിക്കാൻ മഹാരാഷ്ട്ര സ്റ്റേറ്റ് ടൂറിസം ഡെവലപ്മെൻ്റ് കോർപ്പറേഷൻ (എം. ടി. ഡി. സി) എന്ന പേരിൽ ഒരു സർക്കാർ സ്ഥാപനം 1975ൽ സ്ഥാപിക്കപ്പെട്ടു.
"India has immense possibilities for growth in the tourism sector with its vast cultural and religious heritage and varied natural attractions, but comparatively small role in the world tourism scenario.","വിശാലമായ സാംസ്‌കാരിക, മത പൈതൃകവും പ്രകൃതിയിലെ വിവിധങ്ങളായ ആകർഷണങ്ങളുമുള്ള ഇന്ത്യയ്ക്ക് ടൂറിസം മേഖലയിൽ വളർച്ചക്കുള്ള അപാരമായ സാധ്യതകളുണ്ടെങ്കിലും ലോകടൂറിസചിത്രത്തിൽ താരതമ്യേന ചെറിയ പങ്കാണുള്ളത്."
Tourism emerged as the largest global industry of the 20th century and is projected to grow even faster in the 21st century.,ഇരുപതാംനൂറ്റാണ്ടിലെ ഏറ്റവും വലിയ ആഗോളവ്യവസായമായി ഉയർന്നുവന്ന ടൂറിസം ഇരുപത്തൊന്നാംനൂറ്റാണ്ടിൽ ഇതിലും വേഗത്തിൽ വളരുമെന്ന് പ്രതീക്ഷിക്കപ്പെടുന്നു.
"Tourism is our business, but each tour is a traveler's memory.",ടൂറിസം നമുക്കൊരു വ്യവസായമാണെങ്കിലും ഓരോ യാത്രയും യാത്രക്കാർക്ക് ഒരു ഓർമയാണ്.
"Travel documents include passport, visa, currency certificate or endorsement of currency in the passport, travel insurance, income tax statements, health certificates, etc.","പാസ്പോര്ട്ട്, വിസ, കറൻസി സർട്ടിഫിക്കറ്റോ പാസ്‌പോർട്ടിലെ കറൻസി സാക്ഷ്യപ്പെടുത്തലോ, ട്രാവൽ ഇൻഷുറൻസ്, ആദായനികുതി സ്റ്റേറ്റ് മെൻ്റുകൾ, ആരോഗ്യസർട്ടിഫിക്കറ്റുകൾ തുടങ്ങിയവ യാത്രാരേഖകളിൽ ഉൾപ്പെടുന്നു."
"Some of these festivals are the Ellora festival, the Pune Ganesh festival, the Gharapuri festival, Paryatan Mahotsav in Murud (Raigad), and others.","എല്ലോറ ഉത്സവം, പൂനെയിലെ ഗണേഷ് ഉത്സവം, ഘാരാപുരി ഉത്സവം, മുറൂദിലെ (റായ്‌ഗഡ്) പര്യടൻ മഹോത്സവം തുടങ്ങിയവ ഈ ഉത്സവങ്ങളിൽ ചിലതാണ്."
"Under the aegis of the corporation, a number of tourist homes, resorts, and hotels operate from several tourist sites to accommodate visitors and provide information and also arrange guided tours.","സന്ദർശകർക്ക് താമസമേർപ്പെടുത്താനും വിവരങ്ങൾ നൽകാനും വഴികാട്ടികളോടൊപ്പമുള്ള യാത്രകൾ സംഘടിപ്പിക്കാനുമായി, അനേകം വിനോദസഞ്ചാരകേന്ദ്രങ്ങളിൽ നിരവധി ടൂറിസ്റ്റ് ഹോമുകൾ, റിസോർട്ടുകൾ, ഹോട്ടലുകൾ എന്നിവ കോർപറേഷൻ്റെ നിയന്ത്രണത്തിൽ പ്രവർത്തിക്കുന്നുണ്ട്."
This can be positive as well as negative.,ഇത് ഗുണകരമോ ദോഷകരമോ ആവാം.
"Without planning and controlling mechanisms, the development of tourism may end by having social, cultural and economic distortions, which will be reflected in the relationship between tourists and local people.",ആസൂത്രണ സംവിധാനങ്ങളോ നിയന്ത്രണ സംവിധാനങ്ങളോ ഇല്ലാതായാൽ സാമൂഹികവും സാംസ്കാരികവും സാമ്പത്തികവുമായ വൈകൃതങ്ങളോടെ വിനോദസഞ്ചാരവികസനത്തിന് അന്ത്യം കുറിക്കപ്പെടുകയും അത് സഞ്ചാരികൾക്കും നാട്ടുകാർക്കുമിടയിലുള്ള ബന്ധത്തിൽ പ്രതിഫലിക്കുകയും ചെയ്യും.
The pleats or Kallis signify the Pancha Buddha or Pancha Ratna.,ആ ഞൊറിവുകള്‍ അഥവാ കള്ളികള്‍ പഞ്ചബുദ്ധനെയോ പഞ്ചരത്നത്തെയോ സൂചിപ്പിക്കുന്നു.
"In the east, one finds the Adi with many subtribes, including Padam, Pasi, Minyong, and Bokar, among others.","മറ്റ് പലതിനുമിടയിൽ പദം, പാസി, മിന്യോങ്, ബോകര്‍ തുടങ്ങിയ പല ഉപവിഭാഗങ്ങളായി കിഴക്കന്‍ നാട്ടില്‍ ആദി കാണപ്പെടുന്നു."
"The European colonizers created an architecture that symbolized their mission of conquest, dedicated to the state or religion.",രാജ്യത്തിനോ മതത്തിനോ വേണ്ടി സമര്‍പ്പിക്കപ്പെട്ടതും അധിനിവേശദൗത്യത്തെ പ്രതീകവത്കരിക്കുന്നതുമായ ഒരു വാസ്തുവിദ്യ യൂറോപ്യന്‍ അധിനിവേശകര്‍ സൃഷ്ടിച്ചു.
"Bhajan, Janan, and Oriya songs based on ragas, Rangila Chaupadi, etc. are grouped under light classical music, which forms an important segment of Oriya music.",ഭജനും ജനനും രാഗാധിഷ്ഠിത ഒഡിയാഗാനങ്ങളും രംഗീലാ ചൗപദി തുടങ്ങിയവയും ഒഡിയാസംഗീതത്തിന്‍റെ ഒരു പ്രധാനവിഭാഗമായ ലഘുശാസ്ത്രീയസംഗീതത്തിനു കീഴില്‍ പെടുത്തിയിരിക്കുന്നു.
"His extraordinary achievements, coupled with his own ineffable sense of destiny and the flattery of his companions, may have combined to produce this effect.",തന്‍റെ അസാധാരണനേട്ടങ്ങളും താൻ നിയോഗിക്കപ്പെട്ടവനാണെന്ന തന്‍റെ അവാച്യമായ ബോധവും ഒപ്പം സഹചാരികളുടെ വാഴ്ത്തലും ചേര്‍ന്ന് ഈ പ്രഭാവം സൃഷ്ടിച്ചിരിക്കാം.
Ganga has been revered in Cambodia since the Khmer empire.,ഖമര്‍ സാമ്രാജ്യത്തിന്‍റെ കാലം മുതല്‍ കമ്പോഡിയയില്‍ ഗംഗ ആരാധിക്കപ്പെട്ടിരുന്നു.
"The tableau of Goa showcases religious harmony by focusing on the Deepastambha, the Cross, and Ghode Modni followed by a chariot.",ദീപസ്തംഭവും കുരിശും രഥം പിന്തുടരുന്ന ഘോഡെ മോഡ്നിയും കേന്ദ്രമാക്കിക്കൊണ്ട് മതസമന്വയം എടുത്തുകാട്ടുന്നതാണ് ഗോവയുടെ ടാബ്ലോ.
"He wrote the book Mizo Nge Israel? (""Mizo or Israeli?"") (2004), exploring this issue.","ഈ പ്രശ്നം സമഗ്രമായി പഠിച്ചുകൊണ്ട് അദ്ദേഹം മിസോ ന്‍ഗേ ഇസ്രായേല്‍ (""മിസോയോ ഇസ്രായേലോ"") (2004) എന്ന പുസ്തകം എഴുതി."
"The earliest recorded forms of these languages, Vedic Sanskrit and Gathic Avestan, are remarkably similar, descended from the common Proto-Indo-Iranian language.","വൈദിക സംസ്കൃതം, ഗാതിക് അവെസ്തന്‍ എന്നീ ഭാഷകളുടെ രേഖപ്പെടുത്തപ്പെട്ട ഏറ്റം പഴയ രൂപങ്ങള്‍ പൊതുവായ പ്രോട്ടോ ഇന്തോ ഇറാനിയന്‍ ഭാഷയില്‍ നിന്ന് രൂപംകൊണ്ടതാകയാല്‍ പ്രസ്താവ്യമാം വിധം സമാനമാണ്."
"In southern India, the Pallava period beginning with Simhavishnu (575 CE-900 CE) was a transitional stage in southern Indian society with monument building, the establishment of (bhakti) sects of Alvars and Nayanars, the flowering of rural Brahmanical institutions of Sanskrit learning, and the establishment of the Chakravartin model of kingship over a territory of diverse people, which ended the pre-Pallavan era of territorially segmented people, each with their culture, under a tribal chieftain.","ദക്ഷിണേന്ത്യയില്‍ സിംഹവിഷ്ണുവില്‍ (സി.ഇ 575- സി.ഇ 900) തുടങ്ങിയ പല്ലവകാലം, സ്മാരകസൗധങ്ങളുടെ നിര്‍മ്മിതി, ആഴ്വാര്‍മാരുടെയും നായനാര്‍മാരുടെയും ഭക്തിപ്രസ്ഥാനങ്ങളുടെ സ്ഥാപനം, ഗ്രാമങ്ങളിലെ സംസ്കൃതപഠനത്തിനുള്ള ബ്രാഹ്മണസ്ഥാപനങ്ങളുടെ വർദ്ധനവ്, ഒരോ ഗോത്രത്തലവന്മാരുടെ കീഴിൽ ഓരോന്നും സ്വന്തം സംസ്കാരമുള്ളതും ഭൂമിശാസ്ത്രപരമായി ഭിന്നിച്ചതുമായ ഭിന്നജനതകളുടെ പല്ലവപൂർവകാലഘട്ടത്തെ അവസാനിപ്പിച്ച്‌ ഒരു ഭൂപ്രദേശത്തിലെ ഭിന്നസ്വഭാവമുള്ള ജനതകളുടെ പ്രദേശങ്ങൾക്കുമേലെ ചക്രവര്‍ത്തിമാതൃകയിലുള്ള രാജഭരണത്തിൻ്റെ സ്ഥാപനം എന്നിവയടങ്ങിയ ദക്ഷിണേന്ത്യൻ സമൂഹത്തിൻ്റെ ഒരു പരിവര്‍ത്തനഘട്ടമായിരുന്നു."
"In the 20th century Godabarish Mohapatra, Kalindi Charana Panigrahi, Kanhu Charan Mohanty (1906-1994), Godabarish Mishra, Gopinath Mohanty (1914-1991), Sachidananda Routray (1916-2004), Sitakant Mahapatra (born 17 September 1937), Surendra Mohanty, Manoj Das, Kishori Charan Das, Ramakanta Rath (born 13 December 1934), Binapani Mohanty, Jagadish Mohanty, Sarojini Sahoo, Rajendra Kishore Panda, Padmaj Pal, Ramchandra Behera, Pratibha Satpathy, Nandini Sahu, Debaraj Samantray are few names who created Odia literature.","ഇരുപതാം നൂറ്റാണ്ടില്‍ ഒഡിയ സാഹിത്യത്തെ സൃഷ്ടിച്ച ചിലരാണ്, ഗോദാബരിഷ് മൊഹാപത്ര, കാളിന്ദീ ചരണ പാണിഗ്രാഹി, കന്ഹു ചരണ്‍ മൊഹന്തി (1906-1994), ഗോദാബരിഷ് മിശ്ര, ഗോപിനാഥ് മൊഹന്തി (1914-1991), സച്ചിദാനന്ദ രൗത്രേ (1916-2004), സീതാകാന്ത് മഹാപത്ര (ജനനം 1937 സെപ്റ്റമ്പര്‍ 17), സുരേന്ദ്ര മൊഹന്തി, മനോജ്‌ ദാസ്, കിഷോരി ചരൺ ദാസ്, രമാകാന്ത രഥ് (ജനനം 1934 ഡിസംബര്‍ 13), ബീണാപാണി മൊഹന്തി, ജഗദീഷ് മൊഹന്തി, സരോജിനി സാഹൂ, രാജേന്ദ്ര കിഷോര്‍ പാണ്ഡ, പദ്മജ് പാല്‍, രാംചന്ദ്ര ബെഹറ, പ്രതിഭാ സത്പതി, നന്ദിനി സാഹു, ദേബരാജ് സമന്ത്രയ് എന്നിവര്‍."
"Islamic Bengal was noted for its production of the finest cotton fabrics and saris, notably the Jamdani, which received warrants from the Mughal court.",മുഗള രാജധാനിയില്‍നിന്ന് ആവശ്യപ്പെട്ട ശ്രദ്ധേയമായ ജംദാനിയുള്‍പ്പടെ ഏറ്റം മികച്ച പരുത്തിത്തുണികളും സാരികളും നിര്‍മ്മിക്കുന്നതില്‍ ഇസ്ലാമിക ബംഗാള്‍ പേരുകേട്ടിരുന്നു.
"In 797 AD (or possibly 801 AD), the Abbasid caliph of Baghdad, Harun al-Rashid, presented Charlemagne with an Asian elephant named Abul-Abbas, together with a ""particularly elaborate example"" of a water clock.","ബാഗ്ദാദിലെ അബ്ബാസിഡ് ഖലീഫയായ ഹാറൂൺ അൽ-റഷീദ് 797 എ.ഡി യിൽ (801 എ.ഡിയിലുമാവാം), അബുൾ - അബ്ബാസ് എന്നുപേരിട്ട ഒരു ഏഷ്യൻ ആനയ്‌ക്കൊപ്പം ""കൂടിയ വിശദാംശങ്ങളുടെ ഉദാഹരണ""മായ ഒരു ജലഘടികാരവും ഷാലമേന് സമ്മാനിച്ചു."
"British women of good social standing were scarce; in 1785 surgeon John Stewart wrote to his brother from Cawnpore: ""Many of the women here are mere adventuresses from Milliners shops on Ludgate Hill and some even from Covent Garden and Old Drury [well-known areas of prostitution in late 18th century London].","നല്ല സാമൂഹികനിലയുള്ള ബ്രിട്ടീഷ് സ്ത്രീകള്‍ അപൂര്‍വമായിരുന്നു; 1785ല്‍ കാന്‍പൂരില്‍ നിന്ന് സര്‍ജന്‍ ജോണ്‍ സ്റ്റുവാര്‍ട്ട് സഹോദരന് എഴുതി: ""ഇവിടെയുള്ള സ്ത്രീകളില്‍ മിക്കവരും ലദ്ഗേറ്റ് ഹില്ലിലെ മില്ലിനേഴ്സ് ഷോപ്പുകളില്‍നിന്നും, ചിലര്‍ (പതിനെട്ടാം നൂറ്റാണ്ട് ഒടുവിലെ ലണ്ടനിലെ പ്രസിദ്ധ വ്യഭിചാര കേന്ദ്രങ്ങളായിരുന്ന) കവൻ്റ് ഗാര്‍ഡനിലും ഓള്‍ഡ്‌ ഡ്രൂറിയില്‍ നിന്നും വരെ വന്ന വെറും സാഹസികകളായിരുന്നു""."
"If death has occurred elsewhere, salvation can be achieved by immersing the ashes in the Ganges.",മരണം സംഭവിച്ചത് മറ്റൊരിടത്താണെങ്കില്‍ ചിതാഭസ്മം ഗംഗയില്‍ നിമജ്ജനം ചെയ്യുന്നതുകൊണ്ട് മുക്തി നേടുവാൻ കഴിയും.
"The articles focused on topics China regards as taboo, including the 1989 Tiananmen Square massacre, Chairman Mao Zedong's Cultural Revolution, Hong Kong's fight for democracy, and ethnic tensions in Xinjiang and Tibet.","ഈ ലേഖനങ്ങള്‍ ചൈന നിഷിദ്ധം എന്നുകരുതിയ 1989ലെ തിയാനെന്മെന്‍ ചത്വരത്തിലെ കൂട്ടക്കൊല, ചെയര്‍മാന്‍ മാവോ സെ തൂങ്ങിന്‍റെ സാംസ്കാരികവിപ്ലവം, ഹോങ്കോങ്ങിന്‍റെ ജനാധിപത്യസമരം, സിന്‍ജിയാങ്ങിലെയും ടിബറ്റിലെയും വംശീയസംഘര്‍ഷങ്ങള്‍ എന്നീ വിഷയങ്ങളെ കേന്ദ്രീകരിച്ചായിരുന്നു."
The British monarch's portrait was replaced by the Lion Capital of Ashoka.,ബ്രട്ടീഷ് രാജാവിന്‍റെ ഛായാചിത്രം മാറ്റി പകരം അശോകന്‍റെ ലയണ്‍ കാപ്പിറ്റല്‍ സ്ഥാപിക്കപ്പെട്ടു.
"Pliny the Elder adds that the planned distance was 12 kilometres (7.5 mi), and the purpose was to cut a canal through the isthmus to connect the Caystrian and Hermaean bays.","പദ്ധതിയിട്ട ദൂരം 12 കിലോമീറ്റര്‍ (7.5 മൈല്‍) ആയിരുന്നുവെന്നും, അതിന്‍റെ ഉദ്ദേശ്യം ഇസ്ത്മസിലൂടെ ഒരു കനാല്‍ വെട്ടി കേയ്സ്ത്റിയന്‍ ഉൾക്കടലിനേയും ഹെര്‍മിയന്‍ ഉള്‍ക്കടലിനേയും ബന്ധിപ്പിക്കുകയായിരുന്നുവെന്നും പ്ലിനി ദ എല്‍ഡര്‍ കൂട്ടിച്ചേര്‍ക്കുന്നു."
"According to Arthashastra, one svarna or karsha was equal to 80 rattis (based on the 1 Masha = 5 Ratti standard).","അര്‍ത്ഥശാസ്ത്രം അനുസരിച്ച്, (5 രട്ടി ഒരു മാഷ എന്ന കണക്കില്‍) 80 രട്ടികള്‍ക്ക് സമമാണ് ഒരു സ്വര്‍ണ അഥവാ ഒരു കർഷ"
Recent C14 datings and stylistic comparisons with Amri II-B period pottery show the first two phases should be termed Pre-Harappan Dholaviran Culture and re-dated as follows: Stage I (c. 3500 - 3200 BCE) and Stage II (c. 3200 - 2600 BCE).,അടുത്ത കാലത്തെ കാര്‍ബണ്‍ 14 കാലനിര്‍ണ്ണയങ്ങളും ആമ്രി II ബി കാലത്തെ മണ്‍പാത്രങ്ങളുമായുള്ള താരതമ്യവും കാണിക്കുന്നത് ആദ്യത്തെ രണ്ടു ഘട്ടങ്ങളെ ഹാരപ്പന്‍ പൂര്‍വ ധോലവീരസംസ്കാരം എന്ന് പേരിടണമെന്നും താഴെക്കാണുംവിധത്തില്‍ കാലപുനര്‍നിര്‍ണ്ണയം നടത്തണമെന്നുമാണ്: ഒന്നാം ഘട്ടം (ഏതാണ്ട് 3500 - 3200 ബി.സി.ഇ.) രണ്ടാം ഘട്ടം (ഏതാണ്ട് 3200 - 2600 ബി.സി.ഇ.)
"Russian historian Lev Gumilev wrote that the Xiongnu, Mongols (Mongol Empire, Zunghar Khanate), and Turkic peoples (First Turkic Khaganate, Uyghur Khaganate) played a role in stopping Chinese aggression to the north.","സിയോങ്നു, മംഗോളുകള്‍ (മംഗോള്‍ സാമ്രാജ്യം, സുന്ഘര്‍ ഖനാതെ), തുര്‍ക്കികള്‍ (ആദ്യത്തെ തുർക്കിക് ഖഗനേറ്റ്, ഉയ്ഘൂർ ഖഗനേറ്റ്) എന്നിവര്‍ വടക്കോട്ടുള്ള ചൈനീസ് ആക്രമണം തടയുന്നതില്‍ ഒരു പങ്കു വഹിച്ചു എന്ന് റഷ്യന്‍ ചരിത്രകാരന്‍ ലെവ് ഗുമിലെവ് എഴുതി."
"Sandansa/Sandamsa (hell of pincers): The Bhagavata Purana and the Devi Bhagavata Purana state that a person who robs a Brahmin or steals jewels or gold from someone, when not in dire need, is confined to this hell.",സന്ദന്‍സ /സന്ദംസ (ചവണകളുടെ നരകം): വല്ലാതെ ഞെരുക്കമുള്ളപ്പോഴല്ലാതെ ബ്രാഹ്മണരെ കൊള്ളയടിക്കുകയോ ആരില്‍ നിന്നെങ്കിലും ആഭരണങ്ങളോ സ്വര്‍ണ്ണമോ മോഷ്ടിക്കുകയോ ചെയ്യുന്നവര്‍ ഈ നരകത്തില്‍ അടയ്ക്കപ്പെടും എന്ന് ഭാഗവതപുരാണവും ദേവീഭാഗവത പുരാണവും പറയുന്നു.
Paul Hacker has also expressed some reservations that the compendium Sarva-darsana-Siddhanta Sangraha was completely authored by Shankara because of differences in style and thematic inconsistencies in parts.,"ശൈലീഭേദങ്ങള്‍, അവിടവിടെയുള്ള വിഷയപരമായ പൊരുത്തക്കേടുകള്‍ എന്നിവ നിമിത്തം സര്‍വദര്‍ശനസിദ്ധാന്തസംഗ്രഹം എന്ന സമാഹാരം മുഴുവനും ശങ്കരന്‍ രചിച്ചതാണോ എന്ന സംശയം പോള്‍ ഹാക്കര്‍ പ്രകടിപ്പിച്ചിട്ടുണ്ട്."
"According to Willem van Schendel and Henk Schulte Nordholt, the festival became a popular means of expressing cultural pride and heritage among the Bangladeshi as they resisted Pakistani rule in the 1950s and 1960s.","1950കളിലും 1960കളിലും പാകിസ്ഥാനി ഭരണത്തെ ചെറുത്ത ബംഗ്ലാദേശികളുടെ സാംസ്കാരികാഭിമാനവും പൈതൃകവും പ്രകടിപ്പിക്കാനുള്ള ജനപ്രിയ മാര്‍ഗ്ഗമായി ഈ ഉത്സവം മാറി എന്ന് വില്ലേം വാന്‍ ഷെന്‍ദാല്‍, ഹെങ്ക് ഷൂള്‍ട്ട് നോർധോൾട് എന്നിവര്‍ പറയുന്നു."
"Ala al-Din Husayn launched a devastating raid in the Ghaznavid territory and sacked their capital, although he was defeated by the Seljuks, which briefly halted the rapid Ghurid expansion.",ത്വരിതമായ ഘുരിദ് സാമ്രാജ്യവികാസത്തെ ഹ്രസ്വമായി തടയുന്ന വിധത്തില്‍ സെല്‍ജുക്കുകളാല്‍ തോല്പ്പിക്കപ്പെട്ടെങ്കിലും ഘസ്നാവിദ് പ്രദേശത്ത് അലാ അല്‍ ദിന്‍ ഹുസൈന്‍ ഒരു അതിവിനാശകരമായ ആക്രമണം നടത്തുകയും അവരുടെ തലസ്ഥാനം കൊള്ളയടിക്കുകയും ചെയ്തു.
The earliest examples of Pallava constructions are rock-cut temples dating from 610 CE to 690 CE and structural temples between 690 CE and 900 CE.,"610 സി. ഇ മുതൽ 690 സി. ഇ വരെയുള്ള കാലത്തെ കല്ലിൽ കൊത്തിയെടുത്ത ക്ഷേത്രങ്ങളും, തൂണുകളും ഉത്തരങ്ങളുമുള്ള ക്ഷേത്രങ്ങളും പല്ലവനിർമ്മിതികളുടെ ഏറ്റവും ആദ്യത്തെ ഉദാഹരണങ്ങളാണ്."
The Salankayanas were an ancient dynasty that ruled the Andhra region between Godavari and Krishna with their capital at Vengi (modern Pedavegi) from 300 to 440 CE.,സി.ഇ. 300 മുതല്‍ 440 വരെ വെങ്കി (ആധുനിക കാലത്തെ പെഡവേഗി) തലസ്ഥാനമായി ആന്ധ്രയിലെ ഗോദാവരിക്കും കൃഷ്ണയ്ക്കും ഇടയിലുള്ള പ്രദേശം ഭരിച്ചിരുന്ന പുരാതന രാജവംശമായിരുന്നു സാലങ്കായനന്മാര്‍.
"The occurrence of extramarital sex by men is described as ""universal"" in 6 cultures, ""moderate"" in 29 cultures, ""occasional"" in 6 cultures, and ""uncommon"" in 10 cultures.","പുരുഷന്മാരുടെ വിവാഹേതര ലൈംഗികബന്ധം ആറു സംസ്കാരങ്ങളില്‍ ""സാര്‍വത്രികം"" എന്നും 29 സംസ്കാരങ്ങളില്‍ ""മിതം"" എന്നും 10 സംസ്കാരങ്ങളില്‍ ""അസാധാരണം"" എന്നും വിവരിക്കപ്പെടുന്നു."
"Equally valuable was the ship's rutter (mariner's handbook), which contained vital information on the China, India, and Japan trade routes.","ചൈന, ഇന്ത്യ, ജപ്പാന്‍ എന്നീ വാണിജ്യപാതകളെക്കുറിച്ചുള്ള നിര്‍ണ്ണായകവിവരങ്ങള്‍ അടങ്ങുന്ന റട്ടറും (നാവികരുടെ കൈപ്പുസ്തകം) തുല്യനിലയില്‍ വിലപിടിച്ചതായിരുന്നു."
The Art Institute Dhaka has been an important center for visual art in the region.,ഈ പ്രദേശത്തെ ദൃശ്യകലയുടെ ഒരു പ്രധാനകേന്ദ്രമാണ് ധാക്ക ആര്‍ട്ട് ഇന്‍സ്റ്റിട്യൂട്ട്.
"The Brahmasutra (also called Vedanta Sutra, composed in the 1st millennium BCE) accepted this in verse 1.1.4 and asserts the need for the Upanishadic teachings to be understood not on a piecemeal, cherry-picked basis, but rather in a unified way wherein the ideas in the Vedic texts are harmonized with other means of knowledge such as perception, inference, and remaining pramanas.","ബ്രഹ്മ സൂത്രം ( ബി.സി.ഇ. ഒന്നാം നൂറ്റാണ്ടില്‍ രചിക്കപ്പെട്ട ഇത് വേദാന്തസൂത്രം എന്നും അറിയപ്പെടുന്നു ) 1.1.4-ാം സൂത്രത്തില്‍ ഇത് സ്വീകരിക്കുകയും, ഉപനിഷദ് പാഠങ്ങള്‍ ഒറ്റയ്‌ക്കൊറ്റയ്ക്കും തിരഞ്ഞെടുത്ത് പെറുക്കി യെടുത്തുമായല്ലാതെ, പ്രത്യക്ഷം, അനുമാനം, മറ്റു പ്രമാണങ്ങള്‍ എന്നീ ജ്ഞാനമാർഗ്ഗങ്ങളോട് വേദപാഠങ്ങളെ സമന്വയിപ്പിച്ച്, ഒട്ടൊക്കെ എകീകൃതമായി മനസ്സിലാക്കുക എന്ന ആവശ്യത്തെ സ്ഥിരീകരിക്കുകയും ചെയ്യുന്നു."
It suggests that members from these professions should be sought to serve in the secret service.,ഈ തൊഴിലുകളില്‍ നിന്നുള്ളവര്‍ രഹസ്യസര്‍വീസുകളില്‍ സേവനം അനുഷ്ടിക്കാന്‍ ക്ഷണിക്കപ്പെടണമെന്ന് അത് നിർദ്ദേശിക്കുന്നു.
A short passage near the end addresses the larger concerns of warfare and explains the various uses of war elephants and men.,"അവസാനത്തിനടുത്ത് വരുന്ന ഒരു ചെറിയ ഖണ്ഡിക യുദ്ധതന്ത്രത്തിന്‍റെ വിശാലമായ പരിഗണനകൾക്ക് ഉത്തരം കാണുകയും, സൈന്യത്തിലെ ആനകള്‍, കാലാള്‍ എന്നിവയുടെ ഉപയോഗം വിവരിക്കുകയും ചെയ്യുന്നു."
"The bulk of the scripture is divided into 31 main ragas, with each Granth raga subdivided according to length and author.",ഓരോ ഗ്രന്ഥരാഗവും നീളത്തിനും രചയിതാവിനും അനുസരിച്ച് പുനര്‍വിഭജനം ചെയ്ത 31 പ്രധാനരാഗങ്ങളായി വിഭജിച്ചതാണ് വേദഗ്രന്ഥത്തിന്‍റെ ഭൂരിഭാഗവും.
"The text is a prose-style Upanishad, with a motley collection of different-sized paragraphs.",പല ദൈര്‍ഘ്യമുള്ള ഖണ്ഡികകളുടെ സമ്മിശ്രസമാഹാരമായ ഗദ്യശൈലിയിലുള്ള ഉപനിഷത്താണ് ഈ ഗ്രന്ഥം.
"Nastika Indian philosophies include Buddhism, Jainism, Charvaka, Ajivika, and others.","ഭാരതീയ നാസ്തിക തത്ത്വശാസ്ത്രങ്ങളില്‍ ബുദ്ധമതം, ജൈനമതം, ചാര്‍വാകം, ആജീവകം തുടങ്ങിയവ ഉള്‍പ്പെടുന്നു."
"For example, ""The Trickster and the Talking Bulb"" tells the story of ""The Old Man"", who disregards the warnings of a bulb and, in turn, gets punished for his defiance.","ഉദാഹരണത്തിന്, ഒരു ബള്‍ബിന്‍റെ മുന്നറിയിപ്പുകള്‍ അവഗണിക്കുകയും ആ ധാർഷ്ട്യത്തിന് ശിക്ഷിക്കപ്പെടുകയും ചെയ്ത ""ആ വൃദ്ധന്‍റെ"" കഥ പറയുന്നതാണ് ""തട്ടിപ്പുകാരനും സംസാരിക്കുന്ന ബള്‍ബും""."
"These coins were mostly in copper and rarely in silver, the metal dies were carefully cast with the required designs.",ലോഹഅച്ചുകള്‍ വേണ്ടുന്ന ഡിസൈനുകളുമായി ശ്രദ്ധിച്ചുവാർത്ത് മിക്കവാറും ചെമ്പിലും അപൂര്‍വമായി വെള്ളിയിലും ചെയ്തതായിരുന്നു ഈ നാണയങ്ങള്‍.
"The individual, asserts Katha Upanishad, who contemplates this eternal and not crooked one, becomes free and never experiences grief.","ശാശ്വതവും ഋജുവായതും ആയ ഇതൊന്നിനെ ആര് മനനം ചെയ്യുന്നുവോ, ആ വ്യക്തി മുക്തനായിത്തീരുന്നുവെന്നും ഒരിക്കലും ദുഃഖം അനുഭവിക്കുന്നില്ലെന്നും കഠോപനിഷത്ത് ഉറച്ചുപറയുന്നു."
"The section concludes by listing the names of actions or deeds possible with various weapons, including 32 positions to be taken with sword and shield (khadgacharmavidhau); 11 techniques for using a rope in fighting, 5 acts in the rope operation, lists of deeds pertaining to the chakram (war-quoit), the spear, the tomara (iron club), the Gada (mace), the axe, the hammer, the bhindipala or laguda, the vajra, the dagger, the slingshot, and a bludgeon or cudgel.","വാളും പരിചയും ഉപയോഗിക്കുമ്പോൾ എടുക്കേണ്ട 32 നിലകളടക്കം (ഖഡ്ഗചര്‍മവിധൌ) വിവിധ ആയുധങ്ങൾ കൊണ്ട് ചെയ്യാവുന്ന പ്രവൃത്തികളുടെയോ കർമ്മങ്ങളുടെയോ പേരുകൾ - യുദ്ധത്തില്‍ കയര്‍ ഉപയോഗിക്കേണ്ട 11 തന്ത്രങ്ങള്‍, കയറിന്‍റെ ഉപയോഗത്തിലെ 5 പ്രയോഗങ്ങള്‍, ചക്രം (വളയം), കുന്തം, തോമാര (ഇരുമ്പുഗദ), ഗദ (അധികാര ദണ്ഡ്) , മഴു, ചുറ്റിക, ഭിണ്ഡിപാലം, അഥവാ ലഗുഡ, വജ്രം, കഠാര, കവണ, ദണ്ഡ് എന്നിവയുടെ പട്ടിക നൽകിക്കൊണ്ട് ഈ വിഭാഗം അവസാനിക്കുന്നു"
"Starting with the Western embargo on the Yugoslavian common market, and ending with the Greek embargo on North Macedonia, over the country's former name, the Republic of Macedonia.",യൂഗോസ്ലാവിയൻ പൊതുവിപണിക്കുമേലുള്ള പാശ്ചാത്യവിലക്കിൽനിന്ന് തുടങ്ങി രാജ്യത്തിൻ്റെ മുൻനാമമായ റിപ്പബ്ലിക്ക് ഓഫ് മാസിഡോണിയയുടെ പേരിൽ ഉത്തര മാസിഡോണിയയുടെ മേലുള്ള ഗ്രീക്ക് വിലക്കിൽ അവസാനിക്കുന്നവയാണവ.
"After the sharp devaluation in 1991 and the transition to current account convertibility in 1994, the value of the rupee has been largely determined by market forces.","1991ലെ കുത്തനെയുള്ള വിനിമയമൂല്യശോഷണത്തിനും, 1994ലെ കറൻ്റ് അക്കൗണ്ട് പരിവര്‍ത്തനക്ഷമതയിലേക്കുള്ള മാറ്റത്തിനും ശേഷം വിപണിശക്തികൾ രൂപയുടെ മൂല്യത്തെ വലിയ തോതിൽ നിർണ്ണയിച്ചുകൊണ്ടിരിക്കുന്നു."
"His family's company, Sino-Thai Engineering and Construction PCL, built several government mega-projects, such as Bangkok's Suvarnabhumi Airport.","അദ്ദേഹത്തിൻ്റെ കുടുംബത്തിൻ്റെ കമ്പനിയായ സിനോ-തായ് എഞ്ചിനീയറിംഗ് ആൻഡ് കൺസ്ട്രക്ഷൻ പി. സി. എൽ, ബാങ്കോക്കിലെ സുവർണഭൂമി വിമാനത്താവളം പോലുള്ള നിരവധി സർക്കാർ മെഗാപ്രോജക്ടുകളുടെ നിർമ്മാണം നടത്തി."
"Apple Store openings and new product releases can draw crowds of hundreds, with some waiting in line as much as a day before the opening.",ഉദ്ഘാടനത്തിന് ഒരുദിവസം മുന്നേ തന്നെ ചില ആളുകൾ വരിയിൽ കാത്തുനിൽക്കുംവിധം നൂറുകണക്കിനുവരുന്ന ആൾക്കൂട്ടങ്ങളെ ആകർഷിക്കാൻ ആപ്പിൾ സ്റ്റോർ ഉദ്ഘാടനങ്ങൾക്കും പുതിയ ഉത്പന്നങ്ങളുടെ റിലീസുകൾക്കും കഴിയും.
"Apple evangelist Guy Kawasaki has called brand fanaticism ""something that was stumbled upon,"" while I've explained in 2014 that ""people have an incredibly personal relationship"" with Apple's products.","ആപ്പിൾ ഉൽപ്പന്നങ്ങളുമായി ""ആളുകൾക്ക് അവിശ്വസനീയമാംവിധം വ്യക്തിപരമായ ഒരു ബന്ധമാണുള്ളത്"" എന്ന് ഞാൻ 2014ൽ വിശദീകരിച്ചിരിക്കെ, ആപ്പിൾ സുവിശേഷകൻ ഗയ് കവാസാക്കി ബ്രാൻഡ് ഭ്രാന്തിനെ ""യാദൃശ്ചികമായി കിട്ടിയ ഒന്ന്"" എന്നാണ് വിശേഷിപ്പിച്ചത്."
"It was introduced in 1994 as a subscription service transmitted by satellite television provider DirecTV for 13 hours a day, seven days a week.",ഉപഗ്രഹ ടെലിവിഷൻ ദാതാവായ ഡയറക് ടിവി ദിവസം 13 മണിക്കൂർ വീതം ആഴ്ചയിൽ ഏഴുദിവസവും സംപ്രേക്ഷണം ചെയ്യുന്ന ഒരു സബ്‌സ്‌ക്രിപ്ഷൻ സേവനമായാണ് 1994ൽ അത് അവതരിപ്പിച്ചത്.
"By 2019, Zee Entertainment Enterprises Ltd. (ZEEL) was the Essel Group's only profit-generating company; the group had accumulated an overall debt of around 20,000 crores (equivalent to 210 billion or US $2.6 billion in 2020).","2019 ആയതോടെ സീ എൻ്റർടൈൻമെൻ്റ് എൻ്റർപ്രൈസസ് ലിമിറ്റഡ് (സെഡ് ഇ ഇ എൽ ) ആയിരുന്നു എസ്സെൽ ഗ്രൂപ്പിൻ്റെ ലാഭമുണ്ടാക്കുന്ന ഒരേയൊരു കമ്പനി; ഗ്രൂപ്പിൻ്റെ മൊത്തം കടം ഏകദേശം 20,000 കോടി (210 ബില്യണിനോ 2020ൽ 2.6 ബില്യൺ യു. എസ് ഡോളറിനോ തുല്യമായ) ആയി കുന്നുകൂടിയിരുന്നു."
"EDS eventually shed hundreds of jobs at A.T. Kearney, reduced compensation, consolidated back-office functions, and eventually relocated A.T. Kearney's headquarters from Chicago to Plano, Texas.",ഇ. ഡി. എസ് ഒടുവിൽ എ. ടി കാർണിയിൽ നൂറുകണക്കിന് തൊഴിലുകൾ വെട്ടിച്ചുരുക്കുകയും നഷ്‌ടപരിഹാരം കുറയ്ക്കുകയും ബാക്ക്-ഓഫീസ് പ്രവർത്തനങ്ങൾ ഏകീകരിക്കുകയും അവസാനം എ. ടി കാർണിയുടെ ആസ്ഥാനം ഷിക്കാഗോയിൽനിന്ന് ടെക്സാസിലെ പ്ലാനോയിലേക്ക് മാറ്റിസ്ഥാപിക്കുകയും ചെയ്തു.
"The post-1980 Ratsiraka and Zafy regimes have overseen the privatization of parastatals, the disbanding of agricultural marketing boards, the ratification of more liberal investment codes favoring foreign investment, the privatization of the banking industry, the diversification of traditional, primary-product exports, and greater investment in food production.","1980 നുശേഷമുള്ള രത്സിറക, സാഫി ഭരണകൂടങ്ങള്‍ 'പാരസ്റ്റെയ്റ്റലു'കള്‍ സ്വകാര്യവത്കരിക്കുന്നതിനും, കാര്‍ഷികവിപണന ബോര്‍ഡുകള്‍ പിരിച്ചുവിടുന്നതിനും, വിദേശനിക്ഷേപത്തെ അനുകൂലിക്കുന്ന കൂടുതല്‍ ഉദാരമായ നിക്ഷേപച്ചട്ടങ്ങള്‍ സാധുവാക്കുന്നതിനും, ബാങ്കിങ് വ്യവസായം സ്വകാര്യവൽക്കരിക്കുന്നതിനും സാമ്പ്രദായികമായ പ്രാഥമികവിഭവങ്ങളുടെ കയറ്റുമതികള്‍ വൈവിധ്യവത്കരിക്കുന്നതിനും, ഭക്ഷ്യോത്പാദനത്തില്‍ കൂടുതല്‍ വലിയ നിക്ഷേപത്തിനും മേല്‍നോട്ടം വഹിച്ചിട്ടുണ്ട്."
"ECBs include commercial bank loans, buyers' credit, suppliers' credit, securitised instruments such as floating rate notes and fixed rate bonds, etc., credit from official export credit agencies, and commercial borrowings from the private sector window of multilateral financial Institutions such as the International Finance Corporation (Washington), ADB, AFIC, CDC, etc.","വാണിജ്യ ബാങ്കു വായ്പ്പകള്‍, വാങ്ങുന്നവരുടെ കടം, വിതരണക്കാരുടെ കടം, ഫ്ലോട്ടിംഗ് റേറ്റ് നോട്ടുകളും ഫിക്സഡ് റേറ്റ് ബോണ്ടുകളും പോലുള്ള സെക്യൂരിറ്റൈസ്ഡ് ഇൻസ്ട്രുമെൻ്റുകളും ഔദ്യോഗിക ക്രെഡിറ്റ് ഏജന്‍സികളില്‍നിന്നുള്ള വായ്പയും, ഇൻ്റർനാഷണൽ ഫിനാൻസ്‌ കോർപ്പറേഷൻ (വാഷിങ്ടൺ), എ.ഡി.ബി., എ.എഫ്.ഐ.സി., സി.ഡി.സി. തുടങ്ങിയ മൾട്ടിലേറ്ററൽ ഫിനാന്‍ഷ്യല്‍ ഇൻസ്റ്റിറ്റ്യൂഷനുകളുടെ സ്വകാര്യ മേഖലാ ജാലകങ്ങളിൽനിന്നുള്ള വാണിജ്യ കടങ്ങൾ എന്നിവയെല്ലാം ഇ.സി.ബി.കളില്‍ ഉള്‍പ്പെടുന്നു."
"This came a month after the SBI board had, on 17 May 2016, cleared a proposal to merge its five associate banks and Bharatiya Mahila Bank with itself.",2016 മെയ് 17ൽ എസ്. ബി. ഐ ബോർഡ് അതിൻ്റെ അഞ്ച് അനുബന്ധബാങ്കുകളും ഭാരതീയ മഹിളാബാങ്കും തങ്ങളിൽ ലയിപ്പിക്കാനുള്ള നിർദ്ദേശം അംഗീകരിച്ച് ഒരു മാസം കഴിഞ്ഞാണ് ഇത് സംഭവിച്ചത്.
American Express ranked 86th in the 2018 Fortune 500 list of the largest United States corporations by total revenue.,മൊത്തം വരുമാനത്തിൻ്റെ അടിസ്ഥാനത്തിൽ ഫോർച്യൂൺ മാസികയുടെ അമേരിക്കൻ ഐക്യനാടുകളിലെ 2018ലെ ഏറ്റവും വലിയ 500 കോർപറേഷനുകളുടെ പട്ടികയിൽ അമേരിക്കൻ എക്സ്പ്രസ്സ് 86-ാം സ്ഥാനത്തെത്തി.
"Investment in mining and natural gas extraction increased, as did investment in the banking sector.",ഖനനത്തിലെയും പ്രകൃതിവാതക ഖനനത്തിലെയും നിക്ഷേപവും ബാങ്കിങ് മേഖലയിലെ നിക്ഷേപവും വർദ്ധിച്ചു.
"Between 1913 and 1929, its agricultural exports rose from $3 million ($2 million from bananas) to $25 million ($21 million from bananas).",1913നും 1929നും ഇടയിൽ അവരുടെ കാർഷിക കയറ്റുമതി 3 ദശലക്ഷം (വാഴപ്പഴത്തിൽനിന്നും 2 ദശലക്ഷം) ഡോളറിൽനിന്ന് 25 ദശലക്ഷം (വാഴപ്പഴത്തിൽനിന്നും 21 ദശലക്ഷം ഡോളർ) ഡോളറായി ഉയർന്നു.
"However, the economic fluctuations of the business cycle did affect Poland's unemployment rate, which by early 2013 had reached almost 11%.",ഏതായാലും ബിസിനസ് സൈക്കിളിൻ്റെ സാമ്പത്തിക ചാഞ്ചാട്ടങ്ങൾ തീർച്ചയായും പോളണ്ടിൻ്റെ തൊഴിലില്ലായ്മാനിരക്കിനെ ബാധിക്കുകയും 2013 ൻ്റെ തുടക്കത്തിൽ അത് പതിനൊന്ന് ശതമാനത്തോളം എത്തുകയും ചെയ്തു.
"In 2000, the BSE used this index to open its derivatives market, trading S&P BSE SENSEX futures contracts.",2000ൽ എസ്&പി ബി. എസ്. ഇ സെൻസെക്സിൻ്റെ ഫ്യൂച്ചർ കോൺട്രാക്ടുകളുടെ വിൽപ്പന നടത്തിക്കൊണ്ട് ബി. എസ്‌. ഇ അതിൻ്റെ ഡെറിവേറ്റീവുകളുടെ വിപണി തുറക്കാൻ ഈ സൂചിക ഉപയോഗിച്ചു.
"The development of S&P BSE SENSEX options along with equity derivatives followed in 2001 and 2002, expanding the BSE's trading platform.",അതിന് പിന്നാലെ ബി. എസ്. ഇയുടെ വ്യാപാര വേദി വിശാലമാക്കിക്കൊണ്ട് 2001ലും 2002ലും ഇക്വിറ്റി ഡെറിവേറ്റീവുകളുമായി എസ് & പി ബി. എസ്. ഇ സെൻസെക്സിലെ ഓപ്ഷനുകളുടെ വികസനം നടന്നു.
"In 1997, FAO launched TeleFood, a campaign of concerts, sporting events, and other activities to harness the power of the media, celebrities, and concerned citizens to help fight hunger.",വിശപ്പിനെതിരെ പോരാടാൻ സഹായിക്കുന്നതിനായി മീഡിയയുടെയും പ്രശസ്തവ്യക്തികളുടെയും താല്പര്യമുള്ള പൗരന്മാരുടെയും ശക്തി പ്രയോജനപ്പെടുത്തുന്നതിനുവേണ്ടി കച്ചേരികളുടെയും കായിക പരിപാടികളുടെയും മറ്റ് പ്രവർത്തനങ്ങളുടെയും ഒരു പ്രചാരണപ്രവർത്തനമായ ടെലിഫുഡിന് 1997ൽ എഫ്. എ. ഒ തുടക്കംകുറിച്ചു.
"Business services: 630,000 registered companies, equal to 10.3% of the entrepreneurial fabric, with over 2,800,000 work units.","ബിസിനസ് സേവനങ്ങൾ: 2,800,000ത്തിലധികം വർക്ക് യൂണിറ്റുകളുമായി സംരംഭകത്വ ഘടനയുടെ 10.3 ശതമാനത്തിന് തുല്യമായ 630,000 രജിസ്റ്റർ ചെയ്ത കമ്പനികൾ."
"In 2017, ANZ acquired REALas property price predictor start-up.",2017ൽ എ. എൻ. സെഡ് സ്വത്തുവില പ്രവചിക്കുന്ന സ്റ്റാർട്ട് അപ്പായ റിയൽഏസ് വാങ്ങിച്ചു.
"It brought 1,482 urban and 58 multi-state cooperative banks under the supervision of the RBI.","1,482 അർബൻ സഹകരണ ബാങ്കുകളേയും 58 ബഹുസംസ്ഥാന സഹകരണ ബാങ്കുകളേയും അത് ആർ. ബി. ഐയുടെ മേൽനോട്ടത്തിൻകീഴിലേക്ക് കൊണ്ടുവന്നു."
"Woolwich thus joined the Barclays group of companies, and the Woolwich name was retained after the acquisition.",അങ്ങനെ വൂൾവിച്ച് ബാർക്‌ളെയ്‌സ് കമ്പനികളുടെ ഗ്രൂപ്പിൽ ചേരുകയും ഏറ്റെടുക്കലിന് ശേഷം വൂൾവിച്ച് എന്ന പേര് നിലനിർത്തുകയും ചെയ്തു.
"In October 2012, it announced plans to lay off an additional 15% of its workforce to reduce costs in the face of declining sales revenue.",വിപണിവരുമാനത്തിലെ ഇടിവ് നേരിടുവാനായി ചെലവ് ചുരുക്കാൻ 15% തൊഴിലാളികളെക്കൂടി പിരിച്ചുവിടാനുള്ള പദ്ധതികൾ 2012 ഒക്ടോബറിൽ അത് പ്രഖ്യാപിച്ചു.
"Siemens's definition was adopted as the ""international"" watt.","സീമെൻസിൻ്റെ നിർവചനമാണ് ""അന്താരാഷ്ട്ര"" വാട്ട് ആയി സ്വീകരിക്കപ്പെട്ടത്."
"In addition, the Bajaj Group has also undertaken several educational activities.","കൂടാതെ, ബജാജ് ഗ്രൂപ്പ് നിരവധി വിദ്യാഭ്യാസ പ്രവർത്തനങ്ങളും ഏറ്റെടുത്തിട്ടുണ്ട്."
"India's GDP growth during the January-March period of 2015 was at 7.5% compared to China's 7%, making it the fastest-growing MAJOR economy.","ചൈനയുടെ 7 ശതമാനവുമായി താരതമ്യം ചെയ്യുമ്പോൾ 2015ലെ ജനുവരി-മാർച്ച് കാലയളവിൽ ഇന്ത്യയുടെ ജി. ഡി. പി വളർച്ച 7.5 ശതമാനമായിരുന്നുവെന്നത്, ഇന്ത്യയെ ഏറ്റവും വേഗത്തിൽ വളരുന്ന അതിപ്രധാന സമ്പദ്‌വ്യവസ്ഥയാക്കുന്നു."
Long-term investments are to be held for many years and are not intended to be disposed of in the near future.,ഒരുപാട് വർഷത്തേക്ക് കയ്യിൽവെക്കേണ്ടതും സമീപഭാവിയിൽ ഒഴിവാക്കുവാൻ ഉദ്ദേശിക്കാത്തവയുമാണ് ദീർഘകാലനിക്ഷേപങ്ങൾ.
"On 28 December 2010, the non-governmental organisation, Coalition to Uproot Ragging from Education (CURE) co-founder Harsh Agarwal wrote a letter to the Raghavan Committee, a panel headed by former HRD Minister R. K. Raghavan, explaining distress over a particular scene, where the lead actors get ragged by seniors.","2010 ഡിസംബര്‍ 28ന് ഒരു സര്‍ക്കാരിതര സംഘടനയായ കൊയലീഷന്‍ റ്റു അപ്രൂട്ട് റാഗിംഗ് ഫ്രം എജൂകേഷന്‍റെ (സി യു ആർ ഇ ) സഹസ്ഥാപകനായ ഹര്‍ഷ് അഗര്‍വാള്‍, ഒരു പ്രത്യേക സീനില്‍ മുന്‍നിര നടീനടന്മാര്‍ മുതിര്‍ന്ന വിദ്യാര്‍ത്ഥികളാല്‍ റാഗ് ചെയ്യപ്പെടുന്നതിലെ മനപ്രയാസം വിശദീകരിച്ചുകൊണ്ട് എച്ച് .ആര്‍.ഡി. മുൻമന്ത്രി ആര്‍.കെ. രാഘവന്‍ നയിക്കുന്ന പാനലായ രാഘവന്‍ കമ്മിറ്റിക്ക് ഒരു കത്തയച്ചു."
Revival efforts also included appointing Jean-Charles de Castelbajac as artistic director and re-appointing photographer Oliviero Toscani.,ജീൻ-ചാൾസ് ഡി കാസ്റ്റൽബജാക്കിനെ കലാസംവിധായകനായി നിയമിക്കുന്നതും ഒലിവീറോ ടോസ്കാനിയെ ഫോട്ടോഗ്രാഫറായി പുനർനിയമിക്കുന്നതും പുനരുദ്ധാരണശ്രമങ്ങളിൽ ഉൾപ്പെട്ടു.
"Notable foreign companies that have set up joint venture entities in Mexico include Samsung, which formed Samex, a local designer and manufacturer of finished televisions, white goods, and individual electronic components like printed circuit boards, LCD panels, and semiconductors; and Toshiba, which formed Toshiba de Mexico, S.A. de C.V., an administratively autonomous subsidiary that produces electronics parts, televisions, and heavy industrial equipment.","മെക്സിക്കോയില്‍ സംയുക്ത നിക്ഷേപ സംരംഭങ്ങള്‍ തുടങ്ങിയ പ്രധാനപ്പെട്ട വിദേശ കമ്പനികളില്‍, പണി പൂര്‍ത്തിയാക്കിയ ടെലിവിഷനുകള്‍, വീട്ടുപകരണങ്ങള്‍, പ്രിന്‍റഡ് സര്‍ക്യൂട്ട് ബോര്‍ഡുകള്‍ പോലുള്ള തനി ഇലക്ട്രോണിക് ഘടകങ്ങള്‍, എല്‍.സി.ഡി. പാനലുകൾ, സെമികണ്ടക്ടറുകൾ എന്നിവയുടെ ഉത്പാദകരും പ്രാദേശിക ഡിസൈനര്‍മാരുമായ സാമെക്സിന് രൂപംകൊടുത്ത സാംസങ്; ഇലക്ട്രോണിക് ഘടകങ്ങള്‍, ടെലിവിഷനുകള്‍, ഘനവ്യവസായങ്ങൾക്കുവേണ്ട ഉപകരണങ്ങള്‍, എന്നിവ ഉത്പാദിപ്പിക്കുന്ന സ്വയംഭരണ സബ്സിഡിയറിയായ തോഷിബാ ഡി മെക്സിക്കോ, എസ്.എ. ഡി സി.വിയെ രൂപീകരിച്ച തോഷിബാ എന്നിവ ഉള്‍പ്പെടുന്നു."
"In 2014, the government increased the foreign investment upper limit from 26% to 49% in the insurance sector.",ഇൻഷുറൻസ് മേഖലയിലെ വിദേശനിക്ഷേപപരിധി സർക്കാർ 2014ൽ 26 ശതമാനത്തിൽനിന്ന് 49 ശതമാനമാക്കി വർധിപ്പിച്ചു
"The scheduled banks are those included under the 2nd Schedule of the Reserve Bank of India Act, 1934.",1934ലെ റിസർവ് ബാങ്ക് ഓഫ് ഇന്ത്യാ നിയമത്തിലെ 2-ാo പട്ടികയ്ക്ക് കീഴിൽ ഉൾപ്പെടുത്തിയവയാണ് ഷെഡ്യൂൾഡ് ബാങ്കുകൾ.
"It features a 60.6-inch (154 cm)-wide two-seater reclining sofa and 32-inch (81 cm) TV monitor in the lounge; an ensuite bathroom with shower; an 82-inch (210 cm)-long, 47.5-inch (121 cm)-wide double bed in the bedroom, which also includes a 27-inch (69 cm) TV monitor, and a personal butler.","ലൗൻജില്‍ 60.6-ഇഞ്ച്‌ (154 സെൻ്റീമീറ്റര്‍ ) വീതിയുള്ളതും രണ്ടുപേര്‍ക്ക് ചാഞ്ഞിരിക്കാവുന്നതുമായ സോഫയും 32-ഇഞ്ച്‌ (81 സെൻ്റീമീറ്റര്‍ ) ടി വി മോണിട്ടറും ഷവറുള്ള അറ്റാച്ഡ് ബാത്ത് റൂമും, 82-ഇഞ്ച്‌ (210 സെൻ്റീമീറ്റര്‍) നീളവും 47.5-ഇഞ്ച്‌ (121 സെൻ്റീമീറ്റര്‍) വീതിയുമുള്ള ഡബിള്‍ ബെഡ്ഡും 27-ഇഞ്ച്‌ (69 സെൻ്റീമീറ്റര്‍) ടി വിയും അടങ്ങിയ ഒരു കിടപ്പുമുറിയും കൂടെ ഒരു സ്വകാര്യ പാചകക്കാരനും ഉണ്ടാകും."
"The former is a consumer economy designed to engender productivity, while the latter is a shortage economy designed as an agent of totalitarian social control.",ഉത്പാദനക്ഷമത ജനിപ്പിക്കാൻ രൂപകല്‌പന ചെയ്ത ഒരു ഉപഭോക്തൃ സമ്പദ്‌വ്യവസ്ഥയാണ് ആദ്യത്തേതെങ്കിൽ സമഗ്രാധിപത്യപരമായ സാമൂഹികനിയന്ത്രണത്തിൻ്റെ ഒരു ഏജൻ്റായി രൂപകല്‌പന ചെയ്ത ഒരു ക്ഷാമസമ്പദ്‌വ്യവസ്ഥയാണ് രണ്ടാമത്തേത് .
"Before 2013, Indian companies were not allowed to list their securities internationally without first completing an IPO in India.",ഇന്ത്യയിലാദ്യം ഒരു ഐ. പി. ഒ പൂർത്തിയാക്കാതെ തങ്ങളുടെ സെക്യൂരിറ്റികളുടെ ഇടപാടുകൾ അന്താരാഷ്ട്ര തലത്തിൽ നടത്തുവാൻ 2013ന് മുമ്പ് ഇന്ത്യൻ കമ്പനികൾക്ക് അനുവാദമുണ്ടായിരുന്നില്ല.
"The high level of brand loyalty has been criticised and ridiculed, with the epithet ""Apple fanboy"" being applied and mocking the lengthy lines before a product launch.","""ആപ്പിൾ ഫാൻബോയ്"" എന്ന വിശേഷണമുപയോഗിച്ചും ഉൽപ്പന്നം പുറത്തുവിടുന്നതിന് മുമ്പുള്ള സുദീർഘമായ വാചകങ്ങളെ പരിഹസിച്ചും, ബ്രാൻഡിനോട് കാണിക്കുന്ന കൂടിയ തോതിലുള്ള കൂറ് വിമർശിക്കപ്പെടുകയും പരിഹസിക്കപ്പെടുകയും ചെയ്യുന്നുണ്ട്."
"The opening of New York City's Apple Fifth Avenue store in 2006 was highly attended, and visitors from Europe flew in for the event.",2006ൽ നടന്ന ന്യൂയോർക്ക് സിറ്റിയിലെ ഫിഫ്‌ത് അവന്യൂവിലെ ആപ്പിൾ സ്റ്റോറിൻ്റെ ഉദ്ഘാടനത്തിൽ ഒരുപാടുപേർ പങ്കെടുക്കുകയും പരിപാടിക്കായി യൂറോപ്പിൽനിന്ന് സന്ദർശകർ പറന്നെത്തുകയും ചെയ്തു.
"The savings for investment were to come from domestic and foreign sources, with the rate of domestic saving at 21.6% of gross domestic product and that of foreign saving at 1.6% of gross domestic product.","നിക്ഷേപിക്കപ്പെടുവാനുള്ള സമ്പാദ്യം ആഭ്യന്തരവും വൈദേശികവുമായ സ്രോതസ്സുകളിൽനിന്ന് വരുന്നതായിരിക്കെ, ആഭ്യന്തര സമ്പാദ്യനിരക്ക് മൊത്തം ആഭ്യന്തര ഉത്പാദനത്തിൻ്റെ 21.6 ശതമാനവും വിദേശ സമ്പാദ്യനിരക്ക് മൊത്തം ആഭ്യന്തരഉത്പാദനത്തിൻ്റെ 1.6 ശതമാനവുമായിരുന്നു."
"Details of managing DuPont's chief information officer Cinda Hallman's $4 billion 10-year outsourcing contract with Computer Sciences Corporation and Accenture were outsourced, thus avoiding ""inventing a process if we'd done it in-house.""","""ഞങ്ങൾ അത് സ്വയം ചെയ്തതാണെങ്കിൽ ഒരു പ്രക്രിയാരീതി കണ്ടുപിടിക്കുന്നത്"" ഒഴിവാക്കുംവിധം, ഡ്യൂപ്പോണ്ടിൻ്റെ ചീഫ് ഇൻഫർമേഷൻ ഓഫീസറായ സിൻഡാ ഹാൾമാൻ്റെ 400 കോടി ഡോളറിൻ്റെ പത്തുവർഷം നീളുന്നതും കമ്പ്യൂട്ടർ സയൻസസ് കോർപറേഷനും അക്സൻചറും തമ്മിലുള്ളതുമായ ഔട്സോർസിങ് കോൺട്രാക്ട് കൈകാര്യം ചെയ്യുന്നതിൻ്റെ വിശദാംശങ്ങൾ ഔട്സോഴ്സ് ചെയ്യപ്പെട്ടു."
"The Robert B. Atwood Building in Anchorage, Alaska, was at one time named the Bank of America Center, renamed in conjunction with the bank's acquisition of building tenant Security Pacific Bank.",അലാസ്കയിലെ ആങ്കറെജിലുള്ള റോബര്‍ട്ട് അറ്റ്വുഡ് കെട്ടിടം അവിടെ വാടകക്കുണ്ടായിരുന്ന സെക്യൂരിറ്റി പസിഫിക് ബാങ്ക് ഏറ്റെടുത്തതോടെ പേരുമാറ്റി ഒരിക്കല്‍ ബാങ്ക് ഓഫ് അമേരിക്കാ സെന്‍റര്‍ എന്ന് നാമകരണം ചെയ്തിരുന്നു.
BCI differs from neuromodulation in that it allows for bidirectional information flow.,രണ്ടുദിശകളിലുമുള്ള വിവരസഞ്ചാരം അനുവദിക്കുന്നുവെന്നതിനാൽ ബി. സി. ഐ ന്യൂറോമോഡുലേഷനിൽനിന്ന് വ്യത്യാസപ്പെടുന്നു.
"However, such periodic sequences are repelling rather than attracting, meaning that if the evolving variable is outside the sequence, however close, it will not enter the sequence and, in fact, will diverge from it.","എന്നാൽ, അത്തരം അനുക്രമമായ പിന്തുടർച്ചകൾ ആകർഷിക്കുന്നതിന് പകരം ഏതാണ്ട് വികർഷിക്കുകയാണ് ചെയ്യുന്നതെന്നത്, ഇവോൾവിങ്ങ് വേരിയബിൾ എത്ര അടുത്തായാലും പിന്തുടർച്ചയ്ക്ക് പുറത്താണെങ്കിൽ ആ പിന്തുടർച്ചയിൽ പ്രവേശിക്കുകയില്ലെന്നും മറിച്ച് അതിൽനിന്ന് അകന്നുപോവുകയാണ് ചെയ്യുകയെന്നും അർത്ഥമാക്കുന്നു."
"A leap second is a one-second adjustment that is occasionally applied to Coordinated Universal Time (UTC), to accommodate the difference between precise time (International Atomic Time (TAI), as measured by atomic clocks) and imprecise observed solar time (UT1), which varies due to irregularities and a long-term slowdown in the Earth's rotation.","ഭൂമിയുടെ ഭ്രമണത്തിലെ ക്രമക്കുറവുകളും ദീർഘകാലമായുള്ള വേഗതക്കുറവും കാരണം വ്യത്യാസപ്പെടുന്ന, കൃത്യതയുള്ള സമയത്തിനും (ആറ്റോമിക് ക്ലോക്കുകൾ ഉപയോഗിച്ച് അളക്കുന്ന ഇൻ്റ്ർനാഷണൽ ആറ്റോമിക് സമയം (ടി. എ. ഐ)), കൃത്യത കുറഞ്ഞ നിരീക്ഷിക്കപ്പെടുന്ന സൗരസമയത്തിനും ഇടയിലുള്ള വ്യത്യാസത്തെ ഉൾക്കൊള്ളാൻ കോ-ഓർഡിനേറ്റഡ് യൂണിവേഴ്സൽ സമയ (യു. ടി. സി) ത്തിന് വരുത്തുന്ന ഒരു സെക്കൻ്റ് ക്രമീകരണമാണ് ഒരു ലീപ് സെക്കൻ്റ് ."
A study on teachers by Kremer et al. found that 25% of private-sector teachers and 40% of public-sector medical workers were absent during the survey.,"ക്രെമർ തുടങ്ങിയവർ അധ്യാപകരെക്കുറിച്ച് നടത്തിയ ഒരു പഠനം, സ്വകാര്യ മേഖലയിലെ 25% അധ്യാപകരും പൊതുമേഖലയിലെ 40% മെഡിക്കൽ ജീവനക്കാരും സർവേ സമയത്ത് ഹാജരുണ്ടായിരുന്നില്ലെന്ന് കണ്ടെത്തി."
"The Compton effect of 1923 provided more evidence that special relativity does apply, in this case to a particle description of photon-electron scattering.","പ്രത്യേക ആപേക്ഷികത തീർച്ചയായും ബാധകമാവുമെന്നതിന്, ഈ സന്ദർഭത്തിൽ ഫോട്ടോൺ-ഇലക്ട്രോൺ സ്കാറ്ററിങ്ങിൻ്റെ പാർട്ടിക്കിൾ ഡിസ്ക്രിപ്ഷന് ബാധകമാവുമെന്നതിന്, 1923ലെ കോംപ്ടൺ പ്രഭാവം കൂടുതൽ തെളിവുകൾ നൽകി."
"An electromagnetic field very far from currents and charges (sources) is called electromagnetic radiation (EMR) since it radiates from the charges and currents in the source, has no ""feedback"" effect on them, and is also not affected directly by them in the present time (rather, it is indirectly produced by a sequence of changes in fields radiating out from them in the past).","വിദ്യുച്ഛക്തിപ്രവാഹത്തിൽനിന്നും ചാർജു(പ്രഭവകേന്ദ്രങ്ങൾ )കളിൽനിന്നും വളരെ അകന്ന ഒരു വൈദ്യുതകാന്തികമണ്ഡലത്തെ, അത് പ്രഭവകേന്ദ്രത്തിലെ ചാർജുകളിൽനിന്നും പ്രവാഹങ്ങളിൽനിന്നും വികിരണം ചെയ്യുന്നതുകൊണ്ടും, അതിന് അവയ്ക്കുമേൽ ""ഫീഡ്ബാക്ക്"" പ്രഭാവം ഇല്ലാത്തതുകൊണ്ടും, അത് വർത്തമാനകാലത്ത് അവയാൽ പ്രത്യക്ഷമായി ബാധിക്കപ്പെടാത്തതുകൊണ്ടും (അത് ഒട്ടൊക്കെ ഭൂതകാലത്ത് വികിരണം ചെയ്യപ്പെട്ട മണ്ഡലങ്ങളിലെ മാറ്റങ്ങളുടെ ഒരു പരമ്പരയാൽ പരോക്ഷമായി ഉത്പാദിപ്പിക്കപ്പെടുന്നതാണ്) വൈദ്യുതകാന്തികവികിരണം (ഇ.എം.ആർ) എന്ന് വിളിക്കുന്നു."
"As noted above, most DNA molecules are two polymer strands bound together in a helical fashion by noncovalent bonds; this double-stranded structure is maintained largely by the intrastrand base stacking interactions, which are strongest for G and C stacks.","മുകളിൽ പരാമർശിച്ചതുപോലെ, നോൺകോവാലൻ്റ് ആയ ബോണ്ടുകളാൽ വളയ രൂപത്തിൽ പരസ്പരം ബന്ധിപ്പിക്കപ്പെട്ട രണ്ട് പോളിമർ പിരികളാണ് മിക്ക ഡി. എൻ. എ തന്മാത്രകളും; ജി സ്റ്റാക്കുകളിലും സി സ്റ്റാക്കുകളിലും ഏറ്റവും ശക്തമാവുന്ന, പിരികൾക്കിടയിലെ ബേസ് സ്റ്റാക്കിങ് പാരസ്പര്യങ്ങളിലൂടെയാണ് ഈ ഇരട്ടപ്പിരിയൻ ഘടന പ്രധാനമായും നിലനിർത്തപ്പെടുന്നത്."
"He first investigated the rate of decrease in mean temperature with the increase in elevation above sea level, which afforded, by his inquiries regarding the origin of tropical storms, the earliest clue to the detection of the more complicated law governing atmospheric disturbances in higher latitudes.","ഉഷ്ണമേഖലാപ്രദേശങ്ങളിലെ കൊടുങ്കാറ്റുകളുടെ ഉത്ഭവവുമായി ബന്ധപ്പെട്ട അദ്ദേഹത്തിൻ്റെ അന്വേഷണങ്ങളിലൂടെ, ഉയർന്ന അക്ഷാംശങ്ങളിലെ അന്തരീക്ഷക്ഷോഭങ്ങളെ നിയന്ത്രിക്കുന്ന കൂടുതൽ സങ്കീർണമായ നിയമം കണ്ടുപിടിക്കുന്നതിലേക്കുള്ള ഏറ്റവും ആദ്യത്തെ സൂചന നൽകിയ, സമുദ്രനിരപ്പിന് മുകളിലുള്ള വിതാനവർദ്ധനവിനോടൊപ്പം ശരാശരി താപനില കുറയുന്നതിൻ്റെ നിരക്കിനെ കുറിച്ചുള്ള അന്വേഷണമാണ് അദ്ദേഹമാദ്യം നടത്തിയത്."
"Carbon clusters were first detected by Eric A. Rohlfing, Donald M. Cox, and Andrew Kaldor in 1984, in experiments where graphite was vaporised by a laser and the vapour was quenched by a helium atmosphere.","ലേസർ കൊണ്ട് ഗ്രാഫൈറ്റ് ബാഷ്പീകരിക്കുകയും ഒരു ഹീലിയം അന്തരീക്ഷത്താൽ ആ ബാഷ്പം തണുപ്പിക്കുകയും ചെയ്ത പരീക്ഷണങ്ങളിലാണ് എറിക് എ. റോൾഫിംഗ്, ഡൊണാൾഡ് എം. കോക്സ്, ആൻഡ്രൂ കാൽഡോർ എന്നിവർ 1984ൽ കാർബൺ ക്ലസ്റ്ററുകൾ ആദ്യമായി കണ്ടുപിടിക്കുന്നത്."
"Determining the complexity of an algorithm means finding upper bounds or estimates of how many elementary operations, such as additions and multiplications of scalars, are necessary to perform some algorithm, for example, the multiplication of matrices.",മാട്രിക്സുകൾ ഗുണനം ചെയ്യുന്നത് പോലെ ഒരു അൽഗൊരിതം ചെയ്യാൻ സംഖ്യകളുടെ കൂട്ടലും ഗുണിക്കലും പോലുള്ള എത്ര പ്രാഥമികപ്രവർത്തനങ്ങൾ ആവശ്യമാണ് എന്നതിൻ്റെ ഉയർന്ന പരിധികളോ എസ്റ്റിമേറ്റുകളോ കണ്ടെത്തുക എന്നാണ് ഒരു അൽഗൊരിതത്തിൻ്റെ സങ്കീർണത നിർണ്ണയിക്കുക എന്നതുകൊണ്ട് അർത്ഥമാക്കുന്നത്.
"During this time, the British came into conflict with Bengal's Mughal governors.",ഈ സമയത്ത് ബ്രിട്ടീഷുകാർ ബംഗാളിലെ മുഗൾ ഗവർണർമാരുമായി ഏറ്റുമുട്ടലിലായി.
"In the first long-distance audio transmissions by Reginald Fessenden in 1906, a continuous wave from an Alexanderson alternator was fed directly to the transmitting antenna through a water-cooled carbon microphone.",1906ൽ റെജിനാൾഡ് ഫെസ്സെൻഡൻ നടത്തിയ ആദ്യത്തെ ദീർഘദൂരശബ്ദസംപ്രേക്ഷണങ്ങളിൽ അലക്സാണ്ടേഴ്സൺ ആൾട്ടർനേറ്ററിൽനിന്നുള്ള ഒരു തുടർച്ചയായ തരംഗം വെള്ളംകൊണ്ട് താപം നിയന്ത്രിക്കപ്പെട്ട ഒരു കാർബൺ മൈക്രോഫോണിലൂടെ സംപ്രേക്ഷണ ആൻ്റിനയിലേക്ക് നേരിട്ട് നൽകപ്പെട്ടിരുന്നു.
Technology has helped teachers create better assessments to help understand where students who are having trouble with the material are having issues.,പഠനഭാഗത്തിൽ ബുദ്ധിമുട്ട് നേരിടുന്ന വിദ്യാർത്ഥികൾ എവിടെയാണ് പ്രശ്നമനുഭവിക്കുന്നത് എന്ന് മനസ്സിലാക്കാനായി മെച്ചപ്പെട്ട വിലയിരുത്തലുകൾ നടത്തുന്നതിൽ സാങ്കേതികവിദ്യ അധ്യാപകരെ സഹായിച്ചിട്ടുണ്ട്.
Autocrine is a cell sending a signal to itself by secreting a molecule that binds to a receptor on its surface.,ഉപരിതലത്തിൽ ഒരു ഗ്രാഹിയുമായി ബന്ധിപ്പിക്കുന്ന ഒരു തന്മാത്ര പുറപ്പെടുവിച്ച് ഒരു കോശം അതിനുതന്നെ സിഗ്‌നൽ അയക്കുന്നതിനാണ് ഓട്ടോക്രൈൻ എന്ന് പറയുന്നത്.
"Following the rebellions in the Poonch and Mirpur areas and the Pakistan-backed Pashtun tribal intervention from the Khyber Pakhtunkhwa, the Maharaja asked for Indian military assistance.","പൂഞ്ച്, മീർപൂർ എന്നീ മേഖലകളിലെ കലാപങ്ങളെത്തുടർന്നും ഖൈബർ പഖ്തുൻഖ്വയിൽ നിന്നുള്ള പാകിസ്ഥാൻ പിന്തുണയോട് കൂടിയ പഷ്ത്തൂൺ ഗോത്ര ഇടപെടലുകളെത്തുടർന്നും ആ മഹാരാജ ഇന്ത്യയുടെ സൈനികസഹായം തേടി."
"Or have you made a considered decision that the template is not, or is no longer, applicable?",അതോ ഈ ടെംപ്ലേറ്റ് ഇപ്പോഴോ മേലിലോ ബാധകമല്ലെന്ന ഒരു തീരുമാനം നിങ്ങൾ ആലോചിച്ചെടുത്തുവോ?
"If a wheat crop is destroyed by a pest, we may plant a hardier variety of wheat next year, relying on intraspecific diversity.",കീടബാധ കാരണം ഒരു ഗോതമ്പുവിള നശിക്കുകയാണെങ്കിൽ ഇൻട്രാ സ്പെസിഫിക് വൈവിധ്യത്തെ ആശ്രയിച്ച് അടുത്ത വർഷം ഒരു പ്രതിരോധശക്തി കൂടിയ ഇനം നമുക്ക് നടാം.
The field began to flourish in 1971 when Stephen Cook and Leonid Levin proved the existence of practically relevant problems that were NP-complete.,എൻ. പി-കംപ്ലീറ്റ് ആയതും പ്രായോഗികമായി പ്രസക്തമായതുമായ പ്രശ്നങ്ങളുണ്ടെന്ന് സ്റ്റീഫൻ കുക്കും ലിയോണിഡ് ലെവിനും തെളിയിച്ചപ്പോൾ 1971ൽ മേഖല വളരാൻ തുടങ്ങി.
"In the early medieval Alpine upland, a simpler central heating system where heat traveled through underfloor channels from the furnace room replaced the Roman hypocaust in some places.","മധ്യകാലത്തിൻ്റെ ആദ്യത്തിൽ ആൽപൈൻ മലമ്പ്രദേശങ്ങളിൽ ചിലയിടത്ത്, റോമൻ ഹൈപ്പോകോസ്റ്റിന് പകരം ചൂളമുറിയിൽ നിന്ന് തറയ്ക്കടിയിലെ ചാനലുകളിലൂടെ താപം സഞ്ചരിക്കുന്ന കുറച്ചുകൂടി ലളിതമായ ഒരു കേന്ദ്രീകൃതമായ ഉഷ്‌ണീകരണ സംവിധാനം സ്ഥാപിക്കപ്പെട്ടു."
"They are mainly used in high-end audio power amplifiers and RF power amplifiers in wireless cellular networks such as 2G, 3G, and 4G.","2ജി, 3ജി, 4ജി തുടങ്ങിയ വയർലെസ്സ് സെല്ലുലാർ നെറ്റ്‌വർക്കുകളിലെ ഉയർന്ന നിലവാരമുള്ള ഓഡിയോ പവർ ആംപ്ലിഫയറുകളിലും ആർ. എഫ് പവർ ആംപ്ലിഫയറുകളിലുമാണ് അവ പ്രധാനമായും ഉപയോഗിക്കുന്നത്."
Mains filter capacitors are usually encapsulated in wound plastic film types since these deliver high voltage ratings at a low cost and may be made self-healing and fusible.,"കുറഞ്ഞ ചിലവിൽ ഉയർന്ന റേറ്റിംഗുകൾ നല്കുന്നതിനാലും , സ്വയം ശരിപ്പെടുത്തുന്നതും ഫ്യൂസിബിളും ആക്കാമെന്നതിനാലും മെയിൻസ് ഫിൽറ്റർ കപ്പാസിറ്ററുകൾ സാധാരണ പ്ലാസ്റ്റിക് ഫിലിമിൻ്റെ ആവരണം നൽകപ്പെട്ട് ഒതുക്കിയരൂപത്തിലാക്കിയതാണ്."
Multi-agent reinforcement learning studies the problems introduced in this setting.,"മൾട്ടി -ഏജൻ്റ് റീഇൻഫോഴ്‌സ്‌മെൻ്റ് പഠനം, ഈ പശ്‌ചാത്തലത്തിൽ അവതരിപ്പിക്കപ്പെടുന്ന പ്രശ്നങ്ങൾ പഠിക്കുന്നു."
"It offers DEPM, B.TECH (Electronics Engineering), M.Tech (Electronics Design Technology), Ph.D., and short-term courses.","ഡി. ഇ. പി. എം, ബിടെക് (ഇലക്‌ട്രോണിക്‌സ് എഞ്ചിനീയറിംഗ്), എംടെക് (ഇലക്‌ട്രോണിക്‌സ് ഡിസൈൻ ടെക്‌നോളജി), പി.എച്ച്.ഡി. എന്നിവയും ഹ്രസ്വകാല കോഴ്‌സുകളും അത് വാഗ്‌ദാനം ചെയ്യുന്നു."
"For example, what John Polkinghorne terms 'conceptual' or 'epistemological' reductionism is the definition provided by Simon Blackburn and by Jaegwon Kim: that form of reductionism which concerns a program of replacing the facts or entities involved in one type of discourse with other facts or entities from another type, thereby providing a relationship between them.","ഉദാഹരണത്തിന്, സൈമൺ ബ്ലാക്ക്ബേണും ഏയ്ഗ്‌വൺ കിമ്മും നൽകിയ നിർവചനമാണ് ജോൺ പോൾക്കിംഗ്‌ഹോൺ 'ആശയപരമായ' അല്ലെങ്കിൽ 'ജ്ഞാനശാസ്ത്രപരമായ' റിഡക്ഷനിസം എന്ന് വിശേഷിപ്പിക്കുന്നത്: ഒരു തരത്തിലുള്ള വ്യവഹാരത്തിൽ ഉൾപ്പെട്ടിരിക്കുന്ന വസ്തുതകൾക്കും ഉണ്മകൾക്കും മറ്റൊരു തരത്തിലുള്ള വ്യവഹാരത്തിൽനിന്നുള്ള മറ്റ് വസ്തുതകളും ഉണ്മകളും പകരം വെച്ച് അങ്ങനെ അവയ്ക്കിടയിൽ ഒരു ബന്ധം സൃഷ്ടിക്കുന്ന ഒരു പ്രോഗ്രാമുമായി ബന്ധപ്പെടുന്ന ആ റിഡക്ഷനിസത്തിൻ്റെ രൂപം."
Bangladesh has a literacy rate of 74.7% as of 2019: 77.4% for males and 71.9% for females.,2019ലെ കണക്കനുസരിച്ച് 74.7 ശതമാനമാണ് ബംഗ്ലാദേശിലെ സാക്ഷരതാനിരക്ക്: പുരുഷന്മാരിൽ 77.4 ശതമാനവും സ്ത്രീകളിൽ 71.9 ശതമാനവും.
"The Indian numbering system corresponds to the Western system for the zeroth through the fourth powers of ten: one, ten, one hundred, one thousand, and ten thousand.","പൂജ്യം മുതൽ നാലുവരെയുള്ള പത്തിൻ്റെ ഘാതങ്ങളിൽ ഇന്ത്യൻ സംഖ്യാസമ്പ്രദായം പാശ്ചാത്യസമ്പ്രദായവുമായി സാമ്യപ്പെടുന്നുണ്ട്: ഒന്ന്, പത്ത്, നൂറ്, ആയിരം, പതിനായിരം."
"The SI-derived unit for measuring the catalytic activity of a catalyst is the katal, which is quantified in moles per second.",ഒരു ഉൽപ്രേരകത്തിൻ്റെ ഉൽപ്രേരക പ്രവർത്തനം അളക്കുന്നതിനുള്ള എസ്. ഐ വ്യുൽപ്പന്ന മാത്രയാണ് സെക്കൻഡിൽ മോളുകളിൽ അളക്കുന്ന കാറ്റൽ.
"The endonym (Rumana, ""the land of the Romans,"" i.e., the Eastern Roman Empire) was understood as another name for the province by the invading Seljuk Turks, who founded a Sultanate of Rum in 1077.","ആക്രമിച്ചെത്തുകയും 1077ൽ റം സുൽത്താനേറ്റ് സ്ഥാപിക്കുകയും ചെയ്ത സൽജൂക്കി തുർക്കികൾ ഈ പ്രവിശ്യക്ക് നൽകിയ മറ്റൊരു പേരായാണ് ഈ പ്രാദേശികനാമം (റുമാന, ""റോമാക്കാരുടെ നാട്"", അഥവാ കിഴക്കൻ റോമൻ സാമ്രാജ്യം) മനസ്സിലാക്കപ്പെട്ടത്."
"However, the Virgo interferometer in Italy was not operating at the time, and the GEO600 was in engineering mode and is not sensitive enough, so it could not confirm the signal.","എന്നാൽ ആ സമയത്ത് ഇറ്റലിയിലെ വിർഗോ ഇൻ്റർഫെറോമീറ്റർ പ്രവർത്തനരഹിതവും, എഞ്ചിനീയറിംഗ് മോഡിലായിരുന്ന ജിഇഒ 600 മതിയായ ഗ്രാഹ്യശേഷിയില്ലാത്തതും ആയതിനാൽ അതിന് സിഗ്‌നൽ സ്ഥിരീകരിക്കാൻ കഴിഞ്ഞില്ല."
These refugees arrived in waves and did not come solely at the time of partition.,"ഈ അഭയാർത്ഥികൾ വന്നത് വിഭജനസമയത്ത് മാത്രമല്ല, അലകളായായിരുന്നു."
"This library can be selected against the desired target sequence, which is inserted in the promoter region of the reporter gene construct.",റിപ്പോർട്ടർ ജീൻ കൺസ്ട്രക്ടിൻ്റെ പ്രൊമോട്ടർ റീജ്യനിൽ ഇന്സേർട് ചെയ്യുന്ന ആവശ്യമുള്ള ടാർഗറ്റ് സീക്വൻസ് വെച്ച് ഈ ലൈബ്രറി തിരഞ്ഞെടുക്കാം.
"In solutions at room temperature, the four cyclic isomers interconvert over a time scale of hours in a process called mutarotation.",സാധാരണ താപനിലയിൽ ലായനികളിൽ മ്യൂട്ടാറൊട്ടേഷന്‍ എന്ന മണിക്കൂറുകളെടുക്കുന്ന ഒരു പ്രക്രിയയിൽ നാല് ചാക്രിക ഐസോമറുകളും പരസ്പരം മാറുന്നു.
The sense coil is a differential current transformer that surrounds (but is not electrically connected to) the live and neutral conductors.,ലൈവും ന്യൂട്രലും കണ്ടക്ടറുകളെ വലയം ചെയ്യുന്ന (എന്നാൽ വൈദ്യുതീപരമായി ബന്ധിപ്പിക്കാത്ത) ഒരു ഡിഫറൻഷ്യൽ കറൻ്റ് ട്രാൻസ്ഫോർമറാണ് സെൻസ് കോയിൽ.
"In the spongy mesophyll of a leaf, parenchyma cells range from near-spherical and loosely arranged with large intercellular spaces to branched or stellate, mutually interconnected with their neighbors at the ends of their arms to form a three-dimensional network, like in the red kidney bean Phaseolus vulgaris and other mesophytes.","ഒരു ഇലയുടെ സ്പോഞ്ചുപോലുള്ള മെസോഫിലിൽ, ചുവന്ന വൃക്കരൂപത്തിലുള്ള പയറായ ഫാസിയോലസ് വൾഗാരിസിലും മറ്റ് മിസോഫൈറ്റുകളിലും ഉള്ളതുപോലെ, കൈകളുടെ അറ്റത്തിലൂടെ അടുത്തുള്ളവയുമായി പരസ്പരം ബന്ധപ്പെട്ട് ഒരു ത്രിമാനശൃംഖല തീർക്കുന്ന, ഗോളസമാനമായ ആകൃതിവ മുതൽ ശാഖകളുള്ളതോ നക്ഷത്രാകൃതിയിലുള്ളതോ ആയ പരൻകമ കോശങ്ങൾ വരെയുണ്ട്."
"Although Thomas precession (net rotation after a trajectory that returns to its initial velocity) is a purely kinematic effect, it only occurs in curvilinear motion and therefore cannot be observed independently of some external force causing the curvilinear motion, such as that caused by an electromagnetic field, a gravitational field, or a mechanical force, so Thomas precession is usually accompanied by dynamical effects.","തോമസ് പ്രിസെഷൻ (പ്രാരംഭവേഗതയിലേക്ക് മടങ്ങുന്ന ഒരു സഞ്ചാരപഥത്തിന് ശേഷമുള്ള നെറ്റ് റൊട്ടേഷൻ ) ഒരു കേവലം ചലനാത്മകമായ പ്രഭാവമാണെങ്കിലും, അത് വക്രരേഖീയമായ ചലനത്തിൽ മാത്രം സംഭവിക്കുന്നതും അതിനാൽ വക്രരേഖീയമായ ചലനമുണ്ടാക്കുന്ന വൈദ്യുതകാന്തിക മണ്ഡലം, ഗുരുത്വാകർഷണ മണ്ഡലം, മെക്കാനിക്കൽ ബലം തുടങ്ങിയ ബാഹ്യബലത്തിൽനിന്ന് സ്വതന്ത്രമായി നിരീക്ഷിക്കാനാകാത്തതും ആയതിനാൽ തോമസ് പ്രിസെഷൻ സാധാരണമായി ചലനാത്മക പ്രഭാവങ്ങളോടൊപ്പം സംഭവിക്കുന്നതാണ്."
"Unlike a traditional incandescent lamp, an LED will only light when voltage is applied in the forward direction of the diode.",പരമ്പരാഗതമായ ചൂടുകൊണ്ട് ജ്വലിക്കുന്ന വിളക്കിൽനിന്ന് വ്യത്യസ്തമായി ഡയോഡിൻ്റെ മുന്നോട്ടുള്ള ദിശയിൽ വോൾട്ടേജ് കൊടുത്താൽ മാത്രമേ എൽ. ഇ. ഡി പ്രകാശിക്കുകയുള്ളൂ.
"Two prints, each carrying either the right or left eye view, had to be synced up in projection using an external selsyn motor.",ഓരോന്നും വലത്തേ കണ്ണിൽനിന്നോ ഇടത്തേ കണ്ണിൽനിന്നോ ഉള്ള കാഴ്ച ഉൾക്കൊള്ളുന്നവയായ രണ്ട് പ്രിൻ്റുകൾ ഒരു ബാഹ്യ സെൽസൈൻ മോട്ടോർ ഉപയോഗിച്ച് പ്രൊജക്ഷനിൽ ഒരുമിച്ച് ചേർക്കണമായിരുന്നു.
"When machine learning techniques are initially used in new applications or industries, there is often not enough training data available to apply traditional processes.",പുതിയ ആപ്പ്ളിക്കേഷനുകളിലോ വ്യവസായങ്ങളിലോ മെഷീൻ ലേണിംഗ് സാങ്കേതികവിദ്യകൾ ആദ്യമായി ഉപയോഗിക്കുമ്പോൾ പരമ്പരാഗതമായ പ്രക്രിയകൾ നടപ്പിലാക്കാൻ മതിയായ ട്രെയിനിങ് ഡാറ്റ പലപ്പോഴും ലഭ്യമായിരിക്കുകയില്ല.
"Once trained, such a model can detect synonymous words or suggest additional words for a partial sentence.",ഒരിക്കൽ പരിശീലനം നൽകപ്പെട്ടാൽ അത്തരത്തിലുള്ളൊരു മോഡലിന് ഒരു ഭാഗികവാക്യത്തിനായി പര്യായപദങ്ങൾ കണ്ടുപിടിക്കാനോ കൂട്ടിച്ചേർക്കാവുന്ന വാക്കുകൾ നിർദേശിക്കാനോ കഴിയും.
"It is published by Encyclopedia Britannica, Inc.; the company has existed since the 18th century, although it has changed ownership various times through the centuries.",എൻസൈക്ലോപീഡിയ ബ്രിട്ടാനിക്കാ ഇൻകോർപറേറ്റഡ് ആണ് അത് പ്രസിദ്ധീകരിച്ചത്; ഈ കമ്പനി പതിനെട്ടാംനൂറ്റാണ്ടുമുതൽ നിലനിൽക്കുന്നതാണെങ്കിലും അതിൻ്റെ ഉടമസ്ഥാവകാശം നൂറ്റാണ്ടുകൾ കടന്നുപോകവേ പലതവണ കൈമാറ്റം ചെയ്യപ്പെട്ടിട്ടുണ്ട്.
"10 years after the film's release, Arbaaz Khan stated in an interview that the film's budget was hiked from 30 crore (equivalent to 57 crore or US$7.2 million in 2020) to 49 crore (equivalent to 93 crore or US$12 million in 2020), leading to few losses for him, but after the monumental success, he paid the salary for Salman Khan.","ചിത്രം പുറത്തിറങ്ങി 10 വര്‍ഷത്തിനു ശേഷം നല്‍കിയ ഒരു അഭിമുഖത്തില്‍ അര്‍ബാസ് ഖാന്‍, 30 കോടി (2020ല്‍ 57 കോടി അല്ലെങ്കില്‍ 7.2 ദശലക്ഷം അമേരിക്കന്‍ ഡോളര്‍) യായിരുന്ന ചിത്രത്തിൻ്റെ ബജറ്റ് 49കോടി (2020ല്‍ 93 കോടി അല്ലെങ്കില്‍ 12 ദശലക്ഷം അമേരിക്കന്‍ ഡോളര്‍) യായി തനിക്ക് കുറച്ച് നഷ്ടമുണ്ടാക്കിക്കൊണ്ട് ഉയർത്തിയതായും, പക്ഷെ ചിത്രത്തിൻ്റെ ഗംഭീരവിജയത്തെത്തുടർന്ന് സല്‍മാന്‍ ഖാന് ശമ്പളം നൽകിയതായും പറഞ്ഞു."
"A battle-hardened and rebellious Indian Army officer goes in search of his ex-girlfriend's child, who is mysteriously kidnapped.",ഏറെ യുദ്ധങ്ങളാൽ ദാർഢ്യം നേടിയവനും വഴങ്ങാത്തവനുമായ ഒരു ഇന്ത്യന്‍ ആര്‍മി ഓഫീസര്‍ തന്‍റെ പൂര്‍വകാമുകിയുടെ ദുരൂഹമായി തട്ടിക്കൊണ്ടുപോകപ്പെട്ട കുട്ടിയെ തേടിപ്പോകുന്നു.
"About a thousand and thirty Gujarati films were made between 1932 and 2011, but very few are archived.",1932 നും 2011 നും ഇടയില്‍ ഏതാണ്ട് ആയിരത്തി മുപ്പത് ഗുജറാത്തി ചിത്രങ്ങള്‍ നിര്‍മ്മിക്കപ്പെട്ടെങ്കിലും വളരെ കുറച്ചേ ആര്‍ക്കൈവ്‌ ചെയ്യപ്പെട്ടുള്ളൂ.
"Amiya Chakravarty (30 November 1912-6 March 1957) was an Indian film director, screenwriter, and producer, and the leading film director in Hindi cinema of the 1940s and 1950s.","അമിയ ചക്രവര്‍ത്തി (1912 നവംബര്‍ 30 -- 1957 മാര്‍ച്ച് 6 ) ഒരു ഇന്ത്യന്‍ ചലച്ചിത്രസംവിധായകനും തിരക്കഥാകൃത്തും നിര്‍മ്മാതാവും, 1940കളിലും 1950കളിലും ഹിന്ദി സിനിമയിലെ മുന്‍നിരസംവിധായകനുമായിരുന്നു."
"Other actors he has frequently collaborated with include Rekha, Madhuri Dixit, Anil Kapoor, Shah Rukh Khan, and Amrish Puri.","അദ്ദേഹം പലവുരു സഹകരിച്ച മറ്റു നടീനടന്മാരില്‍ രേഖ, മാധുരി ദീക്ഷിത്, അനില്‍ കപൂര്‍, ഷാ രൂഖ് ഖാന്‍, അമ്രീഷ് പുരി എന്നിവര്‍ ഉള്‍പ്പെടുന്നു."
"The waterfall, the mystical forests and water bodies above the cliffs and the lead pair escaping an avalanche all add to the spectacle.","ആ വെള്ളച്ചാട്ടം, ഗൂഢാത്മകതയുള്ള കാടുകള്‍, കുത്തനെയുള്ള മലഞ്ചെരിവുകൾക്ക് മുകളിലുള്ള ജലാശയങ്ങള്‍, നായികാനായകന്മാര്‍ ഒരു ഹിമപാതത്തിൽനിന്നു രക്ഷപ്പെടുന്നത് എന്നിവയെല്ലാം ശ്രദ്ധേയങ്ങളായ ദൃശ്യങ്ങൾക്ക് മുതൽക്കൂട്ടുന്നു."
"Pandurang, an assassin previously sent by Babli as an undercover servant, later joins Gopal's side on hearing about Sameer's truth and fights the gangsters off, with the fight finally ending with Gopal being accidentally stabbed by Babli in his butt with a knife and falling unconscious soon after, but not before warning Madhav, Lucky, and Laxman not to touch the knife, leaving the three friends in laughter.","ഒരു സേവകൻ്റെ കപടവേഷത്തിൽ നേരത്തെ ബബ്ലി അയച്ച പാണ്ഡുരംഗ് എന്ന ഒരു കൊലപാതകി പിന്നീട് സമീറിൻ്റെ സത്യാവസ്ഥയെക്കുറിച്ചുകേട്ടതിനുശേഷം ഗോപാലിൻ്റെ പക്ഷം ചേരുകയും, ഗുണ്ടാസംഘത്തെ എതിർത്തോടിക്കുകയും ആ ഏറ്റുമുട്ടൽ ബബ്ലിയുടെ കത്തികൊണ്ടുള്ള കുത്ത് യദൃച്ഛയാ ഗോപാലിൻ്റെ പൃഷ്ഠത്തിൽ ഏൽക്കുകയും താമസിയാതെ ബോധം മറഞ്ഞുവീഴുംമുമ്പേ അയാൾ മാധവ്, ലക്കി, ലക്ഷ്മൺ എന്നീ മൂന്നുകൂട്ടുകാരെ ചിരിപ്പിച്ചുകൊണ്ട് കത്തി തൊട്ടുപോകരുതെന്ന് താക്കീതുനൽകുകയും ചെയ്യുന്നു."
"On their wedding day, however, Vaidehi does not show up and is revealed to have run away to Mumbai.","എങ്കിലും, അവരുടെ വിവാഹദിവസം വൈദേഹി പ്രത്യക്ഷപ്പെടുന്നില്ലെന്നു മാത്രമല്ല അവര്‍ മുംബൈയിലേക്ക് ഓടിപ്പോയെന്നു വെളിപ്പെടുകയും ചെയ്യുന്നു."
"Bantu begins to address the issues plaguing the house by patching up Ramachandra's broken relationship with Yasu (which was fragile because Ramachandra had an affair with a woman 7 years ago), settling the dispute with Paidathalli, and reforming the corrupt family members, Kashiram and Sitaram.","രാമചന്ദ്രയ്ക്ക് യാസുവുമായിട്ടുള്ള തകര്‍ന്ന ബന്ധം (രാമചന്ദ്രയ്ക്ക് ഒരു സ്ത്രീയുമായി 7 വര്‍ഷം മുന്‍പ്‌ ഒരു ബന്ധം ഉണ്ടായിരുന്നതിനാല്‍ അത് ദുര്‍ബ്ബലമായിരുന്നു) ശരിയാക്കിയെടുത്തും പൈദാതല്ലിയുമായുള്ള തര്‍ക്കം തീര്‍പ്പാക്കിയും കാശീറാം, സീതാറാം എന്നീ ദുർവൃത്തരായ കുടുംബാംഗങ്ങളെ സന്മാർഗികളാക്കിയും, കുടുംബത്തെ ബാധിച്ചിരിക്കുന്ന പ്രശ്നങ്ങള്‍ ബന്തു കൈകാര്യം ചെയ്യാന്‍ തുടങ്ങുന്നു."
"Because a single channel was catering to an ever-growing audience, television programming quickly reached saturation.",എന്നും വളർന്നുകൊണ്ടേയിരിക്കുന്ന ഒരു പ്രേക്ഷകസമൂഹത്തിൻ്റെ ആവശ്യങ്ങൾ നിവർത്തിക്കാൻ ഒരേയൊരു ചാനല്‍ മാത്രമേ ഉണ്ടായിരുന്നുള്ളൂ എന്നതിനാല്‍ ടെലിവിഷന്‍ പ്രോഗ്രാമിംഗ് പെട്ടെന്നുതന്നെ പൂരിതനിലയിലായി.
"Beta (Translation: Son) is a 1992 Indian Hindi drama film, directed by Indra Kumar and written by Naushir Khatau and Kamlesh Pandey.",1992ല്‍ നൗഷീര്‍ ഖട്ടൌവും കമലേഷ് പാണ്ഡേയും എഴുതി ഇന്ദ്രകുമാര്‍ സംവിധാനം ചെയ്ത ഒരു നാടകീയ ഇന്ത്യന്‍ ഹിന്ദി ചലച്ചിത്രമാണ് ബേട്ടാ (പരിഭാഷ: മകന്‍).
This is more efficient than broadcasting to a single country because domestic entertainment programs and information gathered by domestic news staff can be cheaply repackaged for non-domestic audiences.,തദ്ദേശീയവാർത്താലേഖകർ സമ്പാദിക്കുന്ന വിനോദപരിപാടികളും വിവരങ്ങളും ചെലവു കുറച്ച് വൈദേശിക പ്രേക്ഷകര്‍ക്കുവേണ്ടി പുനരവതരിപ്പിക്കാം എന്നതിനാൽ ഇത് ഒരേയൊരു രാജ്യത്തേക്ക് പ്രക്ഷേപണം ചെയ്യുന്നതിനേക്കാള്‍ കൂടുതല്‍ കാര്യക്ഷമമാണ്.
"Dhinendra, who becomes angered by Chitti's victory, releases Pakshi's spirit from the synthesizer.",ചിട്ടിയുടെ വിജയത്തില്‍ കോപിഷ്ടനായിത്തീർന്ന ധിനേന്ദ്ര സിന്തസൈസറില്‍ നിന്ന് പക്ഷിയുടെ ആത്മാവിനെ തുറന്നുവിടുന്നു.
"Not just visually, where we see the Superstar with one human eye and one scarred metallic eye, but also intentionally spelled out when the bad robot announces that he has created ""Terminators.""","ഒരു മനുഷ്യക്കണ്ണും മറ്റൊരു മുറിപ്പാടുള്ള ലോഹക്കണ്ണുമുള്ള സൂപ്പര്‍ സ്റ്റാറിനെ കാണുമ്പോള്‍ കാഴ്ചകൊണ്ടുമാത്രമല്ല ഉദ്ദേശപൂർവ്വകമായും താന്‍ ""ടെര്‍മിനേറ്റര്‍"" മാരെ സൃഷ്ടിച്ചുവെന്ന് ദുഷ്ടകഥാപാത്രമായ റോബോട്ട് പ്രഖ്യാപിക്കുന്നു."
"Following its success, the film was screened in the East Asian markets; it was released in Taiwan on December 17, 2010, followed by Hong Kong on September 1, 2011.",അതിൻ്റെ വിജയത്തെ തുടര്‍ന്ന് ഈ ചിത്രം കിഴക്കനേഷ്യന്‍ രാജ്യങ്ങളില്‍ പ്രദര്‍ശിപ്പിച്ചു; തെയ്‌വാനില്‍ 2010 ഡിസംബര്‍ 17നും തുടര്‍ന്ന് ഹോങ്കോങ്ങില്‍ 2011 സെപ്റ്റംബർ ഒന്നിനും അത് പുറത്തിറക്കി.
"The song received 230 points with 10 sets of 12 points from Belgium, Bulgaria, Hungary, the United Kingdom, Turkey, Albania, Cyprus, Serbia & Montenegro, Sweden, and Germany and also became a smash hit in different countries, especially in Greece.","ബെല്‍ജിയം, ബള്‍ഗേറിയ, ഹംഗറി, യുനൈറ്റഡ് കിങ്ങ്ഡം, ടര്‍ക്കി, അല്‍ബേനിയ, സൈപ്രസ്, സെര്‍ബിയ ആന്‍ഡ്‌ മോണ്ടെനെഗ്രോ, സ്വീഡന്‍, ജര്‍മനി എന്നിവിടങ്ങളില്‍നിന്ന് 12 പോയിന്‍റുകളുടെ 10 സെറ്റുകളുമായി ഈ ഗാനം 230 പോയിന്‍റുകള്‍ നേടുകയും വിവിധ രാജ്യങ്ങളില്‍, വിശേഷിച്ച് ഗ്രീസില്‍, ഒരു തകർപ്പൻ വിജയമായിത്തീരുകയും ചെയ്തു."
"He is best known for directing the critically acclaimed films Gharaonda (1977), starring Amol Palekar and Zarina Wahab, and Dooriyaan (1979), starring Sharmila Tagore and Uttam Kumar.","അമോല്‍ പലേക്കറും സറീന വഹാബും അഭിനയിച്ച ഘരൌന്ദാ (1977), ഷര്‍മിളാ ടാഗോറും ഉത്തം കുമാറും അഭിനയിച്ച ദൂരിയാന്‍ (1979) എന്നീ നിരൂപകപ്രശംസ നേടിയ ചിത്രങ്ങള്‍ സംവിധാനം ചെയ്തതിനാണ് അദ്ദേഹം പ്രശസ്തനായത്."
"In 1951, ""The Lady with a Lamp"" starred Anna Neagle.",1951ല്‍ 'ദ ലേഡി വിത്ത് എ ലാംപി'ല്‍ അന്നാ നീഗിള്‍ താരമായി.
"To make a full-length silent film, a temporary studio was made in the gardens of the family's estate, and they produced a full-length silent film titled The Last Kiss, released in 1931.","അവര്‍ ഒരു മുഴുനീളനിശ്ശബ്ദചിത്രം നിര്‍മ്മിക്കാനായി കുടുംബത്തിന്‍റെ എസ്റ്റേറ്റിലെ പൂന്തോട്ടത്തില്‍ ഒരു താല്‍ക്കാലിക സ്റ്റുഡിയോ നിര്‍മ്മിക്കുകയും 'ദി ലാസ്റ്റ് കിസ്' എന്ന് പേരായ, 1931ല്‍ പുറത്തിറങ്ങിയ ഒരു മുഴുനീളനിശ്ശബ്ദചിത്രം നിര്‍മ്മിക്കുകയും ചെയ്തു."
"It was adapted by Terrence McNally from his own off-Broadway play Frankie and Johnny in the Clair de Lune (1987), which featured Kenneth Welsh and Kathy Bates.","ടെറെന്‍സ് മക് നെല്ലി, തന്‍റെ തന്നെ ബ്രോഡ്വേയ്ക്കു പുറത്തുള്ള നാടകമായ ഫ്രാങ്കി ആന്‍ഡ്‌ ജോണി യെ മാറ്റംവരുത്തിയെടുത്ത ക്ലെയര്‍ ഡി ലൂണി (1987)ല്‍, കെന്നെത്ത് വെല്‍ഷ്, കേത്തി ബേറ്റ്സ് എന്നിവര്‍ അഭിനയിച്ചു."
"In 2011, Kashyap directed That Girl in Yellow Boots, a thriller starring Kalki Koechlin who also co-wrote the film with him.",തന്നോടൊപ്പം ചേർന്ന് കഥയെഴുതിയ കൽക്കി കോക്ളിനെ നായികയാക്കി 'ദാറ്റ് ഗേള്‍ ഇന്‍ യെല്ലോ ബൂട്സ്' എന്ന സ്തോഭജനകമായ ചിത്രം 2011 ൽ കാശ്യപ് സംവിധാനം ചെയ്തു.
She had to learn Greek for the film and also dubbed herself.,ആ ചിത്രത്തിനായി അവര്‍ക്ക് ഗ്രീക്ക് പഠിക്കേണ്ടിവരികയും അവര്‍ സ്വയം ശബ്ദം നൽകുകയും ചെയ്തു.
"The film premiered at the 2016 Sydney Film Festival and the 2016 Cannes Film Festival, in the Director's Fortnight section to a positive response.",2016ലെ സിഡ്നി ഫിലിം ഫെസ്റ്റിവലിലും 2016ലെ കാന്‍ ഫിലിം ഫെസ്റ്റിവലിലെ ഡയറക്റ്റേഴ്സ് ഫോര്‍ട്ട്‌നൈറ്റ്‌ വിഭാഗത്തിലും അനുകൂല പ്രതികരണങ്ങളുമായി ആ ചിത്രം ആദ്യപ്രദർശനം നടത്തി.
"In addition, 3 Idiots won the Grand Prize at the 4th Videoyasan Awards, held by a Japanese organisation of home video retailers in 2014; 3 Idiots was selected as 2013's best video release, beating thousands of films, anime, and television shows, including domestic and foreign Hollywood productions.","ഇത് കൂടാതെ, 2014ല്‍ ഹോം വീഡിയോ റിറ്റെയ്ലേർസിന്‍റെ ഒരു ജാപ്പനീസ് സംഘടന നടത്തിയ നാലാമത് വീഡിയോയസന്‍ പുരസ്കാരത്തില്‍ 3 ഇഡിയറ്റ്സ് ഗ്രാന്‍ഡ്‌ പ്രൈസ് നേടുകയും, തദ്ദേശീയവും വൈദേശികവുമായ ഹോളിവുഡ് ചിത്രങ്ങള്‍ ഉള്‍പ്പെടെയുള്ള ആയിരക്കണക്കിനു ചലച്ചിത്രങ്ങളേയും, ആനിമേഷനുകളേയും ടെലിവിഷന്‍ ഷോകളേയും തോല്‍പ്പിച്ച് 3 ഇഡിയറ്റ്സ് 2013ലെ മികച്ച വീഡിയോ പ്രകാശനമാവുകയും ചെയ്തു."
"Although it is inferred as a Filmfare Award, he said in an interview that ""I did not write a Filmfare Award.""","അതൊരു ഫിലിം ഫെയര്‍ അവാര്‍ഡായി കരുതപ്പെടുന്നുണ്ടെങ്കിലും ""ഞാന്‍ ഒരു ഫിലിം ഫെയര്‍ അവാര്‍ഡ് എന്ന് എഴുതിയിട്ടില്ല"" എന്നാണ് ഒരു അഭിമുഖത്തില്‍ അദ്ദേഹം പറഞ്ഞത്."
"In the Jordan Peele film Us, Addy, a little girl in 1986, walks up to and into the Shaman's Vision Quest attraction, the entrance to which is topped by a Native American man with a headdress on and his right hand pointing at potential questers.","1986 ലെ 'അസ്' എന്ന ജോര്‍ദാന്‍ പീല്‍ ചിത്രത്തില്‍ ആഡി എന്ന കൊച്ചു പെണ്‍കുട്ടി, കവാടത്തിൽ തലപ്പാവണിഞ്ഞുനിൽക്കുന്നതും തൻ്റെ വലതുകൈ തേടിവരാൻ സാധ്യതയുള്ളവരുടെ നേരെ ചൂണ്ടിയതുമായ ഒരമേരിക്കന്‍ ഗോത്രവംശക്കാരൻ കാവല്‍ നില്‍ക്കുന്ന ഷമൻസ്‌ വിഷന്‍ ക്വെസ്റ്റ് അട്രാക്ഷനിലേക്ക് നടന്നടുക്കുകയും അകത്ത് കടക്കുകയും ചെയ്യുന്നു."
"Modern film releases are dubbed into many languages, forming a pan-Indian film movement.",ആധുനികചിത്രങ്ങളുടെ പ്രകാശനച്ചടങ്ങുകൾ ഒരു പാന്‍ ഇന്ത്യന്‍ ചലച്ചിത്രപ്രസ്ഥാനം തീര്‍ത്തുകൊണ്ട് പല ഭാഷകളിലേക്കും മൊഴിമാറ്റം ചെയ്യപ്പെടുന്നു.
"Aamir Khan, who had never before made a remake film in his career, was initially hesitant to do the film but was convinced by Suriya, the original star of the Tamil Ghajini, who told him he was ""the only one who could do justice to the character.""","തന്‍റെ ചലച്ചിത്രജീവിതത്തിൽ ഒരിക്കലും ഒരു പുനർനിർമ്മിതി ചെയ്തിട്ടില്ലാത്ത ആമിര്‍ ഖാന്‍ ആദ്യം മടിച്ചെങ്കിലും, ""കഥാപാത്രത്തോട് നീതി പുലര്‍ത്താന്‍ കഴിയുന്ന ഒരേയൊരാള്‍"" താങ്കളാണെന്ന് പറഞ്ഞ് തമിഴിലെ ഗജിനിയുടെ ആദ്യത്തെ താരമായ സൂര്യ അദ്ദേഹത്തെ ബോദ്ധ്യപ്പെടുത്തുകയായിരുന്നു."
"In 2000, he recorded Rescue with drummer Dennis Chambers (Carlos Santana, John McLaughlin, et al.), and in 2006, he released Chateau Benares with guests DJ Logic and Keller Williams (guitar and bass).","2000 ല്‍ ഡ്രമ്മര്‍ ഡെന്നിസ് ചേംബേഴ്സു(കാര്‍ലോസ് സന്താന, ജോണ്‍ മക് ലോഗ്ലിന്‍ തുടങ്ങിയവര്‍)മായി ചേർന്ന് അദ്ദേഹം റെസ്ക്യൂ റെക്കോര്‍ഡ് ചെയ്യുകയും 2006ല്‍ ഡി.ജെ.ലോജിക്കും കെല്ലര്‍ വില്യംസും (ഗിറ്റാറും ബാസും) അതിഥികളായി 'ഷാറ്റോ ബനാറസ്' പുറത്തിറക്കുകയും ചെയ്തു."
Many comedy and drama programmes from the Radio 4 archives are broadcast on BBC Radio 4 Extra.,"റേഡിയോ 4 ആര്‍ക്കൈവ്‌സില്‍ നിന്നുള്ള പല ഹാസ്യ , നാടക പരിപാടികളും ബി.ബി.സി. റേഡിയോ 4 എക്സ്ട്രായില്‍ പ്രക്ഷേപണം ചെയ്യപ്പെടുന്നു."
National Film Awards are also given to the best films in the regional languages of India.,ഇന്ത്യയിലെ പ്രാദേശിക ഭാഷകളിലുള്ള ഏറ്റം മികച്ച ചിത്രങ്ങള്‍ക്കും ദേശീയ ചലച്ചിത്ര പുരസ്കാരങ്ങള്‍ നല്‍കപ്പെടുന്നു.
"Neha's in-laws think Nikita has died, and Nikita realizes that a way out of her problems is to impersonate Neha.",നേഹയുടെ ഭര്‍തൃകുടുംബം നികിത മരിച്ചു എന്ന് കരുതുന്നതിനാല്‍ തന്‍റെ പ്രശ്നങ്ങളില്‍ നിന്ന് പുറത്തുകടക്കാന്‍ ഒരു വഴി നേഹയായി ആള്‍മാറാട്ടം നടത്തുകയാണ് എന്ന് നികിത തിരിച്ചറിയുന്നു.
"The lyrics for the two songs were penned by Sahithi, and the remaining songs were written by Ramajogayya Sastry, Chandrabose, Devi Sri Prasad, and Bhaskarabhatla.","ആ രണ്ടു ഗാനങ്ങള്‍ക്കുള്ള വരികള്‍ എഴുതിയത് സാഹിതിയും ബാക്കിയുള്ള ഗാനങ്ങൾ എഴുതിയത് രാമജോഗയ്യ ശാസ്ത്രി, ചന്ദ്രബോസ്, ദേവി ശ്രീ പ്രസാദ്, ഭാസ്കരഭട്ട്ലാ എന്നിവരും ആയിരുന്നു."
"Shubhra Gupta of The Indian Express gave the film 2.5 out of 5, complimenting the lead performers who ""play well together"" but are forced to ""boost a limp story.""",ഇന്ത്യന്‍ എക്സ്പ്രസ്സിലെ ശുഭ്ര ഗുപ്ത ചിത്രത്തിന് അഞ്ചില്‍ 2.5 നല്‍കുകയും 'ഒരു മുടന്തന്‍ കഥയ്ക്ക് ഊക്ക് നല്‍കാനായി' നിര്‍ബന്ധിക്കപ്പെട്ടെങ്കിലും 'നന്നായി ഒന്നിച്ചുപ്രവർത്തിച്ചതിന്' മുഖ്യനടീനടന്മാരെ അഭിനന്ദിക്കുകയും ചെയ്തു.
"Like the 51st edition, this edition was also held in a hybrid format that combined online and face-to-face participation.",51-ാം എഡിഷന്‍ പോലെ ഈ എഡിഷനും ഓണ്‍ലൈനും മുഖാമുഖപങ്കാളിത്തവും സംയോജിപ്പിച്ച സങ്കര രൂപത്തിലാണ് നടത്തിയത്.
"Soma Kerala Palace, Kochi, was shown in the movie as the KARMA Institute (school of Guruswamy).",കൊച്ചിയിലെ സോമ കേരള പാലസ് ചിത്രത്തില്‍ കര്‍മ ഇന്‍സ്റ്റിട്ട്യൂട്ട് (ഗുരുസ്വാമിയുടെ സ്കൂള്‍) ആയി കാണിച്ചു.
"The vocals were performed by: Nikhil D'Souza, Monali Thakur, Lucky Ali, Rahat Fateh Ali Khan, Shekhar Ravjiani, Caralisa Monteiro, Mohit Chauhan, Shruti Pathak, Vishal Dadlani, Shilpa Rao and Abhijit Vaghani.","നിഖില്‍ ഡിസൂസ, മോണാലി താക്കൂര്‍, ലക്കി അലി, രഹത് ഫത്തേ അലി ഖാന്‍, ശേഖര്‍ രവ്ജിയാനി, കരാലിസ മൊണ്ടീറോ, മോഹിത് ചൌഹാന്‍, ശ്രുതി പഥക്, വിശാല്‍ ദദ്ലാനി, ശില്പാ റാവു, അഭിജിത്ത് വഘാനി എന്നിവർ പാട്ടുകള്‍ക്ക് ശബ്ദം നൽകി."
Yasu then asks Valmiki to train Raj for five years to be as competent as Bantu and become the CEO.,ബന്തുവിനെപ്പോലെ കാര്യശേഷിയുള്ളവനാക്കി സി.ഇ.ഒ. ആക്കിത്തീർക്കാൻ രാജിനെ അഞ്ചുവര്‍ഷത്തേക്ക് പരിശീലിപ്പിക്കാന്‍ യാസു അപ്പോൾ വാല്മീകിയോട് ആവശ്യപ്പെടുന്നു.
"When they follow each other in their cars, Raj saves Meera from dying and tells them to never see him again.",അവര്‍ തങ്ങളുടെ കാറുകളില്‍ പരസ്പരം പിന്തുടരുമ്പോള്‍ രാജ് മീരയെ മരണത്തില്‍നിന്നു രക്ഷിക്കുകയും തന്നെ ഇനി ഒരിക്കലും കാണരുതെന്ന് അവരോടു പറയുകയും ചെയ്യുന്നു.
"Anupama Chopra from Hindustan Times gave 4.5 stars out of 5, terming it ""soaring, searing and visually sumptuous"", and wrote ""Bajirao Mastani plays out like an operatic, swooning, feverish love poem.""","1972 നും 1975 നുമിടയിൽ 25 പൈസയുടെയും 50 പൈസയുടെയും 1 രൂപയുടെയും നാണയങ്ങൾ നിക്കലിനുപകരം ക്യൂപ്രോ-നിക്കൽ കൊണ്ടാവുകയും, 1982ൽ ക്യൂപ്രോ-നിക്കലിൻ്റെ രണ്ടുരൂപാനാണയങ്ങൾ ഇറങ്ങുകയും ചെയ്തു."
About 44 million metric tonnes of cargo are moved annually through the country's major rivers and waterways.,"രാജ്യത്തെ പ്രധാന നദികള്‍, ജലമാര്‍ഗ്ഗങ്ങള്‍ എന്നിവയിലൂടെ ഏതാണ്ട് 44 ദശലക്ഷം മെട്രിക് ടണ്‍ ചരക്കാണ് പ്രതിവര്‍ഷം നീക്കുന്നത്."
"According to a 2010 report, only about 2.1% (or 1,350,000 ha) of Afghanistan is forested.","2010ലെ ഒരു റിപ്പോർട്ട് പ്രകാരം അഫ്‌ഗാനിസ്ഥാൻ്റെ ഏകദേശം 2.1 ശതമാനത്തിൽ (അഥവാ 1,35,000 ഹെക്ടറിൽ ) മാത്രമാണ് വനമുള്ളത്."
All continental crust is ultimately derived from mantle-derived melts (mainly basalt) through fractional differentiation of basaltic melt and the assimilation (remelting) of pre-existing continental crust.,"തൊട്ടടിയിലുള്ള അകംപാളി (പ്രധാനമായും ബാസാൾട്ട്) ഉരുകുന്നതിൽനിന്നും, ഉരുകിയ ബാസാൾട്ടിൻ്റെ ഫ്രാക്ഷണൽ ഡിഫറെൻഷിയേഷനിലൂടെയും, നേരത്തെ നിലനിന്നിരുന്ന പുറംപാളിയുടെ സ്വാംശീകരണത്തിലൂടെ (വീണ്ടും ഉരുക്കുന്നതിലൂടെ)യും വൻകരകളുടെയെല്ലാം പുറംപാളികൾ ആത്യന്തികമായി രൂപപ്പെടുന്നു."
"Although Japan is usually self-sufficient in rice (except for its use in making rice crackers and processed foods) and wheat, the country must import about 50% of its requirements of other grain and fodder crops and relies on imports for half of its supply of meat.",നെല്ലിലും (റൈസ് ക്രാക്കറുകളും സംസ്കരിച്ച ഭക്ഷ്യവസ്തുക്കളും ഉണ്ടാക്കുന്നതിലെ അതിൻ്റെ ഉപയോഗമൊഴികെ) ഗോതമ്പിലും ജപ്പാൻ പൊതുവെ സ്വയംപര്യാപ്തമാണെങ്കിലും മറ്റ് ധാന്യങ്ങളുടെയും കാലിത്തീറ്റവിളകളുടെയും ഏകദേശം 50 ശതമാനത്തോളം രാജ്യത്തിന് ഇറക്കുമതി ചെയ്യേണ്ടിവരികയും അവരുടെ മാംസാവശ്യത്തിൻ്റെ പകുതിക്കും ഇറക്കുമതികളെ ആശ്രയിക്കുകയും ചെയ്യുന്നു.
American geologist Grove Karl Gilbert first argued in 1885 that the barrier sediments came from longshore sources.,ലോങ്ങ്‌ ഷോര്‍ സ്രോതസ്സുകളില്‍നിന്നാണ് ബാരിയര്‍ സെഡിമെൻ്റുകള്‍ വന്നതെന്ന് അമേരിക്കന്‍ ഭൂഗർഭശാസ്ത്രജ്ഞനായ ഗ്രോവ് കാള്‍ ഗില്‍ബര്‍ട്ട് 1885 ല്‍ ആദ്യമായി വാദിച്ചു.
Asansol has hot and dry summers and mild winters.,അസന്‍സോളിന് ചൂടും വരൾച്ചയുമുള്ള വേനലും മിതമായ ശൈത്യകാലവുമാണുള്ളത്‌.
"Two small rivulets, Nunia and Gauri, flow past Asansol.","നുനിയ, ഗൗരി എന്നീ രണ്ട് ചെറുനദികൾ അസന്‍സോളിനെ കടന്നൊഴുകുന്നു."
"When the epicenter of a large earthquake is located offshore, the seabed may be displaced sufficiently to cause a tsunami.",കരയിൽനിന്നകലെ കടലിലാണ് വലിയൊരു ഭൂചലനത്തിൻ്റെ പ്രഭവകേന്ദ്രമെങ്കിൽ ഒരു സുനാമിക്ക് കാരണമാകുംവിധം കടലിൻ്റെ അടിത്തട്ടിന് സ്ഥാനഭ്രംശം സംഭവിച്ചേക്കാം.
"Snow and sleet are common during the winter in upper Dharamshala (including McLeodganj, Bhagsu Nag, and Naddi).","ധര്‍മശാലയുടെ (മക് ലിയോഡ് ഗന്ജ്, ഭാഗ്സു നാഗ്, നദ്ദി എന്നിവ ഉള്‍പ്പെടെയുള്ള) ഉയർന്ന പ്രദേശങ്ങളിൽ മഞ്ഞുവീഴ്ചയും ആലിപ്പഴം പൊഴിയലും ശൈത്യകാലത്ത് സാധാരണമാണ്."
"Citrus fruit is mainly grown in the central parts of Jamaica, particularly between the elevations of 1,000-2,500 feet.","ജമൈക്കയുടെ മദ്ധ്യഭാഗങ്ങളില്‍, വിശേഷിച്ചും 1,000 മുതല്‍ 2,500 അടിവരെയുള്ള ഉയരങ്ങളിലാണ്, നാരകവര്‍ഗ്ഗപ്പഴങ്ങള്‍ പ്രധാനമായും കൃഷി ചെയ്യുന്നത്."
"Dehradun city receives potable water from two primary sources: surface water and groundwater, to meet its supply needs.","രണ്ട് പ്രാഥമികസ്രോതസ്സുകളിൽനിന്നാണ് ഡെറാഡൂൺ നഗരത്തിന് അതിൻ്റെ കുടിവെള്ളം കിട്ടുന്നത് : ഉപരിതലജലം, ഭൂഗർഭ ജലം എന്നിവ വിതരണാവശ്യങ്ങൾ നിറവേറ്റുന്നു."
"Different kinds of fruits such as mango, sapota, orange, banana, papaya, pineapple, and root crops are grown on hilly land owned by farmers.","മാമ്പഴം, സപ്പോട്ട, ഓറഞ്ച്, വാഴപ്പഴം, പപ്പായ, കൈതച്ചക്ക, തുടങ്ങി വിധയിനം പഴവർഗ്ഗങ്ങളും കിഴങ്ങുവിളകളും കർഷകരുടെ ഉടമസ്ഥതയിലുള്ള കുന്നിൻപ്രദേശങ്ങളിൽ കൃഷിചെയ്യപ്പെടുന്നു."
Fresh fish are exported to France and dried and preserved fish to Spain and Italy.,പച്ചമത്സ്യം ഫ്രാന്‍സിലേക്കും ഉണക്കി സംസ്കരിച്ച മത്സ്യം സ്പെയിനിലേക്കും ഇറ്റലിയിലേക്കുമാണ് കയറ്റിയയക്കുന്നത്.
"Its reefs are generally of little breadth, with no signs of vilu except for its eastern fringes, which are covered with islands that are quite large by Maldivian standards.",മാലദ്വീപിൻ്റെ നിലവാരമനുസരിച്ച് ഏറെ വലിപ്പമുള്ള ദ്വീപുകളാൽ മൂടപ്പെട്ട അതിൻ്റെ കിഴക്കൻ അരികുകളൊഴിച്ച് വിലുവിൻ്റെ അടയാളങ്ങളൊന്നുമില്ലാത്ത അതിൻ്റെ പാറക്കൂട്ടങ്ങൾ പൊതുവെ വീതി കുറഞ്ഞവയാണ്.
"Cellulose fibre alternatives have similar characteristics but are not perfect substitutes for cotton textiles, with differences in properties like tensile strength and thermal regulation.","പകരം ഉപയോഗിക്കാവുന്ന സെല്ലുലോസ് ഫൈബറുകൾക്ക് സമാനമായ ഗുണവിശേഷങ്ങളുണ്ടെങ്കിലും വലിച്ചുനീട്ടലിനെ പ്രതിരോധിക്കുന്ന ശക്തി, ചൂടിനോട് പൊരുത്തപ്പെടാനുള്ള ശേഷി തുടങ്ങിയ ഗുണങ്ങളിലെ വ്യത്യാസങ്ങൾ കാരണം അവ പരുത്തിവസ്ത്രങ്ങൾക്ക് പകരമുപയോഗിക്കാൻ പൂർണമായും യോജിച്ചവയല്ല."
High water and pesticide use in cotton cultivation has prompted sustainability concerns and created a market for natural fiber alternatives.,പരുത്തിക്ക്യഷിയിലെ ഉയർന്ന അളവിലുള്ള വെള്ളത്തിൻ്റെയും കീടനാശിനിയുടെയും ഉപയോഗം സുസ്ഥിരതയുമായി ബന്ധപ്പെട്ട ആശങ്കകൾക്ക് കാരണമാവുകയും പ്രകൃതിദത്തനാരുകൾക്ക് പകരം ഉപയോഗിക്കാവുന്നയ്ക്ക് വിപണിയുണ്ടാക്കുകയും ചെയ്തിട്ടുണ്ട്.
"In warm, clear tropical waters, corals are more abundant than toward the poles, where the waters are cold.","ധ്രുവപ്രദേശങ്ങൾക്കടുത്തുള്ളതും വെള്ളത്തിന് തണുപ്പുള്ളതുമായ സമുദ്രങ്ങളിലേക്കാൾ, ഇളംചൂടുള്ളതും തെളിഞ്ഞതുമായ ഉഷ്ണമേഖലാസമുദ്രങ്ങളിലാണ് പവിഴപ്പുറ്റുകൾ ധാരാളമായുള്ളത്."
"India has 7,516 kilometres (4,670 mi) of marine coastline, 3,827 fishing villages, and 1,914 traditional fish landing centers.","ഇന്ത്യക്ക് 7,516 കിലോമീറ്റര്‍ (4,670 മൈല്‍) കടല്‍ത്തീരവും 3,827 മീന്‍പിടുത്തഗ്രാമങ്ങളും 1,914 പരമ്പരാഗത മീൻപിടുത്തതുറമുഖങ്ങളും ഉണ്ട്."
"Some cash crops suited for Manipur include Lychee, Cashew, Walnut, Orange, Lemon, Pineapple, Papaya, Passion Fruit, Peach, Pear, and Plum.","ലിച്ചി, കശുവണ്ടി, വാൽനട്ട്, ഓറഞ്ച്, ചെറുനാരങ്ങ, കൈതച്ചക്ക, പപ്പായ, പാഷൻ ഫ്രൂട്ട്, പീച്ച്, പിയർ, പ്ലം എന്നിവയാണ് മണിപ്പൂരിന് അനുയോജ്യമായ ചില നാണ്യവിളകൾ."
"The shift in exhibit arrangements is changing the scope of work for animal keepers as they become habitat keepers, with a necessary working knowledge of living environment care, including landscape maintenance, plant care, climate control, and expanded knowledge of animal husbandry for many more species across taxonomic classes.","ഭൂപ്രകൃതിപരിപാലനം, സസ്യപരിപാലനം, കാലാവസ്ഥാനിയന്ത്രണം, വ്യത്യസ്ത ജീവിവർഗ്ഗങ്ങളിലുള്ള കൂടുതൽ ഇനങ്ങളുടെ പരിപാലനവുമായി ബന്ധപ്പെട്ട വർദ്ധിതമായ അറിവ് എന്നിവയുൾപ്പെടെ ജീവത്തായ പരിസ്ഥിതിയുടെ പരിപാലനത്തിന് അത്യാവശ്യം വേണ്ട പ്രായോഗികവിജ്ഞാനമുള്ളവരായ ആവാസവ്യവസ്ഥയുടെ സൂക്ഷിപ്പുകാരായി അവർ മാറുന്നതോടെ, പ്രദർശന ക്രമീകരണങ്ങളിലെ മാറ്റം അവരുടെ ജോലിയുടെ വ്യാപ്തിയിൽ മാറ്റം വരുത്തുന്നു."
"Notable mammals that became or are presumed to have become extinct within the country itself include the Indian or Asiatic cheetah, Javan rhinoceros, and Sumatran rhinoceros.","ഈ രാജ്യത്ത് തന്നെ വംശനാശം സംഭവിച്ചതോ വംശനാശം സംഭവിച്ചതായി കരുതപ്പെടുന്നതോ ആയ ശ്രദ്ധേയമായ സസ്തനികളിൽ ഇന്ത്യൻ പുള്ളിപ്പുലി അല്ലെങ്കിൽ ഏഷ്യൻ പുള്ളിപ്പുലി, ജാവൻ കാണ്ടാമൃഗം, സുമാത്രൻ കാണ്ടാമൃഗം എന്നിവ ഉൾപ്പെടുന്നു."
"Goa's state animal is the Gaur, the state bird is the Flame-throated Bulbul, and the state tree is the Indian Laurel.",ഗോവയുടെ സംസ്ഥാനമൃഗം കാട്ടുപോത്തും സംസ്ഥാനപക്ഷി മണികണ്ഠനും സംസ്ഥാനവൃക്ഷം പുന്നമരവുമാകുന്നു.
"Rice is the main food crop, and pulses (legumes), ragi (finger millet), and other food crops are also grown.","പ്രധാനഭക്ഷ്യവിള നെല്ലായിരിക്കെ, പയർവർഗ്ഗങ്ങൾ (ലെഗ്യൂമുകൾ), റാഗി (ഫിംഗർ മില്ലറ്റ്) എന്നിവയും മറ്റ് ഭക്ഷ്യവിളകളും കൃഷിചെയ്യുന്നു."
"Summer is exceedingly hot; temperatures in low-lying areas may exceed 50° C (122° F) during May, leading to heat waves that can each kill hundreds of Indians.",വേനൽക്കാലം അത്യധികം ചൂടുള്ളതാണ്; നൂറുകണക്കിന് ഇന്ത്യക്കാരെ കൊല്ലാൻ കഴിയുന്ന ഉഷ്ണതരംഗങ്ങളിലെത്തിക്കുംവിധം താഴ്ന്ന പ്രദേശങ്ങളിലെ താപനില 50 ഡിഗ്രി സെൽഷ്യസിലും (122 ഡിഗ്രി ഫാരൻഹീറ്റ്‌) കൂടാം.
"Temperate deciduous forest biomes are plant communities distributed in North and South America, Asia, the southern slopes of the Himalayas, Europe, and for cultivation purposes in Oceania.","വടക്കൻ അമേരിക്ക, തെക്കേ അമേരിക്ക, ഏഷ്യ, ഹിമാലയത്തിൻ്റെ തെക്കൻ മലഞ്ചെരിവുകൾ, യൂറോപ്പ് എന്നിവിടങ്ങളിലും കാർഷിക ആവശ്യങ്ങൾക്കായി ഓഷ്യാനയിലുമുള്ള സസ്യസമൂഹങ്ങളാണ് മിതശീതോഷ്ണ കാലാവസ്ഥയും ഇലപൊഴിയുംമരങ്ങളുമുള്ള ജൈവമേഖലകൾ."
"These seasonally distinctive communities have diverse life forms that are greatly impacted by the seasonality of their climate, mainly temperature and precipitation rates.","അവയുടെ കാലാവസ്ഥയുടെ ഋതുക്രമം, പ്രധാനമായും താപനിലയും മഴയുടെ തോതും, കാര്യമായി ബാധിക്കുന്ന വൈവിധ്യമാർന്ന ജീവജാലങ്ങൾ കാലാവസ്ഥാപരമായി സവിശേഷതകളുള്ള ഈ സമൂഹങ്ങളിലുണ്ട്."
"Major seaports include Kandla Port, Mundra Port, Pipavav Port, Dahej Port, Hazira Port, Mumbai Port, Nhava Sheva Port (Navi Mumbai), Mormugo Port (Goa), New Mangalore Port, and Kochi Port in India; the Port of Karachi, Port Qasim, and the Gwadar Port in Pakistan; Chabahar Port in Iran; and the Port of Salalah in Salalah, Oman.","കാണ്ട്‌ല തുറമുഖം, മുന്ദ്ര തുറമുഖം, പിപാവാവ് തുറമുഖം, ദഹേജ് തുറമുഖം, ഹസീറ തുറമുഖം, മുംബൈ തുറമുഖം, നാവ ഷേവ തുറമുഖം (നാവി മുംബൈ), മോർമുഗോ തുറമുഖം (ഗോവ), ന്യൂ മാംഗളൂർ തുറമുഖം, കൊച്ചി തുറമുഖം എന്നിവ ഇന്ത്യയിലെയും ; കറാച്ചി തുറമുഖം, കാസിം തുറമുഖം, ഗ്വാദർ തുറമുഖം എന്നിവ പാക്കിസ്ഥാനിലെയും; ചാബഹാർ തുറമുഖം ഇറാനിലെയും; സലാലയിലെ സലാല തുറമുഖം ഒമാനിലെയും പ്രധാന തുറമുഖങ്ങളാണ് ."
"The Gondwana and Vindhyan include within their folds parts of Madhya Pradesh, Chhattisgarh, Odisha, Bihar, Jharkhand, West Bengal, Andhra Pradesh, Maharashtra, Jammu and Kashmir, Punjab, Himachal Pradesh, Rajasthan, and Uttarakhand.","മധ്യപ്രദേശ്, ഛത്തീസ്ഗഡ്, ഒഡീഷ, ബീഹാർ, ഝാർഖണ്ഡ്, പശ്ചിമ ബംഗാൾ, ആന്ധ്രപ്രദേശ്, മഹാരാഷ്ട്ര, ജമ്മു-കശ്മീർ, പഞ്ചാബ്, ഹിമാചൽ പ്രദേശ്, രാജസ്ഥാൻ, ഉത്തരാഖണ്ഡ് എന്നീ സംസ്ഥാനങ്ങളുടെ ഭാഗങ്ങൾ ഗോണ്ട്വാനയുടെയും വിന്ധ്യൻ്റെയും മടക്കുകളിൽ ഉൾപ്പെടുന്നു."
Tomography shows two layers in the craton roots beneath North America.,വടക്കേ അമേരിക്കയ്ക്കടിയിലുള്ള ക്രെയ്റ്റണിൻ്റെ അടിത്തട്ടുകളിൽ രണ്ട് പാളികൾ ഉള്ളതായി ടോമോഗ്രഫി കാണിക്കുന്നു.
The average precipitation per month varies between 54mm (2.1 inches) for February and April and 78mm (3.1 inches) for July.,"ഫെബ്രുവരി, ഏപ്രിൽ മാസങ്ങളിലെ 54 മില്ലിമീറ്ററിനും (2.1 ഇഞ്ച്), ജൂലൈയിലെ 78 മില്ലിമീറ്ററിനും (3.1 ഇഞ്ച്) ഇടയിലായി മാസത്തിലെ മഴയുടെ ശരാശരിത്തോത് വ്യത്യാസപ്പെടുന്നു."
"The scarcity of land and water, the underdeveloped farming practices, and the absence of support services in atolls have meant low production and, thus, low incomes in these regions.","ഈ പ്രദേശങ്ങളിലെ ഭൂമിയുടെയും ജലത്തിൻ്റെയും ക്ഷാമം, വേണ്ടത്ര വികസിക്കാത്ത കാർഷികരീതികൾ പവിഴദ്വീപുകളിലെ സഹായസേവനങ്ങളുടെ അഭാവം എന്നിവ കുറഞ്ഞ ഉല്പാദനത്തിനും അങ്ങനെ കുറഞ്ഞ വരുമാനത്തിനും കാരണമാകുന്നു."
"The important forest products are bamboo canes, Maratha barks, chillar barks, and the bhirand.","പ്രധാന വനവിഭവങ്ങള്‍ മുളവടികള്‍, മറാത്താ മരത്തൊലികള്‍, ചില്ലര്‍ മരത്തൊലികള്‍, ഭിരാന്ദ് എന്നിവയാണ്."
"Other important crops are rice, cotton, sugarcane, pearl millet, finger millet, sorghum, maize, barley, and fruits.","നെല്ല്, പരുത്തി, കരിമ്പ്, ബജ്റ, റാഗി, മണിച്ചോളം, ചോളം, ബാർലി , പഴങ്ങൾ എന്നിവയാണ് മറ്റ് പ്രധാന വിളകൾ."
37 species of reptiles and amphibians are also reported.,37 ജീവിവർഗ്ഗങ്ങളില്‍പ്പെട്ട ഇഴജന്തുക്കളും ഉഭയജീവികളും റിപ്പോര്‍ട്ട് ചെയ്യപ്പെട്ടിട്ടുണ്ട്.
"The De Lesseps Company, which ran the Suez Canal, first attempted to build a Panama Canal in the 1880s.",സൂയസ് കനാൽ കൈകാര്യം ചെയ്യുന്ന ഡി ലിസപ്സ് കമ്പനി 1880കളിൽ ആദ്യം ഒരു പനാമ കനാൽ നിർമിക്കാൻ ശ്രമിച്ചു.
"Three waterways cross the municipality: the Weespertrekvaart from west to south, the Amsterdam-Rhine Canal from north to east, and the river Diem from south to north.","പടിഞ്ഞാറ് നിന്ന് തെക്കോട്ട് വീസ്പെർട്രെക്വാർട്ട്, വടക്ക് നിന്ന് കിഴക്കോട്ട് ആംസ്റ്റർഡാം-റൈൻ കനാൽ, തെക്ക് നിന്ന് വടക്കോട്ട് ഡിയെം നദി എന്നിങ്ങനെ മൂന്ന് ജലപാതകൾ നഗരസഭയെ കുറുകെ കടക്കുന്നു."
Two types of agricultural management practices include organic agriculture and conventional agriculture.,ജൈവകൃഷിയും പരമ്പരാഗതകൃഷിയുമാണ് കൃഷിയുടെ രണ്ടുതരത്തിലുള്ള കൈകാര്യരീതികൾ.
"Chemical reactions of sulphate aerosols in the stratosphere can also damage the ozone layer, and acids such as hydrogen chloride (HCl) and hydrogen fluoride (HF) can fall to the ground as acid rain.",സ്ട്രാറ്റോസ്ഫിയറിലെ സൽഫേറ്റ് ഏറോസോളുകളുടെ രാസപ്രവർത്തനങ്ങൾ ഓസോൺ പാളിക്ക് കേടുവരുത്തുകയും ഹൈഡ്രജൻ ക്ലോറൈഡും (എച്ച് . സി. എൽ) ഹൈഡ്രജൻ ഫ്ലോറൈഡും (എച്ച് .എഫ്) പോലുള്ള അമ്ലങ്ങൾ അമ്ലമഴയായി താഴേക്ക് വീഴുകയും ചെയ്യാം.
"With the tropical monsoon climate, Assam is temperate (summer max. at 95° - 100° F or 35° - 38° C and winter min. at 43° - 46° F or 6° - 8° C) and experiences heavy rainfall and high humidity.","ആസ്സാമിലെ ഉഷ്ണമേഖലാകാലവര്‍ഷകാലാവസ്ഥ മിതമായതും (വേനല്‍ക്കാലത്ത് ഏറ്റവും കൂടുതല്‍ 95° - 100° ഫാരൻഹീറ്റ്, അഥവാ 35° - 38° സെല്‍ഷ്യസും ശൈത്യകാലത്ത് 43° - 46° ഫാരൻഹീറ്റ്, അഥവാ 6° - 8° സെല്‍ഷ്യസും) കനത്ത മഴയും ഉയര്‍ന്ന ഈര്‍പ്പവും ഉള്ളതുമാകുന്നു."
"The region's high rainfall, averaging around 10,000 millimetres (390 inches) and above, creates problems for the ecosystem including high seismic activity and floods.",ഭൂകമ്പസംബന്ധിയായ കൂടിയ പ്രവർത്തനങ്ങളും വെള്ളപ്പൊക്കവും അടങ്ങിയ ആവാസവ്യവസ്ഥയ്ക്ക് ഈ പ്രദേശത്തിൻ്റെ 10000 മില്ലീമീറ്ററി(390 ഇഞ്ച് )ൽ കൂടിയ ശരാശരിയുള്ള ഉയർന്ന വർഷപാതം പ്രശ്നങ്ങൾ സൃഷ്ടിക്കുന്നു.
"As of 2021, India has 28 states, each with its own government elected separately from the national government (also called the union or federal government), and 8 union territories, which are administered by the union government.","2021ലെ സ്ഥിതിയനുസരിച്ച് ഇന്ത്യയില്‍ 28 സംസ്ഥാനങ്ങളും അവയ്‌ക്കോരോന്നിനും ദേശീയസര്‍ക്കാരി (യൂണിയന്‍ അല്ലെങ്കില്‍ ഫെഡറല്‍ സര്‍ക്കാര്‍ എന്നും വിളിക്കുന്ന) ല്‍നിന്നു വ്യത്യസ്തമായി, തിരഞ്ഞെടുക്കപ്പെട്ട സ്വന്തം സര്‍ക്കാരുകളും, യൂണിയന്‍ ഗവണ്മെൻ്റ് ഭരിക്കുന്ന 8 കേന്ദ്രഭരണപ്രദേശങ്ങളും ഉണ്ട്."
"On this occasion, the Indiamen succeeded in bluffing their way to safety without any shots even being fired.",ഈയവസരത്തിൽ ഒരു വെടിപോലും വെക്കപ്പെടാതെ കബളിപ്പിച്ചുകൊണ്ട്‌ സുരക്ഷിതസ്ഥാനമെത്തുന്നതിൽ ഇന്ത്യാമെൻ വിജയിച്ചു.
"The IR is further subdivided into sixty-seven divisions, each with a divisional headquarters.",ഓരോന്നിനും ഡിവിഷനൽ ആസ്ഥാനങ്ങളുള്ള 67 ഡിവിഷനുകളായി ഐ. ആർ വീണ്ടും വിഭജിച്ചിരിക്കുന്നു.
"Fleeing before the advancing Red Army, large numbers of the inhabitants of the German provinces of East Prussia, Silesia, and Pomerania died during the evacuations, some from cold and starvation, some during combat operations.","മുന്നേറുന്ന ചെമ്പടയില്‍ നിന്ന് പലായനം ചെയ്യുന്ന, ജര്‍മ്മന്‍ പ്രവിശ്യകളായ കിഴക്കന്‍ പ്രഷ്യ, സിലേസിയ, പോമറേനിയ എന്നീ ജർമ്മൻപ്രവിശ്യകളിലെ നിവാസികള്‍ ഒഴിഞ്ഞുപോകലുകൾക്കിടയിൽ തണുപ്പും പട്ടിണിയും കാരണമായും ചിലർ യുദ്ധനടപടികൾക്കിടയിലും മരിച്ചുപോയി."
"Vote transfers from the victorious candidate to a candidate who has been eliminated are impossible, and reference must be made to the next marked preference if any.","വിജയിച്ച സ്ഥാനാര്‍ത്ഥിയില്‍ നിന്ന് പുറത്താക്കപ്പെട്ട ഒരു സ്ഥാനാര്‍ത്ഥിക്കുള്ള വോട്ടുകൈമാറ്റങ്ങൾ അസാധ്യമാണെന്ന് മാത്രമല്ല അടുത്ത പരിഗണന, അങ്ങനെയൊന്നുണ്ടെങ്കിൽ, ആര്‍ക്കുനൽകണമെന്ന സൂചന നൽകുകയും വേണം."
"The ICC consisted of three British and three Indians, led by T. Rangachari, a Madras lawyer.",ഒരു മദ്രാസിലെ ഒരു വക്കീലായ ടി. രംഗാചാരിയുടെ നേതൃത്വത്തിൽ മൂന്ന് ഇന്ത്യക്കാരും മൂന്ന് ബ്രിട്ടീഷുകാരും അടങ്ങിയതാണ് ഐ. സി. സി.
"In 2020, Finance Minister Nirmala Sitharaman introduced a bill to amend the Act.",2020ൽ ആ നിയമം ഭേദഗതി ചെയ്യാൻ ധനമന്ത്രി നിർമല സീതാരാമൻ ഒരു ബിൽ അവതരിപ്പിച്ചു.
"In December 2012, a tiger was shot by the Kerala Forest Department on a coffee plantation on the fringes of the Wayanad Wildlife Sanctuary.",2012 ഡിസംബറിൽ വയനാട് വന്യജീവി സങ്കേതത്തിൻ്റെ അതിരുകളിലുള്ള ഒരു കാപ്പിത്തോട്ടത്തിൽ വെച്ച് കേരളാവനംവകുപ്പ് ഒരു കടുവയെ വെടിവെച്ചു.
The Chief Wildlife Warden of Kerala ordered the hunt for the animal after mass protests erupted as the tiger had been carrying livestock.,കടുവ കന്നുകാലികളെ പിടിച്ചുകൊണ്ടുപോയിരുന്നതുകാരണം ജനകീയപ്രതിഷേധങ്ങൾ പൊട്ടിപ്പുറപ്പെട്ടതിനെത്തുടർന്ന് കേരളത്തിൻ്റെ ചീഫ് വൈൽഡ് ലൈഫ് വാർഡൻ ആ മൃഗത്തിനുവേണ്ടിയുള്ള വേട്ടയ്ക്കായി ഉത്തരവിട്ടു.
Shah insisted the bill was not anti-Muslim because it did not change their existing path to citizenship.,പൗരത്വത്തിലേക്കുള്ള അവരുടെ നിലവിലുള്ള വഴിയില്‍ മാറ്റം വരുത്തുന്നില്ല എന്നതിനാൽ ബിൽ മുസ്ലിം വിരുദ്ധമല്ല എന്ന് ഷാ ഉറപ്പിച്ച് പറഞ്ഞു.
"In January 1992, the Union government sanctioned the induction of women into non-combatant branches of the Army while holding short-service commissions.",ഹ്രസ്വകാലകമ്മീഷനുകളോടെ സൈന്യത്തിൻ്റെ യുദ്ധം ചെയ്യേണ്ടതില്ലാത്ത ശാഖകളിൽ സ്ത്രീകളെ പ്രവേശിപ്പിക്കുന്നതിന് 1992 ജനുവരിയിൽ കേന്ദ്ര സർക്കാർ അനുമതി നൽകി.
"In January 2012, Obama issued a Call to Action to Invest in America at the White House ""Insourcing American Jobs"" Forum.","2012 ജനുവരിയിൽ വൈറ്റ് ഹൗസിൽ നടന്ന ""ഇൻസോഴ്സിങ് അമേരിക്കൻ ജോബ്സ്"" ഫോറത്തിൽ അമേരിക്കയിൽ നിക്ഷേപം നടത്താൻ ഒബാമ ഒരു കോൾ ടു ആക്ഷൻ പുറപ്പെടുവിച്ചു."
Here 35 British soldiers of Her Majesty's 24th Regiment of Foot (South Wales Borderers) were killed by mutineers on 7 July 1857.,1857 ജൂലൈ 7ന് ഇവിടെവച്ച് രാജ്ഞിയുടെ 24ആം റെജിമെൻ്റ് ഓഫ് ഫുട്ടി (സൗത്ത് വെയ്ല്‍സ് ബോർഡെറേഴ്സ്) ലെ 35 ബ്രിട്ടീഷ് പട്ടാളക്കാരെ കലാപകാരികൾ കൊലപ്പെടുത്തി.
The Government of Andhra Pradesh honoured Kumar with the NTR National Award in 1997.,1997ൽ എൻ. ടി. ആർ ദേശീയ പുരസ്കാരം നൽകി ആന്ധ്രപ്രദേശ് സർക്കാർ കുമാറിനെ ആദരിച്ചു.
The government owns 90% of all mines and related industries and is seeking foreign investment.,മൊത്തം ഖനികളുടെയും ബന്ധപ്പെട്ട വ്യവസായങ്ങളുടെയും 90 ശതമാനത്തിൻ്റെയും ഉടമസ്ഥരായ സർക്കാർ വിദേശനിക്ഷേപം തേടുന്നു.
"Like the NASA-funded Jet Propulsion Laboratory (JPL), managed by the California Institute of Technology (Caltech), ISRO and the Indian Institute of Space Science and Technology (IIST) implemented a joint working framework in 2021 in which an empowered overseeing committee (EOC) under the Capacity Building Programme Office (CBPO) of ISRO located in Bengaluru will approve all short, medium, and long-term space research projects of common interest.","എല്ലാ പൊതുതാല്പര്യമുള്ള ഹ്രസ്വ, മദ്ധ്യകാല, ദീര്‍ഘകാല, ബഹിരാകാശഗവേഷണപദ്ധതികളും ബെംഗലൂരു ആസ്ഥാനമായ ഐ.എസ്.ആര്‍.ഒ. യുടെ കേപ്പബിലിറ്റി ബില്‍ഡിംഗ് പ്രോഗ്രാം ഓഫീസി (സി.ബി.പി.ഒ.)ന്‍റെ കീഴിലുള്ള ഒരു എംപവേർഡ് ഓവർസീയിങ്ങ് കമ്മിറ്റി (ഇ.ഒ.സി.) അംഗീകരിക്കുന്ന വിധത്തില്‍, നാസ ധനസഹായം ചെയ്യുന്നതും കാലിഫോര്‍ണിയ ഇന്‍സ്റ്റിട്ട്യൂട്ട് ഓഫ് ടെക്നോളജി (കാല്‍ടെക്) മേൽനോട്ടം വഹിക്കുന്നതുമായ ജെറ്റ് പ്രൊപല്‍ഷന്‍ ലബോറട്ടറി (ജെ.പി.എല്‍.) യെപ്പോലെ, ഇസ്രോയും ഇന്ത്യന്‍ ഇന്‍സ്റ്റിട്ട്യൂട്ട് ഓഫ് സ്പെയ്സ് സയന്‍സ് ആന്‍ഡ്‌ ടെക്നോളജിയും (ഐ.ഐ.എസ്.ടി.) 2021ല്‍ ഒരു ജോയിന്‍റ് വര്‍ക്കിംഗ് ഫ്രെയിംവര്‍ക്ക് നടപ്പാക്കി."
Most Indian states had granted general consent to the CBI to investigate crimes within their territories.,മിക്ക ഇന്ത്യൻ സംസ്ഥാനങ്ങളും അവരുടെ ഭൂപ്രദേശങ്ങളിൽ കുറ്റാന്വേഷണം നടത്താൻ സി. ബി. ഐക്ക് പൊതുസമ്മതം നൽകിയിരുന്നു.
"Similarly, when liquidity is tight, RBI will buy government securities and thereby inject money supply into the economy.","അതുപോലെ, പണലഭ്യത കുറയുന്ന ഘട്ടത്തിൽ സർക്കാർ സെക്യൂരിറ്റികൾ ആർ. ബി. ഐ വാങ്ങുകയും അങ്ങനെ സമ്പദ്‌വ്യവസ്ഥയ്ക്കകത്തേക്ക് ധനവിതരണമേറ്റുകയും ചെയ്യുന്നു."
"Ratan Tirkey, a former BJP politician and activist, said that Murmu had not done enough to make sure that the self-governance rights granted to tribal communities were properly implemented.",ഗോത്രസമൂഹങ്ങള്‍ക്ക് അനുവദിക്കപ്പെട്ട സ്വയംഭരണാവകാശങ്ങള്‍ ഉചിതമായി നടപ്പാക്കുന്നുവെന്ന് ഉറപ്പാക്കാന്‍ മുര്‍മു ആവശ്യമായത്ര കാര്യങ്ങള്‍ ചെയ്തിട്ടില്ല എന്ന് മുന്‍ ബി.ജെ.പി. രാഷ്ട്രീയക്കാരനും പ്രവർത്തകനുമായ രത്തന്‍ ടിര്‍ക്കി പറഞ്ഞു.
"In 2021, Bangladesh provided a US$200 million loan to Sri Lanka and a US$7.7 million donation to Sudan as economic assistance.",2021ൽ ബംഗ്ലാദേശ് ശ്രീലങ്കയ്ക്ക് 200 ദശലക്ഷം യു. എസ് ഡോളർ കടമായും സുഡാന് 7.7 ദശലക്ഷം യു. എസ് ഡോളർ സാമ്പത്തികസഹായമായും നൽകി.
Some navies operate ocean-going hospital ships to lend medical assistance in high-casualty situations like wars or natural disasters.,യുദ്ധമോ പ്രകൃതിദുരന്തങ്ങളോ പോലുള്ള പരിക്കുകളും മരണനിരക്കും കൂടുതലുണ്ടാകാവുന്ന സാഹചര്യങ്ങളിൽ വൈദ്യസഹായം നൽകാനായി ചില നാവികസേനകൾ കടലിൽപോകുന്ന ആശുപത്രിക്കപ്പലുകൾ പ്രവർത്തിപ്പിക്കുന്നുണ്ട്.
"Under the agreement, member states enter into successive rounds of negotiations to liberalise trade in services with the aim of submitting increasingly higher levels of commitment.",ക്രമേണ വര്‍ദ്ധിച്ചുവരുന്ന പ്രതിബദ്ധതയുടെ പ്രാപ്തി എന്ന ലക്ഷ്യത്തോടെ സേവനമേഖലയിലെ വ്യാപാരം ഉദാരവല്‍ക്കരിക്കാന്‍ അംഗരാജ്യങ്ങള്‍ ഈ ഉടമ്പടിയനുസരിച്ച് പലവട്ടം തുടരുന്ന കൂടിയാലോചനകള്‍ നടത്തുന്നു.
"It envisions an ""ASEAN Community that is people-centered and socially responsible with a view to achieving enduring solidarity and unity among the countries and peoples of ASEAN by forging a common identity and building a caring and sharing society that is inclusive and harmonious where the well-being, livelihood, and welfare of the peoples are enhanced.""","""ഒരു പൊതുസ്വത്വം പടുത്തെടുത്തും, ജനങ്ങളുടെ സുസ്ഥിതിയും ജീവനോപാധിയും ക്ഷേമവും വളര്‍ത്തുന്നതും കരുതലും പങ്കുവെക്കുന്ന മനസ്ഥിതിയുള്ളതുമായ ഒരു സമൂഹം സൃഷ്ടിച്ചുംകൊണ്ട്, ആസിയാനിലെ ജനങ്ങള്‍ക്കും രാജ്യങ്ങള്‍ക്കും ഇടയില്‍ നീണ്ടുനില്‍ക്കുന്ന ആദര്‍ശൈക്യവും ഐകമത്യവും നേടിയെടുക്കണം എന്ന ലക്ഷ്യത്തോടെ പ്രവര്‍ത്തിക്കുന്ന ജനകേന്ദ്രിതവും സാമൂഹികപ്രതിബദ്ധതയുള്ളതുമായ ആസിയാന്‍ സമൂഹ""മാണ് അത് വിഭാവനം ചെയ്യുന്നത്."
The Biotechnology Regulatory Authority of India (BRAI) is a proposed regulatory body in India for the use of biotechnology products including genetically modified organisms (GMOs).,ജനിതകമാറ്റം വരുത്തിയ ജീവികൾ (ജി.എം. ഒ കൾ) ഉൾപ്പെടെയുള്ള ജൈവസാങ്കേതികോല്പന്നങ്ങളുടെ ഉപയോഗവുമായി ബന്ധപ്പെട്ട ഒരു നിർദ്ദിഷ്ട നിയന്ത്രണസ്ഥാപനമാണ് ബയോടെക്നോളജി റെഗുലേറ്ററി അതോറിറ്റി ഓഫ് ഇന്ത്യ (ബി. ആർ. എ. ഐ).
"In the 1967 state assembly elections, all socialist parties were eliminated, and the CPI lost opposition party status.",1967ലെ സംസ്ഥാന നിയമസഭാ തെരഞ്ഞെടുപ്പിൽ എല്ലാ സോഷ്യലിസ്റ്റ് പാർട്ടികളും ഒഴിവാക്കപ്പെടുകയും സി. പി. ഐക്ക് പ്രതിപക്ഷപ്പാർട്ടി പദവി നഷ്ടമാവുകയും ചെയ്തു.
"This action has been called problematic in many ways, including causing centralisation of power, being anti-federal in nature, and having an effect on local-level development and MP influence at micro levels of the society to handle distress.","അധികാരകേന്ദ്രീകരണം, ഫെഡറല്‍ വിരുദ്ധസ്വഭാവം, പ്രാദേശികതലവികസനത്തിനുമേലുള്ള സ്വാധീനം, ദുരിതങ്ങൾ കൈകാര്യം ചെയ്യുന്നതില്‍ സമൂഹത്തിന്‍റെ സൂക്ഷ്മതലത്തില്‍ എം.പീ.മാരുടെ സ്വാധീനം തുടങ്ങി ഈ പ്രവൃത്തി പല വിധത്തില്‍ പ്രശ്നകലുഷമാണെന്ന് വിശേഷിപ്പിക്കപ്പെടുന്നു."
"His father, Adwait Prasad Singh, had won this seat in 2000 as a BJD candidate, in 1990 as a JD candidate, and in 1977 as a JNP candidate.",അദ്ദേഹത്തിൻ്റെ പിതാവായ അദ്വൈത് പ്രസാദ് സിംഗ് 2000ത്തിൽ ബി. ജെ. ഡി സ്ഥാനാർത്ഥിയായും 1990ൽ ജെ. ഡി സ്ഥാനാർത്ഥിയായും 1977ൽ ജെ. എൻ. പി സ്ഥാനാർത്ഥിയായും ഈ സീറ്റിൽനിന്ന് വിജയിച്ചിരുന്നു.
"The current MLA from Angul (Odisha Vidhan Sabha constituency) is Rajanikant Singh of the BJD, who was elected in the 2019 Odisha Legislative Assembly election and subsequently elected unopposed as the deputy speaker of the assembly.",2019ലെ ഒഡിഷ നിയമസഭാതെരഞ്ഞെടുപ്പിൽ തെരഞ്ഞെടുക്കപ്പെടുകയും തുടർന്ന് നിയമസഭാ ഡെപ്യൂട്ടി സ്പീക്കറായി എതിരില്ലാതെ തെരഞ്ഞെടുക്കപ്പെടുകയും ചെയ്ത ബി. ജെ. ഡിയിലെ രജനികാന്ത് സിംഗ്‌ ആണ് നിലവിൽ ആംഗുലി (ഒഡിഷ വിധാൻ സഭാ മണ്ഡലം) ൽനിന്നുള്ള എം. എൽ. എ.
"The reputed entities like NSDL e-Governance Infrastructure Limited (formerly National Securities Depository Limited) and UTI Infrastructure Technology Services Limited (UTIITSL) have been entrusted by Income Tax Department as managed service providers for the processing of applications, collecting, handling and verifying personal documents like proof of ID, age and address, clarification with the applicants, printing the card and the letter and then mailing it.","അപേക്ഷകള്‍ ക്രമീകരിക്കാനും ഐ.ഡി, പ്രായം , വിലാസം എന്നിവയുടെ തെളിവുപോലുള്ള വ്യക്തിഗതരേഖകള്‍ സമ്പാദിക്കാനും കൈകാര്യം ചെയ്യാനും പരിശോധിക്കാനും അപേക്ഷകരുമായി സംശയങ്ങള്‍ ദൂരീകരിക്കാനും കാര്‍ഡ്, കത്ത് എന്നിവ അച്ചടിക്കാനും മെയില്‍ ചെയ്യാനും, ആദായനികുതി വകുപ്പ് പ്രശസ്തസ്ഥാപനങ്ങളായ എന്‍.എസ്.ഡി.എല്‍. ഇ. ഗവേണന്‍സ് ഇന്‍ഫ്രാസ്ട്രക്ചര്‍ ലിമിറ്റഡ് ( മുന്‍പ് നാഷണല്‍ സെക്യൂരിറ്റി ഡിപ്പോസിറ്ററി ലിമിറ്റഡ്), യു.ടി.ഐ. ഇന്‍ഫ്രാസ്ട്രക്ചര്‍ ടെക്നോളജി സര്‍വീസസ് ലിമിറ്റഡ് (യു.ടി.ഐ.ഐ.ടി.എസ്.എല്‍.) എന്നിവ പോലെയുള്ളവരെ നിയന്ത്രിതസേവനദാതാക്കളായി ചുമതലപ്പെടുത്തിയിട്ടുണ്ട്."
"At the centre of the building is the circular Central Chamber, and surrounding this Chamber are three semicircular halls that were constructed for the sessions of the Chamber of Princes (now used as the Library Hall), the State Council (now used for the Rajya Sabha), and the Central Legislative Assembly (now used for the Lok Sabha).","കെട്ടിടത്തിന്‍റെ മധ്യഭാഗത്ത്‌ വൃത്താകൃതിയിലുള്ള സെന്‍ട്രല്‍ ചേംബറും, ഈ ചേംബറിനെ ചുറ്റി ചേംബര്‍ ഓഫ് പ്രിന്‍സസ് (ഇപ്പോള്‍ ലൈബ്രറി ഹാളായി ഉപയോഗിക്കുന്നത് ), സ്റ്റേറ്റ് കൗണ്‍സില്‍ (ഇപ്പോള്‍ രാജ്യസഭയ്ക്കായി ഉപയോഗിക്കുന്നത് ), കേന്ദ്ര നിയമനിര്‍മ്മാണ അസംബ്ലി (ഇപ്പോള്‍ ലോകസഭയ്ക്കായി ഉപയോഗിക്കുന്നത് ) എന്നിവയുടെ സമ്മേളനങ്ങൾക്കായി നിർമ്മിക്കപ്പെട്ട മൂന്ന് അര്‍ദ്ധവൃത്താകൃതിയിലുള്ള ഹാളുകളും ആണുള്ളത്."
"Revolutionaries such as Bagha Jatin, Khudiram Bose, Bhagat Singh, Chandrashekar Azad, Surya Sen, and Subhas Chandra Bose differed from Gandhi in their use of violence during their campaigns against British rule.","ബ്രിട്ടീഷ് ഭരണത്തിനെതിരെയുള്ള തങ്ങളുടെ രാഷ്ട്രീയപ്രവർത്തനത്തില്‍ ഹിംസ ഉപയോഗിക്കുന്ന കാര്യത്തില്‍ ബാഘാ ജതിന്‍, ഖുദിറാം ബോസ്, ഭഗത് സിംഗ്, ചന്ദ്രശേഖര്‍ ആസാദ്, സൂര്യ സെന്‍, സുഭാഷ്‌ചന്ദ്രബോസ് എന്നീ വിപ്ലവകാരികള്‍ ഗാന്ധിയോട് വിയോജിച്ചു."
There also exists a unicameral Cocos (Keeling) Islands Shire Council with seven seats.,ഏഴ് സീറ്റുകളുള്ള ഏകസഭമാത്രമുള്ള ഒരു കോകോസ് (കീലിംഗ്) ഐലൻഡ്സ് ഷയർ കൗൺസിലുമുണ്ട്.
"By 5 May, India had received 5,769,442 items in aid.","മെയ് 5 ആയപ്പോഴേക്കും ഇന്ത്യക്ക് 5,769,442 ഇനങ്ങൾ സഹായമായി ലഭിച്ചിരുന്നു."
"The Cabinet was misinformed in November 2005 that several service providers were interested in using satellite capacity, while the Devas deal was already signed.","ദേവാസ് കരാറിൽ നേരത്തെതന്നെ ഒപ്പിട്ടിരിക്കെ, പല സേവനദാതാക്കളും ഉപഗ്രഹശേഷി ഉപയോഗിക്കാൻ താല്പര്യപ്പെടുന്നതായ തെറ്റായ വിവരം 2005 നവംബറിൽ മന്ത്രിസഭയ്ക്ക് നൽകപ്പെട്ടു."
"In 2017, Russian President Vladimir Putin acknowledged the ""horrors of Stalinism,"" but he also criticised the ""excessive demonization of Stalin"" by ""Russia's enemies.""","2017ൽ റഷ്യൻ രാഷ്ട്രപതി വ്ലാദിമിർ പുടിൻ ""സ്റ്റാലിനിസത്തിൻ്റെ ഭീകരതകൾ"" അംഗീകരിച്ചുവെങ്കിലും ""റഷ്യയുടെ ശത്രുക്കൾ"" ""സ്റ്റാലിനെ അമിതമായി പൈശാചികവൽക്കരിക്കുന്നതിനെ"" വിമർശിക്കുകയും ചെയ്തു."
"The Confederacy purchased several warships from commercial shipbuilders in Britain (CSS Alabama, CSS Shenandoah, CSS Tennessee, CSS Tallahassee, CSS Florida, and some others).","ബ്രിട്ടനിലെ വാണിജ്യ കപ്പൽ നിർമാതാക്കളിൽനിന്ന് ആ കോൺഫെഡറസി നിരവധി യുദ്ധക്കപ്പലുകൾ (സി‌.എസ്‌.എസ് അലബാമ, സി‌.എസ്‌.എസ് ഷെനാൻ‌ഡോ, സി‌.എസ്‌.എസ് ടെന്നസി, സി‌.എസ്‌.എസ് ടല്ലഹാസ്സീ, സി‌.എസ്‌.എസ് ഫ്ലോറിഡ എന്നിവയും മറ്റു ചിലതും) വാങ്ങി."
"Under the new approach, communities are being consulted and trained, and users agree up front to pay a tariff that is set at a level sufficiently high to cover operation and maintenance costs.","ഈ നവസമീപനത്തിന്‍കീഴില്‍ സമുദായങ്ങളുമായി ചര്‍ച്ച നടത്തുകയും അവരെ പരിശീലിപ്പിക്കുകയും മാത്രമല്ല, നടത്തിപ്പും സംരക്ഷണവും കൈകാര്യം ചെയ്യാന്‍മാത്രം പോന്ന ഉയര്‍ന്ന നിരക്കിലുള്ള ഒരു തീരുവ കൊടുക്കാന്‍ ഉപഭോക്താക്കള്‍ നേരായ വഴിയിൽ സമ്മതിക്കുകയും ചെയ്യുന്നു."
"Vere Bird was prime minister from 1981 to 1994 and chief minister of Antigua from 1960 to 1981, except for the 1971-1976 period when the Progressive Labour Movement (PLM) defeated his party.","വിയര്‍ ബേഡ് 1981 മുതല്‍ 1994 വരെ പ്രധാനമന്ത്രിയും, 1971-1976 കാലഘട്ടത്തില്‍ പ്രോഗ്രസ്സിവ് ലേബർ മൂവ്മെൻ്റ് (പി.എല്‍.എം) തന്‍റെ പാര്‍ട്ടിയെ പരാജയപ്പെടുത്തിയപ്പോളൊഴികെ, 1960 മുതല്‍ 1981 വരെ ആന്‍റിഗ്വയുടെ മുഖ്യമന്ത്രിയും ആയിരുന്നു."
"But the new government failed to establish its legitimacy, and as much of its financial support dissipated, local and middle-range commanders and their militias not only fought among themselves but also resorted to a host of unacceptable practises in their protracted scrambles for power and profit.","എന്നാല്‍ പുതിയ സര്‍ക്കാര്‍ അതിന്‍റെ നിയമസാധുത സ്ഥാപിച്ചെടുക്കുന്നതിൽ പരാജയപ്പെടുകയും,അതിന്‍റെ സാമ്പത്തികപിന്തുണയിലേറെയും ഇല്ലാതായതോടെ തദ്ദേശീയരും മധ്യനിരയിലുള്ളതുമായ സൈനികത്തലവന്മാരും അവരുടെ നാടൻസേനകളും തമ്മില്‍ത്തമ്മില്‍ പോരടിക്കുക മാത്രമല്ല അധികാരത്തിനും ലാഭത്തിനുമായി നടത്തിയ നീണ്ട പിടിവലികളില്‍ അസ്വീകാര്യമായ ഒരു കൂട്ടം നടപടികളില്‍ ഏര്‍പ്പെടുകയും ചെയ്തു."
"All State Administrative Services officers in India are state civil servants posted as Assistant Collectors or Subdistrict Magistrate in various subdistricts of India, Ward Officer in various municipal corporations, Notified Area Councils, Municipal Councils, District Parishads, Block Parishads, and Village Panchayats, and Under Secretary in various state secretariats.","ഇന്ത്യയിലെ എല്ലാ സംസ്ഥാന അഡ്മിനിസ്‌ട്രേറ്റീവ് സർവീസ് ഉദ്യോഗസ്ഥരും അസിസ്റ്റൻ്റ് കളക്ടർമാരോ, ഇന്ത്യയിലെ വിവിധ ഉപജില്ലകളിലെ സബ് ഡിസ്ട്രിക്ട് മജിസ്ട്രേറ്റുമാരോ, വിവിധ മുനിസിപ്പൽ കോർപ്പറേഷനുകളിലെയും നോട്ടിഫൈഡ് ഏരിയ കൗൺസിലുകളിലെയും മുനിസിപ്പൽ കൗൺസിലുകളിലെയും ജില്ലാ പരിഷത്തുകളിലെയും ബ്ലോക്ക് പരിഷത്തുകളിലെയും ഗ്രാമ പഞ്ചായത്തുകളിലെയും വാർഡ് ഓഫീസർമാരോ, വിവിധ സംസ്ഥാന സെക്രട്ടേറിയറ്റുകളിൽ അണ്ടർ സെക്രട്ടറിമാരോ ആയി നിയമിക്കപ്പെടുന്ന സംസ്ഥാന സിവിൽ സർവീസ് ഉദ്യോഗസ്ഥരാണ്."
"A 2018 review showed that a Mediterranean-like diet may improve overall health status, such as reduced risk of non-communicable diseases.",പകരാത്ത രോഗങ്ങളുടെ കുറഞ്ഞ അപകടസാദ്ധ്യതപോലെ ആരോഗ്യനില മൊത്തത്തില്‍ മെച്ചപ്പെടുത്താന്‍ മെഡിറ്ററെനിയൻ ഭക്ഷണക്രമംപോലുള്ള ഒന്ന് സഹായിക്കുമെന്ന് 2018ലെ ഒരു അവലോകനം കാണിച്ചു.
A blood test is generally performed for cardiac troponins twelve hours after the onset of the pain.,കാര്‍ഡിയാക് ട്രോപ്പോണിന്‍സിനായി വേദന വന്ന് പന്ത്രണ്ട് മണിക്കൂര്‍ കഴിഞ്ഞ് ഒരു രക്തപരിശോധന സാധാരണ നടത്താറുണ്ട്.
"It can refer to any process that originates within an organism (i.e., endogenous) and responds to the environment (entrained by the environment).",ഒരു അണുജീവിക്കുള്ളില്‍ (ഉദാ:എന്‍ഡോജെനസ്) ഉടലെടുക്കുന്നതും പരിസ്ഥിതിയോട് പ്രതികരിക്കുന്നതും (പരിസ്ഥിതിയാൽ പാകപ്പെടുന്നതും) ആയ ഏതു പ്രക്രിയയേയും അതിന് സൂചിപ്പിക്കാൻ കഴിയും.
"According to David E. Nichols, ""Discussions over the years with many colleagues working in the pharmaceutical industry have informed me that if upon screening a potential new drug is found to have serotonin 5-HT2A agonist activity, it nearly always signals the end to any further development of that molecule.""","""ഔഷധനിർമ്മാണവ്യവസായത്തിൽ പ്രവർത്തിക്കുന്ന അനേകം സഹപ്രവർത്തകരുമായുള്ള കുറെ വർഷങ്ങളായി നടക്കുന്ന ചർച്ചകൾ, ഒരു പുതിയ മരുന്നിനെ പരിശോധിക്കുമ്പോൾ അതിൽ സെറെൻടോണിൻ 5 - എച്ച് ടി 2 എ യുടെ വിരുദ്ധപ്രവർത്തനം കണ്ടെത്തുകയാണെങ്കിൽ അത് ഏതാണ്ട് മിക്കപ്പോഴും ആ തന്മാത്രയുടെ ഏതെങ്കിലും തരത്തിലുള്ള പുനർവികാസത്തിൻ്റെ അന്ത്യം കുറിക്കുന്നു"" എന്നാണ് ഡേവിഡ് ഇ. നിക്കോൾസിൻ്റെ അഭിപ്രായം."
"Blood testing for specific IgE can be useful to confirm milk, egg, peanut, tree nut, and fish allergies.","പാല്‍, മുട്ട, നിലക്കടല, വൃക്ഷക്കായകൾ, മീന്‍ മുതലായവയോടുള്ള അലര്‍ജി ഉറപ്പിക്കുവാൻ, പ്രത്യേക ഐ.ജി.ഇ.കള്‍ക്കായുള്ള രക്തപരിശോധന പ്രയോജനപ്രദമായേക്കും."
"A 2003 Battelle Environmental Evaluation System (BEES) evaluation of Bangalore's physical, biological and socioeconomic parameters indicated that Bangalore's water quality and terrestrial and aquatic ecosystems were close to ideal, while the city's socioeconomic parameters (traffic, quality of life) air quality and noise pollution were poor.","ബാംഗ്ലൂരിൻ്റെ ജലഗുണനിലവാരവും ഭൗമ, ജല ആവാസവ്യവസ്ഥകളും ഉത്തമനിലവാരത്തോടടുത്തിരിക്കെ, നഗരത്തിൻ്റെ സാമൂഹികസാമ്പത്തികഘടകങ്ങളും (വാഹനത്തിരക്ക്, ജീവിത ഗുണനിലവാരം) വായുമലിനീകരണവും ശബ്ദമലിനീകരണവും മോശമാണെന്നാണ് ബാംഗ്ലൂരിൻ്റെ ഭൗതികവും ജീവശാസ്ത്രപരവും സാമൂഹിക സാമ്പത്തികവുമായ ഘടകങ്ങളുടെ ബെറ്റൽ എൻവിറോൺമെൻ്റൽ ഇവാല്വേഷൻ സിസ്റ്റ(ബി. ഇ. ഇ. എസ്)ത്തിൻ്റെ 2003ലെ ഒരു വിലയിരുത്തൽ സൂചിപ്പിച്ചത്."
"Because the pudendal nerve carries motor and sensory fibers that innervate the pelvic muscles, a pudendal nerve block relieves birth pain.","പ്യൂഡെന്‍ടല്‍ നാഡി അരക്കെട്ടിലെ പേശികള്‍ക്ക് നാഡീബലം നല്‍കുന്ന മോട്ടോര്‍, സെന്‍സറി ഫൈബറുകൾ അടങ്ങിയതിനാല്‍ പ്യൂഡെന്‍ടല്‍ നാഡിയിലെ തടസ്സം പ്രസവവേദന കുറയ്ക്കുന്നു."
"It is absorbed in the skin epidermis, where it stimulates nerve endings sensitive to heat and cold, producing a warm sensation when vigorously applied or a cool sensation when applied gently, indicating its properties as a counterirritant.","അത് ത്വക്കിന്‍റെ ഉപരിതലപാളിയില്‍ വലിച്ചെടുക്കപ്പെടുകയും, അവിടെയുള്ള തണുപ്പിനോടും ചൂടിനോടും പ്രതികരിക്കുന്ന നാഡികളുടെ അറ്റങ്ങളെ ഉത്തേജിതമാക്കി, ഒരു കൗണ്ടര്‍ ഇറിട്ടൻ്റ് എന്ന നിലയിലുള്ള അതിന്‍റെ സ്വഭാവം സൂചിപ്പിക്കുംമട്ടില്‍, തിരുമ്മിപ്പിടിപ്പിച്ചാൽ ചൂടിൻ്റെ അനുഭവവും മൃദുവായി പുരട്ടിയാല്‍ തണുപ്പിൻ്റെ അനുഭവവും ഉണ്ടാക്കുകയും ചെയ്യും."
Cholera reached the southern tips of the Ural Mountains in 1829.,1829ല്‍ യൂരല്‍ മലനിരകളുടെ തെക്കന്‍ തുമ്പുകളിൽ കോളറ എത്തി.
"Collagen as haemostat: When collagen interacts with platelets, it causes rapid coagulation of blood.",ഹീമോസ്റ്റാറ്റ് എന്ന നിലയില്‍ കോളജെന്‍: പ്ലേറ്റ് ലെറ്റുകളുമായി കോളജെന്‍ പ്രതിപ്രവര്‍ത്തിക്കുമ്പോള്‍ അത് രക്തം പെട്ടെന്ന് കട്ടപിടിക്കാന്‍ ഇടയാക്കുന്നു.
"All currently used anthrax vaccines show considerable local and general reactogenicity (erythema, induration, soreness, and fever), and serious adverse reactions occur in about 1% of recipients.","ഇപ്പോള്‍ ഉപയോഗത്തിലുള്ള എല്ലാ ആന്ത്രാക്സ് പ്രതിരോധ കുത്തിവയ്പ്പുകളും ഗണ്യമായ പ്രാദേശികവും പൊതുവായതുമായ വിപരീതപ്രതികരണങ്ങൾ, (എരിതീമ, തൊലി കട്ടിപിടിക്കല്‍, വേദന, പനി) പ്രകടിപ്പിക്കുമ്പോള്‍, 1% സ്വീകര്‍ത്താക്കളില്‍ ഗുരുതരമായ പ്രതികൂലപ്രതികരണങ്ങൾ ഉണ്ടാകുന്നു."
"Depending on the diagnosis, severity, and individual, as well as the job itself, personality disorders can be associated with difficulty coping with work or the workplace, potentially leading to problems with others by interfering with interpersonal relationships.","രോഗനിര്‍ണ്ണയം, തീവ്രത, ശരീരപ്രകൃതി എന്നിവയും ജോലിയെത്തന്നെയും അനുസരിച്ച് വ്യക്തിത്വവൈകല്യങ്ങള്‍, ജോലിയോടോ ജോലിസ്ഥലത്തോടോ പൊരുത്തപ്പെടാനുള്ള പ്രയാസത്തോട് ബന്ധിപ്പിക്കാവുന്നതും വ്യക്തിബന്ധങ്ങളിൽ ഇടപെട്ട് മറ്റുള്ളവരുമായി പ്രശ്നങ്ങൾ ഉണ്ടാക്കുന്നതിൻ്റെ സാധ്യതകളിലേക്ക് നയിക്കുന്നതുമാണ്."
Exhaled respiratory particles can build up within enclosed spaces with inadequate ventilation.,പര്യാപ്തമായ വായു സഞ്ചാരമില്ലാത്ത അടഞ്ഞ ഇടങ്ങളില്‍ നിശ്വസിച്ച ശ്വാസവായുകണങ്ങൾ കൂടിവന്നേക്കും.
A generic version of Tamiflu (Oseltamivir) was made available in the Indian market after several months of swine flu attacks.,നിരവധി മാസങ്ങളുടെ പന്നിപ്പനിബാധയ്ക്കുശേഷം റ്റാമിഫ്ലൂവിന്‍റെ (ഒസെല്‍റ്റാമിവിര്‍) ഒരു പൊതുവായ വകഭേദം ഇന്ത്യന്‍ വിപണിയില്‍ ലഭ്യമാക്കി.
A ratio of 80–85% beneficial bacteria to 15–20% potentially harmful bacteria is generally considered normal within the intestines and maintains homeostasis.,ഗുണപ്രദമായ ബാക്ടീരിയ 80–85% വും ദോഷസാധ്യതയുള്ള ബാക്ടീരിയ 15–20% വും എന്ന അനുപാതം കുടലുകള്‍ക്കുള്ളില്‍ സാധാരണമാണെന്നും ഹോമിയോസ്റ്റാസിസ് നിലനിര്‍ത്തുമെന്നും പൊതുവേ കരുതപ്പെടുന്നു.
"When the British finally usurped the area on 13 July 1829, it was almost deserted; efforts at that time to populate the place by inducting cultivators with an incentive of Rs 1260 to develop the lands also failed.",1829 ജൂലൈ 13ന് ബ്രിട്ടീഷുകാർ പ്രദേശം കൈക്കലാക്കിയ സമയത്ത് അവിടം മിക്കവാറും വിജനമായിരുന്നു; കൃഷിഭൂമി വികസിപ്പിക്കാൻ 1260 രൂപ നൽകി കർഷകരെ അധിവസിപ്പിച്ച് ജനവാസമേറ്റാനുള്ള അന്നത്തെ ശ്രമങ്ങളും പരാജയപ്പെട്ടു.
"Mental health professionals such as psychiatrists acquire their qualifications by completing an MD in Psychiatry, a Diploma in Psychiatric Medicine (DPM), or Diplomate of National Board (DNB) in Psychiatry; following an MBBS from a Medical Council of India center.","ഒരു ഇന്ത്യൻ മെഡിക്കൽ കൗൺസിൽ കേന്ദ്രത്തിൽ നിന്നുള്ള എം. ബി. ബി. എസിന് ശേഷം സൈക്യാട്രിയിൽ എം. ഡിയോ , സൈക്യാട്രിക്ക് മെഡിസിനിൽ ഡിപ്ലോമ (ഡി. പി. എം)യോ , സൈക്യാട്രിയിൽ നാഷണൽ ബോർഡിൻ്റെ ഡിപ്ലോമേറ്റോ (ഡി. എൻ. ബി) പൂർത്തിയാക്കിയാണ് സൈക്യാട്രിസ്റ്റുകളെപ്പോലുള്ള മാനസികാരോഗ്യവിദഗ്ദർ അവരുടെ യോഗ്യതകൾ കരസ്ഥമാക്കുന്നത്."
"In Canada, after 6.6 million doses of vaccine had been distributed between 21 October and 7 November, there were reports of mild adverse events in 598 people vaccinated including nausea, dizziness, headache, fever, vomiting, and swelling or soreness at the injection site.","ഒക്ടോബർ 21 നും നവംബർ 7 നും ഇടയില്‍ കാനഡയില്‍ 6.6 ദശലക്ഷം ഡോസ് പ്രതിരോധ കുത്തിവെയ്പ്പുകള്‍ നല്‍കിയതില്‍ 598 പേരില്‍ മനംപിരട്ടൽ , തലകറക്കം, തലവേദന, പനി, ഛർദി, കുത്തിവെച്ചേടത്ത് തടിപ്പോ വേദനയോ തുടങ്ങിയ മിതമായ വിപരീതസംഭവങ്ങള്‍ റിപ്പോര്‍ട്ട് ചെയ്യപ്പെട്ടു."
"Given that pathogens are attenuated, it is extremely rare for them to revert to their pathogenic form and subsequently cause disease.",രോഗാണുക്കള്‍ ശക്തി ക്ഷയിച്ചവയാണെങ്കിൽ അവ രോഗകാരണമാകുന്ന സ്ഥിതിയിലേക്ക് മടങ്ങാനും തുടര്‍ന്ന് രോഗമുണ്ടാക്കാനും ഉള്ള സാദ്ധ്യത അങ്ങേയറ്റം അപൂർവ്വമാണ്.
Live-attenuated vaccines are safe and stimulate a strong and effective immune response that is long-lasting.,"ജീവത്തായതും ശക്തി കുറച്ചതുമായ വാക്‌സിനുകള്‍ സുരക്ഷിതമാണെന്നുമാത്രമല്ല, അവ നീണ്ടുനില്‍ക്കുന്നതും, ശക്തവും ഫലപ്രദവുമായ, പ്രതിരോധപ്രതികരണങ്ങള്‍ സൃഷ്ടിക്കുകയും ചെയ്യും."
"One is undernutrition, which includes stunting (low height for age), wasting (low weight for height), underweight (low weight for age) and micronutrient deficiencies or insufficiencies (a lack of important vitamins and minerals).","വളർച്ചാമുരടിപ്പ് (പ്രായത്തിനൊത്ത ഉയരമില്ലായ്മ), മെലിച്ചിൽ (ഉയരത്തിനൊത്ത തൂക്കമില്ലായ്മ), തൂക്കക്കുറവ് (പ്രായത്തിനൊത്ത തൂക്കമില്ലായ്മ), സൂക്ഷ്മപോഷകങ്ങളുടെ കുറവോ അപര്യാപ്തതയോ (പ്രധാനപ്പെട്ട ജീവകങ്ങളുടെയും ധാതുക്കളുടെയും കുറവ്) എന്നിവയുൾക്കൊള്ളുന്ന പോഷകക്കുറവാണ് ഒന്ന്."
"However, those who have meditated for two or three years were found to already have low blood pressure.","എന്നിരുന്നാലും, രണ്ടോ മൂന്നോ വര്‍ഷം ധ്യാനം പരിശീലിച്ചവര്‍ക്ക് രക്തസമ്മര്‍ദ്ദം കുറഞ്ഞുകഴിഞ്ഞുവെന്ന് കണ്ടിട്ടുണ്ട്."
"NCDs include many environmental diseases covering a broad category of avoidable and unavoidable human health conditions caused by external factors, such as sunlight, nutrition, pollution, and lifestyle choices.","സൂര്യപ്രകാശം, പോഷണാഹാരവ്യവസ്ഥ, മലിനീകരണം, ജീവിതശൈലിയുടെ തെരഞ്ഞെടുപ്പുകൾ തുടങ്ങിയ ബാഹ്യഘടകങ്ങൾ കാരണമുണ്ടാകുന്ന, ഒഴിവാക്കാൻ കഴിയുന്നതും അല്ലാത്തതുമായ ആരോഗ്യപ്രശ്നങ്ങളുടെ ഒരു വിശാലവിഭാഗമടങ്ങുന്ന നിരവധി പരിസ്ഥിതിബന്ധിതമായ രോഗങ്ങൾ എൻ. സി. ഡികളിൽ ഉൾപ്പെടുന്നു."
Sulfites may cause reactions by both immunologic and non-immunologic mechanisms.,രോഗപ്രതിരോധസംബന്ധമായതും അല്ലാത്തതുമായ സംവിധാനങ്ങളിൽ സള്‍ഫൈറ്റുകള്‍ പ്രതികരണങ്ങൾ ഉണ്ടാക്കിയേക്കും.
"On April 2, 2020, Dagens Eko reported that COVID-19 had spread significantly in retirement homes in at least 90 municipalities.",കുറഞ്ഞത് 90 മുന്‍സിപ്പാലിറ്റികളിലെയെങ്കിലും വൃദ്ധസദനങ്ങളില്‍ കോവിഡ് 19 സാരമായ തോതിൽ വ്യപിച്ചിട്ടുണ്ടെന്ന് 2020 ഏപ്രില്‍ 2ന് ദാഗെന്‍സ് എക്കോ റിപ്പോര്‍ട്ട് ചെയ്തു.
"Once a virus genome becomes operational in a host cell, it then generates messenger RNA (mRNA) molecules that direct the synthesis of viral proteins.",ഒരു ആതിഥേയകോശത്തില്‍ ഒരു വൈറസ് ജീനോം പ്രവര്‍ത്തനക്ഷമമാകുമ്പോള്‍ അത് വൈറല്‍ പ്രോട്ടീനുകളുടെ ഉദ്ഗ്രഥനത്തെ നിയന്ത്രിക്കുന്ന സന്ദേശവാഹക ആര്‍.എന്‍.എ. (എം. ആര്‍.എന്‍.എ.) തന്മാത്രകളെ സൃഷ്ടിക്കുന്നു.
"For these reasons, virginity cannot be definitively determined by examining the hymen.",ഈ കാരണങ്ങളാല്‍ കന്യാചര്‍മം പരിശോധിക്കുന്നതുകൊണ്ടുമാത്രം കന്യകാത്വം നിഷ്കൃഷ്ടമായി നിശ്ചയിക്കാനാവില്ല.
They argue that the theory and diagnosis of personality disorders are based strictly on social or even sociopolitical and economic considerations.,"വ്യക്തിത്വവൈകല്യങ്ങള്‍ക്കുള്ള രോഗനിര്‍ണയവും തത്വവും, സാമൂഹികപരിഗണനകളെയും സാമൂഹിക രാഷ്ട്രീയവും, സാമ്പത്തികവുമായ പരിഗണനകളെയും പോലും കൃത്യമായും അടിസ്ഥാനപ്പെടുത്തിയവയാണെന്ന് അവർ വാദിക്കുന്നു."
Some studies have also shown a relationship between increasing body dissatisfaction and increasing SES.,വര്‍ദ്ധിച്ചുവരുന്ന ശാരീരികാതൃപ്തിയും വര്‍ദ്ധിച്ചുവരുന്ന എസ്.ഇ.എസ്സും തമ്മില്‍ ഒരു ബന്ധമുണ്ടെന്ന് ചില പഠനങ്ങള്‍ കാണിച്ചിട്ടുമുണ്ട്.
These vaccines either contained inactivated (killed) influenza virus or weakened live virus that could not cause influenza.,"ഈ വാക്‌സിനുകളില്‍ നിഷ്ക്രിയമായ (കൊല്ലപ്പെട്ട) ഇന്‍ഫ്ലുവന്‍സാ വൈറസോ, ഇന്‍ഫ്ലുവന്‍സ ഉണ്ടാക്കാന്‍ കഴിവില്ലാത്ത ശക്തികുറയ്ക്കപ്പെട്ട സജീവവൈറസോ അടങ്ങിയിട്ടുണ്ട്."
"In early April 2020, Director Dr. John Nkengasong condemned remarks by two French scientists, Professors Jean-Paul Mira and Camille Locht suggesting that a potential tuberculosis vaccine for the coronavirus be tested in Africa as ""disgusting and racist"".","ക്ഷയരോഗപ്രതിരോധസാധ്യതയുള്ള ഒരു വാക്‌സിൻ കൊറോണാ വൈറസിനായി ആഫ്രിക്കയില്‍ പരീക്ഷിച്ചുനോക്കുക എന്ന ഴാങ് പോള്‍ മിറ, കാമില്‍ ലോക്ത് എന്നീ ഫ്രഞ്ച് പ്രൊഫസര്‍മാരുടെ അഭിപ്രായങ്ങളെ ""വെറുപ്പുളവാക്കുന്നതും വംശീയവിരോധ""മുള്ളതുമാണെന്ന് 2020 ഏപ്രില്‍ തുടക്കത്തിൽ ഡയറക്ടര്‍ ഡോ. ജോണ്‍ കെംഗസോങ് അപലപിച്ചു."
"Besides its Executive Office and a Science and Programme Office, the agency also has several divisions dealing with ""policy, health diplomacy, and communication,"" ""management and administration,"" ""surveillance and disease intelligence,"" ""laboratory systems and networks,"" ""emergency preparedness and response,"" and "" public health institutes and research.""","എക്സിക്യൂട്ടീവ് ഓഫീസും സയൻസ് ആൻഡ് പ്രോഗ്രാം ഓഫീസും കൂടാതെ ""നയവും ആരോഗ്യനയതന്ത്രവും ആശയവിനിമയവും"", ""മാനേജ്മെൻ്റും ഭരണവും"", ""നിരീക്ഷണവും രോഗപര്യവേക്ഷണവും"", ""ലബോറട്ടറി സംവിധാനങ്ങളും നെറ്റ്‌വർക്കുകളും"", ""അടിയന്തര സാഹചര്യങ്ങളോടുള്ള തയ്യാറെടുപ്പും പ്രതികരണവും"", ""പൊതു ആരോഗ്യസ്ഥാപനങ്ങളും ഗവേഷണവും"" എന്നിവ കൈകാര്യം ചെയ്യുന്ന നിരവധി വിഭാഗങ്ങളും ഏജൻസിക്കുണ്ട്."
"The Africa CDC is based at the Africa CDC Coordinating Centre in Addis Ababa, Ethiopia, which also contains the agency's Emergency Operations Centre.",ഏജന്‍സിയുടെ അടിയന്തിര പ്രവര്‍ത്തന കേന്ദ്രവും ഉള്‍പ്പെടുന്ന എത്യോപ്പിയയിലെ ആഡിസ് അബാബയിലുള്ള ആഫ്രിക്ക സി.ഡി.സി. ഏകോപന കേന്ദ്രത്തിലാണ് ആഫ്രിക്ക സി.ഡി.സിയുടെ ആസ്ഥാനം.
The NCD Alliance brings together roughly 900 national member associations to fight non-communicable diseases.,പകരാത്ത രോഗങ്ങള്‍ക്കെതിരെ പൊരുതാന്‍ ഏതാണ്ട് 900 ദേശീയ അംഗ സംഘടനകളെ എന്‍.സി.ഡി.അലയന്‍സ് ഒരുമിച്ച് കൊണ്ടുവരുന്നു.
"The GI tract contains all the major organs of the digestive system in humans and other animals, including the esophagus, stomach, and intestines.","മനുഷ്യരുടെയും മറ്റു മൃഗങ്ങളുടെയും ജി.ഐ.ട്രാക്റ്റില്‍, ദഹനേന്ദ്രിയവ്യവസ്ഥയുടെ അന്നനാളം, ആമാശയം, കുടലുകള്‍ എന്നിവ ഉള്‍പ്പടെയുള്ള പ്രധാന അവയവങ്ങള്‍ അടങ്ങിയിരിക്കുന്നു."
"The gastrointestinal tract (GI tract, digestive tract, alimentary canal) is the tract or passageway of the digestive system that leads from the mouth to the anus.","ദഹനവ്യവസ്ഥയുടെ വായയിൽനിന്നും ഗുദത്തിലേക്കുള്ള ഒരു നാളമോ പാതയോ ആണ് (ജി ഐ നാളം, ദഹനനാളം, അന്നനാളം) ദഹനനാളം."
"For example, the low pH (ranging from 1 to 4) of the stomach is fatal for many microorganisms that enter it.",വയറിലെ കുറഞ്ഞ പി.എച്ച് . മൂല്യം (1 മുതല്‍ 4 വരെ) അതില്‍ പ്രവേശിക്കുന്ന പല സൂക്ഷ്മജീവികള്‍ക്കും മാരകമാണ്.
"Evidence-based psychotherapies for personality disorders include cognitive behavioural therapy and dialectical behaviour therapy, especially for borderline personality disorder.","വ്യക്തിത്വവൈകല്യങ്ങള്‍ക്ക്, വിശേഷിച്ചും വ്യക്തിത്വവൈകല്യങ്ങളുടെ അതിരുകളിലുള്ളവയ്ക്ക്, തെളിവിനെ അടിസ്ഥാനമാക്കിയ സൈക്കോതെറാപ്പികളില്‍ കോഗ്നിറ്റീവ് ബിഹേവിയറല്‍ തെറാപ്പി, ഡയലക്റ്റിക്കല്‍ ബിഹേവിയറല്‍ തെറാപ്പി എന്നിവ ഉള്‍പ്പെടുന്നു."
"The ECDC and WHO's European regional office issued guidelines for hospitals and primary healthcare services for shifting resources at multiple levels, including focusing laboratory services towards testing, canceling elective procedures, separating and isolating patients, and increasing intensive care capabilities by training personnel and increasing ventilators and beds.","ഇ. സി. ഡി. സിയുടെയും ഡബ്ള്യു. എച്ച്. ഒയുടെയും യൂറോപ്യൻ പ്രാദേശിക ഓഫീസ്, പരീക്ഷണസംവിധാനങ്ങളെ ടെസ്റ്റുകളിൽ കേന്ദ്രീകരിക്കുക, പ്രത്യേക വൈദഗ്ദ്ധ്യം വേണ്ട സേവനങ്ങൾ ഒഴിവാക്കുക, രോഗികളെ വേർതിരിക്കുകയും അകറ്റിനിർത്തുകയും ചെയ്യുക, ജീവനക്കാരെ പരിശീലിപ്പിക്കുന്നതിലൂടെയും കിടക്കകളുടെയും വെൻ്റിലേറ്ററുകളുടെയും എണ്ണം കൂട്ടുന്നതിലൂടെയും തീവ്ര പരിചരണ ശേഷികൾ വർദ്ധിപ്പിക്കുക എന്നിവയടങ്ങിയ പല തലങ്ങളിലുള്ള വിഭവങ്ങളുടെ പുനർവിന്യാസത്തിനായി, ആശുപത്രികൾക്കും പ്രാഥമിക ആരോഗ്യകേന്ദ്രങ്ങൾക്കും മാർഗ്ഗനിർദ്ദേശങ്ങൾ നൽകി."
"Physical health outcomes include Injury (from lacerations to fractures and internal organs injury), Unwanted Pregnancy, Gynaecological problems, STDs including HIV, Miscarriage, Pelvic inflammatory disease, Chronic pelvic pain, Headaches, Permanent disabilities, Asthma, Irritable bowel syndrome, Self-injurious behaviours (smoking, unprotected sex); Mental health effects can include depression, fear, anxiety, low self-esteem, sexual dysfunction, eating disorders, obsessive-compulsive disorder, or post-traumatic stress disorder.","ശാരീരികമായ ആരോഗ്യപ്രശ്നങ്ങളിൽ പരിക്കുകൾ (മുറിവുകൾ മുതൽ എല്ലൊടിവുകളും ആന്തരിക അവയവങ്ങളുടെ പരിക്കുകളും വരെ), അപ്രതീക്ഷിത ഗർഭം, ഗർഭാശയരോഗങ്ങൾ, എച്ച്.ഐ.വി അടക്കമുള്ള എസ് ടി ഡി കൾ, ഗർഭച്ഛിദ്രങ്ങൾ, പെൽവിക് ഇൻഫ്ളമേറ്ററി രോഗങ്ങൾ, വസ്തിപ്രദേശത്തെ വിട്ടുമാറാത്ത വേദന, സ്ഥിരമായ വൈകല്യങ്ങൾ, ആസ്ത്‌മ, ഇറിറ്റബിൾ ബവൽ സിൻഡ്രോം, സ്വയംഹാനി വരുത്തുന്ന ശൈലികൾ (പുകവലി, അരക്ഷിതമായ ലൈംഗികബന്ധം) എന്നിവയും മാനസികാരോഗ്യപ്രശ്നങ്ങളിൽ, വിഷാദരോഗം, ഭീതി, ഉൽക്കണ്ഠ, കുറഞ്ഞ ആത്മാഭിമാനം, ലൈംഗികശേഷിക്കുറവ്, ആഹാരരീതിയിലെ വൈകല്യങ്ങൾ, ഒബ്‌സെസ്സീവ് കംപൾസീവ് ഡിസോർഡർ, പോസ്റ്റ് ട്രൗമാറ്റിക് ഡിസോർഡർ എന്നിവയും ഉൾപ്പെടുന്നു."
"In the ensuing years, other classes of the antihypertensive drug were developed and found wide acceptance in combination therapy, including loop diuretics (Lasix/furosemide, Hoechst Pharmaceuticals, 1963), beta-blockers (ICI Pharmaceuticals, 1964) ACE inhibitors, and angiotensin receptor blockers.","തുടര്‍ന്നുള്ള വര്‍ഷങ്ങളില്‍ ആന്‍റി ഹൈപര്‍ടെന്‍സീവ് മരുന്നുകളുടെ മറ്റ് വർഗ്ഗങ്ങൾ വികസിപ്പിക്കപ്പെടുകയും ലൂപ് ഡൈ യൂറെറ്റിക്സ് (ലാസിക്സ്/ഫ്ലൂറോസെമൈഡ്, ഹെക്സ്റ്റ് ഫാര്‍മസ്യൂട്ടിക്കല്‍സ് 1963), ബീറ്റാ ബ്ലോക്കേഴ്സ് (ഐ.സി.ഐ. ഫാര്‍മസ്യൂട്ടിക്കല്‍സ്, 1964) എ.സി.ഇ ഇൻഹിബിറ്റെഴ്സ്, ആന്‍ജിയോടെന്‍സിന്‍ റിസപ്റ്റര്‍ ബ്ലോക്കേഴ്സ് എന്നിവയുടെ കോമ്പിനേഷന്‍ തെറാപ്പിയില്‍ വ്യാപകമായ സ്വീകാര്യത നേടുകയും ചെയ്തു."
"Paddy, the main food crop, is mostly cultivated in the Andaman group of islands, whereas coconut and areca nuts are the cash crops of the Nicobar group of islands.","പ്രധാന ഭക്ഷ്യവിളയായ നെല്ല് ആന്‍ഡമാന്‍ ദ്വീപസംഘത്തില്‍ പരക്കെ കൃഷി ചെയ്യുമ്പോള്‍, നികോബാര്‍ ദ്വീപസംഘത്തിലെ നാണ്യവിളകള്‍ തേങ്ങയും അടയ്ക്കയുമാണ്."
ATI entered the mobile computing sector by introducing 3D-graphics acceleration to laptops in 1996.,1966ൽ ലാപ്ടോപ്പുകളിൽ 3ഡി-ഗ്രാഫിക്സിൻ്റെ ത്വരണം കൊണ്ടുവന്നാണ് മൊബൈൽ കമ്പ്യൂട്ടിങ് മേഖലയിൽ എ. ടി. ഐ പ്രവേശിച്ചത്.
"Before coal mining, Jharia had forests inhabited by tribes.",കൽക്കരിഖനനത്തിന് മുമ്പ് ഗോത്രങ്ങൾ അധിവസിക്കുന്ന വനങ്ങൾ ഝാരിയയിലുണ്ടായിരുന്നു.
"An international cargo hub project, the Multi-modal International Cargo Hub and Airport at Nagpur, (MIHAN), has been developed.","മൾട്ടി മോഡൽ ഇൻ്റർനാഷണൽ കാർഗോ ഹബ് ആൻഡ് എയർപോർട്ട് (എം. ഐ, എച്ച് . എ. എൻ) എന്ന ഒരു അന്താരാഷ്ട്ര കാർഗോ ഹബ് പദ്ധതി നാഗ്‌പൂരിൽ വികസിപ്പിച്ചിട്ടുണ്ട്."
"Ashok Leyland Defence Systems Ltd. (ALDS) also leverages Ashok Leyland's in-house R&D base, its collaboration with global technology leaders, and Ashok Leyland's state-of-the-art plants in India.","അശോക്‌ ലെയ്‌ലൻഡ് ഡിഫന്‍സ് സിസ്റ്റംസ് ലിമിറ്റഡ് (എ.എല്‍.ഡി.എസ്.), അശോക്‌ ലെയ്‌ലൻഡിന്‍റെ സ്വകീയമായ ആര്‍ ആന്‍ഡ് ഡി. അടിത്തറയെയും ആഗോള സാങ്കേതികവിദ്യാനേതാക്കളുമായുള്ള അതിന്‍റെ സഹകരണത്തെയും അശോക്‌ ലെയ്‌ലൻഡിന്‍റെ ഇന്ത്യയിലെ അത്യാധുനിക പ്ലാൻ്റുകളെയും പ്രയോജനപ്പെടുത്തുകയും ചെയ്യുന്നു."
Plessey Semiconductors Ltd demonstrated a monolithic monochrome blue GaN-on-silicon wafer bonded to a Jasper Display CMOS backplane 0.7-inch (18mm) active-matrix microLED display with an 8m pixel pitch.,"8എം പിക്സല്‍ പിച്ചുള്ള ഒരു ജാസ്പര്‍ ഡിസ്പ്ലേ സി.എം.ഒ.എസ്. ബാക്ക്പ്ലെയിന്‍ 0.7-ഇഞ്ച്‌ (18മില്ലിമീറ്റര്‍) ആക്ടീവ് മാട്രിക്സ് മൈക്രോ എല്‍.ഇ.ഡി. ഡിസ്പ്ലേയോട് ഒട്ടിച്ചിരിക്കുന്ന ഒരു മോണോലിതിക് മോണോക്രോം ബ്ലൂ ജി.എ.എന്‍.-ഓണ്‍-സിലികോണ്‍ വേഫെര്‍, പ്ലെസ്സി സെമികണ്ടക്ടേഴ്സ് ലിമിറ്റഡ് പ്രദര്‍ശിപ്പിക്കുകയുണ്ടായി."
"The unplanned nature of growth in the city resulted in massive traffic gridlocks; a flyover system and one-way traffic systems were introduced, which were only moderately successful.",നഗരത്തിലെ വളര്‍ച്ചയുടെ ആസൂത്രണമില്ലാത്ത രീതി വമ്പിച്ച ഗതാഗതസ്തംഭനങ്ങൾക്ക് കാരണമായി; ഒരു ഫ്ലൈ ഓവര്‍ സംവിധാനവും വണ്‍വേഗതാഗത സമ്പ്രദായങ്ങളും അവതരിപ്പിച്ചെങ്കിലും അവ പരിമിതമായേ വിജയിച്ചുള്ളൂ.
English language skills are the cornerstone of Nearshore and IT services.,നിയർഷോർ സേവനങ്ങളുടെയും ഐ. ടി സേവനങ്ങളുടെയും ആണിക്കല്ലാണ് ഇംഗ്ലീഷ് ഭാഷാനൈപുണ്യം.
"CMDS is an airborne defensive system providing self-protection to the aircraft by passive ECM against radar-guided & IR seeking, air & ground-launched missiles.","റഡാർ നിയന്ത്രിതവും ഇൻഫ്രാ റെഡ് തേടുന്നതുമായ, ആകാശത്തുനിന്നും നിലത്തുനിന്നും തൊടുക്കപ്പെടുന്ന മിസൈലുകൾക്കെതിരെ പാസ്സീവ് ഇ. സി. എമ്മിലൂടെ വിമാനത്തിന് സ്വയംസംരക്ഷണം നൽകുന്ന ആകാശത്തുനിന്നുള്ള പ്രധിരോധസംവിധാനമാണ് സി. എം. ഡി. എസ്."
"In 2013, Egypt was the largest consumer of oil and natural gas in Africa, with more than 20% of total oil consumption and more than 40% of total dry natural gas consumption in Africa.","2013ല്‍ ആഫ്രിക്കയിലെ എണ്ണ ഉപഭോഗത്തില്‍ 20 ശതമാനത്തിലേറെയും ജലാംശമില്ലാത്ത പ്രകൃതിവാതകത്തിൻ്റെ ഉപഭോഗത്തില്‍ 40 ശതമാനത്തിലേറെയുമായി ആഫ്രിക്കയിലെ ഏറ്റം വലിയ എണ്ണ, പ്രകൃതിവാതക ഉപഭോക്താവ് ഈജിപ്തായിരുന്നു."
"Following a merger process, the merger of the 5 remaining associate banks (viz., State Bank of Bikaner and Jaipur, State Bank of Hyderabad, State Bank of Mysore, State Bank of Patiala, and State Bank of Travancore) and the Bharatiya Mahila Bank with the SBI was given in principle approval by the Union Cabinet on 15 June 2016.","ഒരു ലയനപ്രക്രിയയെ തുടര്‍ന്ന്, (സ്റ്റേറ്റ് ബാങ്ക് ഓഫ് ഹൈദരാബാദ്, സ്റ്റേറ്റ് ബാങ്ക് ഓഫ് ബിക്കാനീര്‍ ആന്‍ഡ്‌ ജയ്പൂര്‍, സ്റ്റേറ്റ് ബാങ്ക് ഓഫ് മൈസൂര്‍, സ്റ്റേറ്റ് ബാങ്ക് ഓഫ് പാട്യാല, സ്റ്റേറ്റ് ബാങ്ക് ഓഫ് ട്രാവന്‍കൂര്‍, എന്നീ) ബാക്കിയുള്ള 5 അസ്സോസിയേറ്റ് ബാങ്കുകളെയും ഭാരതീയ മഹിളാബാങ്കിനെയും എസ്.ബി.ഐയുമായി ലയിപ്പിക്കുന്നതിന് 2016 ജൂണ്‍ 15 ന് കേന്ദ്രമന്ത്രിസഭ തത്ത്വത്തില്‍ അംഗീകാരം നല്‍കി."
"GAIL is also an equity partner in two retail gas companies in Egypt, namely Fayum Gas Company (FGC) and National Gas Company (Natgas).","ഫയും ഗ്യാസ് കമ്പനി (എഫ്. ജി. സി), നാഷണൽ ഗ്യാസ് കമ്പനി (നാറ്റ്ഗ്യാസ്) എന്നീ രണ്ട് റീറ്റെയ്ൽ ഗ്യാസ് കമ്പനികളിൽ ഗെയിൽ ഒരു ഇക്വിറ്റി പാർട്ട്ണർ കൂടിയാണ് ."
"In 1824, Hamilton was introduced at Edgeworthstown to the novelist Maria Edgeworth by the Rev. Richard Butler, the vicar of Trim, County Meath, to whom his uncle James Hamilton was curate.","1824ല്‍ എഡ്ജ്വര്‍ത്ത്സ്ടൗണില്‍വച്ച് ഹാമില്‍ട്ടനെ അദ്ദേഹത്തിന്‍റെ അമ്മാവന്‍ ജെയിംസ് ഹാമില്‍ടണ്‍ ആരുടെ സഹായിയായിരുന്നുവോ, കൌണ്ടി മീത്തിലെ ട്രിമ്മിലുള്ള ആ വികാരിയായ റെവ. റിച്ചാഡ് ബട്ലര്‍ നോവലിസ്റ്റ് മാരിയ എഡ്ജ്വര്‍ത്തിനു പരിചയപ്പെടുത്തി."
"Bengal Chemicals and Pharmaceuticals was set up by P.C. Ray, a professor of chemistry at Calcutta University.",കൽക്കട്ട സർവകലാശാലയിലെ കെമിസ്ട്രി പ്രൊഫസറായ പി. സി. റേ ആണ് ബംഗാൾ കെമിക്കൽസ് ആൻഡ് ഫാർമസ്യൂട്ടിക്കൽസ് സ്ഥാപിച്ചത്.
Indian Airlines focussed on domestic routes and Air India International on international services.,ഇന്ത്യൻ എയർലൈൻസ് ആഭ്യന്തര റൂട്ടുകളിലും എയർ ഇന്ത്യ ഇൻ്റർനാഷണൽ അന്താരാഷ്ട്ര സേവനങ്ങളിലും ശ്രദ്ധ കേന്ദ്രീകരിച്ചു.
"In other cases, the helicopter has been used solely for sensing and rocket-delivered torpedoes have been used as the weapon.",മറ്റ് സന്ദർഭങ്ങളിൽ ഹെലികോപ്റ്റർ പര്യവേക്ഷണത്തിനുമാത്രമായും റോക്കറ്റിലൂടെ വിടുന്ന ടോർപിഡോകൾ ആയുധമായും ഉപയോഗിച്ചിട്ടുണ്ട്.
"In the 1980s, the Spanish firm Esperanza y Cia developed a 120-mm mortar bomb that contained 21 anti-armour submunitions.",1980കളിൽ സ്പാനിഷ് കമ്പനിയായ എസ്പെരാൻസാ യി സിയ 21 ആൻ്റി-ആർമർ സബ്മ്യൂണിഷനുകൾ അടങ്ങിയ ഒരു 120-മില്ലിമീറ്റർ മോർട്ടാർ ബോംബ് വികസിപ്പിച്ചു.
"According to some estimates, India has 10,600 MW of geothermal energy available.","ചില മതിപ്പുകളനുസരിച്ച് ഇന്ത്യയിൽ 10,600 മെഗാവാട്ട് ഭൂതാപോർജ്ജമുണ്ട്."
"Inward remittances from outside India, legitimate dues in India, and transfers from other NRO accounts are permissible credits to the NRO account.","ഇന്ത്യക്ക് പുറത്തുനിന്ന് അയക്കുന്ന പണം, ഇന്ത്യയിലെ നിയമാനുസൃതമായ അടവുകൾ, മറ്റ് എൻ. ആർ. ഒ അക്കൗണ്ടുകളിൽ നിന്നുള്ള ട്രാൻസ്ഫർ എന്നിവ ഈ എൻ. ആർ. ഒ അക്കൗണ്ടിലെ അനുവദനീയമായ നിക്ഷേപങ്ങളാണ്."
"To facilitate exports, a container freight station was started at MIDC Ambad by the Central Government.",കയറ്റുമതി എളുപ്പമാക്കാൻ കേന്ദ്രസർക്കാർ എം. ഐ. ഡി. സി അമ്പാഡിൽ ഒരു കണ്ടെയ്‌നർ ഫ്രൈറ്റ് സ്റ്റേഷൻ ആരംഭിച്ചു.
"On 8 August 1984 a patent, US4575330, assigned to UVP, Inc. and later assigned to Chuck Hull of 3D Systems Corporation, was filed for a stereolithography fabrication system, in which individual laminae or layers are added by curing photopolymers with impinging radiation, particle bombardment, chemical reaction, or just ultraviolet light lasers.","1984 ആഗസ്റ്റ്‌ എട്ടാം തീയതി യു.വി.പി. ഇൻകോർപറേറ്റഡിനും പിന്നീട് 3ഡി. സിസ്റ്റംസ് കോര്‍പറേഷന്‍റെ ചക് ഹള്ളിനും നല്‍കപ്പെട്ട യു.എസ്.4575330 എന്ന പേറ്റൻ്റ് , ബാധകമായ റേഡിയേഷന്‍പ്രഹരം, കണങ്ങളുടെ ആഘാതം, രാസ പ്രവര്‍ത്തനം അഥവാ കേവലം അള്‍ട്രാവയലറ്റ് ലൈറ്റ് ലേസറുകള്‍ എന്നിവയുപ്രയോഗിച്ച് ഫോട്ടോപോളിമറുകളെ പാകപ്പെടുത്തുന്ന പ്രത്യേക ലാമിനാകള്‍ അഥവാ പാളികളുള്ള സ്റ്റീരിയോലിത്തോഗ്രാഫി ഫാബ്രിക്കേഷൻ സിസ്റ്റത്തിൻ്റെ പേരിൽ രേഖപ്പെടുത്തപ്പെട്ടു."
"Other major industries include the manufacturing of scientific instruments, agricultural goods, electrical goods, machine tools, textiles, sewing machines, sports goods, starch, fertilizers, bicycles, garments, and the processing of pine oil and sugar.","ശാസ്ത്രീയ ഉപകരണങ്ങള്‍, കാര്‍ഷിക വിഭവങ്ങള്‍, ഇലക്ട്രിക് ഉപകരണങ്ങള്‍, മെഷീന്‍ ടൂളുകള്‍, വസ്ത്രങ്ങള്‍, തയ്യല്‍ മെഷീനുകള്‍, സ്പോര്‍ട്സ് ഉപകരണങ്ങള്‍, സ്റ്റാർച്ച് , വളങ്ങൾ, സൈക്കിളുകൾ, ഉടുപ്പുകള്‍, എന്നിവയുടെ ഉല്‍പ്പാദനവും, പൈന്‍തൈലത്തിൻ്റെയും പഞ്ചസാരയുടെയും നിർമ്മാണവും മറ്റു പ്രധാന വ്യവസായങ്ങളില്‍ പെടുന്നു."
The typical measurement when referring to power consumption in computer architecture is MIPS/W (millions of instructions per second per watt).,കമ്പ്യൂട്ടർ ആർക്കിടെക്‌ചറിലെ വൈദ്യുതി ഉപഭോഗവുമായി ബന്ധപ്പെട്ടസവിശേഷമായ അളവ് എം. ഐ. പി. എസ്/ഡബ്ള്യു (ഒരു വാട്ടിൽ ഒരു സെക്കൻ്റിൽ ദശലക്ഷം നിർദേശങ്ങൾ) ആണ്.
"Employees' State Insurance Corporation Medical College, Hyderabad, helped RCI in prototype development, while the Postgraduate Institute of Medical Education and Research helped in the testing, validation, and acceptance of products for medical use.","ഹൈദ്രാബാദിലെ എംപ്ലോയീസ് സ്റ്റേറ്റ് ഇന്‍ഷുറന്‍സ് കോര്‍പറേഷന്‍ മെഡിക്കല്‍കോളേജ് പ്രോട്ടോടൈപ്പ് വികസനത്തില്‍ ആര്‍.സി.ഐ. യെ സഹായിച്ചപ്പോള്‍, പോസ്റ്റ്‌ ഗ്രാജുവേറ്റ് ഇന്‍സ്റ്റിട്ട്യൂട്ട് ഓഫ് മെഡിക്കല്‍ എജൂകേഷന്‍ ആന്‍ഡ്‌ റിസേര്‍ച്ച് മെഡിക്കല്‍ ഉപയോഗത്തിനുള്ള ഉത്പന്നങ്ങളുടെ പരീക്ഷണം, സാധൂകരണം, സ്വീകാര്യത എന്നിവയില്‍ സഹായിച്ചു."
"In some cases, weapons first introduced in science fiction have now been made a reality.","ചില സന്ദർഭങ്ങളിൽ, ആദ്യം ശാസ്‌ത്രസാഹിത്യത്തിൽ അവതരിപ്പിക്കപ്പെട്ട ആയുധങ്ങൾ ഇന്ന് യാഥാർത്ഥ്യമാക്കിയിരിക്കുന്നു."
"India's leading steel producer, SAIL, has a steel plant in Salem, Tamil Nadu.",ഇന്ത്യയിലെ നേതൃസ്ഥാനത്തുള്ള സ്റ്റീൽ ഉത്പാദകരായ സൈലിന് തമിഴ്‌നാട്ടിലെ സേലത്ത് ഒരു സ്റ്റീൽ പ്ലാൻ്റുണ്ട്.
"In 1997 Sanyo followed with the ""POSCAP"" polymer tantalum chips.","1997ൽ സാന്യോ ""പോസ്കാപ്പ്"" പോളിമർ ടാൻ്റലം ചിപ്പുകളുമായി പിന്തുടർന്നു."
"The cockpit of an aircraft is a typical location for avionic equipment, including control, monitoring, communication, navigation, weather, and anti-collision systems.","നിയന്ത്രണം, നിരീക്ഷണം, ആശയവിനിമയം, ഗതിനിയന്ത്രണം, കാലാവസ്ഥ, കൂട്ടിയിടി ഒഴിവാക്കുവാനുള്ള സംവിധാനങ്ങൾ എന്നിവയ്ക്കുള്ള ഏവിയോണിക് ഉപകരണങ്ങളുടെ സവിശേഷമായ സ്ഥാനമാണ് ഒരു വിമാനത്തിൻ്റെ കോക്ക്പിറ്റ്."
"There were four main proposals, and the final mix of uses will be finalised as the development progresses.",പ്രധാനമായി നാല് നിർദേശങ്ങൾ ഉണ്ടായിരിക്കുകയും ഉപയോഗങ്ങളുടെ അന്തിമമായ മിശ്രണം വികസനം പുരോഗമിക്കുന്നതിനനുസരിച്ച് നിശ്ചയിക്കുകയും ചെയ്യും.
"The Indian money market is classified into the organised sector, comprising private, public, and foreign-owned commercial banks and cooperative banks, together known as ""scheduled banks,"" and the unorganised sector, which includes individual or family-owned indigenous bankers or money lenders and non-banking financial companies.","ഇന്ത്യയിലെ ധനവിപണിയെ സ്വകാര്യ, പൊതുമേഖലാ, വിദേശ, കൊമേഴ്സ്യല്‍ ബാങ്കുകളും, സഹകരണ ബാങ്കുകളും ഉള്‍പ്പെട്ട ഷെഡ്യൂള്‍ഡ് ബാങ്കുകള്‍ എന്നറിയപ്പെടുന്ന സംഘടിത മേഖലയായും, വ്യക്തികളോ കുടുംബമോ നടത്തുന്ന പ്രാദേശികമായ ബാങ്കര്‍മാരും പണം കടം കൊടുക്കുന്നവരും ബാങ്കിങ്ങിതര ധനകാര്യ കമ്പനികളും ഉള്‍പ്പെട്ട അസംഘടിതമേഖലയായും തരം തിരിച്ചിരിക്കുന്നു."
"The Northern grid was also interconnected in August 2006, forming a Central Grid that was synchronously connected and operating at one frequency.",സിൻക്രണസ് ആയി ബന്ധിക്കപ്പെട്ടതും ഒരേ ഫ്രീക്വൻസിയിൽ പ്രവർത്തിക്കുന്നതുമായ ഒരു കേന്ദ്ര ഗ്രിഡ് രൂപപ്പെടുത്തിക്കൊണ്ട് 2006 ആഗസ്റ്റിൽ വടക്കൻ ഗ്രിഡ് കൂടിയും പരസ്പര ബന്ധിതമായി.
"The first interconnection of regional grids was established in October 1991, when the North Eastern and Eastern grids were interconnected.",1991 ഒക്ടോബറിൽ വടക്കുകിഴക്കൻ ഗ്രിഡും കിഴക്കൻ ഗ്രിഡും പരസ്പരം ബന്ധിപ്പിക്കപ്പെട്ടപ്പോളാണ് പ്രാദേശിക ഗ്രിഡുകളുടെ ആദ്യത്തെ പരസ്പരബന്ധം സ്ഥാപിക്കപ്പെട്ടത്.
"The affordable retail electricity price to replace diesel would be up to 19 Rs/Kwh (860 Kcal/Kwh at 75% input electricity to shaft power efficiency versus diesel's net calorific value of 8572 Kcal/liter at 40% fuel energy to crankshaft power efficiency), and the comparable number to replace petrol would be up to 28 Rs/Kwh (860 Kcal/Kwh at 75% input electricity to shaft power efficiency versus petrol's net calorific value of 7693 Kcal/litre at 33% fuel energy to crankshaft power efficiency).",ഡീസലിനു പകരം വയ്ക്കാവുന്ന താങ്ങാവുന്ന ചില്ലറ വൈദ്യുതിവില കിലോവാട്ട് അവറിന് 19 രൂപവരെയും (സ്വീകൃത വൈദ്യുതിയും ഷാഫ്റ്റ് പവറും തമ്മിലുള്ള എഫിഷ്യന്‍സി 75% ആവുംവിധം കിലോവാട്ട് അവറിന് 860 കിലോകാലറി എന്നതിനെതിരെ ഇന്ധനശക്തിയുടെ 40% ക്രാങ്ക് ഷാഫ്റ്റ് പവര്‍ എഫിഷ്യന്‍സി വരുംവിധം ലിറ്ററിന് 8572 കിലോ കാലറി എന്ന ഡീസലിന്‍റെ നെറ്റ് കാലോറിഫിക് മൂല്യം പരിഗണിച്ച്) താരതമ്യേന പെട്രോളിന് പകരംവെക്കാനുള്ള സംഖ്യ (സ്വീകൃത വൈദ്യുതിയും ഷാഫ്റ്റ് പവറും തമ്മിലുള്ള എഫിഷ്യന്‍സി 75% ആവുംവിധം കിലോവാട്ട് അവറിന് 860 കിലോകാലറി എന്നതിനെതിരെ ഇന്ധനശക്തിയുടെ 33% ക്രാങ്ക് ഷാഫ്റ്റ് പവര്‍ എഫിഷ്യന്‍സി വരുംവിധം ലിറ്ററിന് 7693 കിലോ കാലറി എന്ന പെട്രോളിൻ്റെ നെറ്റ് കാലോറിഫിക് മൂല്യം പരിഗണിച്ച്) കിലോവാട്ട് അവറിന് 28 രൂപയും ആയിരിക്കും.
"There are hundreds of handsets in the market, and they differ by screen size and supported technologies (e.g. MMS, WAP 2.0).","വിപണിയിൽ ലഭ്യമായ നൂറുകണക്കിന് ഹാന്‍ഡ്‌സെറ്റുകൾ സ്‌ക്രീനിൻ്റെ വലിപ്പത്തിലും പിന്തുണക്കുന്ന സാങ്കേതികവിദ്യകളിലും (എം. എം. എസ്, ഡബ്ള്യു. എ. പി 2.0 എന്നിവ ഉദാഹരണം) വ്യത്യാസപ്പെടുന്നു."
A public-private partnership (PPP) approach is best suited for finding the resources.,വിഭവങ്ങൾ കണ്ടെത്തുന്നതിന് ഒരു പൊതു-സ്വകാര്യ സംയോജിത സമീപനമാണ് ഏറ്റവും അനുയോജ്യം.
"""From that moment,"" the 1945 report stated, ""the ordinary trade machinery could not be relied upon to feed Calcutta.""","""ആ നിമിഷം മുതൽ കൽക്കട്ടയ്ക്ക് വേണ്ട ഭക്ഷണം നല്കാൻ സാധാരണ വ്യാപാരസംവിധാനങ്ങളെ അവലംബിക്കാൻ കഴിയാതായെന്ന്"" 1945ലെ റിപ്പോർട്ട് പറഞ്ഞു."
"In 1591, the first Cambridge Bible was printed by John Legate, and in 1629, the Cambridge folio edition of the King James Bible was printed by Thomas and John Buck.",1591ല്‍ ജോണ്‍ ലെഗേറ്റ് ആദ്യ കേംബ്രിജ്‌ ബൈബിള്‍ അച്ചടിക്കുകയും 1629ല്‍ കിംഗ്‌ ജെയിംസ് ബൈബിളിന്‍റെ കേംബ്രിജ്‌ ഫോളിയോ എഡിഷന്‍ തോമസ്‌ ആന്‍ഡ്‌ ജോണ്‍ ബക്ക് പുറത്തിറക്കുകയും ചെയ്തു.
The levelised tariff of wind power reached a record low of ₹2.43 ($0.03 US) per kWh (without any direct or indirect subsidies) during auctions for wind projects in December 2017.,"2017 ഡിസംബറിലെ, കാറ്റിൽനിന്ന് ഊർജ്ജം ഉത്പാദിപ്പിക്കുന്ന പദ്ധതികളുടെ ലേലത്തില്‍ ഊര്‍ജ്ജത്തിന്‍റെ സമീകരിച്ച തീരുവ ഏറ്റവും താഴ്ന്ന, കെ ഡബ്ലിയു എച്ചിന് (നേരിട്ടോ അല്ലാതെയോ ഉള്ള സബ്സിഡികള്‍ കൂടാതെ) 2.43 രൂപ (0.03 അമേരിക്കന്‍ ഡോളര്‍) എന്ന നിലയിലെത്തി."
"Between 1972 and 1975, cupro-nickel replaced nickel in the 25 paise, 50 paise and the 1 rupee coins; in 1982, cupro-nickel two rupee coins were introduced.","1972നും 1975നും ഇടയില്‍ 25പൈസ, 50പൈസ, 1രൂപ നിക്കല്‍ നാണയങ്ങള്‍ കുപ്രോ നിക്കലാക്കി മാറ്റുകയും 1982ല്‍ രണ്ടു രൂപയുടെ കുപ്രോ നിക്കല്‍ നാണയങ്ങള്‍ അവതരിപ്പിക്കുകയും ചെയ്തു."
"Dembowski wrote about it in his book, ""Taking the State to the Supreme Court: Public Interest Litigation and the Public Sphere in Metropolitan India,"" which was originally published by Oxford University Press in 2001.","2001ൽ ആദ്യമായി ഓക്‌സ്‌ഫോർഡ് യൂണിവേഴ്‌സിറ്റി പ്രസ് പ്രസിദ്ധീകരിച്ച ""ടേക്കിംഗ് ദ സ്റ്റേറ്റ് ടു ദ സുപ്രീം കോർട്ട് : പബ്ലിക് ഇൻ്ററസ്റ്റ് ലിറ്റിഗേഷൻ ആൻഡ് ദി പബ്ലിക് സ്‌ഫിയർ ഇൻ മെട്രോപൊളിറ്റൻ ഇന്ത്യ"" എന്ന തൻ്റെ പുസ്തകത്തിൽ ഡെംബോവ്‌സ്‌കി ഇതിനെക്കുറിച്ച് എഴുതി."
"A protected person may not have anything done ""of such a character as to cause physical suffering or extermination.""","""ശാരീരികയാതനയ്‌ക്കോ മരണത്തിനോ കാരണമാകാവുന്ന സ്വഭാവമുള്ള"" യാതൊന്നും ഒരു സംരക്ഷിതവ്യക്തിക്കു നേരെ ചെയ്തുകൂടാ."
"Article 28 states that even when a village is captured through war, pillaging is not allowed by any party.",യുദ്ധത്തില്‍ ഒരു ഗ്രാമം പിടിച്ചെടുക്കപ്പെട്ടാല്‍ത്തന്നെ ആരുനടത്തുന്ന കൊള്ളയും അനുവദനീയമല്ലെന്ന് ആര്‍ട്ടിക്കിള്‍ 28 പ്രസ്താവിക്കുന്നു.
Article 8 of the Convention stresses parties' commitment to raising awareness to foster respect for rights and dignity to counter disability discrimination.,ഭിന്നശേഷിയുള്ളവരോടുള്ള വിവേചനം തടയാന്‍ വേണ്ട അവകാശങ്ങള്‍ക്കുള്ള ആദരവും അന്തസ്സും വളര്‍ത്താനുള്ള ബോധവല്‍ക്കരണം ഉയര്‍ത്താന്‍ കക്ഷികള്‍ക്ക് വേണ്ട പ്രതിബദ്ധത കണ്‍വെന്‍ഷന്‍റെ ആര്‍ട്ടിക്കിള്‍ 8 ഊന്നിപ്പറയുന്നു.
"Parliament has the exclusive power to make laws on matters falling under the Federal List (such as citizenship, defence, internal security, civil and criminal law, finance, trade, commerce and industry, education, labour, and tourism), whereas each State, through its Legislative Assembly, has legislative power over matters falling under the State List (such as land, local government, Syariah law and Syariah courts, State holidays and State public works).","ഫെഡറൽ പട്ടികയ്ക്ക് കീഴിൽ വരുന്ന വിഷയങ്ങളിൽ (പൗരത്വം, പ്രതിരോധം, ആഭ്യന്തര സുരക്ഷ, സിവിലും ക്രിമിനലുമായ നിയമങ്ങൾ, ധനകാര്യം, വ്യാപാരം, വാണിജ്യം, വ്യവസായം, വിദ്യാഭ്യാസം, തൊഴിൽ, ടൂറിസം തുടങ്ങിയവ) നിയമനിർമാണത്തിനുള്ള ഏകാധികാരം പാർലമെൻ്റിനും, സംസ്ഥാന പട്ടികയ്ക്ക് കീഴിൽ വരുന്ന വിഷയങ്ങളിൽ (ഭൂമി,തദ്ദേശസ്വയംഭരണ സ്ഥാപനങ്ങൾ, ശരീഅ നിയമങ്ങളും ശരീഅ കോടതികളും, സംസ്ഥാനത്തെ അവധിദിവസങ്ങൾ, സംസ്ഥാനത്തെ പൊതുമരാമത്ത് തുടങ്ങിയവ) അതിൻ്റെ നിയമസഭയിലൂടെ നിയമം നിർമ്മിക്കാനുള്ള അധികാരം ഓരോ സംസ്ഥാനത്തിനുമാണ്."
"Beek and Echt-Susteren will have an emergency decree until the 10th of February, which will allow the police to do stop-and-frisk without reason.",ഫെബ്രുവരി 10 വരെ ബീക്കിലും എച്ത്-സുസ്‌റ്റീരനിലും ആളുകളെ കാരണമൊന്നുമില്ലാതെ നിർത്തി ശരീരപരിശോധന നടത്താൻ പോലീസിനെ അനുവദിക്കുന്ന ഒരു അടിയന്തിര ഉത്തരവ് പ്രാബല്യത്തിലുണ്ടാകും.
"However, enrollment in any State Bar Council does not restrict the Barrister from appearing before any court in India, even though it is beyond the territorial jurisdiction of the State Bar Council in which they are enrolled.","എന്നിരുന്നാലും, ഏതെങ്കിലും സംസ്ഥാന ബാര്‍ കൗണ്‍സിലിലെ അംഗത്വം, ഒരു ബാരിസ്റ്ററെ എന്‍ റോള്‍ ചെയ്ത സംസ്ഥാന ബാര്‍ കൗണ്‍സിലിന്‍റെ അധികാരപരിധിക്ക് പുറത്താണെങ്കിലും ഇന്ത്യയിലെ ഏതു കോടതിയിലും കേസ് വാദിക്കുന്നതിൽനിന്ന് വിലക്കുന്നില്ല."
"These laws sharply circumscribed any non-governmental political activity: street demonstrations, non-approved political organizations, and unregistered financial donations were formally banned.","എല്ലാ സര്‍ക്കാരിതര രാഷ്ട്രീയപ്രവര്‍ത്തനവും ഈ നിയമങ്ങള്‍ പരിമിതപ്പെടുത്തി: തെരുവിലെ പ്രകടനങ്ങള്‍, അംഗീകാരമില്ലാത്ത രാഷ്ട്രീയ സംഘടനകള്‍, രെജിസ്റ്റര്‍ ചെയ്യാത്ത സംഭാവനകള്‍, എന്നിവ ഔദ്യോഗികമായി നിരോധിക്കപ്പെട്ടു."
Adultery is frequently viewed as a breach of trust and of the commitment made during the act of marriage.,വിവാഹകർമ്മത്തിൻ്റെ വേളയിൽ നടത്തിയ വിശ്വാസത്തിന്‍റെയും പ്രതിബദ്ധതയുടെയും ലംഘനമായി വ്യഭിചാരം പലപ്പോഴും കാണപ്പെടുന്നു.
Have you carefully read the help pages and thoroughly fixed the problem?,താങ്കള്‍ സഹായപേജുകള്‍ ശ്രദ്ധിച്ചുവായിക്കുകയും പ്രശ്നം പൂര്‍ണ്ണമായി പരിഹരിക്കുകയും ചെയ്തുവോ?
The international controversy over the use and impact of cluster munitions during the war between Lebanon and Israel in July and August 2006 added weight to the global campaign for a ban treaty.,2006 ജൂലൈയിലും ആഗസ്റ്റിലും ലെബനോനും ഇസ്രായേലും തമ്മിലുണ്ടായ യുദ്ധത്തിലെ ക്ലസ്റ്റര്‍ ആയുധങ്ങളുടെ ഉപയോഗവും ആഘാതവും സംബന്ധിച്ച അന്തര്‍ദ്ദേശീയ വിവാദം ഒരു നിരോധന ഉടമ്പടിക്കായുള്ള ആഗോള പ്രചാരണത്തിന് ആക്കം കൂട്ടി.
"In Taiwan, polls and research have consistently shown strong support for the death penalty at 80%.",തായ്‌വാനിലെ തിരഞ്ഞെടുപ്പുകളും ഗവേഷണവും 80% വരുന്ന കടുത്ത പിന്തുണയാണ് വധശിക്ഷയ്ക്ക് നിരന്തരം നല്‍കിക്കൊണ്ടിരിക്കുന്നത്.
"In addition, former chief prosecutor of the Nuremberg Trials Benjamin Ferencz has called the invasion of Iraq a ""clear breach of law,"" and as such it constitutes a crime against peace.","അതിനുപുറമെ, ന്യൂറംബര്‍ഗ് വിചാരണയുടെ മുന്‍ മുഖ്യ പ്രോസിക്യൂട്ടറായിരുന്ന ബെഞ്ചമിന്‍ ഫെറെന്‍സ്‌, ഇറാക്കിന്‍റെ അധിനിവേശം ""നിയമത്തിന്‍റെ വ്യക്തമായ ലംഘന""വും ആ നിലയ്ക്ക് സമാധാനത്തിനെതിരെയുള്ള ഒരു കുറ്റകൃത്യവുമാണെന്നുപറഞ്ഞു."
"In September 2012, they were convicted of contempt of court.",2012 സെപ്റ്റമ്പറില്‍ അവര്‍ കോടതിയലക്ഷ്യത്തിന് ശിക്ഷിക്കപ്പെട്ടു.
"In 2008, a Delhi court ordered a 19-year-old caught making lewd remarks to passing females to distribute 500 handbills to youngsters outside schools and colleges detailing the consequences of indecent conduct.","വഴിപോകുന്ന സ്ത്രീകളോട് ലൈംഗികച്ചുവയുള്ള പരാമർശങ്ങൾ നടത്തി പിടിയിലായ ഒരു 19കാരനോട്, അന്തസ്സില്ലാത്ത പെരുമാറ്റത്തിൻ്റെ അനന്തരഫലങ്ങൾ വിശദീകരിക്കുന്ന 500 ലഘുലേഖകൾ സ്‌കൂളുകളുടെയും കോളേജുകളുടെയും പുറത്തുള്ള യുവജനങ്ങൾക്ക് വിതരണം ചെയ്യാൻ ഒരു ഡൽഹി കോടതി 2008ൽ ഉത്തരവിട്ടു."
"On 11 March 2015, a Special CBI judge took cognizance of the offense under Sections 120-B and 409 of the Indian Penal Code, 1860 and Sections 13(1)(c), 13(1)(d)(iii) of Prevention of Corruption Act, 1988, against Dr Manmohan Singh and five other accused namely M/s. HINDALCO, Subendhu Amitabh, D. Bhattacharya, Kumar Mangalam Birla, and P.C. Parakh.","ഒരു പ്രത്യേക സി. ബി. ഐ ജഡ്ജി, 2015 മാർച്ച് 11ന് ഡോ. മൻമോഹൻ സിംഗും ഹിൻഡാൽകോ കമ്പനി, സുബേന്ദു അമിതാഭ്, ഡി. ഭട്ടാചാര്യ, കുമാർ മംഗളം ബിർള, പി.സി. പരാഖ് എന്നീ മറ്റ് അഞ്ച് പ്രതികളും 1860ലെ ഇന്ത്യൻ ശിക്ഷാനിയമത്തിലെ 120-ബി, 409 എന്നീ വകുപ്പുകൾക്കും, 1988ലെ അഴിമതി നിരോധന നിയമത്തിലെ 13(1)(സി), 13(1)(ഡി)(iii) എന്നീ വകുപ്പുകൾക്കും അനുസരിച്ച് കുറ്റം ചെയ്തതായി കണ്ടെത്തി."
He was previously acquitted of ordering war crimes and of joint conspiracy.,യുദ്ധക്കുറ്റകൃത്യങ്ങള്‍ക്ക് ഉത്തരവ് നല്‍കിയതിനും ഗൂഢാലോചനയിൽ കൂട്ടുചേർന്നതിനും അദ്ദേഹം മുന്‍പ് കുറ്റവിമുക്തനാക്കപ്പെട്ടിരുന്നു.
The law was widely criticised by IT communities as it violates human rights by putting citizens under digital surveillance and severely restricting freedom of speech.,പൗരന്മാരെ ഡിജിറ്റല്‍ നിരീക്ഷണത്തിനു വിധേയമാക്കിയും അഭിപ്രായപ്രകടനത്തിനുള്ള സ്വാതന്ത്ര്യം കർശനമായി നിയന്ത്രിച്ചും മനുഷ്യാവകാശങ്ങള്‍ ലംഘിക്കുന്നതിൻ്റെ പേരിൽ ഐ.ടി. സമുദായങ്ങള്‍ ഈ നിയമത്തെ വ്യാപകമായി വിമര്‍ശിച്ചിരുന്നു.
"Rendering prompt justice is the foremost purpose of the constitution, as enshrined in the Preamble to the Constitution as well.",ഭരണഘടനയുടെ ആമുഖത്തിലും ആദരവോടെ പ്രസ്താവിച്ചിട്ടുള്ളതുപോലെ ഉടനടി നീതി നടപ്പാക്കുകയാണ് ഭരണഘടനയുടെ മുഖ്യലക്‌ഷ്യം.
Article 145 was amended and is governed by the Supreme Court Rules of 2013.,ആര്‍ട്ടിക്കിള്‍ 145 ഭേദഗതി ചെയ്യുകയും അത് 2013ലെ സുപ്രീം കോടതിച്ചട്ടങ്ങള്‍ വഴി നിയന്ത്രിക്കപ്പെടുകയും ചെയ്യുന്നു.
"In the United Kingdom, Acts of Parliament cannot be set aside under the doctrine of parliamentary sovereignty, whereas Orders in the Council, another type of primary legislation not passed by Parliament, can (see Council of Civil Service Unions vs Minister for the Civil Service (1985) and Miller/Cherry (2019)).","യുനൈറ്റഡ് കിങ്‌ഡമിൽ പാർലമെൻ്റിൻ്റെ പരമാധികാരം എന്ന സിദ്ധാന്തമനുസരിച്ച് പാർലമെൻ്റ് നിയമങ്ങൾ റദ്ദാക്കാൻ കഴിയുകയില്ലെന്നിരിക്കെ, പാർലമെൻ്റ് പാസാക്കാത്ത മറ്റൊരു തരത്തിലുള്ള പ്രാഥമിക നിയമനിർമ്മാണമായ കൗൺസിലിലെ ഉത്തരവുകൾ മാറ്റിവെക്കാൻ കഴിയുന്നവയാണ് (കൗൺസിൽ ഓഫ് സിവിൽ സർവീസ് യൂണിയനുകളും സിവിൽ സർവീസ് മന്ത്രിയും തമ്മിലും (1985), മില്ലർ/ചെറിയും (2019) കാണുക)."
"For example, ""A person may be at risk of statelessness if she is born in a State that applies jus sanguinis while her parents were born in a State that applies jus soli, leaving the person ineligible for citizenship in both States due to conflicting laws.""","ഉദാഹരണത്തിന്, "" ഒരാൾ ജനിക്കുന്നത് ജസ് സാങ്ഗ്വിനിസ് ബാധകമാക്കുന്ന ഒരു രാഷ്ട്രത്തിലും, അവരുടെ മാതാപിതാക്കൾ ജനിച്ചത് ജസ് സോളി ബാധകമാക്കുന്ന ഒരു രാഷ്ട്രത്തിലുമാണെങ്കിൽ പരസ്പരവിരുദ്ധമായ നിയമങ്ങൾ കാരണം അവർ ഇരുരാഷ്ട്രങ്ങളിലും പൗരത്വത്തിന് അനർഹയാവുകയും അങ്ങനെ അവർ രാഷ്ട്രമില്ലാത്തവരാകാനുള്ള അപകടസാധ്യതയിലാവുകയും ചെയ്തേക്കാം."""
"The CDHRI also guarantees all individuals the ""right to participate, directly or indirectly, in the administration of his country's public affairs.""",""" അവനവൻ്റെ രാജ്യത്തിന്‍റെ പൊതുവിഷയങ്ങളുടെ നടത്തിപ്പില്‍ നേരിട്ടോ അല്ലാതെയോ പങ്കുചേരാനുള്ള അവകാശ""വും എല്ലാ വ്യക്തികള്‍ക്കും സി.ഡി.എച്ച് .ആര്‍.ഐ. ഉറപ്പു നല്‍കുന്നു."
The seat of the court was the Chamber of Princes in the Parliament Building in Delhi.,ഡല്‍ഹിയിലെ പാര്‍ലമെൻ്റ് മന്ദിരത്തിലുള്ള ചേംബര്‍ ഓഫ് പ്രിന്‍സസ് ആയിരുന്നു കോടതിയുടെ ആസ്ഥാനം.
The Geneva Conventions (GC) and their Additional Protocols (APs) require that any prisoners of war facing a judicial proceeding receive a fair trial.,ജുഡീഷ്യല്‍ നടപടി നേരിടുന്ന ഏതു യുദ്ധത്തടവുകാരനും നീതിപൂര്‍ണ്ണമായ വിചാരണ കിട്ടണമെന്ന് ജനീവാ കണ്‍വെന്‍ഷനും (ജി.സി.) അഡീഷണല്‍ പ്രോട്ടോകോളുകളും (എ.പി.) ആവശ്യപ്പെടുന്നു.
The Indonesian Supreme Court (Indonesian: Mahkamah Agung) is the highest level of the judicial branch.,നീതിന്യായശാഖയുടെ ഏറ്റവും ഉയര്‍ന്ന തലം ഇന്തോനേഷ്യന്‍ സുപ്രീം കോര്‍ട്ടാണ് (ഇന്തോനേഷ്യൻ : മാഹ്കമാഹ് അഗുങ്).
"The MTP Act details that for terminations up to 12 weeks, the opinion of a single Registered Medical Practitioner (RMP) is required, and for terminations between 12 and 20 weeks, the opinion of two RMPs is required.",12 ആഴ്ചവരെയുള്ള ഗര്‍ഭച്ഛിദ്രത്തിന് ഒരേയൊരു രെജിസ്റ്റര്‍ ചെയ്ത മെഡിക്കല്‍ പ്രാക്ടീഷണറുടെയും (ആര്‍.എം.പി.) 12 മുതല്‍ 20 വരെ ആഴ്ചകളിലെ ഗര്‍ഭച്ഛിദ്രത്തിന് രണ്ട് ആര്‍.എം.പി. മാരുടെയും അഭിപ്രായം ആവശ്യമുണ്ടെന്നു എം.ടി.പി. ആക്റ്റ് വ്യക്തമാക്കുന്നു.
"Cluster bombs, for example, introduce the same problem as mines: unexploded bomblets can remain a hazard for civilians long after a conflict has ended.","ക്ലസ്റ്റര്‍ ബോംബുകള്‍, ഉദാഹരണത്തിന്, കുഴിബോംബുകളെപ്പോലെ തന്നെയുള്ള പ്രശ്നമുണ്ടാക്കുന്നു: സംഘര്‍ഷം അവസാനിച്ച് വളരെക്കഴിഞ്ഞാലും സാധാരണപൗരന്മാര്‍ക്ക് പൊട്ടിത്തെറിക്കാത്ത ബോംബുകഷണങ്ങള്‍ ഒരു അപകടസാധ്യതയായി തുടരാം."
"Although Steward and Barnett seemed to be suggesting that anthropology as such should restrict itself to purely academic affairs, people within and outside the academy have continued to debate the ways non-anthropologists have used this principle in public policy concerning ethnic minorities or international relations.","നരവംശശാസ്ത്രം തികച്ചും അക്കാദമികമായ കാര്യങ്ങളിലേക്ക് സ്വയം പരിമിതപ്പെടണമെന്ന് സ്റ്റുവാർഡും ബാർനെറ്റും നിർദേശിക്കുന്നതായി തോന്നുന്നുവെങ്കിലും, വംശീയ ന്യൂനപക്ഷങ്ങളേയും അന്താരാഷ്‌ട്ര ബന്ധങ്ങളേയും സംബന്ധിച്ച പൊതുനയത്തിൽ നരവംശശാസ്ത്രജ്ഞരല്ലാത്തവർ ഈ തത്വം ഉപയോഗിച്ച രീതികളെക്കുറിച്ച് അക്കാദമിയുടെ അകത്തും പുറത്തുമുള്ളവർ ചർച്ച ചെയ്യുന്നത് തുടർന്നുപോന്നിട്ടുണ്ട്."
The judgement against Jean-Paul Akayesu established rape as a war crime.,ഴാങ് പോള്‍ അകയേസുവിന് എതിരായ വിധി ബലാത്സംഗത്തെ ഒരു യുദ്ധക്കുറ്റമായി പ്രഖ്യാപിച്ചു.
"Among the earliest examples are peace treaties between the Mesopotamian city-states of Lagash and Umma (approximately 2100 BCE) and an agreement between the Egyptian pharaoh Ramses II and the Hittite king, Hattusilis III, concluded in 1258 BCE.","മെസൊപ്പൊട്ടേമിയൻ നഗര-സംസ്ഥാനങ്ങളായ ലഗാഷും ഉമ്മയും തമ്മിലുള്ള സമാധാന ഉടമ്പടികൾ (ഏകദേശം 2100 ബി. സി. ഇ), ഈജിപ്തിലെ ഫറോവയായ റാംസെസ്‌ രണ്ടാമനും ഹിറ്റൈറ്റ് രാജാവായ ഹത്തൂസിലിസ് മൂന്നാമനും തമ്മിൽ 1258 ബി. സി. ഇയിൽ അംഗീകരിച്ച ഉടമ്പടി എന്നിവ ഏറ്റവും ആദ്യകാലത്തെ ഉദാഹരണങ്ങളിൽ ഉൾപ്പെടുന്നു."
The public's opinion on the death penalty varies considerably by country and by the crime in question.,"രാജ്യത്തിനും ചെയ്ത കുറ്റത്തിനും അനുസരിച്ച്, വധശിക്ഷയ്ക്കു നേരെയുള്ള പൊതുജനാഭിപ്രായം ഗണ്യമായി മാറുന്നു."
"In terms of ultra vires actions in the broad sense, a reviewing court may set aside an administrative decision if it is unreasonable (under Canadian law, following the rejection of the ""Patently Unreasonable"" standard by the Supreme Court in Dunsmuir v. New Brunswick), Wednesbury unreasonable (under British law), or arbitrary and capricious (under the U.S. Administrative Procedure Act and New York State law).","വിശാലാർത്ഥത്തിൽ നിയമപരമായ അധികാരം കൂടാതെയുള്ള പ്രവർത്തനങ്ങളെ കാണുമ്പോൾ, ഒരു ഭരണപരമായ തീരുമാനം അന്യായമാണെങ്കിൽ ( ആ ""വ്യക്തമായും അന്യായമായ"" പ്രമാണത്തെ ഡൺസ്‌മുയറും ന്യൂ ബ്രൺസ്‌വിക്കും തമ്മിലുള്ള കേസിൽ കനേഡിയൻ നിയമമനുസരിച്ച് സുപ്രീംകോടതി ദുർബലമാക്കിയതിനെത്തുടർന്ന്), വെനസ്ബറി അന്യായം (ബ്രിട്ടീഷ് നിയമമനുസരിച്ച്), വസ്തുനിഷ്ഠമല്ലാത്തതോ ചപലമായതോ (യു. എസ് അഡ്മിനിസ്‌ട്രേറ്റീവ് പ്രൊസീജ്യർ ആക്റ്റും ന്യൂയോർക് സ്റ്റേറ്റ് നിയമമനുസരിച്ച്) ഒരു മേൽക്കോടതിക്ക് അത് റദ്ദാക്കാൻ കഴിയും."
"The sole owner and the nominee shall execute two forms, INC-3 and INC-4, for the entire process of change in the nominee.","നോമിനിയുടെ മാറ്റത്തിന്‍റെ മുഴുവന്‍ പ്രക്രിയയ്ക്കുമായി ഒരേയൊരു ഉടമസ്ഥനും നോമിനിയും ഐ.എന്‍.സി.3, ഐ.എന്‍.സി 4, എന്നീ രണ്ടു ഫോറങ്ങള്‍ സമര്‍പ്പിക്കണം."
"The Banda trial in the situation of Darfur, Sudan, was scheduled to begin in 2014, but the start date was vacated.",സുഡാനിലെ ദാര്‍ഫൂറിലെ സാഹചര്യത്തിൽ 2014ല്‍ തുടങ്ങാനിരുന്ന ബാന്ദാവിചാരണയുടെ ആരംഭത്തീയതി നീട്ടിവെക്കപ്പെട്ടു.
"United Nations Security Council Resolution 1325 (S/RES/1325), on women, peace, and security, was adopted unanimously by the UN Security Council on 31 October 2000, after recalling resolutions 1261 (1999), 1265 (1999), 1296 (2000), and 1314 (2000).","1261 (1999), 1265 (1999), 1296 (2000), 1314 (2000) എന്നീ പ്രമേയങ്ങള്‍ പിന്‍വലിച്ചതിനുശേഷം 2000 ഒക്റ്റോബര്‍ 31ന് യു.എന്‍. രക്ഷാസമിതി സ്ത്രീകള്‍, സമാധാനം, സുരക്ഷ എന്നീ വിഷയങ്ങളെക്കുറിച്ചുള്ള ഐക്യരാഷ്ട്രസഭാരക്ഷാസമിതിപ്രമേയം 1325 (എസ്./ആര്‍.ഇ.എസ് / 1325) ഏകകണ്ഠമായി സ്വീകരിച്ചു."
"In the Frontier Dispute Case, both parties to the dispute, Burkina Faso and Mali, submitted an application to the court to indicate interim measures.","അതിര്‍ത്തിത്തര്‍ക്കക്കേസില്‍ ബുര്‍ക്കിനോ ഫാസോ, മാലി എന്നീ രണ്ടു കക്ഷികളും ഇടക്കാലനടപടികള്‍ നിർദ്ദേശിക്കാനായി കോടതിയില്‍ ഒരു അപേക്ഷ സമര്‍പ്പിച്ചു."
"Until the Delhi High Court decriminalised consensual private sexual acts between consenting adults on 2 July 2009, homosexuality was considered criminal as per interpretations of the ambiguous Section 377 of the 150-year-old Indian Penal Code (IPC), a law passed by the British colonial government.","2009 ജൂലൈ 2ല്‍ ഡല്‍ഹി ഹൈക്കോടതി പരസ്പരസമ്മതത്തോടെയുള്ള പ്രായപൂര്‍ത്തിയായവര്‍ക്കിടയിലെ സ്വകാര്യലൈംഗികപ്രവൃത്തികള്‍ ക്രിമിനല്‍ കുറ്റമല്ലാതെയാക്കുംവരെ, ബ്രിട്ടീഷ് കൊളോണിയല്‍ സര്‍ക്കാര്‍ പാസാക്കിയ 150വര്‍ഷം പഴക്കമുള്ള ഇന്ത്യന്‍ പീനല്‍ കോഡി (ഐ.പി.സി)ന്‍റെ രണ്ടുമട്ടിൽ വ്യാഖ്യാനിക്കാവുന്ന വകുപ്പ് 377ന്‍റെ വിശദീകരണങ്ങളനുസരിച്ച് സ്വവര്‍ഗ്ഗലൈംഗികത കുറ്റകരമായി കണക്കാക്കപ്പെട്ടിരുന്നു."
"Village courts, such as Lok Adalat (the people's court) or Nyaya panchayat (the justice of the villages), offer alternative dispute resolution.","ലോക് അദാലത്ത് (ജനകീയ കോടതി), അഥവാ ന്യായ പഞ്ചായത്ത് (ഗ്രാമങ്ങളുടെ നീതി) എന്നീ ഗ്രാമക്കോടതികള്‍ തര്‍ക്കപരിഹാരത്തിനുള്ള ഇതരമാര്‍ഗ്ഗങ്ങള്‍ വാഗ്ദാനം ചെയ്യുന്നു."
Part II (Articles 17-24) governs the reporting and monitoring of the Convention and the steps taken by the parties to implement it.,"കൺവെൻഷൻ്റെ വിവരണവും നിരീക്ഷണവും, അതോടൊപ്പം കക്ഷികൾ അവ നടപ്പിലാക്കുവാനെടുത്ത നടപടികളും നിയന്ത്രിക്കുന്നതാണ് രണ്ടാംഭാഗം (വകുപ്പുകൾ 17-24)."
"Unani was well-received in the Hyderabad region and among Muslims, while Homeopathy was highly popular in Bengal and Odisha.",ഹൈദരാബാദ് മേഖലയിലും മുസ്ലിങ്ങൾക്കിടയിലും യൂനാനിക്ക് നല്ല സ്വീകാര്യതയുണ്ടായപ്പോൾ ബംഗാളിലും ഒഡീഷയിലും ഹോമിയോപ്പതി ഏറെ ജനകീയമായി.
"Alaska saw protests in Anchorage, Fairbanks, and Haines.","അലാസ്‌കയിൽ ആങ്കറേജ്, ഫെയർബാങ്ക്സ്, ഹൈൻസ് എന്നിവിടങ്ങളിൽ പ്രതിഷേധങ്ങളുണ്ടായി."
The remaining banks have reduced retail opening hours and pushed online banking.,ബാക്കി ബാങ്കുകൾ ഇടപാടുകാർക്കുവേണ്ടി തുറക്കുന്ന മണിക്കൂറുകൾ കുറയ്ക്കുകയും ഓൺലൈൻ ബാങ്കിങ്ങിനെ പ്രോത്സാഹിപ്പിക്കുകയും ചെയ്തു.
"Because of internet censorship in Iran, the Iranian government and the Islamic Revolutionary Guards Sepah have always opposed Iranians joining popular social networks such as Facebook, Twitter, and so on.","ഇറാനിലെ ഇൻ്റർനെറ്റ് സെൻസർഷിപ്പ് കാരണം ഇറാനിയൻ സർക്കാരും സെപാ എന്ന ഇസ്ലാമിക് റെവല്യൂഷണറി ഗാർഡുകളും ഇറാൻകാർ ഫേസ്ബുക്, ട്വിറ്റർ തുടങ്ങിയ ജനകീയ സാമൂഹിക നെറ്റ് വർക്കുകളിൽ ചേരുന്നതിനെ എല്ലായ്‌പ്പോഴും എതിർത്തിട്ടുണ്ട്."
"Therefore, popular social networks are blocked by those in Iran and because of Iranian protests, internet censorship in Iran has increased.","അതുകൊണ്ട്, ഇറാൻകാർ ജനകീയ സാമൂഹിക നെറ്റ് വർക്കുകൾ തടഞ്ഞിരിക്കുകയും ഇറാനിലെ പ്രതിഷേധങ്ങൾ കാരണം ഇറാനിൽ ഇൻറർനെറ്റ് സെൻസർഷിപ്പ് വർദ്ധിച്ചിരിക്കുകയുമാണ്."
The literacy rate has risen from 39% in 1991 to 47% in 2001 to 63.8% in 2011.,1991ൽ 39% ആയിരുന്ന സാക്ഷരതാനിരക്ക് 2001ൽ 47% ആയും 2011ൽ 63.8% ആയും ഉയർന്നു.
"The CPN (UML) also decided to support Rastriya Prajatantra Party candidates in Jhapa 5, Rupandehi 1, and Banke 2, and decided to field Rastriya Prajatantra Party Nepal chairman Kamal Thapa in Makwanpur 1 under their election symbol.","ഝാപ 5, രൂപാന്ദേഹി 1, ബാങ്കെ 2 എന്നിവിടങ്ങളിലെ രാഷ്ട്രീയപ്രജാതന്ത്ര പാർട്ടി സ്ഥാനാർത്ഥികളെ പിന്തുണയ്ക്കാനും, മക്വാൻപൂർ 1ൽ നേപ്പാളിലെ രാഷ്ട്രീയ പ്രജാതന്ത്ര പാർട്ടിയുടെ ചെയർമാനായ കമൽ ഥാപ്പയെ അവരുടെ തെരഞ്ഞെടുപ്പ് ചിഹ്നത്തിൽ മത്സരിപ്പിക്കാനും സി. പി. എൻ (യു. എം. എൽ) തീരുമാനിച്ചു."
"Protesters in the east and north Khartoum joined the demonstrations, which began after Friday prayers.",കിഴക്കൻ ഖാർത്തൂമിലും വടക്കൻ ഖാർത്തൂമിലും പ്രതിഷേധക്കാർ വെള്ളിയാഴ്ച നമസ്‌കാരങ്ങൾക്ക് ശേഷം ആരംഭിച്ച പ്രകടനങ്ങളിൽ അണിചേർന്നു.
"Deutsche Bahn, the German national railway company, allowed refugees with a Ukrainian passport or ID card to travel free of charge on long-distance trains from Poland to Germany.",ഉക്രൈൻ പാസ്പോർട്ടോ ഐ. ഡിയോ ഉള്ള അഭയാർത്ഥികളെ ജർമനിയിലെ ദേശീയ റയിൽവേ കമ്പനിയായ ഡോയിച്ച ബാൻ സൗജന്യമായി പോളണ്ട് മുതൽ ജർമനി വരെ ദീർഘദൂര ട്രെയിനുകളിൽ സഞ്ചരിക്കാൻ അനുവദിച്ചു.
"Anita Wolff was listed as the Deputy Editor in 2007, and Theodore Pappas was listed as the Executive Editor.",ഡെപ്യൂട്ടി എഡിറ്ററായി 2007ൽ അനിത വുൾഫും എക്സിക്യൂട്ടീവ് എഡിറ്ററായി തിയോഡോർ പാപ്പസും തിരഞ്ഞെടുക്കപ്പെട്ടു.
"The Washington Post printed a front-page article on the failures, commenting: ""The vaunted helicopters came to symbolise everything wrong with the Army as it enters the 21st century: Its inability to move quickly, its resistance to change, its obsession with casualties, its post-Cold War identity crisis.""","""ചടുലതയോടെ നീങ്ങാനുള്ള കഴിവില്ലായ്‌മ, മാറ്റത്തോടുള്ള എതിര്‍പ്പ്‌, മരണസംഖ്യയിലുള്ള അമിത ശ്രദ്ധ, ശീതയുദ്ധാനന്തര സ്വത്വപ്രതിസന്ധി തുടങ്ങി ഇരുപത്തിയൊന്നാം നൂറ്റാണ്ടിലേക്ക് കടക്കുന്ന സൈന്യത്തിൻ്റെ എല്ലാ പിഴവുകളെയും ഏറെ വീമ്പുപറഞ്ഞ ഈ ഹെലികോപ്റ്ററുകൾ പ്രതീകവൽക്കരിക്കുന്നു"" എന്ന് വിശേഷിപ്പിച്ച് വാഷിംഗ്‌ടൺ പോസ്റ്റ് ഒന്നാംപേജിൽ പരാജയങ്ങളെക്കുറിച്ച് ഒരു ലേഖനം അച്ചടിച്ചു."
"In 2007, Marcia Angell, former editor-in-chief of the New England Journal of Medicine and a lecturer in social medicine at the Harvard Medical School, said in Stern, a German-language weekly newsmagazine, that AstraZeneca's scientists had misrepresented their research on the drug's efficiency, saying, ""Instead of using presumably comparable doses [of each drug], the company's scientists used Nexium in higher dosages.""","2007ൽ ന്യൂ ഇംഗ്ലണ്ട് ജേണൽ ഓഫ് മെഡിസിനിൻ്റെ മുൻ മുഖ്യപത്രാധിപരും ഹാർവാർഡ് മെഡിക്കൽ സ്‌കൂളിൽ സോഷ്യൽ മെഡിസിനിൽ അധ്യാപികയുമായ മാർസിയ ഏഞ്ചൽ, ആസ്ട്രസെനെക്കയുടെ ശാസ്ത്രജ്ഞർ മരുന്നിൻ്റെ ഫലപ്രാപ്തിയെക്കുറിച്ചുള്ള അവരുടെ ഗവേഷണത്തെ തെറ്റായി അവതരിപ്പിച്ചുവെന്നും ""[ഓരോ മരുന്നിൻ്റെയും] സമാനമെന്ന് കരുതപ്പെടുന്ന ഡോസുകൾ ഉപയോഗിക്കുന്നതിന് പകരം കമ്പനിയിലെ ശാസ്ത്രജ്ഞർ ഉയർന്ന ഡോസിൽ നെക്സിയം ഉപയോഗിച്ചുവെന്നും"" ജർമ്മൻ ഭാഷയിലുള്ള പ്രതിവാര വാർത്താമാസികയായ സ്റ്റേണിൽ പറഞ്ഞു."
"In Malaysia, Hein Htet Aung, who plays for second-division Malaysia Premier League club Selangor FC II, flashed the three-finger salute in a match against PDRM FC in early March.",മലേഷ്യയിലെ രണ്ടാം ഡിവിഷനായ മലേഷ്യ പ്രീമിയർ ലീഗിലെ ക്ലബ്ബായ സെലംഗോർ എഫ്. സി II ന് വേണ്ടി കളിക്കുന്ന ഹെയ്ൻ ടെറ്റ് ഓങ് മാർച്ച് മാസത്തിൻ്റെ തുടക്കത്തിൽ പി. ഡി. ആർ. എം എഫ്. സിക്കെതിരെ നടന്ന ഒരു മത്സരത്തിൽ മൂന്ന് വിരലുകളുയർത്തിയുള്ള സല്യൂട്ട് ഉയർത്തിക്കാട്ടി.
Mass protests against Castillo's government began on 28 March 2022.,2022 മാർച്ച് 28ന് കാസ്റ്റിലോ സർക്കാരിനെതിരെയുള്ള ജനകീയ പ്രക്ഷോഭങ്ങൾ ആരംഭിച്ചു.
"On 12 November 2017, Delhi hosted its tenth queer pride parade from Barakhamba Road to Jantar Mantar.",ബാരാഖംബാ റോഡുമുതൽ ജന്തർ മന്തർ വരെയുള്ള അതിൻ്റെ പത്താമത്തെ ഖ്വിയർ പ്രൈഡ് പരേഡിന് 2017 നവംബർ 12 ന് ഡൽഹി ആതിഥേയത്വം വഹിച്ചു.
"On 14 February, UN Secretary-General Antonio Guterres issued a statement expressing deep concern about the situation in Myanmar, highlighting ""the increasing use of force and the reported deployment of additional armoured vehicles to major cities.""","ഫെബ്രുവരി 14ന് മ്യാൻമറിലെ സ്ഥിതിഗതികളിൽ അഗാധമായ ആശങ്ക പ്രകടിപ്പിച്ചുകൊണ്ടും ""വർദ്ധിച്ചുവരുന്ന ബലപ്രയോഗവും റിപ്പോർട്ട് ചെയ്യപ്പെട്ടവിധം പ്രധാനനഗരങ്ങളിലേക്കുള്ള കൂടുതൽ കവചിതവാഹനങ്ങളുടെ വിന്യാസവും"" ഉയർത്തിക്കാട്ടിക്കൊണ്ടും യുഎൻ സെക്രട്ടറി ജനറൽ അൻ്റോണിയോ ഗുട്ടെറസ് ഒരു പ്രസ്താവന ഇറക്കി."
"They started to throw rocks, bottles, and pieces of wood at the Polish border guards and tried to destroy the border fence in an attempt to break through the border at the temporarily closed checkpoint of Bruzgi-Kunica.",ബ്രൂസ്ഗി-കുനികയിലെ താൽക്കാലികമായി അടച്ച ചെക്ക് പോയിൻ്റിലെ അതിർത്തിയിലൂടെ അതിക്രമിച്ച് കടക്കാനുള്ള ശ്രമത്തിൽ അവർ പോളിഷ് അതിർത്തിസേനക്ക് നേരെ കല്ലുകളും കുപ്പികളും മരക്കഷണങ്ങളും എറിയാൻ തുടങ്ങുകയും അതിർത്തിവേലി നശിപ്പിക്കാൻ ശ്രമിക്കുകയും ചെയ്തു.
"On 18 April 2022, Gotabaya appointed a new 17-member cabinet despite the protests calling for the entire government to resign, including the president and all 225 MPs in parliament.",രാഷ്ട്രപതിയും പാർലമെൻ്റിലെ മൊത്തം 225 എം. പിമാരുമടക്കം സർക്കാർ പൂർണമായും രാജിവെക്കണമെന്നാവശ്യപ്പെട്ട് പ്രതിഷേധങ്ങളുയർന്നിട്ടും 2022 ഏപ്രിൽ 18ന് ഗോതബയ ഒരു പുതിയ 17 അംഗ മന്ത്രിസഭയെ നിയമിച്ചു.
"The votes in favor were from the benches of Popular Force, APRA, Broad Front, and Popular Action.","പോപ്പുലർ ഫോഴ്‌സ്, എ. പി. ആർ. എ, ബ്രോഡ് ഫ്രണ്ട്, പോപ്പുലർ ആക്ഷൻ എന്നീ ബെഞ്ചുകളിൽ നിന്നായിരുന്നു അനുകൂല വോട്ടുകൾ."
"On 25 February 1986, the Security Police started rioting, protesting against reports that their term of duty was to be extended from 3 to 4 years.",തങ്ങളുടെ പ്രവൃത്തികാലം 3 വർഷത്തിൽനിന്ന് 4 വർഷമാക്കി വർദ്ധിപ്പിക്കുകയാണെന്ന റിപ്പോർട്ടുകൾക്കെതിരെ പ്രതിഷേധിച്ചുകൊണ്ട് 1986 ഫെബ്രുവരി 25ന് സെക്യൂരിറ്റിപോലീസ് കലാപങ്ങൾ ആരംഭിച്ചു.
"Two days later, Development Minister Meryame Kitir announced that three million euros would be allocated for additional humanitarian aid to Ukraine.","രണ്ട് ദിവസങ്ങൾക്ക് ശേഷം, കൂടുതൽ മാനുഷികസഹായമായി ഉക്രൈനിന് മൂന്ന് ദശലക്ഷം യൂറോ അനുവദിക്കുമെന്ന് വികസന മന്ത്രി മെര്യാമേ കിതിർ പ്രഖ്യാപിച്ചു."
"On 7 March, state-run media and human rights groups confirmed the occupation of public hospitals, universities and temple compounds by security forces.","പൊതുആശുപത്രികളും സർവകലാശാലകളും ക്ഷേത്രപരിസരങ്ങളും സുരക്ഷാസേന കയ്യടക്കിയതായി മാർച്ച് 7ന് സർക്കാരിന് കീഴിലുള്ള മാധ്യമങ്ങളും, മനുഷ്യാവകാശ സംഘങ്ങളും സ്ഥിരീകരിച്ചു."
"On April 26, a French citizen is seen on a two-minute-long video asking quarantine workers for help with suicide in three languages.",ഏപ്രിൽ 26ന് ക്വാറൻ്റൈൻ പ്രവർത്തകരോട് മൂന്ന് ഭാഷകളിലായി ആത്മഹത്യ ചെയ്യാൻ സഹായം ചോദിക്കുന്ന രണ്ട് മിനിറ്റ് ദൈർഘ്യമുള്ള ഒരു വീഡിയോയിൽ ഒരു ഫ്രഞ്ച് പൗരൻ പ്രത്യക്ഷപ്പെടുകയുണ്ടായി.
On May 29 security forces attacked a demonstration in the Al-Kalakla neighbourhood of Khartoum with tear gas and bullets.,മെയ് 29ന് ഖാർത്തൂമിലെ അൽ കലാക്ല പ്രദേശത്ത് നടന്ന ഒരു പ്രകടനത്തെ കണ്ണീർവാതകവും വെടിയുണ്ടകളും ഉപയോഗിച്ചുകൊണ്ട് സുരക്ഷാസേന ആക്രമിച്ചു.
"On May 14, nearly a thousand protesters rallied around the Pittsburgh City-County Building and about 150 rallied in Bethlehem for the Bans Off Our Bodies event.","മെയ് 14ന് 'ബാൻസ് ഓഫ് അവർ ബോഡീസ്' പരിപാടിക്കായി ആയിരത്തിനടുത്ത് പ്രതിഷേധക്കാർ പിറ്റ്സ്ബർഗ് സിറ്റി-കൗണ്ടി കെട്ടിടത്തിനുചുറ്റിലും, ഏകദേശം 150 പേർ പ്രതിഷേധക്കാർ ബെത്ലെഹേമിലും പ്രകടനം നടത്തി."
"Tatmadaw soldiers captured 12 suspected resistance fighters, including 3 injured fighters, after several bombs exploded by accident in Yangon's Hlaing Thar Yar Township.",യാംഗോണിലെ ലായിങ് തര്യാർ ടൗൺഷിപ്പിൽ നിരവധി ബോംബുകൾ ആകസ്മികമായി പൊട്ടിത്തെറിച്ചതിനെത്തുടർന്ന് തത്മദോ സൈനികർ പരിക്കേറ്റ 3 പോരാളികളുൾപ്പെടെ ചെറുത്തുനില്പ്പുകാരെന്ന് സംശയിക്കപ്പെട്ട 12 പോരാളികളെ പിടികൂടി.
"The 2021 Rugby World Cup, the ninth edition of the women's Rugby World Cup, was held in New Zealand between 8 October and 12 November 2022, postponed from the originally planned schedule of 18 September to 18 October 2021.","ആദ്യം 2021 സെപ്റ്റംബർ 18 മുതൽ ഒക്ടോബർ 18വരെയുള്ള സമയക്രമത്തിൽ നടത്താൻ തീരുമാനിച്ചിരുന്ന ഒമ്പതാം വനിതാ റഗ്ബി ലോകകപ്പായ 2021 റഗ്‌ബി ലോകകപ്പ്, 2022 ഒക്ടോബർ 8നും നവംബർ 12നും ഇടയിലായി ന്യൂസിലാൻഡിൽ വെച്ച് നടന്നു."
"Others include the youth channel BBC Three, which originally ceased broadcasting as a linear television channel in February 2016 and returned to television in February 2022, the cultural and documentary channel BBC Four, the news channels BBC News and BBC World News, the parliamentary channel BBC Parliament, and two children's channels, CBBC and CBeebies.","നേരത്തെ 2016 ഫെബ്രുവരിയിൽ ഒരു ലീനിയർ ടെലിവിഷൻ ചാനൽ എന്ന നിലയ്ക്കുള്ള പ്രക്ഷേപണം അവസാനിപ്പിക്കുകയും 2022 ഫെബ്രുവരിയിൽ ടെലിവിഷനിൽ തിരിച്ചെത്തുകയും ചെയ്ത യുവാക്കളുടെ ചാനലായ ബി. ബി. സി ത്രീ, സാംസ്കാരിക, ഡോക്യുമെൻ്ററി ചാനലായ ബി. ബി. സി ഫോർ, വാർത്താചാനലുകളായ ബി. ബി. സി ന്യൂസ്, ബി. ബി. സി വേൾഡ് ന്യൂസ്, പാർലമെൻ്ററി ചാനലായ ബി. ബി. സി പാർലമെൻ്റ്, കുട്ടികളുടെ രണ്ട് ചാനലുകളായ സി. ബി. ബി. സി, സി ബീബീസ് എന്നിവ മറ്റ് ചാനലുകളിൽപ്പെടുന്നു."
"Calls for a boycott of Russian goods spread on social media platforms, while hackers attacked Russian websites, particularly those operated by the Russian government.","റഷ്യൻ വെബ്സൈറ്റുകളെ, പ്രത്യേകിച്ചും റഷ്യൻ സർക്കാർ നടത്തുന്നവയെ, ഹാക്കർമാർ ആക്രമിക്കവേ റഷ്യൻ ഉൽപ്പന്നങ്ങൾ ബഹിഷ്കരിക്കാനുള്ള ആഹ്വാനങ്ങൾ സാമൂഹികമാധ്യമങ്ങളിൽ പ്രചരിച്ചു."
He started selling flowers at the Dadar railway station in Mumbai and eventually managed to own two flower shops in the city.,അദ്ദേഹം മുംബൈയിലെ ദാദർ റയിൽവേ സ്റ്റേഷനിൽ പൂക്കൾ വിറ്റുകൊണ്ട് തുടങ്ങുകയും ഒടുവിൽ നഗരത്തിലെ രണ്ട് പൂക്കടകളുടെ ഉടമസ്ഥനായിത്തീരുകയും ചെയ്തു.
"Jihadi, mujahideen, and fedayeen are similar Arabic words that have entered the English lexicon.","ജിഹാദി, മുജാഹിദീൻ, ഫെദായീൻ എന്നിവ ഇംഗ്ലീഷ് ഭാഷാനിഘണ്ടുവിൽ കയറിയ സമാനതയുള്ള അറബി പദങ്ങളാണ്."
"The two judges have long records of issuing long-term prison sentences or death penalties for Iranians longing for democracy and opposed to the rule of the Supreme Leader, Ali Khamenei.",ജനാധിപത്യം തീവ്രമായി ആഗ്രഹിക്കുകയും പരമോന്നതനേതാവായ അലി ഖംനയീയെ എതിർക്കുകയും ചെയ്യുന്ന ഇറാനികൾക്ക് ദീർഘകാലജയിൽവാസവും വധശിക്ഷകളും വിധിക്കുന്ന ദീർഘചരിത്രമുണ്ട് ഈ രണ്ട് ജഡ്‌ജിമാർക്കും.
"Preceding the first and following each manvantara is a manvantara-sandhya (connection period), each with a length of Krita-yuga (Satya-yuga).",ആദ്യത്തെ മന്വന്തരത്തിന് മുമ്പും ഓരോ മന്വന്തരത്തിന് ശേഷവും ഓരോന്നിനും ഒരു കൃതയുഗത്തിൻ്റെ (സത്യയുഗം) ദൈർഘ്യമുള്ള ഒരു മന്വന്തരസന്ധ്യ (ബന്ധിപ്പിക്കുന്ന കാലഘട്ടം)യുണ്ട്.
"Because Cronus had betrayed his father, he feared that his offspring would do the same, and so each time Rhea gave birth, he snatched up the child and ate it.",താൻ തന്‍റെ പിതാവിനെ വഞ്ചിച്ചിരുന്നുവെന്നതിനാല്‍ തന്‍റെ സന്തതികളും അതുപോലെ ചെയ്യുമെന്ന് ക്രോണസ് ഭയക്കുകയും അതിനാൽ റിയ ഓരോ തവണ പ്രസവിച്ചപ്പോഴും അയാള്‍ കുഞ്ഞിനെ തട്ടിപ്പറിച്ചെടുത്ത്‌ തിന്നുകയും ചെയ്തു.
"According to Friedhelm Hardy, there is evidence of early ""southern Krishnaism,"" despite the tendency to allocate the Krishna-traditions to the Northern traditions.","കൃഷ്ണ പാരമ്പര്യങ്ങളെ വടക്കൻ പാരമ്പര്യങ്ങളിൽ പെടുത്തുന്ന പ്രവണതയുണ്ടായിരിക്കെ, ആദ്യകാല ""ദക്ഷിണ കൃഷ്ണമതത്തിന്"" തെളിവുകളുണ്ടെന്ന് ഫ്രീഡ്ഹെൽം ഹാർഡി പറയുന്നു."
Another Buddhist ritual that includes reenactments of the Buddha life myth is the ritual of the consecration of a Buddha image.,ബുദ്ധൻ്റെ ജീവിതകഥൈതിഹ്യത്തിൻ്റെ പുനരവതരണങ്ങൾ ഉൾക്കൊള്ളുന്ന മറ്റൊരു ബുദ്ധമതാനുഷ്ഠാനമാണ് ബുദ്ധപ്രതിമ പവിത്രീകരിക്കുന്ന അനുഷ്ഠാനം.
Brahm is a leading god (deva) and heavenly king in Buddhism.,ബുദ്ധമതത്തിലെ മുൻനിരദൈവവും (ദേവൻ) സ്വർഗ്ഗീയ രാജാവുമാണ് ബ്രഹ്‌മം.
"In Karnataka, the group of 7th and 8th-century temples at Pattadakal famously mixes forms later associated with both north and south, as does that at Aihole, which still includes apsidal chaitya hall-type plans.","കർണാടകയിൽ, പട്ടടക്കലിലെ ഏഴാംനൂറ്റാണ്ടിലേയും എട്ടാംനൂറ്റാണ്ടിലെയും ക്ഷേത്രങ്ങളുടെ കൂട്ടങ്ങൾ, ഐഹോളിലേതെന്നതുപോലുള്ള, ഇപ്പോഴും അർദ്ധവൃത്താകൃതിയിലുള്ള ചൈത്യഹാൾ തരത്തിലുള്ള പ്ലാനുകൾ ഉൾക്കൊള്ളുന്നതും പിൽക്കാലത്ത് വടക്കുമായും തെക്കുമായും ബന്ധപ്പെടുത്തപ്പെട്ടതുമായ രൂപങ്ങളെ പ്രശസ്തമായ രീതിയിൽ കൂട്ടിക്കലർത്തുന്നു."
"However, the Arabs' higher status among non-Arab Muslim converts and the latter's obligation to pay heavy taxes caused resentment.","എന്നാൽ, മതപരിവർത്തനം ചെയ്തവരായ അറബികളല്ലാത്തവർക്കിടയിൽ അറബികൾക്കുള്ള ഉയർന്ന പദവിയും അറബികളല്ലാത്തവരുടെ കനത്ത നികുതിയടക്കേണ്ട ബാധ്യതയും വിദ്വേഷത്തിന് കാരണമായി."
"Lopez asserts they also used the term Bauddha, although scholar Richard Cohen asserts that that term was used only by outsiders to describe Buddhists.",ബുദ്ധമതക്കാരെ വിശേഷിപ്പിക്കാൻ പുറത്തുനിന്നുള്ളവർ മാത്രം ഉപയോഗിച്ച പദമാണ് ബൗദ്ധ എന്ന് റിച്ചാഡ് കോഹെൻ എന്ന പണ്ഡിതൻ സമര്‍ത്ഥിക്കുന്നുണ്ടെങ്കിലും അവർ ഈ പദവും ഉപയോഗിച്ചിരുന്നെന്ന് ലോപ്പസ് ഉറച്ചുപറയുന്നു.
"He had thousands of disciples all over India, Pakistan, and the USA, and he also had many khalifas all over India.","ഇന്ത്യ, പാകിസ്ഥാൻ, യു. എസ്. എ എന്നിവിടങ്ങളിൽ അദ്ദേഹത്തിന് ആയിരക്കണക്കിന് ശിഷ്യന്മാരും ഇന്ത്യയിലുടനീളം അദ്ദേഹത്തിന് നിരവധി ഖലീഫമാരുമുണ്ടായിരുന്നു."
"He shows that the major arguments advanced to prove God, from the wonders of nature or the apparent regularity of the universe, are all open to objection (what wonder is there in the existence of certain particularly repulsive insects, what regularity is there in the observation that all the planets turn in nearly the same plane, the same plane might have been striking but 'nearly the same plane' is far less convincing).","ദൈവത്തെ സ്ഥാപിക്കാന്‍ മുന്നോട്ടു വെക്കുന്ന, പ്രകൃതിയിലെ വിസ്മയങ്ങളോ പ്രപഞ്ചത്തിന്‍റെ പ്രത്യക്ഷനിയതത്ത്വമോ പോലുള്ള പ്രധാനവാദങ്ങളെല്ലാം എതിർപ്പുകൾക്ക് വിധേയമാണെന്ന് അദ്ദേഹം കാണിക്കുന്നു (വിശേഷിച്ചും അറപ്പുളവാക്കുന്ന ചില പ്രാണികളുടെ നിലനില്‍പ്പില്‍ എന്തു വിസ്മയം, ഗ്രഹങ്ങളെല്ലാം ഏതാണ്ട് ഒരേ തലത്തില്‍ ഭ്രമണം ചെയ്യുന്നുവെന്നതില്‍ എന്തു നിയതത്വം, ഒരുവേള ഒരേ തലത്തില്‍ ചലിച്ചിരുന്നെങ്കില്‍ അത് മനസ്സിൽ കൊള്ളുമായിരുന്നുവെങ്കിലും 'ഏതാണ്ട് ഒരേ തലത്തില്‍' എന്നുപറയുന്നതിന് വളരെക്കുറച്ചല്ലേ വിശ്വാസ്യത)."
"In him, the northern region brought forth, as it were, another god of death, bent in rivalry to surpass Yama (the god of death residing in the southern regions).",(തെക്കുദിക്കിൽ വസിക്കുന്ന മരണദേവനായ) യമനെ മറികടക്കാന്‍ മാത്സര്യബുദ്ധി മൂത്ത മറ്റൊരു മരണദേവതയെ അദ്ദേഹത്തിലൂടെ വടക്കുദിക്ക് മുന്നോട്ടുകൊണ്ടുവന്നു എന്ന് പറയാം.
"While the prominent 8th-century Vedic scholar and teacher (acharya) Adi Shankara emphasized that, since Brahman is ever-present, Brahman-knowledge is immediate and requires no 'action', that is, striving and effort, the Advaita tradition also prescribes elaborate preparatory practice, including contemplation of the mahavakyas and accepting yogic samadhi as a means to knowledge, posing a paradox which is also recognized in other spiritual disciplines and traditions.","ബ്രഹ്മം ശാശ്വതമാണെന്നതിനാല്‍ ബ്രഹ്മജ്ഞാനം ആസന്നവും 'കര്‍മ്മം', അതായത്, പരിശ്രമവും അധ്വാനവും ആവശ്യമില്ലാത്തതുമാണെന്ന് എട്ടാം നൂറ്റാണ്ടിലെ പ്രമുഖ വേദപണ്ഡിതനും ആചാര്യനുമായ ആദിശങ്കരന്‍ ഊന്നിപ്പറഞ്ഞെങ്കിലും, അദ്വൈതസമ്പ്രദായം മഹാവാക്യങ്ങളുടെ ധ്യാനവും ജ്ഞാനത്തിനുള്ള മാര്‍ഗ്ഗമായി യോഗസമാധിയും ഉള്‍പ്പടെയുള്ള വിപുലമായ പ്രാരംഭകമായ അനുശീലനങ്ങൾ നിര്‍ദ്ദേശിക്കുകയും അങ്ങനെ മറ്റ് ആധ്യാത്മികപദ്ധതികളും സമ്പ്രദായങ്ങളും അംഗീകരിക്കുന്ന ഒരു വിരോധാഭാസം സംഭവിക്കുകയും ചെയ്യുന്നു."
"The arrival of Islam removed the royal patronage to the monastic tradition of Buddhism, and the replacement of Buddhists in long-distance trade by the Muslims eroded the related sources of patronage.","ബുദ്ധമതത്തിന്‍റെ സന്യാസ സമ്പ്രദായത്തിനുള്ള രാജകീയ രക്ഷാകര്‍ത്തൃത്വം ഇസ്ലാമിന്‍റെ വരവോടെ നീക്കം ചെയ്യപ്പെടുകയും, ദീര്‍ഘദൂര വ്യാപാരത്തില്‍ ബുദ്ധമതക്കാർക്കുപകരം മുസ്ലീങ്ങള്‍ വന്നതുമൂലം ബന്ധപ്പെട്ട രക്ഷാകര്‍ത്തൃത്വസ്രോതസ്സുകള്‍ അശക്തമാവുകയും ചെയ്തു."
"In the third stage, additional ideas were introduced; for example, rituals, repentance, and offerings at Taoist temples were encouraged as they could alleviate the karmic burden.","മൂന്നാം ഘട്ടത്തില്‍ കൂടുതല്‍ ആശയങ്ങള്‍ അവതരിപ്പിക്കപ്പെട്ടു; ഉദാഹരണത്തിന്, കര്‍മ്മഭാണ്ഡത്തിൻ്റെ ഭാരം കുറയ്ക്കാൻ ആവുമെന്നതിനാല്‍ താവോയിസ്റ്റ് അമ്പലങ്ങളില്‍ വഴിപാടുകളും പ്രായശ്ചിത്തവും അനുഷ്ഠാനങ്ങളും പ്രോത്സാഹിപ്പിക്കപ്പെട്ടു."
"Anant promised Kaundinya that if he made the 14-year vow, he would be free from all his sins and would obtain wealth, children, and happiness.",അദ്ദേഹം 14 വർഷത്തേക്ക് വ്രതമെടുക്കുകയാണെങ്കിൽ എല്ലാ പാപങ്ങളിൽ നിന്നും മുക്തി കിട്ടുകയും സമ്പത്തും സന്താനങ്ങളും സന്തോഷവുംലഭിക്കുകയും ചെയ്യുമെന്ന് കൗണ്ഡിന്യക്ക് അനന്ത് വാക്ക് നൽകി.
"Mahayana remained a minority among Indian Buddhists for some time, growing slowly until about half of all monks encountered by Xuanzang in 7th-century India were Mahayanists.","കുറച്ചുകാലം മഹായാനം ഇന്ത്യയിലെ ബുദ്ധമതക്കാർക്കിടയിൽ ന്യൂനപക്ഷമായി കഴിഞ്ഞെങ്കിലും, ഏഴാം നൂറ്റാണ്ടിൽ സുവാൻസാങ് ഇന്ത്യയിൽ കണ്ടുമുട്ടിയ സന്യാസികളിൽ ഏകദേശം പകുതിയും മഹായാനികൾ ആകുംവിധം അവർ ക്രമേണ വളരുകയായിരുന്നു."
"When the Dutch captain Joris van Spilbergen landed in 1602, the king of Kandy appealed to him for help.",ഡച്ച് കപ്പിത്താന്‍ ജോറിസ് വാൻ സ്പിൽബെർഗൻ 1602ൽ കപ്പലിറങ്ങിയപ്പോൾ കാൻഡിയിലെ രാജാവ് അദ്ദേഹത്തോട് സഹായമഭ്യർത്ഥിച്ചു.
"The report also selectively quoted general comments and country-specific recommendations made by treaty bodies and propagated controversial and unrecognized principles, including the so-called Yogyakarta Principles, to justify his personal opinion.","പൊതുവായ അഭിപ്രായപ്രകടനങ്ങളും ഉടമ്പടിക്കായുള്ള സംഘടനകള്‍ നടത്തിയ, ഓരോ രാജ്യത്തിനും പ്രത്യേകമായുള്ള ശുപാര്‍ശകളും ആ റിപ്പോര്‍ട്ട് തിരഞ്ഞെടുത്ത് ഉദ്ധരിക്കുകയും, അദ്ദേഹത്തിൻ്റെ വ്യക്തിപരമായ അഭിപ്രായം ന്യായീകരിക്കാന്‍ യോഗ്യകര്‍ത്താതത്ത്വങ്ങള്‍ എന്ന് വിളിക്കപ്പെട്ടവ ഉള്‍പ്പെടെയുള്ള വിവാദകരവും അംഗീകരിക്കപ്പെടാത്തതുമായ തത്ത്വങ്ങള്‍ പ്രചരിപ്പിക്കുകയും ചെയ്തു."
"This synthesis, blending Confucian rituals and institutions with a broader liberal democratic frame, is distinct from both Western-style liberalism which, for Tseng, suffers from excessive individualism and a lack of moral vision and from traditional Confucianism which, for Tseng, has historically suffered from rigid hierarchies and sclerotic elites.","കണ്‍ഫ്യൂഷ്യന്‍ അനുഷ്ഠാനങ്ങളും വിശാലമായ ഉദാരജനാധിപത്യഘടനയോടുകൂടിയ സ്ഥാപനങ്ങളും യോജിപ്പിച്ച ഈ സംഗ്രഥനം, അമിതമായ വൈയക്തികതയും സദാചാരവീക്ഷണത്തിന്‍റെ അഭാവവും കൊണ്ട് വലയുന്നതായി ത്സെങ് കരുതുന്ന പാശ്ചാത്യ ശൈലിയിലുള്ള ഉദാരതയില്‍നിന്നും, അയവില്ലാത്ത അധികാരശ്രേണിയില്‍ നിന്നും വഴക്കമില്ലാത്ത വരേണ്യവർഗ്ഗത്തിൽനിന്നും ചരിത്രപരമായി പീഡിപ്പിക്കപ്പെട്ടിരുന്നതായി ത്സെങ് കരുതുന്ന സാമ്പ്രദായിക കണ്‍ഫ്യൂഷ്യനിസത്തില്‍ നിന്നും വ്യതിരിക്തമാണ്."
"Sikhism encourages temperance and moderation in food, i.e., to neither starve nor overeat.","സിഖുമതം ഭക്ഷണത്തിൽ ആത്മനിയന്ത്രണവും മിതത്വവും, അതായത് പട്ടിണി കിടക്കാതിരിക്കുകയോ അമിതമായി ഭക്ഷിക്കാതിരിക്കുകയോ ചെയ്യുവാൻ പ്രോത്സാഹനം നൽകുന്നു."
"Some bhajans are centuries old, popular on a pan-regional basis, and passed down as community traditions, while others are newly composed.",ചില ഭജനങ്ങൾ നൂറ്റാണ്ടുകൾ പഴക്കമുള്ളതും വ്യത്യസ്ത പ്രദേശങ്ങളിൽ പ്രചാരത്തിലുള്ളതും സാമൂഹികാചാരങ്ങളായി കൈമാറ്റം ചെയ്യപ്പെട്ടവയുമാണെങ്കിൽ പുതുതായി രചിക്കപ്പെട്ടവയാണ് മറ്റുള്ളവ.
"And if some (were) intemperate, they have ceased from their intemperance as was in their power; and obedient to their father and mother and to the elders, in opposition to the past also in the future, by so acting on every occasion, they will live better and more happily.","മാത്രമല്ല, ചിലര്‍ ആത്മനിയന്ത്രണമില്ലാത്തവരായിരുന്നെങ്കില്‍ തങ്ങളാൽ ആവുന്നത്ര അവര്‍ ആ ആത്മനിയന്ത്രണമില്ലായ്മയ്ക്ക് വിരാമമിടുകയും പണ്ടത്തേതില്‍നിന്ന് വ്യത്യസ്തമായി ഭാവിയിൽ അച്ഛനോടും അമ്മയോടും മുതിര്‍ന്നവരോടും അനുസരണയുള്ളവരായിരിക്കുകയും ചെയ്ത്, ഓരോ സന്ദര്‍ഭത്തിലും അങ്ങനെ പ്രവര്‍ത്തിക്കുന്നതുവഴി, കൂടുതല്‍ മെച്ചമായും സന്തോഷമായും ജീവിക്കുകയും ചെയ്യും."
"The Guru Granth Sahib starts with Japji Sahib, while the Dasam Granth starts with Jaap Sahib, also called Japu Sahib.",ഗുരു ഗ്രന്ഥ് സാഹിബ് ജപ്ജി സാഹിബിൽ ആരംഭിക്കുമ്പോൾ ദസം ഗ്രന്ഥ് ജപു സാഹിബ് എന്നും വിളിക്കപ്പെടുന്ന ജാപ് സാഹിബിൽ ആരംഭിക്കുന്നു.
"The Constana Mufti, who is the community's main representative, is elected by a secret ballot from among the imams.","സമുദായത്തിൻ്റെ പ്രധാന പ്രതിനിധിയായ കോൺസ്റ്റാന മുഫ്തി, ഇമാമുകൾക്കിടയിലെ ഒരു രഹസ്യ തെരഞ്ഞെടുപ്പിലൂടെയാണ് തെരഞ്ഞെടുക്കപ്പെടുന്നത്."
"The theological basis of non-violence as the highest religious duty has been interpreted by some Jain scholars not to ""be driven by merit from giving or compassion to other creatures, nor a duty to rescue all creatures,"" but to result from ""continual self-discipline,"" a cleansing of the soul that leads to one's own spiritual development, which ultimately affects one's salvation and release from rebirths.","""ദാനത്തിൽനിന്നോ അന്യജീവികളോടുള്ള കരുണയിൽനിന്നോ, എല്ലാ ജീവികളെയും രക്ഷിക്കുക എന്ന കര്‍ത്തവ്യത്തിൽനിന്നോ കിട്ടുന്ന പുണ്യത്താല്‍ ത്വരിപ്പിക്കപ്പെടാതെ"" ""നിരന്തരമായ ആത്മനിയന്ത്രണത്തിലൂടെ"" അവനവന്‍റെ ആധ്യാത്മികവികാസത്തിലെത്തിക്കുന്ന ആത്മശുദ്ധീകരണത്തിലൂടെ, ആത്യന്തികമായി മോക്ഷത്തേയും പുനര്‍ജ്ജന്മത്തിൽനിന്നുള്ള മുക്തിയേയും സ്വാധീനിക്കുകയാണ് അത്യുന്നതമായ മതധർമ്മമായി അഹിംസയെ കരുതുന്നതിൻ്റെ ദൈവശാസ്ത്രപരമായ അടിത്തറ എന്നാണ് ചില ജൈനപണ്ഡിതന്മാര്‍ വ്യാഖ്യാനിക്കുന്നത്."
Many splintered Sikh communities formed during the Mughal Empire era.,മുഗൾ സാമ്രാജ്യ കാലഘട്ടത്തിൽ ഒരുപാട് ചിതറിയ സിഖ് സമൂഹങ്ങൾ രൂപപ്പെട്ടു.
The Alai era saw the overthrow of the old nobility of early Mamluk rule.,ആദ്യകാല മംലൂക്കി ഭരണത്തിലെ പഴയ പ്രമാണികൾ അലഈ കാലഘട്ടത്തിൽ സ്ഥാനഭ്രഷ്ടരാക്കപ്പെട്ടു.
The Golden Temple in Amritsar and Hazur Sahib are examples.,അമൃത്‌സറിലെ സുവർണക്ഷേത്രവും ഹസൂർ സാഹിബും ഉദാഹരണങ്ങളാണ്.
"Fenech states, ""Indic mythology permeates the Sikh sacred canon, the Guru Granth Sahib and the secondary canon, the Dasam Granth and adds delicate nuance and substance to the sacred symbolic universe of the Sikhs of today and of their past ancestors.""","""സിഖുമതത്തിലെ വിശുദ്ധ പ്രമാണമായ ഗുരു ഗ്രന്ഥ് സാഹിബിലും രണ്ടാം പ്രമാണമായ ദസം ഗ്രന്ഥിലും ഇന്ത്യൻ പുരാണങ്ങൾ കിനിഞ്ഞിറങ്ങുകയും ഇന്നത്തെ സിഖുകാരുടെയും അവരുടെ കഴിഞ്ഞുപോയ പിന്മുറക്കാരുടെയും വിശുദ്ധമായ പ്രതീകാത്മകലോകത്തിന് ലോലമായ അർത്ഥഭേദങ്ങളും കാമ്പും നൽകുകയും ചെയ്യുന്നു""വെന്ന് ഫെനെക് പ്രസ്താവിക്കുന്നു."
"These narratives function like creation myths, explaining how the school came to be and why it has a special authority to convey the Buddha's teaching.","ഈ ദർശനം എങ്ങനെ രൂപപ്പെട്ടുവെന്നും ബുദ്ധൻ്റെ അനുശാസനങ്ങൾ കൈമാറുന്നതിൽ അതിനെന്തുകൊണ്ടാണ് ഒരു സവിശേഷാധികാരം ഉള്ളതെന്നും വിശദീകരിച്ചുകൊണ്ട്, സൃഷ്ടിപുരാണങ്ങൾ പോലെ ഈ ആഖ്യാനങ്ങൾ പ്രവർത്തിക്കുന്നു."
"Contrary to these textual classifications, many revered Hindu texts and doctrines question and disagree with this system of social classification.",മൂലഗ്രന്ഥങ്ങൾക്കനുസരിച്ചുള്ള ഈ വിഭാഗീകരണങ്ങൾക്ക് വിരുദ്ധമായി പല ഹിന്ദുഗ്രന്ഥങ്ങളും പ്രമാണങ്ങളും ഈ സാമൂഹികവിഭാഗീകരണ രീതിയെ ചോദ്യം ചെയ്യുകയും അതിനോട് വിയോജിക്കുകയും ചെയ്യുന്നു.
"The oldest one is the Finnish Islamic Association, which was established in 1925.",1925ൽ സ്ഥാപിതമായ ഫിന്നിഷ് ഇസ്ലാമിക് അസോസിയേഷനാണ് ഏറ്റവും പഴക്കംചെന്നത്.
"The Mourides have had one female marabout, Sokhna Magat Diop, who inherited her father's position.",മൗറിദുകൾക്ക് തൻ്റെ പിതാവിൻ്റെ പദവി അനന്തരാവകാശമായി ലഭിച്ച സൊഖ്‌ന മഗത് ദിയോപ് എന്ന ഒരു പുണ്യവതി ഉണ്ടായിട്ടുണ്ട്.
"Typically, during early modern Spain, many nuns were from elite families who had the means to afford the convent dowry and ""maintenance allowances,"" which were annual fees.","സവിശേഷമാംവിധം, ആദ്യകാല ആധുനിക സ്പെയിനില്‍, മഠത്തിലെ കന്യാധനവും വാര്‍ഷികഫീസായ ""സംരക്ഷണഅലവന്‍സും"" നല്‍കാനുള്ള സാമ്പത്തികശേഷിയോടുകൂടിയ കുലീനകുടുംബങ്ങളില്‍നിന്നാണ് അനേകം കന്യാസ്ത്രീകള്‍ വന്നിരുന്നത്."
"Traditional stories, rituals, and taboos of the Inuit are often precautions against dangers posed by their harsh Arctic environment.",ഇന്യൂട്ടുകളുടെ പരമ്പരാഗതകഥകളും ആചാരങ്ങളും വിലക്കുകളും പലപ്പോഴും അവരുടെ പരുക്കനായ ഉത്തരധ്രുവപരിസ്ഥിതി സൃഷ്ടിക്കുന്ന അപകടങ്ങൾക്കെതിരെയുള്ള മുൻകരുതലുകളാണ്.
"In terms of places for worship or praying, Walisongo also uses the term Sanggar in Kapitayan, which represents a four-square building with an empty hole in its wall as the symbol of Sang Hyang Taya in Kapitayan, not arca or statues as in Hinduism or Buddhism.","ആരാധനയ്ക്കോ പ്രാര്‍ത്ഥനയ്ക്കോ ഉള്ള ഇടങ്ങള്‍ എന്ന നിലയ്ക്ക് കപിതായന്‍ സമ്പ്രദായത്തില്‍ സന്ഗ്ഗാര്‍ എന്ന ശബ്ദം വാലിസോന്ഗോ ഉപയോഗിക്കുമ്പോള്‍ അര്‍ത്ഥമാക്കുന്നത്, ഹിന്ദുമതത്തിലോ ബുദ്ധമതത്തിലോ ഉള്ള അർക്കയോ പ്രതിമകളോ അല്ല, മറിച്ച്, കപിതായനിലെ സാംഗ് ഹ്യാങ് തായയുടെ പ്രതീകമായിട്ടുള്ള കാലിയായ ദ്വാരം ചുവരിലുള്ള നാല് ചതുരങ്ങളുള്ള കെട്ടിടത്തെയാണ്."
"Adultery is considered immoral by Christians and a sin, based primarily on passages like Exodus 20:14 and 1 Corinthians 6:910.","പ്രധാനമായും പുറപ്പാട് 20.14, കൊരിന്തിയര്‍ 6.9,10 എന്നീ വാക്യങ്ങളെ ആധാരമാക്കി ക്രിസ്ത്യാനികള്‍ വ്യഭിചാരം അസാന്മാര്‍ഗ്ഗികവും പാപവുമായി കരുതുന്നു."
"He described his mother, raised by non-religious parents, as being ""detached from religion"", yet in many ways the most ""spiritually awakened person I have ever known"", and as a ""lonely witness for secular humanism"".","മതവിശ്വാസമില്ലാത്തവരായ മാതാപിതാക്കളാൽ വളർത്തപ്പെട്ട തൻ്റെ മാതാവിനെ അദ്ദേഹം ""മതത്തിൽ നിന്ന് വേർപെട്ടവരും"" പക്ഷെ പല രീതിയിലും ""എനിക്ക് എക്കാലവും അറിയാൻ ഇടവന്ന ഏറ്റവും ആത്മീയമായ ഉദ്ബുദ്ധതയോടുകൂടിയ വ്യക്തി""യായും ""മതേതരമായ മാനവികതയുടെ ഒരു ഏകയായ സാക്ഷി""യായും ആണ് വിശേഷിപ്പിച്ചത്."
"""Adore and revere the worldly knowledge"", asserts Sanatkumara in section 7.1 of the Upanishad, ""but meditate on all that knowledge in the name, as Brahman.""","ഉപനിഷത്തിൻ്റെ 7.1 ഭാഗത്തിൽ ""ലൗകികജ്ഞാനത്തെ ആരാധിക്കുകയും ആദരിക്കുകയും ചെയ്യുക"", ""പക്ഷെ ആ ജ്ഞാനത്തെയെല്ലാം ബ്രഹ്മമായി, ബ്രഹ്മത്തിൻ്റെ പേരിൽ ധ്യാനിക്കുക"" എന്ന് സനത്കുമാരൻ ഉറച്ചുപറയുന്നു."
"The mantras are from the Taittiriya Upanishad, Shikshavalli I.11.2, which says: matrudevo bhava, pitrudevo bhava, acharyadevo bhava, atithidevo bhava.","തൈത്തിരീയ ഉപനിഷത്തിലെ ശിക്ഷാവല്ലിയിലെ I.11.2 മന്ത്രം പറയുന്നു: മാതൃദേവോഭവ, മിത്രദേവോഭവ, പിതൃദേവോഭവ, ആചാര്യദേവോഭവ, അതിഥിദേവോഭവ."
India sent its first national team to the Olympics in 1920 and has participated in every Summer Olympic Games ever since.,1920ലെ ഒളിമ്പിക്സിലേക്ക് തങ്ങളുടെ ആദ്യ ദേശീയ ടീമിനെ അയച്ച ഇന്ത്യ തുടർന്നുള്ള എല്ലാ സമ്മർ ഒളിമ്പിക് ഗെയിംസിലും പങ്കെടുത്തിട്ടുണ്ട്.
Air guns come in both long gun (air rifle) and handgun (air pistol) forms.,"ലോങ്ങ്‌ ഗണ്‍ (എയര്‍ റൈഫിള്‍), ഹാന്‍ഡ്‌ ഗണ്‍ ( എയര്‍ പിസ്റ്റള്‍) എന്നീ രണ്ടു രൂപങ്ങളിലും എയര്‍ ഗണ്ണുകൾ വരുന്നു."
"Milkha Singh was the only athlete to win an individual gold medal at a Commonwealth Games, but at the 2010 Commonwealth Games, Krishna Punia created history by winning the women's discus throw gold medal for India after 52 years and as the first woman to win a gold in athletics at the Commonwealth Games.","കോമണ്‍വെല്‍ത്ത് ഗെയിംസില്‍ ഒരു വ്യക്തിഗതസ്വര്‍ണ്ണം നേടുന്ന ഒരേയൊരു കായികതാരം മില്‍ഖാ സിംഗ് ആയിരുന്നെങ്കിലും, 52 വര്‍ഷങ്ങള്‍ക്കു ശേഷം 2010 കോമണ്‍വെല്‍ത്ത് ഗെയിംസില്‍ കൃഷ്ണാ പുനിയ സ്ത്രീകളുടെ ഡിസ്കസ് ത്രോയില്‍ സ്വര്‍ണ്ണ മെഡല്‍ നേടിക്കൊണ്ട് കോമണ്‍വെല്‍ത്ത് ഗെയിംസില്‍ അത്ലറ്റിക്സില്‍ സ്വര്‍ണ്ണം നേടുന്ന ആദ്യ വനിതയായി ചരിത്രം സൃഷ്ടിച്ചു."
"Anju is married to Robert Bobby George, who is a former national champion in the triple jump and her coach too.",ട്രിപ്പിള്‍ ജമ്പില്‍ മുന്‍ ദേശീയ ചാമ്പ്യനും തന്‍റെ കോച്ചുകൂടിയുമായ റോബര്‍ട്ട് ബോബി ജോര്‍ജ്ജിനെയാണ് അഞ്ജു വിവാഹം കഴിച്ചിരിക്കുന്നത്.
Any performance with a following wind of more than 2.0 metres per second is not counted for record purposes.,പുറകിൽനിന്നുവരുന്നതും സെക്കൻഡിൽ 2.0 മീറ്ററിൽ കൂടുതൽ വേഗതയുള്ളതുമായ കാറ്റുണ്ടെങ്കിൽ ഒരു പ്രകടനവും റെക്കോഡുകളിൽ ഉൾപ്പെടുത്തുകയില്ല.
"As of 1 January 2010, men are only allowed to wear suits from the waist to the knees.","2010 ജനുവരി ഒന്നാം തീയതി മുതൽ, പുരുഷന്മാര്‍ അര മുതല്‍ കാല്‍മുട്ടുവരെയുള്ള സ്യൂട്ടുകളേ ധരിക്കാന്‍ പാടുള്ളൂ."
Bristol Bears (rugby union) and Gloucestershire County Cricket Club are also based in the city.,(റഗ്ബി യൂണിയനായ) ബ്രിസ്റ്റോള്‍ ബെയേഴ്സും ഗ്ലസ്റ്റര്‍ഷെയര്‍ കൗണ്ടി ക്രിക്കറ്റ് ക്ലബ്ബും ഈ നഗരമാണ് ആസ്ഥാനമാക്കിയിട്ടുള്ളത്.
"In 2014, Singapore Table Tennis Association's president Lee Bee Wah quit over this issue; her successor, Ellen Lee, later favored the application for citizenship of Zeng Jian, a China-born paddler.","2014ല്‍ സിംഗപ്പൂര്‍ ടേബിള്‍ ടെന്നീസ് അസോസിയേഷന്‍റെ പ്രസിഡണ്ടായ ലീ ബീ വാ ഈ പ്രശ്നത്തിന്‍റെ പേരിൽ രാജിവയ്ക്കുകയും അവരുടെ പിന്‍ഗാമിയായ എലെന്‍ ലീ, ചൈനയില്‍ പിറന്ന ഒരു പാഡ്‌ലറായ സെങ് ജിയാനിന്‍റെ പൗരത്വാപേക്ഷയെ പിന്നീട് അനുകൂലിക്കുകയും ചെയ്തു."
"Since the 1920s, professional engineers have taken an interest in archery, previously the exclusive domain of traditional craft experts.",മുന്‍പ്‌ പരമ്പരാഗത കരകൗശല വിദഗ്ധരുടെ പ്രത്യേക മണ്ഡലമായിരുന്ന അമ്പെയ്ത്തില്‍ 1920കള്‍ മുതല്‍ പ്രൊഫഷനല്‍ എന്‍ജിനീയര്‍മാര്‍ താത്പര്യം എടുത്തുതുടങ്ങി.
"Juan Manuel Fangio is five times Formula One world champion under four different teams, winning 102 of his 184 international races, and is widely ranked as the greatest driver of all time.",നാല് വ്യത്യസ്തടീമുകളില്‍ നിന്ന് അഞ്ചുതവണ ഫോര്‍മുലാ വണ്‍ ചാമ്പ്യനാവുകയും 184 അന്താരാഷ്ട്രീയ മത്സരങ്ങളില്‍ 102 എണ്ണം ജയിക്കുകയും ചെയ്ത ജുവാന്‍ മാനുവല്‍ ഫാംഗിയോ എക്കാലത്തെയും ഏറ്റം മഹാനായ ഡ്രൈവറായി പരക്കെ കരുതപ്പെടുന്നു.
"In India, the Beighton Cup and the Aga Khan tournaments commenced within ten years.",ഇന്ത്യയില്‍ ബെയ്റ്റണ്‍ കപ്പും ആഗാ ഖാന്‍ മത്സരങ്ങളും പത്തുവര്‍ഷത്തിനുള്ളില്‍ ആരംഭിച്ചു.
"In May 2012, Deepika Kumari won her first World Cup individual stage recurve gold medal in Antalya, Turkey.",തുര്‍ക്കിയിലെ അന്താല്യയില്‍വെച്ച് 2012 മേയില്‍ ദീപികാകുമാരി അവരുടെ ആദ്യത്തെ വൈയക്തിക ലോക കപ്പ് സ്റ്റേജ് റീകര്‍വ്‌ സ്വര്‍ണ മെഡല്‍നേടി.
"She said that her salary was not paid for the past two years, and neither was her leave for subsequent games duly sanctioned by the authority.",കഴിഞ്ഞ രണ്ടു വര്‍ഷമായി തനിക്കു ശമ്പളം തരുന്നില്ലെന്നും അധികാരികള്‍ തുടര്‍ന്നുള്ള കളികൾക്കുള്ള അവധി മുറയ്ക്ക് അനുവദിക്കുന്നില്ലെന്നും അവര്‍ പറഞ്ഞു.
"The contingents were judged on the basis of their physical development, looks, and personalities.","സംഘങ്ങള്‍, അവരുടെ ശാരീരിക വികാസം, രൂപഭംഗി, വ്യക്തിത്വം എന്നിവയുടെ അടിസ്ഥാനത്തില്‍ വിലയിരുത്തപ്പെട്ടു."
Ashok Kumar scored the all-important winning goal to achieve India's lone triumph in the World cup.,ലോകകപ്പിലെ ഇന്ത്യയുടെ ഒരേയൊരു വിജയം നേടാന്‍ അശോക്‌ കുമാര്‍ ആ സര്‍വപ്രധാനമായ വിജയഗോള്‍ അടിച്ചു.
"In the women's freestyle 55kg category at the 2014 Commonwealth Games, Babita's first opponent in the quarter-finals was Kathryn Marsh of Scotland, whom she beat 92, 40 (classification points 4:1).","2014 കോമണ്‍വെല്‍ത്ത് ഗെയിംസിലെ സ്ത്രീകളുടെ 55 കിലോഗ്രാം വിഭാഗത്തിലെ ഫ്രീ സ്റ്റൈലിന്‍റെ ക്വാര്‍ട്ടര്‍ ഫൈനലില്‍ ബബിതയുടെ ആദ്യ എതിരാളിയായിരുന്ന സ്കോട്ട്ലണ്ടിന്‍റെ കാതറിന്‍ മാര്‍ഷിനെ അവര്‍ 92, 40 ന് (ക്ലാസിഫികേഷന്‍ പോയിന്‍റ് 4:1) പരാജയപ്പെടുത്തി."
"The 2015 Commonwealth Karate Games were held in Delhi, India.",ഇന്ത്യയിലെ ഡല്‍ഹിയിലാണ് 2015 ലെ കോമണ്‍വെല്‍ത്ത് കരാട്ടെ ഗെയിംസ് നടത്തിയത്.
"Men and women have different weights for their throwing implements: men's javelin is 800 grammes compared to women's 600, men's weight throw is 35 pounds compared to women's 20, men's discus is 2 kilogrammes compared to women's 1, men's shot put is 16 pounds compared to women's 8 pounds, and men's hammer throw is also 16 pounds compared to women's 8.","സ്ത്രീകള്‍ക്കും പുരുഷന്മാര്‍ക്കും എറിയാനുള്ള കോപ്പുകള്‍ക്ക് വ്യത്യസ്തഭാരമാണുള്ളത്: പുരുഷന്മാരുടെ ജാവലിന്‍ 800 ഗ്രാമായിരിക്കെ സ്ത്രീകളുടേത്‌ 600 ആണ്, പുരുഷന്മാരുടെ എറിയാനുള്ള ഭാരം 35 പൗണ്ടും സ്ത്രീകളുടേത്‌ 20ഉം ആണ്, പുരുഷന്മാരുടെ ഡിസ്കസ് 2 കിലോയും സ്ത്രീകളുടേത്‌ 1 ഉം ആണ്, പുരുഷന്മാരുടെ ഷോട്ട് പുട്ട് 16 പൗണ്ടും സ്ത്രീകളുടേത്‌ 8 ഉം ആണ്, ഒപ്പം പുരുഷന്മാരുടെ ഹാമര്‍ ത്രോ 16 പൗണ്ടും സ്ത്രീകളുടേത്‌ 8 ഉം."
"In 2009, he became the vice president of the profitable Gujarat Cricket Association (GCA), while Modi served as its president.",2009ല്‍ അദ്ദേഹം ലാഭത്തില്‍ പ്രവര്‍ത്തിക്കുന്ന ഗുജറാത്ത് ക്രിക്കറ്റ് അസോസിയേഷന്‍റെ (ജി.സി.എ) ഉപാധ്യക്ഷനായപ്പോള്‍ മോഡി അതിന്‍റെ അധ്യക്ഷനായി സേവനം അനുഷ്ഠിച്ചു.
"Another format is relay triathlons, where a team of competitors takes turns to compete in a race; each competitor must do a segment of swimming, cycling and running.","മറ്റൊരു മത്സരരൂപം ഒരു സംഘം മത്സരാര്‍ഥികള്‍ ഊഴം വച്ച് മത്സരിക്കുന്ന റിലേ ട്രയാതലോണുകളാണ്; ഓരോ മത്സരാർത്ഥിയും നീന്തല്‍, സൈക്കിളോട്ടം, ഓട്ടം എന്നിവയില്‍ ഒരു ഭാഗം ചെയ്യണം."
"According to ICC rules, an ODI match is only official after 25 overs are bowled to the side batting second.",ഐ.സി.സി. നിയമങ്ങള്‍ പ്രകാരം രണ്ടാമത് ബാറ്റ് ചെയ്യുന്ന ടീമിനെതിരെ 25 ഓവര്‍ ബൗള്‍ ചെയ്താലേ ഒരു അന്താരാഷ്ട്ര ഏകദിന മാച്ച് ഔദ്യോഗികമായി എണ്ണപ്പെടൂ.
"On the reserve day, the Sri Lankans again batted first, scoring 222 runs including Mahela Jayawardene and Russel Arnold scoring 77 and 56 runs respectively, and Indian Zaheer Khan took three wickets for 44 runs.","റിസര്‍വ് ദിവസം, ശ്രീലങ്ക വീണ്ടും ആദ്യം ബാറ്റ് ചെയ്യുകയും മഹേല ജയവര്‍ദ്ദനെ, റസല്‍ ആര്‍നോള്‍ഡ് എന്നിവര്‍ യഥാക്രമം 77 ഉം 56 ഉം റണ്‍സ് എടുത്ത് 222 റണ്‍സ് നേടുകയും ഇന്ത്യയുടെ സഹീര്‍ ഖാന്‍ 44 റണ്‍സിനു മൂന്ന് വിക്കറ്റ് എടുക്കുകയും ചെയ്തു."
"On the senior circuit, Mirza started to show early success as she made her debut in April 2001 on the ITF Circuit as a 15-year-old.",2001 ഏപ്രിലിൽ ഐ. ടി. എഫ് സർക്യൂട്ടിൽ പതിനഞ്ചാംവയസ്സിൽ അരങ്ങേറ്റം കുറിച്ച മിർസ സീനിയർ സർക്യൂട്ടിൽ തുടക്കത്തിൽതന്നെ വിജയങ്ങൾ നേടാൻ തുടങ്ങി.
"Originally, it was intended that the top-ranked team in CWC League 2 would be promoted to the next 2020-2023 ICC Cricket World Cup Super League at the expense of its 13th-ranked team if the League 2 team finished as the higher of the two teams in the 2023 Cricket World Cup Qualifier.","2023 ലെ ക്രിക്കറ്റ് വേള്‍ഡ് കപ്പ്‌ ക്വാളിഫയറില്‍ രണ്ടു ടീമുകളിലും വച്ച് ലീഗ് 2 ടീം മുന്നില്‍ വരുമെങ്കിൽ, ഐ.സി.സി. വേള്‍ഡ് കപ്പിലെ പതിമൂന്നാം സ്ഥാനത്തുള്ള ടീമിന് പകരം സി.ഡബ്ല്യൂ.സി. ലീഗ് 2 ലെ ഏറ്റവും മികച്ച ടീമിന് 2020-2023 ഐ.സി.സി. വേള്‍ഡ് കപ്പ് സൂപ്പര്‍ ലീഗിലേക്ക് സ്ഥാനക്കയറ്റം നല്‍കപ്പെടും എന്നായിരുന്നു ആദ്യം തീരുമാനിച്ചിരുന്നത്."
She paired with Saketh Myneni to beat China's Hsien Yin Peng and Chan Hao-ching and win gold in the mixed doubles tournament.,"സാകേത് മൈനേനിയോടുകൂടി അവര്‍ ചൈനയുടെ സീന്‍ യിന്‍ പെങ്ങിനെയും , ചാന്‍ ഹാവോ ചിംങ്ങിനെയും തോല്‍പ്പിച്ച് മിക്സഡ്‌ ഡബിള്‍‍സ്‌ മത്സരത്തില്‍ സ്വര്‍ണം നേടി."
"Semenya's nation rallied around her to safeguard her dignity, her rights, and her position in world sports.","സെമെന്യയുടെ അന്തസ്സും അവകാശങ്ങളും, ലോകകായികരംഗത്തുള്ള അവരുടെ സ്ഥാനവും സംരക്ഷിക്കാന്‍ അവരുടെ രാജ്യം ഒപ്പം അണിനിരന്നു."
"She became the first woman to have swum across sea channels off five continents in 2005, including the Strait of Gibraltar, the Tyrrhenian Sea, Cook Strait, Toroneos Gulf (Gulf of Kassandra) in Greece, the Catalina Channel off the California coast, and from Three Anchor Bay to Robben Island near Cape Town, South Africa.","2005ല്‍ അവര്‍ ജിബ്രാള്‍ട്ടര്‍ കടലിടുക്ക്, റ്റിറെനിയന്‍ കടല്‍, കുക്ക് കടലിടുക്ക്, ഗ്രീസിലെ ടോരോനിയസ് ഗള്‍ഫ് (ഗള്‍ഫ് ഓഫ് കസാന്ദ്ര), കാലിഫോര്‍ണിയ തീരത്തിനടുത്തുള്ള കാറ്റാലിന ചാനല്‍, ത്രീ ആങ്കര്‍ ബേയില്‍നിന്ന് ദക്ഷിണാഫ്രിക്കയിലെ കേപ് ടൗണിനു സമീപത്തുള്ള റോബന്‍ ദ്വീപ് എന്നിവയുള്‍പ്പടെ അഞ്ചു ഭൂഖണ്ഡങ്ങളിലുള്ള കടല്‍ച്ചാനലുകള്‍ക്ക് കുറുകേ നീന്തിയ ആദ്യ വനിതയായി."
She holds the national record for having the most medals at the senior level in the National Championships for one state team.,ഒരു സംസ്ഥാന ടീമിന് വേണ്ടി ദേശീയ ചാമ്പ്യൻഷിപ്പിൽ സീനിയർ ലെവലിൽ ഏറ്റവും കൂടുതൽ മെഡലുകൾ കരസ്ഥമാക്കിയ റെക്കോർഡ് അവർക്കാണ്.
"She is the first woman Basketball player in India to represent the National team in one 2006 Commonwealth Games & two Asian Games 2010, 2014 respectively.","2006 കോമൺ‌വെൽത്ത് ഗെയിംസിലും യഥാക്രമം 2010, 2014 എന്നീ വർഷങ്ങളിലായി രണ്ട് ഏഷ്യൻ ഗെയിംസിലും ദേശീയടീമിനെ പ്രതിനിധീകരിക്കുന്ന ഇന്ത്യയിലെ ആദ്യ വനിതാ ബാസ്‌ക്കറ്റ്‌ബോൾ താരമാണ് അവർ."
"Meanwhile, Lahiri has two European Tour wins and seven Asian Tour wins.","അതേ സമയത്ത്, ലാഹിരിക്ക്, രണ്ടു യൂറോപ്യന്‍ ടൂര്‍ വിജയങ്ങളും ഏഴ് ഏഷ്യന്‍ ടൂര്‍ വിജയങ്ങളും ഉണ്ട്."
"She rose to fame when she won the silver medal at the 2002 Asian Games in Busan, South Korea.",ദക്ഷിണകൊറിയയിലെ ബുസാനിൽവെച്ച് നടന്ന 2002ലെ ഏഷ്യൻ ഗെയിംസിലെ വെള്ളിമെഡൽ നേട്ടത്തിലൂടെ അവർ പ്രശസ്തിയിലേക്കുയർന്നു.
"Together, these four events are called the Majors or Slams (a term borrowed from bridge rather than baseball).",ഈ നാല് മത്സരപരിപാടികളേയും ചേർത്ത് മേജേർസ് എന്നോ സ്ലാംസ് എന്നോ (ബേസ്ബോളിൽനിന്നെന്നതിലേറെ ബ്രിഡ്ജിൽനിന്നും കടമെടുത്തതാണ് ഈ പദം) വിളിക്കുന്നു.
"The Olympic Flag was carried around the arena by eight former Australian Olympic champions: Bill Roycroft, Murray Rose, Liane Tooth, Gillian Rolton, Marjorie Jackson, Lorraine Crapp, Michael Wenden and Nick Green.","ആസ്ട്രേലിയയുടെ എട്ട് മുൻ ഒളിമ്പിക് ചാമ്പ്യന്മാരായ ബിൽ റോയ്‌ക്രോഫ്റ്റ്, മുറെ റോസ്, ലിയാൻ ടൂത്ത്, ഗില്ലിയൻ റോൾട്ടൺ, മാർജറി ജാക്‌സൺ, ലോറൈൻ ക്രാപ്പ്, മൈക്കൽ വെൻഡൻ, നിക്ക് ഗ്രീൻ എന്നിവർ ഒളിമ്പിക് പതാക വഹിച്ചുകൊണ്ട് അറീനയെ വലംവെച്ചു."
"Set in the surroundings of the Sydney Opera House, Brigitte McMahon representing Switzerland swam, cycled and ran to the first gold medal in the sport, beating the favoured home athletes such as Michelie Jones who won silver.","സിഡ്നി ഓപ്പറ ഹൗസിൻ്റെ പരിസരങ്ങളിൽവെച്ച്, സ്വിറ്റ്സർലാൻഡിനെ പ്രതിനിധീകരിച്ച ബ്രിജിറ്റ് മക്‌മാഹൻ, വെള്ളിമെഡൽ നേടിയ മിഷേൽ ജോൺസിനെപ്പോലുള്ള അന്നാട്ടിലെ പ്രിയരായ കായികതാരങ്ങളെ പരാജയപ്പെടുത്തി, നീന്തുകയും സൈക്കിൾ ചവിട്ടുകയും ഓടുകയും ചെയ്ത് മത്സരത്തിലെ ആദ്യ സ്വർണമെഡൽ കരസ്ഥമാക്കി."
The Triathlon made its Olympic debut with the women's race.,ഒളിമ്പിക്സിലെ ട്രയാത്തലണിന്‍റെ അരങ്ങേറ്റം സ്ത്രീകളുടെ ഓട്ടമത്സരത്തോടെ തുടങ്ങി.
"Known in real life as ""Kuttinarayanan,"" this elephant fractured its leg in an accident when he was seven years old when he stepped into a septic tank.","യഥാർത്ഥജീവിതത്തിൽ ""കുട്ടിനാരായണൻ"" എന്നറിയപ്പെടുന്ന ഈ ആനയ്ക്ക്, അവന് ഏഴുവയസ്സായിരിക്കെ ഒരു സെപ്റ്റിക് ടാങ്കിലേക്ക് കാൽവെച്ചുണ്ടായ ഒരപകടത്തിൽ കാലിന് ഒടിവുണ്ടായി."
"This template was modified in 1875 to the court design that exists today, with markings similar to Wingfield's version, but with the hourglass shape of his court changed to a rectangle.",1875ല്‍ ഈ രൂപരേഖ ഇന്നത്തെ കോര്‍ട്ട് ഡിസൈനിലേക്ക് രൂപാന്തരപ്പെടുത്തുകയും മാര്‍ക്കിങ്ങുകള്‍ വിംഗ്ഫീല്‍ഡിന്‍റെ മാതൃകയ്ക്ക് ഒപ്പിച്ചാണെങ്കിലും അദ്ദേഹത്തിന്‍റെ കോര്‍ട്ടിന്‍റെ നാഴികമണിരൂപം ദീര്‍ഘചതുരമാക്കുകയും ചെയ്തു.
United States' dominance in sprinting was matched in the longer track races by the United Kingdom.,സ്പ്രിൻ്റിങ്ങിലെ അമേരിക്കയുടെ മേധാവിത്തത്തിനു ദീര്‍ഘദൂര ഓട്ടത്തില്‍ ഇംഗ്ലണ്ട് കിടനിന്നു.
"In the second round, she beat Anne Keothavong to enter the quarterfinals, where she lost to Hsieh Su-Wei.",രണ്ടാം റൗണ്ടില്‍ അവര്‍ ആന്‍ കിയോതവാങ്ങിനെ തോല്‍പ്പിച്ച് ക്വാര്‍ട്ടര്‍ ഫൈനലില്‍ എത്തുകയും അവിടെ സെ സു വെയോട് പരാജയപ്പെടുകയും ചെയ്തു.
"Other French artists to have represented the sport in their works include Albert Gleizes' Les Joueurs de football (1912), Robert Delaunay's Football. L'Equipe de Cardiff (1916), and Andre Lhote's Partie de Rugby (1917).","ഈ കായികവിനോദങ്ങള്‍ തങ്ങളുടെ രചനകളില്‍ പ്രതിഫലിപ്പിച്ച മറ്റ് ഫ്രഞ്ച് കലാകാരന്മാരില്‍ ലെ ഷുവേ ഡി ഫുട്ബോള്‍ (1912) ചെയ്ത അല്‍ബേര്‍ ഗ്ലെയ്സെസ്, ഫുട്ബോള്‍ ലെക്വിപ് ഡി കാര്‍ഡിഫ് (1916) ചെയ്ത റോബര്‍ട്ട് ദിലോനെ, പാര്‍ട്ടി ഡി റഗ്ബി (1917) ചെയ്ത ആന്ദ്രെ ലോതെ എന്നിവര്‍ ഉള്‍പ്പെടുന്നു."
Other Indian cuisines are also available in this area even though the street specialises in north Indian food.,ഈ പ്രദേശത്ത് മറ്റ് ഇന്ത്യൻ പാചകരീതികളും ലഭ്യമാണെന്നിരിക്കെ തെരുവുകളിൽ പ്രധാനമായും ഉത്തരേന്ത്യൻ ഭക്ഷണമാണ് കിട്ടുന്നത്.
"Among Baku's cultural venues are the Azerbaijan State Philharmonic Hall, the Azerbaijan State Academic Opera, and the Ballet Theatre.","അസർബൈജാൻ സ്റ്റേറ്റ് ഫിലാർമോണിക് ഹാൾ, അസർബൈജാൻ സ്റ്റേറ്റ് അക്കാദമിക് ഓപ്പറ, ബാലെ തിയേറ്റർ എന്നിവ ബാകുവിലെ സാംസ്കാരിക വേദികളിൽ ഉൾപ്പെടുന്നു."
"Vanuatu and the Solomon Islands are also nowhere near short on natural attractions; however, as both those countries get fewer tourists, the highlights of those areas are often underrated.",വാന്വാടുവിലും സോളമൻ ദ്വീപുകളിലും പ്രകൃതിയിലെ ആകർഷണങ്ങൾക്ക് കുറവൊന്നുമില്ല; എന്നാൽ ഈ രണ്ടുരാജ്യങ്ങൾക്കും കുറഞ്ഞ വിനോദസഞ്ചാരികളെ ലഭിക്കുന്നതിനാൽ അവിടങ്ങളിലെ ശ്രദ്ധാകേന്ദ്രങ്ങൾക്ക് പലപ്പോഴും വേണ്ട വില മതിക്കാറില്ല.
"As of September 2016, there are nine crossing points on the boundary between Shenzhen and Hong Kong, among which six are land connections.",2016 സെപ്റ്റംബറിലെ സ്ഥിതിയനുസരിച്ച് ഷെൻഷെനിനും ഹോങ്കോങിനും ഇടയിലുള്ള അതിർത്തിയിൽ കരമാർഗ്ഗമുള്ള ആറെണ്ണമടക്കം ഒമ്പത് സഞ്ചാരവഴികളുണ്ട്.
"Bangladeshi villages consist of thatched-roofed houses made of natural materials like mud, straw, wood, and bamboo.","മണ്ണ്, വൈക്കോൽ, മരം, മുള തുടങ്ങിയ പ്രകൃതിദത്ത വസ്തുക്കളാൽ നിർമിക്കപ്പെട്ട ഓല മേഞ്ഞ വീടുകൾ ബംഗ്ലാദേശി ഗ്രാമങ്ങളിലുണ്ട്."
"This part of Africa is where you can find the quintessential savanna safari experience, venturing out in a Land Rover across the plains to scout lions, cheetahs and elephants.","ഒരു ലാൻഡ് റോവറിൽ സമതലങ്ങൾക്കുകുറുകെ സിംഹങ്ങളെയും ചീറ്റപ്പുലികളെയും ആനകളെയും തിരഞ്ഞ് ഇറങ്ങിത്തിരിക്കുന്ന, ഒഴിവാക്കാൻ പറ്റാത്ത സവാനാ നായാട്ടനുഭവം ആഫ്രിക്കയുടെ ഈ ഭാഗത്താണ് നിങ്ങൾക്ക് കണ്ടെത്താൻ കഴിയുക."
It was subordinated to the genus Panthera by Reginald Innes Pocock in 1929.,അതിനെ പന്തെറ ജെനുസ്സിലേക്ക് 1929 ല്‍ റെജിനാള്‍ഡ് ഇന്നെസ് പോകോക് തരംതാഴ്ത്തി.
"From Balipara, there is another 15 km - you can either take the Itanagar-Bomdila bus that passes through Balipara around 11 AM to drop you at the Nameri bus stop (you will see the ""Bhalukpong 22 km"" milestone there) or negotiate with one of the numerous shared taxis for a drop at the Nameri bus stop.","ബലിപാറയിൽനിന്ന് 15 കിലോമീറ്റർ കൂടിയുണ്ട് - നിങ്ങൾക്ക് രാവിലെ ഏതാണ്ട് 11 മണിക്ക് ബലിപാറയിലൂടെ പോകുന്നതും നിങ്ങളെ നമേരി ബസ് സ്റ്റോപ്പി(അവിടെ നിങ്ങൾക്ക് ""ബാലുക്പോങ് 22 കിലോമീറ്റർ"" എന്ന മൈൽക്കുറ്റി കാണാം)ൽ ഇറക്കുന്നതുമായ ഇറ്റാനഗർ-ബോംഡില ബസ് പിടിക്കുകയോ, പങ്കുവെക്കപ്പെടുന്ന അനേകം ടാക്സികളിലൊന്നിനോട് നിങ്ങളെ നമേരി ബസ്‌സ്റ്റോപ്പിൽ ഇറക്കുവാൻ വിലപേശുകയോ ചെയ്യാം."
Goa has two World Heritage Sites: the Bom Jesus Basilica and the churches and convents of Old Goa.,ഗോവയിൽ രണ്ട് ലോക പൈതൃകഇടങ്ങളുണ്ട്: ബോം ജീസസ് ബസിലിക്കയും പഴയ ഗോവയിലെ പള്ളികളും കോൺവെൻ്റുകളും.
"The Grand Egyptian Museum is the long-awaited primary replacement for the venerable Egyptian Museum in Midan Tahrir, with much bigger exhibition, storage and workplace areas.","പ്രദർശനത്തിനും , സംഭരണത്തിനും, പ്രവർത്തനത്തിനുമുള്ള കൂടുതൽ വിശാലമായ ഇടങ്ങളുള്ള മിഡാൻ തഹ്‌രീറിലെ ആദരിക്കപ്പെടുന്ന ഈജിപ്ഷ്യൻ മ്യൂസിയത്തിന്, ഏറെ കാലത്തെ കാത്തിരിപ്പിനുശേഷം പ്രാഥമികമായി പകരം കിട്ടിയതാണ് ഗ്രാൻഡ് ഈജിപ്ഷ്യൻ മ്യൂസിയം."
"Gwalior is also an important historical and tourism sector of the country; therefore, the tourism sector also has an effect on the city's economy.",ഗ്വാളിയർ രാജ്യത്തെ ഒരു ചരിത്രപ്രധാനവും വിനോദസഞ്ചാരത്തിന് പ്രാധാന്യമുള്ളതുമായ മേഖല കൂടിയാണ്; അതിനാൽ വിനോദസഞ്ചാരമേഖലയും നഗരത്തിൻ്റെ സമ്പദ്ഘടനയെ സ്വാധീനിക്കുന്നു.
The cape was later renamed as Cape of Good Hope in honour of the outpost's presence.,ഈ ഔട്ട്പോസ്റ്റിൻ്റെ സാന്നിധ്യത്തോടുള്ള ആദരവായി ഈ മുനമ്പ് പിന്നീട് പ്രതീക്ഷാമുനമ്പ്‌ എന്ന് പുനർനാമകരണം ചെയ്യപ്പെട്ടു.
"Cuban officials estimate roughly 1.6 million tourists visited Cuba in 1999, yielding about $1.9 billion in gross revenues.",1999ല്‍ ഏതാണ്ട് 1.6 ദശലക്ഷം വിനോദസഞ്ചാരികള്‍ ക്യൂബ സന്ദര്‍ശിച്ചുവെന്നും 1.9 ബില്ല്യണ്‍ അമേരിക്കന്‍ ഡോളര്‍ മൊത്തവരുമാനം ഉണ്ടായെന്നും ക്യൂബന്‍ ഉദ്യോഗസ്ഥര്‍ കണക്കാക്കുന്നു.
"Significant Arab, Syrian, Portuguese, Dutch, Jewish, and Middle Eastern influences exist in this region's cuisine.","ഈ പ്രദേശത്തെ പാചകരീതിയിൽ സാരമായ തോതിൽ അറബ്, സിറിയൻ, പോർച്ചുഗീസ്, ഡച്ച്, ജൂത, മധ്യപൂർവസ്വാധീനങ്ങൾ നിലനിൽക്കുന്നു."
"Lonavla is a hill station in Maharashtra, and you cannot miss the hot masala chai or the vadapav (the vegetarian Indian burger containing a potato patty deep fried in chickpea flour batter as the filler).",മഹാരാഷ്ട്രയിലെ ഒരു ഹിൽ സ്റ്റേഷനായ ലോണ വാലയിലെ ചൂടുള്ള മസാലച്ചായയോ വടാപാവോ (കടലമാവിൻ കുഴമ്പിൽ നന്നായി പൊരിച്ച പരന്ന ഉരുളക്കിഴങ്ങ് കഷ്ണം ഉള്ളിൽ നിറച്ച ഒരു ഇന്ത്യൻ വെജിറ്റേറിയൻ ബർഗർ) വിട്ടുപോകരുത്.
"Madang is good for scuba diving of all levels, and the coral reefs are home to a variety of rare species of colourful fish.","മദാങ് എല്ലാ തരത്തിലുള്ള സ്ക്യൂബാ ഡൈവിങ്ങിനും അനുയോജ്യമായ സ്ഥലവും, അവിടുത്തെ പവിഴപ്പുറ്റുകൾ അപൂർവമായി കാണപ്പെടുന്ന പലനിറങ്ങളിലുള്ള വിവിധയിനം മീനുകളുടെ ആവാസകേന്ദ്രവുമാണ്."
"Finally, tropical Asia, covering a part of East Asia and most of South and Southeast Asia, where it is not cultivated or urbanized, is dominated by various kinds of tropical forests and thousands of beaches ranging from secluded paradise islands like the Maldives to some of the world's most popular beach resorts in Thailand.","ഒടുവിലായി, കൃഷിചെയ്യുകയോ നഗരവത്കരിക്കുകയോ ചെയ്തിട്ടില്ലാത്ത കിഴക്കനേഷ്യയുടെ ഒരു ഭാഗവും ദക്ഷിണേഷ്യയുടെയും തെക്കുകിഴക്കൻ ഏഷ്യയുടെ ഭൂരിഭാഗവും ഉൾക്കൊള്ളുന്ന ഏഷ്യയുടെ ഉഷ്ണമേഖലാപ്രദേശത്ത്, പലതരം ഉഷ്ണമേഖലാവനങ്ങളും, മാലദ്വീപ് പോലുള്ള ഒറ്റപ്പെട്ട സ്വർഗ്ഗസമാനമായ ദ്വീപുകൾ മുതൽ തായ്‌ലൻഡിലെ ലോകത്തിലെ ഏറ്റവും ജനപ്രിയമായ ചില ബീച്ച് റിസോർട്ടുകൾ വരെയുള്ള ആയിരക്കണക്കിന് ബീച്ചുകളും സുപ്രധാനമായിരിക്കുന്നു."
"Many mountains in the easternmost parts of the continent are volcanic, and Indonesia and Kamchatka are indeed great destinations for volcanic tourism.","ഭൂഖണ്ഡത്തിൻ്റെ കിഴക്കേ അറ്റത്തുള്ള ഒരുപാട് പർവതങ്ങൾ അഗ്നിപർവതസ്വഭാവമുള്ളവയായിരിക്കെ, ഇന്തോനേഷ്യയും കംചത്ക്കയും തീർച്ചയായും അഗ്നിപർവത ടൂറിസത്തിന് ഏറ്റവും അനുയോജ്യമായ പ്രദേശങ്ങളാണ്."
Meghalayan cuisine is unique and different from other Northeastern Indian states.,മേഘാലയയുടെ പാചകക്രമം അനന്യവും മറ്റ് വടക്കുകിഴക്കന്‍ സംസ്ഥാനങ്ങളിലേതില്‍ നിന്ന് വ്യത്യസ്തവുമാണ്‌.
The rich literary traditions of the city have been highlighted internationally by Booker Prize winners Salman Rushdie and Aravind Adiga.,ബുക്കർ പുരസ്‌കാര ജേതാക്കളായ സൽമാൻ റുഷ്ദിയും അരവിന്ദ് അഡിഗയും നഗരത്തിൻ്റെ സമ്പന്നമായ സാഹിത്യപാരമ്പര്യം അന്താരാഷ്ട്രതലത്തിൽ ഉയർത്തിക്കാട്ടി.
Non-Cambodian visitors must purchase an Angkor Pass to enter Angkor Archaeological Park.,കംബോഡിയക്കാരല്ലാത്ത സന്ദർശകർ അങ്കോർ ആർക്കിയോളജിക്കൽ പാർക്കിൽ പ്രവേശിക്കാൻ നിർബന്ധമായും ഒരു അങ്കോർ പാസ് വാങ്ങേണ്ടതാണ് .
"Even amid numerous other attractions in and around Orlando, Florida, the Mouse House stands tall, the beacon that draws millions of tourists a year to the area.",ഫ്ലോറിഡയിലെ ഒർലാൻഡോയിലും ചുറ്റിലുമുള്ള നിരവധി മറ്റ് ആകർഷണങ്ങൾക്കിടയിലും ഈ പ്രദേശത്തേക്ക് ഓരോ വർഷവും ദശലക്ഷക്കണക്കിന് വിനോദസഞ്ചാരികളെ ആകർഷിക്കുന്ന പ്രകാശഗോപുരമായി മൗസ് ഹൗസ് ഉയർന്നുനിൽക്കുന്നു.
"San Francisco Bay Ferry operates from the Ferry Building and Pier 39 to points in Oakland, Alameda, Bay Farm Island, South San Francisco, and north to Vallejo in Solano County.","ഫെറി ബിൽഡിംഗിൽനിന്നും പിയർ 39ൽനിന്നും ഓക്ക്‌ലാൻഡ്, അലമീഡ, ബേ ഫാം ഐലൻഡ്, സൗത്ത് സാൻഫ്രാൻസിസ്കോ എന്നിവിടങ്ങളിലേക്കും, വടക്ക് സോലാനോ കൗണ്ടിയിലെ വലേഹോയിലേക്കും സാൻ ഫ്രാൻസിസ്കോ ബേ ഫെറി പ്രവർത്തിക്കുന്നു."
"The nearest Delhi Metro station is Arjan Garh, on the Yellow Line.",യെല്ലോ ലൈനിലെ അർജൻ ഗഡാണ് ഏറ്റവും അടുത്തുള്ള ഡൽഹി മെട്രോ സ്റ്റേഷൻ.
"Local taxis also travel to Cherrapunji, and they give you the option of stopping at a few viewpoints and sights on the way from Shillong to Cherrapunji (Elephant Falls, Mawkdok Dympep Valley View, and others), as well as visiting spots in Cherrapunji (the Mawsmai Cave, Cherrapunji Eco Park, the Nohsngithiang Falls, or the Seven Sister Falls).","ലോക്കല്‍ ടാക്സികള്‍ ചിറാപ്പുഞ്ചിക്ക് യാത്ര പോവുകയും ഷില്ലോങ്ങില്‍ നിന്ന് ചിറാപ്പുഞ്ചിക്കു പോകുന്ന വഴിയിലെ (എലിഫന്‍റ് വെള്ളച്ചാട്ടം, മോക്ഡോക് ഡിമ്പെപ് വാലി വ്യൂ, തുടങ്ങിയ) ചില വ്യൂപോയിൻ്റുകളിലും സൈറ്റുകളിലും നില്‍ക്കാനും (മോസ്മായി ഗുഹ, ചിറാപ്പുഞ്ചി പാരിസ്ഥിതികോദ്യാനം, നോഹ്സിങ്ങ്തിയാങ് വെള്ളച്ചാട്ടം, സെവൻ സിസ്റ്റര്‍ വെള്ളച്ചാട്ടം തുടങ്ങിയ) ചിറാപ്പുഞ്ചിയിലെ കേന്ദ്രങ്ങൾ സന്ദര്‍ശിക്കാനുമുളള സ്വാതന്ത്ര്യം നിങ്ങള്‍ക്ക് തരികയും ചെയ്യുന്നു."
"Visitors to the national park have many options, including the remote North Rim; the more accessible (and therefore more crowded) South Rim; parts of the canyon, such as Phantom Ranch or the Colorado River, upon which many boating trips are made.","ഒറ്റപ്പെട്ടു കിടക്കുന്ന നോർത്ത് റിം, കൂടുതൽ പ്രാപ്യമായ (അതുകൊണ്ട് തന്നെ തിരക്ക് കൂടുതലുള്ള) സൗത്ത് റിം, ഫാൻ്റം റാഞ്ചും ഒരുപാട് ബോട്ടുയാത്രകൾ നടത്തുന്ന കൊളറാഡോ നദിയുംപോലുള്ള മലയിടുക്കിൻ്റെ ഭാഗങ്ങൾ എന്നിവയുൾപ്പെടെ ദേശീയോദ്യാനത്തിലേക്ക് വരുന്ന സഞ്ചാരികൾക്ക് ഒരുപാട് സ്ഥലങ്ങൾ തിരഞ്ഞെടുക്കാനുണ്ട്."
"The Grand Canyon is in northern Arizona, and is one of the great tourist attractions in the United States as well as one of the seven natural wonders of the world.",അമേരിക്കൻ ഐക്യനാടുകളിലെ ഏറ്റവും പ്രധാനപ്പെട്ട വിനോദസഞ്ചാര ആകർഷണങ്ങളിലൊന്നും ലോകത്തിലെ ഏഴ് പ്രകൃതിവിസ്മയങ്ങളിലൊന്നുമായ ഗ്രാൻഡ് കാന്യോൺ വടക്കൻ ആരിസോണയിലാണ് സ്ഥിതിചെയ്യുന്നത്.
The Hornbill Festival was launched by the Government of Nagaland in December 2000 to encourage inter-ethnic interaction and to promote the cultural heritage of the state.,അന്തർവംശീയമായ ഇടപെടലുകൾ പ്രോത്സാഹിപ്പിക്കാനും സംസ്ഥാനത്തിൻ്റെ സാംസ്കാരികപൈതൃകത്തെ പ്രചരിപ്പിക്കാനുമായി 2000 ഡിസംബറിൽ നാഗാലാൻഡ് സർക്കാർ ഹോൺബിൽ ഉത്സവത്തിന് തുടക്കം കുറിച്ചു.
"The Seven Eleven juice shop in Church Street, also called ""juice kadai"" by the native people, is a good hangout place.","നാട്ടുകാർ ""ജ്യൂസ് കടൈ"" എന്നുവിളിക്കുന്ന ചർച്ച് സ്ട്രീറ്റിലെ സെവൻ ഇലവൻ ജ്യൂസ് കട കൂട്ടുകൂടാൻ പറ്റിയ നല്ലൊരു സ്ഥലമാണ്."
The best dive sites in the Andamans are in remote locations and are impossible to get without a private yacht charter.,ആൻഡമാനിൽ മുങ്ങാൻകുഴിയിടുവാൻ പറ്റിയ ഏറ്റവും മികച്ച സ്ഥലങ്ങൾ ഒറ്റപ്പെട്ട പ്രദേശങ്ങളിലുള്ളവയും സ്വകാര്യമായി ചാർട്ടർ ചെയ്യുന്ന വഞ്ചികളിലൂടെയല്ലാതെ എത്തിപ്പെടാൻ കഴിയാത്തവയുമാണ്.
"The centerpieces of Walt Disney World are the four theme parks: The Magic Kingdom, Epcot, Disney's Hollywood Studios, and Disney's Animal Kingdom.","ദി മാജിക് കിംഗ്ഡം, എപ്‌കോട്ട്, ഡിസ്‌നീസ് ഹോളിവുഡ് സ്റ്റുഡിയോസ് , ഡിസ്‌നീസ് ആനിമൽ കിംഗ്ഡം എന്നീ നാല് തീം പാർക്കുകളാണ് വാൾട്ട് ഡിസ്‌നി വേൾഡിലെ കേന്ദ്രസ്ഥാനങ്ങൾ."
"The cuisine consists mainly of food from two different sub-regions, Garhwal and Kumaon, though their basic ingredients are the same.","പാചകരീതി ഗഡ്വാൾ, കുമയൂൺ എന്നീ രണ്ട് വ്യത്യസ്ത ഉപമേഖലകളിലെ ഭക്ഷണപദാർത്ഥങ്ങൾ ഉൾക്കൊള്ളുന്നതാണെങ്കിലും അവയുടെ അടിസ്ഥാനചേരുവകൾ ഒന്നാണ്."
"A 32 km long, narrow outer channel connects the lagoon to the Bay of Bengal, near the village of Motto.","32 കിലോമീറ്റർ നീളമുള്ളതും പുറമെയുള്ളതുമായ ഒരു ഇടുങ്ങിയ തോട്, മോട്ടോ ഗ്രാമത്തിനടുത്തുവെച്ച് കായലിനെ ബംഗാൾ ഉൾക്കടലുമായി ബന്ധിപ്പിക്കുന്നു."
"In Bhutan's education system, English is the medium of instruction, while Dzongkha is taught as the national language.","ഭൂട്ടാൻ്റെ വിദ്യാഭ്യാസ സമ്പ്രദായത്തിൽ അധ്യയനമാധ്യമം ഇംഗ്ലീഷായിരിക്കെ, സോങ്ഘ ദേശീയഭാഷയായി പഠിപ്പിക്കപ്പെടുന്നു."
"The principal gallery devoted to Asian art in the museum is Gallery 33, with its comprehensive display of Chinese, Indian Subcontinent, and Southeast Asian objects.","ചൈനയിലെയും ഇന്ത്യയിലെയും ഉപഭൂഖണ്ഡത്തിലെയും, തെക്കുകിഴക്കൻ ഏഷ്യയിലെയും വസ്തുക്കളുടെ സമഗ്രപ്രദർശനത്തിനായി ഏഷ്യൻ കലയ്ക്കുവേണ്ടി മ്യൂസിയത്തിൽ മാറ്റിവെച്ച പ്രധാന ഗാലറിയാണ് ഗാലറി 33."
"The rare and threatened animal species identified are green sea turtle, dugong, Irrawaddy dolphin, blackbuck, Spoon-billed sandpiper, Chilika limbless skink, and fishing cat.","പച്ച നിറമുള്ള കടലാമ, കടൽപ്പശു, ഇറവാഡി ഡോൾഫിൻ, കൃഷ്ണമൃഗം, കരണ്ടിക്കൊക്കൻ സാൻഡ്‌പൈപ്പർ, കൈകാൽകുറുകിയ ചിലിക പല്ലിയിനം, മീൻപിടിയൻ പൂച്ച എന്നിവയാണ് അപൂർവമായതും വംശനാശ ഭീഷണി നേരിടുന്നതുമായി തിരിച്ചറിഞ്ഞിട്ടുള്ള മൃഗയിനങ്ങൾ."
"The state has several beaches in its coastal districts, such as Rushikonda, Mypadu, Suryalanka, etc.; caves such as Borra Caves, Indian rock-cut architecture depicting Undavalli Caves, and the country's second-longest caves, the Belum Caves.","സംസ്ഥാനത്ത് തീരദേശ ജില്ലകളിൽ റുഷികൊണ്ട, മൈപ്പാട്, സൂര്യലങ്ക തുടങ്ങി നിരവധി ബീച്ചുകളും, കല്ലിൽ കൊത്തിയെടുക്കുന്ന ഇന്ത്യൻ വാസ്തുശിൽപരീതിയെ ഉദാഹരിക്കുന്ന ഉണ്ടാവല്ലി ഗുഹകൾ, രാജ്യത്തെ ഏറ്റവും നീളംകൂടിയ രണ്ടാമത്തെ ഗുഹയായ ബേലം ഗുഹകൾ എന്നിവയടങ്ങിയ ബോറാഗുഹകളും ഉണ്ട്."
"Garuda Indonesia conducts weekly open-charter flights from/to Jakarta, with bookings done through Christmas Island Travel Exchange.",ക്രിസ്മസ് ഐലൻഡ് ട്രാവൽ എക്സ്ചേഞ്ചിലൂടെ ചെയ്യുന്ന ബുക്കിങ്ങോടെ ഗരുഡ ഇന്തോനേഷ്യ ജകാർത്തയിൽനിന്നും ജകാർത്തയിലേക്കും ആഴ്ചതോറുമുള്ള ഓപ്പൺ-ചാർട്ടർ വിമാനയാത്രകൾ നടത്തുന്നുണ്ട്.
"As of December 2020, 553 wildlife sanctuaries were established in India, covering 119,776 sq km (46,246 sq mi).","2020 ഡിസംബറിലെ കണക്കനുസരിച്ച് 119,776 ചതുരശ്രകിലോമീറ്റർ (46,246 ചതുരശ്രമൈൽ) വിസ്തീർണ്ണം വരുന്ന 553 വന്യജീവിസങ്കേതങ്ങൾ ഇന്ത്യയിൽ സ്ഥാപിക്കപ്പെട്ടിരുന്നു."
"In Karaikal liquor is cheaper than in the neighbouring Tamil Nadu, there are quite a few decent bars in Karaikal - the Niagra bar in the Nanda hotel, the Thunder bar in the Paris International, the City bar - a very famous one in the town, and The Sea Gulls Restaurant owned by the government of Pondicherry which is at the sea shore and is good to hang out in the evenings.","സമീപത്തുള്ള തമിഴ്നാടിനേക്കാള്‍ മദ്യത്തിനു വില കുറവായ കാരൈക്കാലില്‍ നന്ദ ഹോട്ടലിലെ നയാഗ്രാ ബാര്‍, പാരീസ് ഇന്‍റര്‍നാഷനലിലെ തണ്ടര്‍ ബാര്‍, പട്ടണത്തില്‍ വളരെ പ്രശസ്തമായ സിറ്റി ബാര്‍, പോണ്ടിച്ചേരി സര്‍ക്കാരിന്‍റെ ഉടമസ്ഥതയിലുള്ളതും കടല്‍ത്തീരത്തുള്ളതും വൈകുന്നേരങ്ങളില്‍ സമയം കൊല്ലാന്‍ നല്ലതുമായ ദി സീ ഗള്‍സ് റെസ്റ്റോറൻ്റ് എന്നിങ്ങനെ കുറച്ച് കൊള്ളാവുന്ന ബാറുകളുണ്ട്."
